strategy_name,symbol,entry_ts,exit_ts,side,entry_price,exit_price,target_price,stop_price,exit_reason,pnl_R,price_pnl_R,fee_slippage_R,funding_pnl_R,equity_after,bars_held
beta_decouple,SOLUSDT,2026-05-16 05:00:00+00:00,2026-05-16 05:02:00+00:00,LONG,88.53,88.51,89.85795,87.20205,TIME,-0.121706,-0.05504,0.106667,0.0,6.829611,0
beta_decouple,SOLUSDT,2026-05-16 06:00:00+00:00,2026-05-16 06:02:00+00:00,LONG,87.97,88.55,89.28955,86.65045,TIME,0.332625,0.399292,0.106667,0.0,7.283951,0
beta_decouple,SOLUSDT,2026-05-16 07:00:00+00:00,2026-05-16 07:02:00+00:00,LONG,87.42,87.9,88.7313,86.1087,TIME,0.259175,0.325841,0.106667,0.0,7.661515,0
beta_decouple,SOLUSDT,2026-05-16 09:00:00+00:00,2026-05-16 09:01:00+00:00,LONG,85.98,87.2697,87.2697,84.6903,TP,0.892746,0.959412,0.106667,0.0,9.029471,0
beta_decouple,SOLUSDT,2026-05-16 16:00:00+00:00,2026-05-16 16:02:00+00:00,SHORT,86.57,86.5,85.27145,87.86855,TIME,-0.05274,0.013927,0.106667,0.0,8.934228,0
beta_decouple,SOLUSDT,2026-05-16 17:00:00+00:00,2026-05-16 17:02:00+00:00,SHORT,86.75,86.6,85.44875,88.05125,TIME,0.008664,0.075331,0.106667,0.0,8.94971,0
beta_decouple,SOLUSDT,2026-05-17 00:00:00+00:00,2026-05-17 00:02:00+00:00,LONG,86.09,86.61,87.38135,84.79865,TIME,0.295783,0.36245,0.106667,0.0,9.479145,0
beta_decouple,SOLUSDT,2026-05-17 01:00:00+00:00,2026-05-17 01:02:00+00:00,LONG,85.7,85.9,86.9855,84.4145,TIME,0.048833,0.1155,0.106667,0.0,9.571725,0
beta_decouple,SOLUSDT,2026-05-17 03:00:00+00:00,2026-05-17 03:02:00+00:00,SHORT,86.46,86.12,85.1631,87.7569,TIME,0.155642,0.222309,0.106667,0.0,9.869678,0
beta_decouple,SOLUSDT,2026-05-17 04:00:00+00:00,2026-05-17 04:02:00+00:00,SHORT,86.8,86.53,85.498,88.102,TIME,0.100819,0.167486,0.106667,0.0,10.068688,0
beta_decouple,SOLUSDT,2026-05-17 12:00:00+00:00,2026-05-17 12:02:00+00:00,LONG,86.7,86.84,88.0005,85.3995,TIME,0.000932,0.067598,0.106667,0.0,10.070564,0
beta_decouple,SOLUSDT,2026-05-17 13:00:00+00:00,2026-05-17 13:02:00+00:00,LONG,86.35,86.58,87.64525,85.05475,TIME,0.070811,0.137477,0.106667,0.0,10.213185,0
beta_decouple,SOLUSDT,2026-05-17 14:00:00+00:00,2026-05-17 14:02:00+00:00,LONG,86.25,86.31,87.54375,84.95625,TIME,-0.060306,0.006361,0.106667,0.0,10.090002,0
beta_decouple,SOLUSDT,2026-05-17 18:00:00+00:00,2026-05-17 18:02:00+00:00,SHORT,86.37,86.28,85.07445,87.66555,TIME,-0.037168,0.029498,0.106667,0.0,10.014997,0
beta_decouple,SOLUSDT,2026-05-17 19:00:00+00:00,2026-05-17 19:02:00+00:00,SHORT,86.74,86.47,85.4389,88.0411,TIME,0.100963,0.167629,0.106667,0.0,10.217225,0
beta_decouple,SOLUSDT,2026-05-17 23:00:00+00:00,2026-05-17 23:02:00+00:00,LONG,85.17,86.09,86.44755,83.89245,TIME,0.613042,0.679708,0.106667,0.0,11.469942,0
beta_decouple,SOLUSDT,2026-05-18 04:00:00+00:00,2026-05-18 04:02:00+00:00,SHORT,85.21,84.94,83.93185,86.48815,TIME,0.104691,0.171358,0.106667,0.0,11.710101,0
beta_decouple,SOLUSDT,2026-05-18 11:00:00+00:00,2026-05-18 11:02:00+00:00,SHORT,84.93,84.23,83.65605,86.20395,TIME,0.443123,0.50979,0.106667,0.0,12.747905,0
beta_decouple,SOLUSDT,2026-05-18 12:00:00+00:00,2026-05-18 12:02:00+00:00,SHORT,85.52,85.17,84.2372,86.8028,TIME,0.166326,0.232992,0.106667,0.0,13.171966,0
beta_decouple,SOLUSDT,2026-05-18 18:00:00+00:00,2026-05-18 18:02:00+00:00,LONG,83.47,84.19,84.72205,82.21795,TIME,0.468057,0.534724,0.106667,0.0,14.405013,0
beta_decouple,SOLUSDT,2026-05-18 19:00:00+00:00,2026-05-18 19:01:00+00:00,SHORT,84.95,83.67575,83.67575,86.22425,TP,0.893922,0.960588,0.106667,0.0,16.980403,0
beta_decouple,SOLUSDT,2026-05-18 21:00:00+00:00,2026-05-18 21:02:00+00:00,SHORT,85.52,84.81,84.2372,86.8028,TIME,0.44713,0.513797,0.106667,0.0,18.498894,0
beta_decouple,SOLUSDT,2026-05-19 02:00:00+00:00,2026-05-19 02:02:00+00:00,LONG,84.81,84.92,86.08215,83.53785,TIME,-0.020239,0.046428,0.106667,0.0,18.424015,0
beta_decouple,SOLUSDT,2026-05-19 07:00:00+00:00,2026-05-19 07:02:00+00:00,SHORT,85.43,85.11,84.14855,86.71145,TIME,0.143188,0.209855,0.106667,0.0,18.951635,0
beta_decouple,SOLUSDT,2026-05-19 09:00:00+00:00,2026-05-19 09:02:00+00:00,LONG,84.7,85.11,85.9705,83.4295,TIME,0.215859,0.282526,0.106667,0.0,19.769813,0
beta_decouple,SOLUSDT,2026-05-19 10:00:00+00:00,2026-05-19 10:02:00+00:00,LONG,84.65,84.61,85.91975,83.38025,TIME,-0.138138,-0.071471,0.106667,0.0,19.22362,0
beta_decouple,SOLUSDT,2026-05-19 11:00:00+00:00,2026-05-19 11:02:00+00:00,LONG,84.32,84.65,85.5848,83.0552,TIME,0.1541,0.220766,0.106667,0.0,19.816091,0
beta_decouple,SOLUSDT,2026-05-19 14:00:00+00:00,2026-05-19 14:02:00+00:00,LONG,84.04,84.51,85.3006,82.7794,TIME,0.26596,0.332627,0.106667,0.0,20.870149,0
beta_decouple,SOLUSDT,2026-05-19 22:00:00+00:00,2026-05-19 22:02:00+00:00,LONG,84.05,84.21,85.31075,82.78925,TIME,0.020178,0.086844,0.106667,0.0,20.954371,0
beta_decouple,SOLUSDT,2026-05-20 05:00:00+00:00,2026-05-20 05:02:00+00:00,SHORT,84.72,84.31,83.4492,85.9908,TIME,0.216146,0.282813,0.106667,0.0,21.860214,0
beta_decouple,SOLUSDT,2026-05-20 06:00:00+00:00,2026-05-20 06:02:00+00:00,SHORT,84.93,84.79,83.65605,86.20395,TIME,0.003282,0.069948,0.106667,0.0,21.874561,0
beta_decouple,SOLUSDT,2026-05-20 11:00:00+00:00,2026-05-20 11:02:00+00:00,LONG,84.65,84.88,85.91975,83.38025,TIME,0.074375,0.141041,0.106667,0.0,22.199944,0
beta_decouple,SOLUSDT,2026-05-20 13:00:00+00:00,2026-05-20 13:02:00+00:00,LONG,84.62,85.09,85.8893,83.3507,TIME,0.263406,0.330073,0.106667,0.0,23.369464,0
beta_decouple,SOLUSDT,2026-05-20 14:00:00+00:00,2026-05-20 14:02:00+00:00,SHORT,85.81,84.62,84.52285,87.09715,TIME,0.818399,0.885066,0.106667,0.0,27.194575,0
beta_decouple,SOLUSDT,2026-05-20 16:00:00+00:00,2026-05-20 16:02:00+00:00,SHORT,86.43,86.11,85.13355,87.72645,TIME,0.140297,0.206964,0.106667,0.0,27.95764,0
beta_decouple,SOLUSDT,2026-05-21 05:00:00+00:00,2026-05-21 05:02:00+00:00,LONG,86.46,86.99,87.7569,85.1631,TIME,0.301767,0.368434,0.106667,0.0,29.644979,0
beta_decouple,SOLUSDT,2026-05-21 06:00:00+00:00,2026-05-21 06:02:00+00:00,LONG,86.27,86.43,87.56405,84.97595,TIME,0.016914,0.083581,0.106667,0.0,29.745262,0
beta_decouple,SOLUSDT,2026-05-21 10:00:00+00:00,2026-05-21 10:02:00+00:00,LONG,85.71,86.46,86.99565,84.42435,TIME,0.476358,0.543025,0.106667,0.0,32.57914,0
beta_decouple,SOLUSDT,2026-05-21 11:00:00+00:00,2026-05-21 11:02:00+00:00,LONG,85.54,85.74,86.8231,84.2569,TIME,0.049124,0.115791,0.106667,0.0,32.899226,0
beta_decouple,SOLUSDT,2026-05-21 15:00:00+00:00,2026-05-21 15:02:00+00:00,SHORT,86.41,86.08,85.11385,87.70615,TIME,0.148074,0.214741,0.106667,0.0,33.873532,0
beta_decouple,SOLUSDT,2026-05-21 17:00:00+00:00,2026-05-21 17:02:00+00:00,SHORT,87.58,86.31,86.2663,88.8937,TIME,0.860637,0.927303,0.106667,0.0,39.704093,0
beta_decouple,SOLUSDT,2026-05-22 00:00:00+00:00,2026-05-22 00:02:00+00:00,LONG,86.81,87.25,88.11215,85.50785,TIME,0.231045,0.297712,0.106667,0.0,41.538782,0
beta_decouple,SOLUSDT,2026-05-22 05:00:00+00:00,2026-05-22 05:02:00+00:00,LONG,86.77,86.92,88.07155,85.46845,TIME,0.008523,0.07519,0.106667,0.0,41.609593,0
beta_decouple,SOLUSDT,2026-05-22 06:00:00+00:00,2026-05-22 06:02:00+00:00,LONG,86.66,86.76,87.9599,85.3601,TIME,-0.029772,0.036895,0.106667,0.0,41.361834,0
beta_decouple,SOLUSDT,2026-05-22 12:00:00+00:00,2026-05-22 12:02:00+00:00,SHORT,87.73,87.29,86.41405,89.04595,TIME,0.227881,0.294548,0.106667,0.0,43.246951,0
beta_decouple,SOLUSDT,2026-05-22 14:00:00+00:00,2026-05-22 14:02:00+00:00,LONG,86.56,87.1,87.8584,85.2616,TIME,0.308992,0.375659,0.106667,0.0,45.919547,0
beta_decouple,SOLUSDT,2026-05-22 18:00:00+00:00,2026-05-22 18:02:00+00:00,LONG,85.42,86.61,86.7013,84.1387,TIME,0.821532,0.888199,0.106667,0.0,53.464427,0
beta_decouple,SOLUSDT,2026-05-22 19:00:00+00:00,2026-05-22 19:02:00+00:00,LONG,84.51,85.27,85.77765,83.24235,TIME,0.49252,0.559187,0.106667,0.0,58.73089,0
beta_decouple,SOLUSDT,2026-05-23 03:00:00+00:00,2026-05-23 03:02:00+00:00,SHORT,84.64,84.5,83.3704,85.9096,TIME,0.003658,0.070325,0.106667,0.0,58.773863,0
beta_decouple,SOLUSDT,2026-05-23 07:00:00+00:00,2026-05-23 07:01:00+00:00,LONG,82.19,83.42285,83.42285,80.95715,TP,0.892746,0.959412,0.106667,0.0,69.267883,0
beta_decouple,SOLUSDT,2026-05-23 12:00:00+00:00,2026-05-23 12:02:00+00:00,SHORT,82.41,82.15,81.17385,83.64615,TIME,0.103778,0.170445,0.106667,0.0,70.70558,0
beta_decouple,SOLUSDT,2026-05-23 13:00:00+00:00,2026-05-23 13:02:00+00:00,SHORT,83.15,82.59,81.90275,84.39725,TIME,0.342579,0.409245,0.106667,0.0,75.550023,0
beta_decouple,SOLUSDT,2026-05-23 14:00:00+00:00,2026-05-23 14:02:00+00:00,SHORT,84.07,83.08,82.80895,85.33105,TIME,0.678853,0.745519,0.106667,0.0,85.807489,0
beta_decouple,SOLUSDT,2026-05-23 19:00:00+00:00,2026-05-23 19:02:00+00:00,SHORT,84.91,84.61,83.63635,86.18365,TIME,0.129006,0.195673,0.106667,0.0,88.021429,0
beta_decouple,SOLUSDT,2026-05-23 20:00:00+00:00,2026-05-23 20:01:00+00:00,SHORT,87.03,85.72455,85.72455,88.33545,TP,0.893922,0.960588,0.106667,0.0,103.758278,0
beta_decouple,SOLUSDT,2026-05-24 03:00:00+00:00,2026-05-24 03:02:00+00:00,LONG,85.76,85.92,87.0464,84.4736,TIME,0.017649,0.084316,0.106667,0.0,104.124521,0
beta_decouple,SOLUSDT,2026-05-24 06:00:00+00:00,2026-05-24 06:02:00+00:00,SHORT,86.41,86.08,85.11385,87.70615,TIME,0.148074,0.214741,0.106667,0.0,107.208154,0
beta_decouple,SOLUSDT,2026-05-24 07:00:00+00:00,2026-05-24 07:02:00+00:00,LONG,86.02,86.43,87.3103,84.7297,TIME,0.21091,0.277577,0.106667,0.0,111.730415,0
beta_decouple,SOLUSDT,2026-05-24 12:00:00+00:00,2026-05-24 12:02:00+00:00,LONG,86.3,86.53,87.5945,85.0055,TIME,0.070914,0.13758,0.106667,0.0,113.315054,0
beta_decouple,SOLUSDT,2026-05-24 13:00:00+00:00,2026-05-24 13:02:00+00:00,LONG,85.87,86.3,87.15805,84.58195,TIME,0.226983,0.29365,0.106667,0.0,118.459174,0
beta_decouple,SOLUSDT,2026-05-24 14:00:00+00:00,2026-05-24 14:02:00+00:00,LONG,85.22,85.76,86.4983,83.9417,TIME,0.315528,0.382195,0.106667,0.0,125.934611,0
beta_decouple,SOLUSDT,2026-05-24 20:00:00+00:00,2026-05-24 20:02:00+00:00,LONG,84.73,85.16,86.00095,83.45905,TIME,0.231472,0.298139,0.106667,0.0,131.764678,0
beta_decouple,SOLUSDT,2026-05-24 21:00:00+00:00,2026-05-24 21:02:00+00:00,LONG,83.89,84.84,85.14835,82.63165,TIME,0.647849,0.714516,0.106667,0.0,148.837411,0
beta_decouple,SOLUSDT,2026-05-25 04:00:00+00:00,2026-05-25 04:02:00+00:00,SHORT,85.79,84.94,84.50315,87.07685,TIME,0.554245,0.620912,0.106667,0.0,165.335901,0
beta_decouple,SOLUSDT,2026-05-25 05:00:00+00:00,2026-05-25 05:02:00+00:00,SHORT,85.93,85.74,84.64105,87.21895,TIME,0.040817,0.107483,0.106667,0.0,166.685591,0
beta_decouple,SOLUSDT,2026-05-25 10:00:00+00:00,2026-05-25 10:02:00+00:00,SHORT,86.02,85.9,84.7297,87.3103,TIME,-0.013621,0.053045,0.106667,0.0,166.231499,0
beta_decouple,SOLUSDT,2026-05-25 11:00:00+00:00,2026-05-25 11:02:00+00:00,LONG,85.74,85.92,87.0261,84.4539,TIME,0.033219,0.099886,0.106667,0.0,167.335921,0
beta_decouple,SOLUSDT,2026-05-25 14:00:00+00:00,2026-05-25 14:02:00+00:00,SHORT,86.29,85.92,84.99565,87.58435,TIME,0.179351,0.246017,0.106667,0.0,173.338282,0
beta_decouple,SOLUSDT,2026-05-25 18:00:00+00:00,2026-05-25 18:02:00+00:00,LONG,85.87,86.13,87.15805,84.58195,TIME,0.09508,0.161746,0.106667,0.0,176.634475,0
beta_decouple,SOLUSDT,2026-05-25 19:00:00+00:00,2026-05-25 19:02:00+00:00,LONG,85.6,85.77,86.884,84.316,TIME,0.025665,0.092331,0.106667,0.0,177.541128,0
beta_decouple,SOLUSDT,2026-05-25 20:00:00+00:00,2026-05-25 20:02:00+00:00,LONG,85.37,85.71,86.65055,84.08945,TIME,0.158697,0.225364,0.106667,0.0,183.176176,0
beta_decouple,SOLUSDT,2026-05-25 22:00:00+00:00,2026-05-25 22:02:00+00:00,LONG,84.76,85.27,86.0314,83.4886,TIME,0.294237,0.360904,0.106667,0.0,193.95563,0
beta_decouple,SOLUSDT,2026-05-26 00:00:00+00:00,2026-05-26 00:02:00+00:00,LONG,84.34,84.91,85.6051,83.0749,TIME,0.343632,0.410299,0.106667,0.0,207.285516,0
beta_decouple,SOLUSDT,2026-05-26 01:00:00+00:00,2026-05-26 01:02:00+00:00,LONG,84.05,84.17,85.31075,82.78925,TIME,-0.01153,0.055136,0.106667,0.0,206.807502,0
beta_decouple,SOLUSDT,2026-05-26 05:00:00+00:00,2026-05-26 05:02:00+00:00,SHORT,84.6,84.27,83.331,85.869,TIME,0.153525,0.220191,0.106667,0.0,213.157514,0
beta_decouple,SOLUSDT,2026-05-26 10:00:00+00:00,2026-05-26 10:02:00+00:00,SHORT,85.51,84.39,84.22735,86.79265,TIME,0.767038,0.833704,0.106667,0.0,245.85748,0
beta_decouple,SOLUSDT,2026-05-26 15:00:00+00:00,2026-05-26 15:02:00+00:00,LONG,84.44,85.04,85.7066,83.1734,TIME,0.36677,0.433437,0.106667,0.0,263.892126,0
beta_decouple,SOLUSDT,2026-05-26 16:00:00+00:00,2026-05-26 16:02:00+00:00,LONG,84.17,84.51,85.43255,82.90745,TIME,0.16248,0.229147,0.106667,0.0,272.467568,0
beta_decouple,SOLUSDT,2026-05-26 17:00:00+00:00,2026-05-26 17:02:00+00:00,LONG,83.53,84.25,84.78295,82.27705,TIME,0.467644,0.534311,0.106667,0.0,297.951159,0
beta_decouple,SOLUSDT,2026-05-27 00:00:00+00:00,2026-05-27 00:02:00+00:00,SHORT,84.09,83.85,82.82865,85.35135,TIME,0.083708,0.150375,0.106667,0.0,302.93933,0
beta_decouple,SOLUSDT,2026-05-27 06:00:00+00:00,2026-05-27 06:02:00+00:00,SHORT,84.0,83.79,82.74,85.26,TIME,0.060088,0.126755,0.106667,0.0,306.579935,0
beta_decouple,SOLUSDT,2026-05-27 07:00:00+00:00,2026-05-27 07:02:00+00:00,SHORT,84.17,84.03,82.90745,85.43255,TIME,0.004275,0.070941,0.106667,0.0,306.842035,0
beta_decouple,SOLUSDT,2026-05-27 14:00:00+00:00,2026-05-27 14:02:00+00:00,SHORT,83.87,83.95,82.61195,85.12805,TIME,-0.170307,-0.103641,0.106667,0.0,296.390546,0
beta_decouple,SOLUSDT,2026-05-27 15:00:00+00:00,2026-05-27 15:02:00+00:00,SHORT,84.39,83.98,83.12415,85.65585,TIME,0.217409,0.284075,0.106667,0.0,309.278127,0
beta_decouple,SOLUSDT,2026-05-27 21:00:00+00:00,2026-05-27 21:01:00+00:00,LONG,82.43,83.66645,83.66645,81.19355,TP,0.892746,0.959412,0.106667,0.0,364.499458,0
beta_decouple,SOLUSDT,2026-05-28 03:00:00+00:00,2026-05-28 03:01:00+00:00,LONG,80.66,81.8699,81.8699,79.4501,TP,0.892746,0.959412,0.106667,0.0,429.580509,0
beta_decouple,SOLUSDT,2026-05-28 12:00:00+00:00,2026-05-28 12:02:00+00:00,SHORT,81.1,80.78,79.8835,82.3165,TIME,0.156529,0.223196,0.106667,0.0,443.028866,0
beta_decouple,SOLUSDT,2026-05-28 14:00:00+00:00,2026-05-28 14:02:00+00:00,SHORT,81.14,80.31,79.9229,82.3571,TIME,0.57568,0.642346,0.106667,0.0,494.037394,0
beta_decouple,SOLUSDT,2026-05-28 16:00:00+00:00,2026-05-28 16:02:00+00:00,SHORT,82.03,81.05,80.79955,83.26045,TIME,0.690256,0.756923,0.106667,0.0,562.239842,0
beta_decouple,SOLUSDT,2026-05-28 17:00:00+00:00,2026-05-28 17:02:00+00:00,SHORT,82.27,81.93,81.03595,83.50405,TIME,0.169002,0.235669,0.106667,0.0,581.243804,0
beta_decouple,SOLUSDT,2026-05-28 18:00:00+00:00,2026-05-28 18:02:00+00:00,SHORT,82.88,82.49,81.6368,84.1232,TIME,0.207216,0.273883,0.106667,0.0,605.332427,0
beta_decouple,SOLUSDT,2026-05-29 02:00:00+00:00,2026-05-29 02:02:00+00:00,LONG,81.54,82.22,82.7631,80.3169,TIME,0.448976,0.515643,0.106667,0.0,659.688398,0
beta_decouple,SOLUSDT,2026-05-29 10:00:00+00:00,2026-05-29 10:02:00+00:00,LONG,82.1,82.31,83.3315,80.8685,TIME,0.063767,0.130433,0.106667,0.0,668.101642,0
beta_decouple,SOLUSDT,2026-05-29 11:00:00+00:00,2026-05-29 11:02:00+00:00,LONG,81.73,82.06,82.95595,80.50405,TIME,0.162363,0.22903,0.106667,0.0,689.796622,0
beta_decouple,SOLUSDT,2026-05-29 12:00:00+00:00,2026-05-29 12:02:00+00:00,LONG,81.45,81.67,82.67175,80.22825,TIME,0.073307,0.139974,0.106667,0.0,699.909992,0
beta_decouple,SOLUSDT,2026-05-29 15:00:00+00:00,2026-05-29 15:01:00+00:00,SHORT,82.54,81.3019,81.3019,83.7781,TP,0.893922,0.960588,0.106667,0.0,825.042911,0
beta_decouple,SOLUSDT,2026-05-29 16:00:00+00:00,2026-05-29 16:02:00+00:00,SHORT,82.88,82.57,81.6368,84.1232,TIME,0.142827,0.209494,0.106667,0.0,848.610672,0
beta_decouple,SOLUSDT,2026-05-30 01:00:00+00:00,2026-05-30 01:02:00+00:00,SHORT,82.77,82.19,81.52845,84.01155,TIME,0.36076,0.427426,0.106667,0.0,909.839578,0
beta_decouple,SOLUSDT,2026-05-30 02:00:00+00:00,2026-05-30 02:02:00+00:00,SHORT,82.95,82.96,81.70575,84.19425,TIME,-0.11472,-0.048054,0.106667,0.0,888.964134,0
beta_decouple,SOLUSDT,2026-05-30 08:00:00+00:00,2026-05-30 08:02:00+00:00,LONG,82.19,82.32,83.42285,80.95715,TIME,-0.001271,0.065395,0.106667,0.0,888.738126,0
beta_decouple,SOLUSDT,2026-05-30 14:00:00+00:00,2026-05-30 14:02:00+00:00,SHORT,82.58,82.48,81.3413,83.8187,TIME,-0.0259,0.040766,0.106667,0.0,884.134388,0
beta_decouple,SOLUSDT,2026-05-30 15:00:00+00:00,2026-05-30 15:02:00+00:00,SHORT,82.65,82.56,81.41025,83.88975,TIME,-0.03404,0.032627,0.106667,0.0,878.115233,0
beta_decouple,SOLUSDT,2026-05-30 16:00:00+00:00,2026-05-30 16:02:00+00:00,SHORT,82.85,82.6,81.60725,84.09275,TIME,0.094609,0.161275,0.106667,0.0,894.730724,0
beta_decouple,SOLUSDT,2026-05-30 17:00:00+00:00,2026-05-30 17:02:00+00:00,SHORT,83.01,82.94,81.76485,84.25515,TIME,-0.050427,0.01624,0.106667,0.0,885.707042,0
beta_decouple,SOLUSDT,2026-05-30 22:00:00+00:00,2026-05-30 22:02:00+00:00,LONG,82.61,82.78,83.84915,81.37085,TIME,0.030454,0.097121,0.106667,0.0,891.101681,0
beta_decouple,SOLUSDT,2026-05-31 06:00:00+00:00,2026-05-31 06:02:00+00:00,LONG,82.92,82.9,84.1638,81.6762,TIME,-0.122725,-0.056058,0.106667,0.0,869.22963,0
beta_decouple,SOLUSDT,2026-05-31 07:00:00+00:00,2026-05-31 07:02:00+00:00,LONG,82.61,82.82,83.84915,81.37085,TIME,0.062715,0.129381,0.106667,0.0,880.132322,0
beta_decouple,SOLUSDT,2026-05-31 14:00:00+00:00,2026-05-31 14:02:00+00:00,LONG,81.91,82.54,83.13865,80.68135,TIME,0.405796,0.472462,0.106667,0.0,951.5631,0
beta_decouple,SOLUSDT,2026-05-31 15:00:00+00:00,2026-05-31 15:02:00+00:00,LONG,81.83,81.97,83.05745,80.60255,TIME,0.007335,0.074001,0.106667,0.0,952.958951,0
beta_decouple,SOLUSDT,2026-05-31 20:00:00+00:00,2026-05-31 20:02:00+00:00,SHORT,81.92,81.68,80.6912,83.1488,TIME,0.088751,0.155418,0.106667,0.0,969.874173,0
beta_decouple,SOLUSDT,2026-05-31 21:00:00+00:00,2026-05-31 21:02:00+00:00,SHORT,82.27,81.85,81.03595,83.50405,TIME,0.233868,0.300535,0.106667,0.0,1015.238751,0
beta_decouple,SOLUSDT,2026-05-31 22:00:00+00:00,2026-05-31 22:02:00+00:00,SHORT,82.49,82.13,81.25265,83.72735,TIME,0.18444,0.251107,0.106667,0.0,1052.68894,0
beta_decouple,SOLUSDT,2026-06-02 00:00:00+00:00,2026-06-02 00:02:00+00:00,LONG,80.87,81.18,82.08305,79.65695,TIME,0.148746,0.215413,0.106667,0.0,1084.005641,0
beta_decouple,SOLUSDT,2026-06-02 01:00:00+00:00,2026-06-02 01:02:00+00:00,LONG,80.07,80.96,81.27105,78.86895,TIME,0.633919,0.700586,0.106667,0.0,1221.440023,0
beta_decouple,SOLUSDT,2026-06-02 05:00:00+00:00,2026-06-02 05:02:00+00:00,LONG,79.58,80.25,80.7737,78.3863,TIME,0.454289,0.520955,0.106667,0.0,1332.417307,0
beta_decouple,SOLUSDT,2026-06-02 10:00:00+00:00,2026-06-02 10:02:00+00:00,SHORT,79.4,79.0,78.209,80.591,TIME,0.229375,0.296042,0.106667,0.0,1393.541985,0
beta_decouple,SOLUSDT,2026-06-02 14:00:00+00:00,2026-06-02 14:01:00+00:00,LONG,77.38,78.5407,78.5407,76.2193,TP,0.892746,0.959412,0.106667,0.0,1642.357655,0
beta_decouple,SOLUSDT,2026-06-02 15:00:00+00:00,2026-06-02 15:02:00+00:00,LONG,76.32,77.04,77.4648,75.1752,TIME,0.521899,0.588566,0.106667,0.0,1813.786586,0
beta_decouple,SOLUSDT,2026-06-02 22:00:00+00:00,2026-06-02 22:01:00+00:00,LONG,73.62,74.82145833,74.82145833,72.41854167,TP,0.90137,0.962646,0.098041,0.0,2140.765278,0
beta_decouple,SOLUSDT,2026-06-05 00:00:00+00:00,2026-06-05 00:02:00+00:00,LONG,68.24,68.69,70.3696875,66.1103125,TIME,0.15991,0.191952,0.051268,0.0,2209.231239,0
beta_decouple,SOLUSDT,2026-06-05 09:00:00+00:00,2026-06-05 09:02:00+00:00,SHORT,66.51,65.57,65.14885417,67.87114583,TIME,0.612819,0.661682,0.078181,0.0,2480.003069,0
beta_decouple,SOLUSDT,2026-06-05 10:00:00+00:00,2026-06-05 10:02:00+00:00,SHORT,66.37,66.5,65.10447917,67.63552083,TIME,-0.186707,-0.134262,0.083912,0.0,2387.396135,0
beta_decouple,SOLUSDT,2026-06-05 14:00:00+00:00,2026-06-05 14:02:00+00:00,SHORT,65.24,64.62,64.16895833,66.31104167,TIME,0.481752,0.542665,0.09746,0.0,2617.422663,0
beta_decouple,SOLUSDT,2026-06-05 16:00:00+00:00,2026-06-05 16:01:00+00:00,SHORT,65.84,64.8524,64.8524,66.8276,TP,0.893922,0.960588,0.106667,0.0,3085.376747,0
beta_decouple,SOLUSDT,2026-06-07 00:00:00+00:00,2026-06-07 00:02:00+00:00,LONG,62.06,62.26,62.9909,61.1291,TIME,0.108062,0.174729,0.106667,0.0,3152.059334,0
beta_decouple,SOLUSDT,2026-06-07 06:00:00+00:00,2026-06-07 06:02:00+00:00,SHORT,64.79,64.12,63.81815,65.76185,TIME,0.583142,0.649809,0.106667,0.0,3519.678907,0
beta_decouple,SOLUSDT,2026-06-07 08:00:00+00:00,2026-06-07 08:01:00+00:00,SHORT,65.92,64.9312,64.9312,66.9088,TP,0.893922,0.960588,0.106667,0.0,4148.942244,0
beta_decouple,SOLUSDT,2026-06-07 19:00:00+00:00,2026-06-07 19:02:00+00:00,LONG,63.89,64.43,64.84835,62.93165,TIME,0.456476,0.523142,0.106667,0.0,4527.720599,0
beta_decouple,SOLUSDT,2026-06-07 22:00:00+00:00,2026-06-07 22:01:00+00:00,SHORT,65.78,64.7933,64.7933,66.7667,TP,0.893922,0.960588,0.106667,0.0,5337.205966,0
beta_decouple,SOLUSDT,2026-06-07 23:00:00+00:00,2026-06-07 23:02:00+00:00,SHORT,66.45,66.0,65.45325,67.44675,TIME,0.34506,0.411726,0.106667,0.0,5705.536754,0
beta_decouple,SOLUSDT,2026-06-09 00:00:00+00:00,2026-06-09 00:01:00+00:00,LONG,65.38,66.3607,66.3607,64.3993,TP,0.892746,0.959412,0.106667,0.0,6724.255218,0
beta_decouple,SOLUSDT,2026-06-09 04:00:00+00:00,2026-06-09 04:01:00+00:00,SHORT,66.97,65.96545,65.96545,67.97455,TP,0.893922,0.960588,0.106667,0.0,7926.446493,0
beta_decouple,SOLUSDT,2026-06-09 05:00:00+00:00,2026-06-09 05:02:00+00:00,SHORT,67.16,66.91,66.1526,68.1674,TIME,0.141634,0.208301,0.106667,0.0,8150.977139,0
beta_decouple,SOLUSDT,2026-06-09 09:00:00+00:00,2026-06-09 09:02:00+00:00,LONG,66.12,66.59,67.1118,65.1282,TIME,0.366947,0.433614,0.106667,0.0,8749.172375,0
beta_decouple,SOLUSDT,2026-06-09 13:00:00+00:00,2026-06-09 13:02:00+00:00,LONG,65.8,66.21,66.787,64.813,TIME,0.308496,0.375163,0.106667,0.0,9288.989953,0
beta_decouple,SOLUSDT,2026-06-09 14:00:00+00:00,2026-06-09 14:02:00+00:00,LONG,65.03,65.86,66.00545,64.05455,TIME,0.743724,0.810391,0.106667,0.0,10670.679431,0
beta_decouple,SOLUSDT,2026-06-09 15:00:00+00:00,2026-06-09 15:02:00+00:00,LONG,64.29,64.86,65.25435,63.32565,TIME,0.484062,0.550729,0.106667,0.0,11703.734582,0
beta_decouple,SOLUSDT,2026-06-10 02:00:00+00:00,2026-06-10 02:02:00+00:00,LONG,64.27,65.15,65.23405,63.30595,TIME,0.805614,0.87228,0.106667,0.0,13589.471968,0
beta_decouple,SOLUSDT,2026-06-10 07:00:00+00:00,2026-06-10 07:02:00+00:00,SHORT,64.45,64.21,63.48325,65.41675,TIME,0.141725,0.208391,0.106667,0.0,13974.664974,0
beta_decouple,SOLUSDT,2026-06-10 12:00:00+00:00,2026-06-10 12:02:00+00:00,SHORT,64.09,63.35,63.12865,65.05135,TIME,0.663534,0.730201,0.106667,0.0,15829.198575,0
beta_decouple,SOLUSDT,2026-06-10 13:00:00+00:00,2026-06-10 13:01:00+00:00,SHORT,65.03,64.05455,64.05455,66.00545,TP,0.893922,0.960588,0.106667,0.0,18659.210793,0
beta_decouple,SOLUSDT,2026-06-10 21:00:00+00:00,2026-06-10 21:02:00+00:00,LONG,62.56,63.2,63.4984,61.6216,TIME,0.574948,0.641615,0.106667,0.0,20804.826652,0
beta_decouple,SOLUSDT,2026-06-11 00:00:00+00:00,2026-06-11 00:02:00+00:00,SHORT,63.62,63.24,62.6657,64.5743,TIME,0.291758,0.358425,0.106667,0.0,22018.821374,0
beta_decouple,SOLUSDT,2026-06-11 01:00:00+00:00,2026-06-11 01:01:00+00:00,SHORT,64.86,63.8871,63.8871,65.8329,TP,0.893922,0.960588,0.106667,0.0,25955.440984,0
beta_decouple,SOLUSDT,2026-06-11 11:00:00+00:00,2026-06-11 11:02:00+00:00,SHORT,65.85,65.47,64.86225,66.83775,TIME,0.278265,0.344932,0.106667,0.0,27399.938921,0
beta_decouple,SOLUSDT,2026-06-11 12:00:00+00:00,2026-06-11 12:02:00+00:00,LONG,65.22,65.82,66.1983,64.2417,TIME,0.506286,0.572953,0.106667,0.0,30174.381418,0
beta_decouple,SOLUSDT,2026-06-11 17:00:00+00:00,2026-06-11 17:01:00+00:00,SHORT,67.13,66.12305,66.12305,68.13695,TP,0.893922,0.960588,0.106667,0.0,35569.087137,0
beta_decouple,SOLUSDT,2026-06-12 01:00:00+00:00,2026-06-12 01:02:00+00:00,LONG,66.65,66.58,67.64975,65.65025,TIME,-0.17663,-0.109964,0.106667,0.0,34312.572307,0
beta_decouple,SOLUSDT,2026-06-12 05:00:00+00:00,2026-06-12 05:02:00+00:00,LONG,66.69,66.9,67.69035,65.68965,TIME,0.103146,0.169813,0.106667,0.0,35020.412794,0
beta_decouple,SOLUSDT,2026-06-12 06:00:00+00:00,2026-06-12 06:02:00+00:00,LONG,66.08,66.73,67.0712,65.0888,TIME,0.548723,0.615389,0.106667,0.0,38863.712364,0
beta_decouple,SOLUSDT,2026-06-12 14:00:00+00:00,2026-06-12 14:01:00+00:00,SHORT,67.89,66.87165,66.87165,68.90835,TP,0.893922,0.960588,0.106667,0.0,45811.93405,0
beta_decouple,SOLUSDT,2026-06-13 00:00:00+00:00,2026-06-13 00:02:00+00:00,SHORT,66.94,66.76,65.9359,67.9441,TIME,0.072694,0.139361,0.106667,0.0,46477.983996,0
beta_decouple,SOLUSDT,2026-06-13 01:00:00+00:00,2026-06-13 01:02:00+00:00,SHORT,67.4,67.0,66.389,68.411,TIME,0.289207,0.355873,0.106667,0.0,49166.332528,0
beta_decouple,SOLUSDT,2026-06-13 07:00:00+00:00,2026-06-13 07:02:00+00:00,SHORT,67.34,67.07,66.3299,68.3501,TIME,0.160782,0.227449,0.106667,0.0,50747.345032,0
beta_decouple,SOLUSDT,2026-06-13 11:00:00+00:00,2026-06-13 11:02:00+00:00,SHORT,67.87,67.36,66.85195,68.88805,TIME,0.39458,0.461246,0.106667,0.0,54752.119548,0
beta_decouple,SOLUSDT,2026-06-13 14:00:00+00:00,2026-06-13 14:02:00+00:00,SHORT,68.25,68.07,67.22625,69.27375,TIME,0.069251,0.135918,0.106667,0.0,55510.447701,0
beta_decouple,SOLUSDT,2026-06-13 15:00:00+00:00,2026-06-13 15:02:00+00:00,SHORT,68.55,68.17,67.52175,69.57825,TIME,0.263103,0.32977,0.106667,0.0,58431.441478,0
beta_decouple,SOLUSDT,2026-06-13 21:00:00+00:00,2026-06-13 21:02:00+00:00,SHORT,69.21,68.3,68.17185,70.24815,TIME,0.770407,0.837073,0.106667,0.0,67434.636129,0
beta_decouple,SOLUSDT,2026-06-14 04:00:00+00:00,2026-06-14 04:02:00+00:00,LONG,68.48,68.87,69.5072,67.4528,TIME,0.27279,0.339457,0.106667,0.0,71113.741636,0
beta_decouple,SOLUSDT,2026-06-14 05:00:00+00:00,2026-06-14 05:02:00+00:00,LONG,68.22,68.46,69.2433,67.1967,TIME,0.12774,0.194407,0.106667,0.0,72930.555189,0
beta_decouple,SOLUSDT,2026-06-14 10:00:00+00:00,2026-06-14 10:02:00+00:00,LONG,68.1,68.44,69.1215,67.0785,TIME,0.22599,0.292656,0.106667,0.0,76226.863718,0
beta_decouple,SOLUSDT,2026-06-14 12:00:00+00:00,2026-06-14 12:02:00+00:00,LONG,67.73,68.08,68.74595,66.71405,TIME,0.237644,0.30431,0.106667,0.0,79849.832512,0
beta_decouple,SOLUSDT,2026-06-14 14:00:00+00:00,2026-06-14 14:02:00+00:00,LONG,67.24,67.67,68.2486,66.2314,TIME,0.319423,0.38609,0.106667,0.0,84951.009325,0
beta_decouple,SOLUSDT,2026-06-14 19:00:00+00:00,2026-06-14 19:02:00+00:00,SHORT,67.52,67.34,66.5072,68.5328,TIME,0.071153,0.13782,0.106667,0.0,86159.915117,0
beta_decouple,SOLUSDT,2026-06-14 20:00:00+00:00,2026-06-14 20:02:00+00:00,SHORT,67.75,67.56,66.73375,68.76625,TIME,0.080395,0.147062,0.106667,0.0,87545.28746,0
beta_decouple,SOLUSDT,2026-06-14 21:00:00+00:00,2026-06-14 21:01:00+00:00,SHORT,70.12,69.0682,69.0682,71.1718,TP,0.893922,0.960588,0.106667,0.0,103197.010568,0
beta_decouple,SOLUSDT,2026-06-14 22:00:00+00:00,2026-06-14 22:02:00+00:00,SHORT,70.4,70.32,69.344,71.456,TIME,-0.030876,0.035791,0.106667,0.0,102559.7561,0
beta_decouple,SOLUSDT,2026-06-15 04:00:00+00:00,2026-06-15 04:02:00+00:00,LONG,70.89,71.13,71.95335,69.82665,TIME,0.118912,0.185578,0.106667,0.0,104998.867927,0
beta_decouple,SOLUSDT,2026-06-15 09:00:00+00:00,2026-06-15 09:02:00+00:00,LONG,71.18,71.31,72.2477,70.1123,TIME,0.015029,0.081696,0.106667,0.0,105314.480775,0
beta_decouple,SOLUSDT,2026-06-15 11:00:00+00:00,2026-06-15 11:02:00+00:00,SHORT,72.56,71.65,71.4716,73.6484,TIME,0.729913,0.796579,0.106667,0.0,120688.558431,0
beta_decouple,SOLUSDT,2026-06-15 13:00:00+00:00,2026-06-15 13:02:00+00:00,SHORT,73.59,72.72,72.48615,74.69385,TIME,0.681945,0.748612,0.106667,0.0,137149.148438,0
beta_decouple,SOLUSDT,2026-06-15 15:00:00+00:00,2026-06-15 15:01:00+00:00,SHORT,75.21,74.08185,74.08185,76.33815,TP,0.893922,0.960588,0.106667,0.0,161669.263206,0
beta_decouple,SOLUSDT,2026-06-15 20:00:00+00:00,2026-06-15 20:02:00+00:00,LONG,74.91,75.27,76.03365,73.78635,TIME,0.213538,0.280204,0.106667,0.0,168573.757082,0
beta_decouple,SOLUSDT,2026-06-15 21:00:00+00:00,2026-06-15 21:02:00+00:00,LONG,74.42,74.91,75.5363,73.3037,TIME,0.332032,0.398699,0.106667,0.0,179768.1382,0
beta_decouple,SOLUSDT,2026-06-15 22:00:00+00:00,2026-06-15 22:02:00+00:00,LONG,73.74,74.47,74.8461,72.6339,TIME,0.552926,0.619593,0.106667,0.0,199647.832156,0
beta_decouple,SOLUSDT,2026-06-16 02:00:00+00:00,2026-06-16 02:02:00+00:00,LONG,72.99,73.76,74.08485,71.89515,TIME,0.596216,0.662883,0.106667,0.0,223454.48529,0
beta_decouple,SOLUSDT,2026-06-16 08:00:00+00:00,2026-06-16 08:02:00+00:00,SHORT,75.36,74.4,74.2296,76.4904,TIME,0.743088,0.809755,0.106667,0.0,256663.751788,0
beta_decouple,SOLUSDT,2026-06-16 13:00:00+00:00,2026-06-16 13:02:00+00:00,LONG,73.95,74.87,75.05925,72.84075,TIME,0.722237,0.788904,0.106667,0.0,293738.167124,0
beta_decouple,SOLUSDT,2026-06-16 14:00:00+00:00,2026-06-16 14:01:00+00:00,LONG,72.93,74.02395,74.02395,71.83605,TP,0.892746,0.959412,0.106667,0.0,346184.853069,0
beta_decouple,SOLUSDT,2026-06-16 18:00:00+00:00,2026-06-16 18:02:00+00:00,SHORT,73.98,74.12,72.8703,75.0897,TIME,-0.232915,-0.166248,0.106667,0.0,330058.550881,0
beta_decouple,SOLUSDT,2026-06-16 23:00:00+00:00,2026-06-16 23:02:00+00:00,LONG,73.49,73.82,74.59235,72.38765,TIME,0.192526,0.259193,0.106667,0.0,342767.536216,0
beta_decouple,SOLUSDT,2026-06-17 00:00:00+00:00,2026-06-17 00:02:00+00:00,LONG,73.33,73.51,74.42995,72.23005,TIME,0.056891,0.123558,0.106667,0.0,346667.612075,0
beta_decouple,SOLUSDT,2026-06-17 06:00:00+00:00,2026-06-17 06:02:00+00:00,LONG,73.38,73.6,74.4807,72.2793,TIME,0.093098,0.159765,0.106667,0.0,353122.441694,0
beta_decouple,SOLUSDT,2026-06-17 08:00:00+00:00,2026-06-17 08:02:00+00:00,LONG,72.3,73.12,73.3845,71.2155,TIME,0.649001,0.715667,0.106667,0.0,398957.777453,0
beta_decouple,SOLUSDT,2026-06-17 13:00:00+00:00,2026-06-17 13:02:00+00:00,SHORT,72.38,72.22,71.2943,73.4657,TIME,0.04078,0.107447,0.106667,0.0,402211.688147,0
beta_decouple,SOLUSDT,2026-06-17 15:00:00+00:00,2026-06-17 15:01:00+00:00,SHORT,73.76,72.6536,72.6536,74.8664,TP,0.893922,0.960588,0.106667,0.0,474120.824051,0
beta_decouple,SOLUSDT,2026-06-17 19:00:00+00:00,2026-06-17 19:01:00+00:00,LONG,71.61,72.68415,72.68415,70.53585,TP,0.892746,0.959412,0.106667,0.0,558774.671395,0
beta_decouple,SOLUSDT,2026-06-18 00:00:00+00:00,2026-06-18 00:02:00+00:00,SHORT,72.18,72.1,71.0973,73.2627,TIME,-0.032745,0.033922,0.106667,0.0,555115.259128,0
beta_decouple,SOLUSDT,2026-06-18 02:00:00+00:00,2026-06-18 02:02:00+00:00,SHORT,72.48,72.25,71.3928,73.5672,TIME,0.105001,0.171668,0.106667,0.0,566772.780779,0
beta_decouple,SOLUSDT,2026-06-18 04:00:00+00:00,2026-06-18 04:02:00+00:00,LONG,71.02,71.64,72.0853,69.9547,TIME,0.474992,0.541659,0.106667,0.0,620615.278937,0
beta_decouple,SOLUSDT,2026-06-18 08:00:00+00:00,2026-06-18 08:02:00+00:00,SHORT,71.82,71.67,70.7427,72.8973,TIME,0.032642,0.099309,0.106667,0.0,624666.888622,0
beta_decouple,SOLUSDT,2026-06-18 11:00:00+00:00,2026-06-18 11:02:00+00:00,LONG,70.9,71.5,71.9635,69.8365,TIME,0.457182,0.523848,0.106667,0.0,681784.157696,0
beta_decouple,SOLUSDT,2026-06-18 15:00:00+00:00,2026-06-18 15:01:00+00:00,LONG,68.42,69.4463,69.4463,67.3937,TP,0.892746,0.959412,0.106667,0.0,803516.106767,0
beta_decouple,SOLUSDT,2026-06-18 20:00:00+00:00,2026-06-18 20:02:00+00:00,SHORT,69.79,69.56,68.74315,70.83685,TIME,0.11316,0.179827,0.106667,0.0,821701.272464,0
beta_decouple,SOLUSDT,2026-06-19 00:00:00+00:00,2026-06-19 00:02:00+00:00,SHORT,69.77,69.55,68.72345,70.81655,TIME,0.103662,0.170329,0.106667,0.0,838737.113675,0
beta_decouple,SOLUSDT,2026-06-19 01:00:00+00:00,2026-06-19 01:02:00+00:00,SHORT,69.91,69.8,68.86135,70.95865,TIME,-0.001719,0.064948,0.106667,0.0,838448.765706,0
beta_decouple,SOLUSDT,2026-06-19 04:00:00+00:00,2026-06-19 04:02:00+00:00,LONG,68.3,68.79,69.3245,67.2755,TIME,0.371341,0.438007,0.106667,0.0,900718.768413,0
beta_decouple,SOLUSDT,2026-06-19 12:00:00+00:00,2026-06-19 12:02:00+00:00,SHORT,68.58,68.27,67.5513,69.6087,TIME,0.194853,0.26152,0.106667,0.0,935820.393957,0
beta_decouple,SOLUSDT,2026-06-19 13:00:00+00:00,2026-06-19 13:02:00+00:00,SHORT,69.23,68.48,68.19155,70.26845,TIME,0.615985,0.682652,0.106667,0.0,1051110.66744,0
beta_decouple,SOLUSDT,2026-06-19 22:00:00+00:00,2026-06-19 22:02:00+00:00,SHORT,69.37,69.04,68.32945,70.41055,TIME,0.210652,0.277318,0.106667,0.0,1095394.305647,0
beta_decouple,SOLUSDT,2026-06-19 23:00:00+00:00,2026-06-19 23:02:00+00:00,SHORT,69.69,69.31,68.64465,70.73535,TIME,0.257054,0.323721,0.106667,0.0,1151709.428691,0
beta_decouple,SOLUSDT,2026-06-20 03:00:00+00:00,2026-06-20 03:02:00+00:00,SHORT,69.97,69.7,68.92045,71.01955,TIME,0.150729,0.217396,0.106667,0.0,1186428.593101,0
beta_decouple,SOLUSDT,2026-06-20 04:00:00+00:00,2026-06-20 04:02:00+00:00,SHORT,70.83,69.89,69.76755,71.89245,TIME,0.7786,0.845267,0.106667,0.0,1371179.21923,0
beta_decouple,SOLUSDT,2026-06-20 05:00:00+00:00,2026-06-20 05:02:00+00:00,SHORT,71.74,70.77,70.6639,72.8161,TIME,0.795266,0.861932,0.106667,0.0,1589269.538218,0
beta_decouple,SOLUSDT,2026-06-20 12:00:00+00:00,2026-06-20 12:02:00+00:00,LONG,71.5,71.71,72.5725,70.4275,TIME,0.089032,0.155699,0.106667,0.0,1617568.732197,0
beta_decouple,SOLUSDT,2026-06-20 13:00:00+00:00,2026-06-20 13:02:00+00:00,LONG,71.16,71.51,72.2274,70.0926,TIME,0.221048,0.287715,0.106667,0.0,1689080.86936,0
beta_decouple,SOLUSDT,2026-06-20 21:00:00+00:00,2026-06-20 21:02:00+00:00,SHORT,72.36,72.03,71.2746,73.4454,TIME,0.197539,0.264206,0.106667,0.0,1755812.800811,0
beta_decouple,SOLUSDT,2026-06-20 22:00:00+00:00,2026-06-20 22:01:00+00:00,SHORT,73.53,72.42705,72.42705,74.63295,TP,0.893922,0.960588,0.106667,0.0,2069724.566772,0
beta_decouple,SOLUSDT,2026-06-21 04:00:00+00:00,2026-06-21 04:02:00+00:00,LONG,73.39,73.56,74.49085,72.28915,TIME,0.047679,0.114345,0.106667,0.0,2089460.974731,0
beta_decouple,SOLUSDT,2026-06-21 05:00:00+00:00,2026-06-21 05:02:00+00:00,LONG,73.06,73.45,74.1559,71.9641,TIME,0.249004,0.31567,0.106667,0.0,2193517.701194,0
beta_decouple,SOLUSDT,2026-06-21 09:00:00+00:00,2026-06-21 09:02:00+00:00,SHORT,74.01,73.12,72.89985,75.12015,TIME,0.695496,0.762163,0.106667,0.0,2498634.238877,0
beta_decouple,SOLUSDT,2026-06-21 18:00:00+00:00,2026-06-21 18:02:00+00:00,LONG,74.17,73.91,75.28255,73.05745,TIME,-0.340212,-0.273545,0.106667,0.0,2328621.240593,0
beta_decouple,SOLUSDT,2026-06-21 20:00:00+00:00,2026-06-21 20:02:00+00:00,LONG,73.39,74.34,74.49085,72.28915,TIME,0.755797,0.822464,0.106667,0.0,2680614.335802,0
beta_decouple,SOLUSDT,2026-06-21 21:00:00+00:00,2026-06-21 21:02:00+00:00,LONG,73.1,73.31,74.1965,72.0035,TIME,0.084749,0.151416,0.106667,0.0,2726050.1703,0
beta_decouple,SOLUSDT,2026-06-22 01:00:00+00:00,2026-06-22 01:02:00+00:00,SHORT,74.32,73.5,73.2052,75.4348,TIME,0.629321,0.695987,0.106667,0.0,3069162.154874,0
beta_decouple,SOLUSDT,2026-06-22 11:00:00+00:00,2026-06-22 11:02:00+00:00,SHORT,74.15,73.67,73.03775,75.26225,TIME,0.325138,0.391805,0.106667,0.0,3268742.401013,0
beta_decouple,SOLUSDT,2026-06-22 12:00:00+00:00,2026-06-22 12:02:00+00:00,SHORT,74.38,74.07,73.2643,75.4957,TIME,0.171341,0.238007,0.106667,0.0,3380756.032066,0
beta_decouple,SOLUSDT,2026-06-22 13:00:00+00:00,2026-06-22 13:02:00+00:00,SHORT,74.94,74.31,73.8159,76.0641,TIME,0.454106,0.520773,0.106667,0.0,3687800.391256,0
beta_decouple,SOLUSDT,2026-06-22 14:00:00+00:00,2026-06-22 14:01:00+00:00,LONG,73.39,74.49085,74.49085,72.28915,TP,0.892746,0.959412,0.106667,0.0,4346253.839234,0
beta_decouple,SOLUSDT,2026-06-22 22:00:00+00:00,2026-06-22 22:02:00+00:00,LONG,72.06,72.89,73.1409,70.9791,TIME,0.660763,0.72743,0.106667,0.0,4920622.897634,0
beta_decouple,SOLUSDT,2026-06-22 23:00:00+00:00,2026-06-22 23:02:00+00:00,LONG,71.91,72.09,72.98865,70.83135,TIME,0.06012,0.126787,0.106667,0.0,4979788.95484,0
beta_decouple,SOLUSDT,2026-06-23 03:00:00+00:00,2026-06-23 03:02:00+00:00,SHORT,71.94,71.82,70.8609,73.0191,TIME,0.004592,0.071259,0.106667,0.0,4984362.246562,0
beta_decouple,SOLUSDT,2026-06-23 05:00:00+00:00,2026-06-23 05:02:00+00:00,LONG,71.0,71.43,72.065,69.935,TIME,0.296859,0.363526,0.106667,0.0,5280292.822351,0
beta_decouple,SOLUSDT,2026-06-23 06:00:00+00:00,2026-06-23 06:02:00+00:00,LONG,70.29,70.93,71.34435,69.23565,TIME,0.49999,0.566657,0.106667,0.0,5808311.851569,0
beta_decouple,SOLUSDT,2026-06-23 07:00:00+00:00,2026-06-23 07:02:00+00:00,LONG,69.95,70.33,70.99925,68.90075,TIME,0.255292,0.321958,0.106667,0.0,6104874.435082,0
beta_decouple,SOLUSDT,2026-06-23 08:00:00+00:00,2026-06-23 08:01:00+00:00,LONG,68.65,69.67975,69.67975,67.62025,TP,0.892746,0.959412,0.106667,0.0,7194894.282898,0
beta_decouple,SOLUSDT,2026-06-23 13:00:00+00:00,2026-06-23 13:02:00+00:00,SHORT,69.15,68.85,68.11275,70.18725,TIME,0.182721,0.249388,0.106667,0.0,7457826.279871,0
beta_decouple,SOLUSDT,2026-06-23 18:00:00+00:00,2026-06-23 18:02:00+00:00,SHORT,68.86,68.83,67.8271,69.8929,TIME,-0.077617,-0.01095,0.106667,0.0,7342055.757136,0
beta_decouple,SOLUSDT,2026-06-23 19:00:00+00:00,2026-06-23 19:02:00+00:00,SHORT,68.8,68.86,67.768,69.832,TIME,-0.164853,-0.098186,0.106667,0.0,7099983.627717,0
beta_decouple,SOLUSDT,2026-06-23 20:00:00+00:00,2026-06-23 20:02:00+00:00,SHORT,68.98,68.96,67.9453,70.0147,TIME,-0.087338,-0.020671,0.106667,0.0,6975964.244748,0
beta_decouple,SOLUSDT,2026-06-23 21:00:00+00:00,2026-06-23 21:02:00+00:00,SHORT,69.23,68.98,68.19155,70.26845,TIME,0.134209,0.200876,0.106667,0.0,7163212.009399,0
beta_decouple,SOLUSDT,2026-06-23 22:00:00+00:00,2026-06-23 22:02:00+00:00,SHORT,69.51,69.24,68.46735,70.55265,TIME,0.152432,0.219099,0.106667,0.0,7381592.979563,0
beta_decouple,SOLUSDT,2026-06-23 23:00:00+00:00,2026-06-23 23:02:00+00:00,SHORT,69.65,69.46,68.60525,70.69475,TIME,0.075292,0.141959,0.106667,0.0,7492748.208623,0
beta_decouple,SOLUSDT,2026-06-24 00:00:00+00:00,2026-06-24 00:02:00+00:00,SHORT,69.94,69.64,68.8909,70.9891,TIME,0.179452,0.246119,0.106667,0.0,7761666.464355,0
beta_decouple,SOLUSDT,2026-06-24 05:00:00+00:00,2026-06-24 05:02:00+00:00,SHORT,69.89,69.61,68.84165,70.93835,TIME,0.160568,0.227235,0.106667,0.0,8010921.521914,0
beta_decouple,SOLUSDT,2026-06-24 10:00:00+00:00,2026-06-24 10:02:00+00:00,LONG,69.02,69.18,70.0553,67.9847,TIME,0.047797,0.114464,0.106667,0.0,8087501.457163,0
beta_decouple,SOLUSDT,2026-06-24 13:00:00+00:00,2026-06-24 13:02:00+00:00,LONG,68.84,69.3,69.8726,67.8074,TIME,0.338556,0.405222,0.106667,0.0,8635115.172567,0
beta_decouple,SOLUSDT,2026-06-24 15:00:00+00:00,2026-06-24 15:01:00+00:00,LONG,67.29,68.29935,68.29935,66.28065,TP,0.892746,0.959412,0.106667,0.0,10176907.231744,0
beta_decouple,SOLUSDT,2026-06-24 16:00:00+00:00,2026-06-24 16:01:00+00:00,LONG,66.49,67.48735,67.48735,65.49265,TP,0.892746,0.959412,0.106667,0.0,11993984.878458,0
beta_decouple,SOLUSDT,2026-06-24 17:00:00+00:00,2026-06-24 17:01:00+00:00,LONG,64.93,65.94416667,65.94416667,63.91583333,TP,0.896975,0.960998,0.102437,0.0,14145645.52898,0
beta_decouple,SOLUSDT,2026-06-24 20:00:00+00:00,2026-06-24 20:01:00+00:00,SHORT,67.63,66.61555,66.61555,68.64445,TP,0.893922,0.960588,0.106667,0.0,16674664.890614,0
beta_decouple,SOLUSDT,2026-06-24 21:00:00+00:00,2026-06-24 21:02:00+00:00,SHORT,68.02,67.48,66.9997,69.0403,TIME,0.422895,0.489562,0.106667,0.0,18084991.638639,0
beta_decouple,DOGEUSDT,2026-05-15 05:00:00+00:00,2026-05-15 05:02:00+00:00,LONG,0.11341,0.11451,0.11511115,0.11170885,TIME,0.539579,0.606246,0.106667,0.0,7.75541,0
beta_decouple,DOGEUSDT,2026-05-15 13:00:00+00:00,2026-05-15 13:01:00+00:00,LONG,0.11135,0.11302025,0.11302025,0.10967975,TP,0.892746,0.959412,0.106667,0.0,9.140132,0
beta_decouple,DOGEUSDT,2026-05-15 22:00:00+00:00,2026-05-15 22:02:00+00:00,SHORT,0.11359,0.11289,0.11188615,0.11529385,TIME,0.304402,0.371069,0.106667,0.0,9.696587,0
beta_decouple,DOGEUSDT,2026-05-16 04:00:00+00:00,2026-05-16 04:02:00+00:00,LONG,0.11165,0.11242,0.11332475,0.10997525,TIME,0.35284,0.419506,0.106667,0.0,10.380855,0
beta_decouple,DOGEUSDT,2026-05-16 06:00:00+00:00,2026-05-16 06:02:00+00:00,LONG,0.11054,0.11156,0.1121981,0.1088819,TIME,0.508138,0.574805,0.106667,0.0,11.435837,0
beta_decouple,DOGEUSDT,2026-05-16 07:00:00+00:00,2026-05-16 07:02:00+00:00,LONG,0.11004,0.11044,0.1116906,0.1083894,TIME,0.135536,0.202203,0.106667,0.0,11.745831,0
beta_decouple,DOGEUSDT,2026-05-16 14:00:00+00:00,2026-05-16 14:02:00+00:00,SHORT,0.10892,0.10843,0.1072862,0.1105538,TIME,0.193416,0.260082,0.106667,0.0,12.200197,0
beta_decouple,DOGEUSDT,2026-05-16 15:00:00+00:00,2026-05-16 15:02:00+00:00,SHORT,0.10964,0.10913,0.1079954,0.1112846,TIME,0.203613,0.27028,0.106667,0.0,12.697021,0
beta_decouple,DOGEUSDT,2026-05-16 16:00:00+00:00,2026-05-16 16:02:00+00:00,SHORT,0.10975,0.10975,0.10810375,0.11139625,TIME,-0.106679,-0.040012,0.106667,0.0,12.426121,0
beta_decouple,DOGEUSDT,2026-05-16 20:00:00+00:00,2026-05-16 20:02:00+00:00,SHORT,0.10956,0.10966,0.1079166,0.1112034,TIME,-0.167565,-0.100898,0.106667,0.0,12.009685,0
beta_decouple,DOGEUSDT,2026-05-16 21:00:00+00:00,2026-05-16 21:02:00+00:00,SHORT,0.10976,0.10968,0.1081136,0.1114064,TIME,-0.058059,0.008608,0.106667,0.0,11.870232,0
beta_decouple,DOGEUSDT,2026-05-17 01:00:00+00:00,2026-05-17 01:02:00+00:00,LONG,0.10806,0.10872,0.1096809,0.1064391,TIME,0.300282,0.366949,0.106667,0.0,12.583116,0
beta_decouple,DOGEUSDT,2026-05-17 03:00:00+00:00,2026-05-17 03:02:00+00:00,SHORT,0.10914,0.10891,0.1075029,0.1107771,TIME,0.033898,0.100565,0.106667,0.0,12.668424,0
beta_decouple,DOGEUSDT,2026-05-17 04:00:00+00:00,2026-05-17 04:02:00+00:00,SHORT,0.10965,0.10923,0.10800525,0.11129475,TIME,0.148833,0.215499,0.106667,0.0,13.045519,0
beta_decouple,DOGEUSDT,2026-05-17 05:00:00+00:00,2026-05-17 05:02:00+00:00,SHORT,0.10994,0.10967,0.1082909,0.1115891,TIME,0.057145,0.123812,0.106667,0.0,13.194617,0
beta_decouple,DOGEUSDT,2026-05-17 09:00:00+00:00,2026-05-17 09:02:00+00:00,SHORT,0.111,0.11025,0.109335,0.112665,TIME,0.344042,0.410709,0.106667,0.0,14.102518,0
beta_decouple,DOGEUSDT,2026-05-17 10:00:00+00:00,2026-05-17 10:02:00+00:00,SHORT,0.11166,0.11113,0.1099851,0.1133349,TIME,0.209948,0.276615,0.106667,0.0,14.694677,0
beta_decouple,DOGEUSDT,2026-05-17 14:00:00+00:00,2026-05-17 14:02:00+00:00,LONG,0.11075,0.11156,0.11241125,0.10908875,TIME,0.380638,0.447304,0.106667,0.0,15.813346,0
beta_decouple,DOGEUSDT,2026-05-17 15:00:00+00:00,2026-05-17 15:02:00+00:00,LONG,0.11038,0.11068,0.1120357,0.1087243,TIME,0.074429,0.141096,0.106667,0.0,16.04874,0
beta_decouple,DOGEUSDT,2026-05-17 16:00:00+00:00,2026-05-17 16:02:00+00:00,LONG,0.10999,0.11045,0.11163985,0.10834015,TIME,0.171991,0.238658,0.106667,0.0,16.600789,0
beta_decouple,DOGEUSDT,2026-05-17 21:00:00+00:00,2026-05-17 21:02:00+00:00,SHORT,0.11116,0.1104,0.1094926,0.1128274,TIME,0.349394,0.416061,0.106667,0.0,17.760833,0
beta_decouple,DOGEUSDT,2026-05-17 22:00:00+00:00,2026-05-17 22:02:00+00:00,LONG,0.10945,0.11061,0.11109175,0.10780825,TIME,0.599485,0.666151,0.106667,0.0,19.890303,0
beta_decouple,DOGEUSDT,2026-05-17 23:00:00+00:00,2026-05-17 23:02:00+00:00,LONG,0.10891,0.10938,0.11054365,0.10727635,TIME,0.180872,0.247539,0.106667,0.0,20.609823,0
beta_decouple,DOGEUSDT,2026-05-18 00:00:00+00:00,2026-05-18 00:01:00+00:00,LONG,0.10691,0.10851365,0.10851365,0.10530635,TP,0.892746,0.959412,0.106667,0.0,24.289688,0
beta_decouple,DOGEUSDT,2026-05-18 06:00:00+00:00,2026-05-18 06:02:00+00:00,LONG,0.10465,0.10612,0.10621975,0.10308025,TIME,0.829238,0.895905,0.106667,0.0,28.318077,0
beta_decouple,DOGEUSDT,2026-05-18 07:00:00+00:00,2026-05-18 07:02:00+00:00,LONG,0.10424,0.10474,0.1058036,0.1026764,TIME,0.212928,0.279595,0.106667,0.0,29.524021,0
beta_decouple,DOGEUSDT,2026-05-18 11:00:00+00:00,2026-05-18 11:02:00+00:00,SHORT,0.105,0.10399,0.103425,0.106575,TIME,0.534976,0.601643,0.106667,0.0,32.68295,0
beta_decouple,DOGEUSDT,2026-05-18 12:00:00+00:00,2026-05-18 12:02:00+00:00,SHORT,0.10629,0.10545,0.10469565,0.10788435,TIME,0.420498,0.487165,0.106667,0.0,35.431573,0
beta_decouple,DOGEUSDT,2026-05-18 18:00:00+00:00,2026-05-18 18:02:00+00:00,LONG,0.10258,0.10375,0.1041187,0.1010413,TIME,0.653271,0.719938,0.106667,0.0,40.06086,0
beta_decouple,DOGEUSDT,2026-05-18 19:00:00+00:00,2026-05-18 19:01:00+00:00,SHORT,0.10471,0.10313935,0.10313935,0.10628065,TP,0.893922,0.960588,0.106667,0.0,47.223113,0
beta_decouple,DOGEUSDT,2026-05-18 21:00:00+00:00,2026-05-18 21:02:00+00:00,SHORT,0.10501,0.10401,0.10343485,0.10658515,TIME,0.528563,0.595229,0.106667,0.0,52.215186,0
beta_decouple,DOGEUSDT,2026-05-19 04:00:00+00:00,2026-05-19 04:02:00+00:00,SHORT,0.10526,0.10433,0.1036811,0.1068389,TIME,0.482693,0.549359,0.106667,0.0,57.255962,0
beta_decouple,DOGEUSDT,2026-05-19 11:00:00+00:00,2026-05-19 11:02:00+00:00,LONG,0.10367,0.10423,0.10522505,0.10211495,TIME,0.253246,0.319913,0.106667,0.0,60.155935,0
beta_decouple,DOGEUSDT,2026-05-19 14:00:00+00:00,2026-05-19 14:02:00+00:00,LONG,0.10333,0.10398,0.10487995,0.10178005,TIME,0.312462,0.379129,0.106667,0.0,63.915225,0
beta_decouple,DOGEUSDT,2026-05-19 22:00:00+00:00,2026-05-19 22:02:00+00:00,LONG,0.10271,0.10316,0.10425065,0.10116935,TIME,0.185255,0.251921,0.106667,0.0,66.283344,0
beta_decouple,DOGEUSDT,2026-05-20 03:00:00+00:00,2026-05-20 03:02:00+00:00,SHORT,0.10283,0.10246,0.10128755,0.10437245,TIME,0.133343,0.20001,0.106667,0.0,68.051033,0
beta_decouple,DOGEUSDT,2026-05-20 05:00:00+00:00,2026-05-20 05:02:00+00:00,SHORT,0.10348,0.1025,0.1019278,0.1050322,TIME,0.525062,0.591729,0.106667,0.0,75.197238,0
beta_decouple,DOGEUSDT,2026-05-20 06:00:00+00:00,2026-05-20 06:02:00+00:00,SHORT,0.10397,0.10359,0.10241045,0.10552955,TIME,0.137128,0.203794,0.106667,0.0,77.259562,0
beta_decouple,DOGEUSDT,2026-05-20 12:00:00+00:00,2026-05-20 12:02:00+00:00,SHORT,0.10412,0.10371,0.1025582,0.1056818,TIME,0.155996,0.222663,0.106667,0.0,79.670006,0
beta_decouple,DOGEUSDT,2026-05-20 14:00:00+00:00,2026-05-20 14:02:00+00:00,SHORT,0.1043,0.10357,0.1027355,0.1058645,TIME,0.360204,0.426871,0.106667,0.0,85.409499,0
beta_decouple,DOGEUSDT,2026-05-20 21:00:00+00:00,2026-05-20 21:02:00+00:00,LONG,0.10374,0.10411,0.1052961,0.1021839,TIME,0.130977,0.197643,0.106667,0.0,87.646829,0
beta_decouple,DOGEUSDT,2026-05-20 22:00:00+00:00,2026-05-20 22:02:00+00:00,LONG,0.10351,0.1036,0.10506265,0.10195735,TIME,-0.048724,0.017943,0.106667,0.0,86.792727,0
beta_decouple,DOGEUSDT,2026-05-21 02:00:00+00:00,2026-05-21 02:02:00+00:00,SHORT,0.10506,0.10475,0.1034841,0.1066359,TIME,0.090152,0.156819,0.106667,0.0,88.357642,0
beta_decouple,DOGEUSDT,2026-05-21 03:00:00+00:00,2026-05-21 03:02:00+00:00,SHORT,0.1056,0.10495,0.104016,0.107184,TIME,0.303921,0.370588,0.106667,0.0,93.728393,0
beta_decouple,DOGEUSDT,2026-05-21 09:00:00+00:00,2026-05-21 09:02:00+00:00,LONG,0.10517,0.10567,0.10674755,0.10359245,TIME,0.210102,0.276769,0.106667,0.0,97.666905,0
beta_decouple,DOGEUSDT,2026-05-21 10:00:00+00:00,2026-05-21 10:02:00+00:00,LONG,0.10402,0.10524,0.1055803,0.1024597,TIME,0.674777,0.741444,0.106667,0.0,110.847586,0
beta_decouple,DOGEUSDT,2026-05-21 17:00:00+00:00,2026-05-21 17:01:00+00:00,SHORT,0.10616,0.1045676,0.1045676,0.1077524,TP,0.893922,0.960588,0.106667,0.0,130.665394,0
beta_decouple,DOGEUSDT,2026-05-22 00:00:00+00:00,2026-05-22 00:02:00+00:00,LONG,0.1051,0.10564,0.1066765,0.1035235,TIME,0.235671,0.302337,0.106667,0.0,136.824197,0
beta_decouple,DOGEUSDT,2026-05-22 06:00:00+00:00,2026-05-22 06:02:00+00:00,LONG,0.10522,0.10555,0.1067983,0.1036417,TIME,0.102306,0.168972,0.106667,0.0,139.623775,0
beta_decouple,DOGEUSDT,2026-05-22 11:00:00+00:00,2026-05-22 11:02:00+00:00,SHORT,0.10637,0.10587,0.10477445,0.10796555,TIME,0.206881,0.273548,0.106667,0.0,145.400875,0
beta_decouple,DOGEUSDT,2026-05-22 12:00:00+00:00,2026-05-22 12:02:00+00:00,SHORT,0.10655,0.10637,0.10495175,0.10814825,TIME,0.006012,0.072679,0.106667,0.0,145.575708,0
beta_decouple,DOGEUSDT,2026-05-22 14:00:00+00:00,2026-05-22 14:02:00+00:00,LONG,0.10538,0.1062,0.1069607,0.1037993,TIME,0.411792,0.478458,0.106667,0.0,157.565081,0
beta_decouple,DOGEUSDT,2026-05-22 18:00:00+00:00,2026-05-22 18:02:00+00:00,LONG,0.10421,0.1052,0.10577315,0.10264685,TIME,0.526302,0.592969,0.106667,0.0,174.150444,0
beta_decouple,DOGEUSDT,2026-05-22 19:00:00+00:00,2026-05-22 19:02:00+00:00,LONG,0.10341,0.10401,0.10496115,0.10185885,TIME,0.279923,0.34659,0.106667,0.0,183.90019,0
beta_decouple,DOGEUSDT,2026-05-22 23:00:00+00:00,2026-05-22 23:02:00+00:00,LONG,0.10228,0.10361,0.1038142,0.1007458,TIME,0.759727,0.826393,0.106667,0.0,211.842966,0
beta_decouple,DOGEUSDT,2026-05-23 00:00:00+00:00,2026-05-23 00:02:00+00:00,LONG,0.10129,0.10219,0.10280935,0.09977065,TIME,0.485349,0.552015,0.106667,0.0,232.406503,0
beta_decouple,DOGEUSDT,2026-05-23 06:00:00+00:00,2026-05-23 06:02:00+00:00,LONG,0.10082,0.10114,0.1023323,0.0993077,TIME,0.104817,0.171483,0.106667,0.0,237.278517,0
beta_decouple,DOGEUSDT,2026-05-23 07:00:00+00:00,2026-05-23 07:01:00+00:00,LONG,0.09887,0.10035305,0.10035305,0.09738695,TP,0.892746,0.959412,0.106667,0.0,279.644383,0
beta_decouple,DOGEUSDT,2026-05-23 13:00:00+00:00,2026-05-23 13:02:00+00:00,SHORT,0.10052,0.09936,0.0990122,0.1020278,TIME,0.663116,0.729783,0.106667,0.0,316.731709,0
beta_decouple,DOGEUSDT,2026-05-23 14:00:00+00:00,2026-05-23 14:02:00+00:00,SHORT,0.10097,0.10041,0.09945545,0.10248455,TIME,0.26329,0.329957,0.106667,0.0,333.410169,0
beta_decouple,DOGEUSDT,2026-05-23 18:00:00+00:00,2026-05-23 18:02:00+00:00,SHORT,0.10228,0.10126,0.1007458,0.1038142,TIME,0.558562,0.625229,0.106667,0.0,370.656217,0
beta_decouple,DOGEUSDT,2026-05-23 19:00:00+00:00,2026-05-23 19:02:00+00:00,SHORT,0.10252,0.1022,0.1009822,0.1040578,TIME,0.101536,0.168202,0.106667,0.0,378.183185,0
beta_decouple,DOGEUSDT,2026-05-23 20:00:00+00:00,2026-05-23 20:01:00+00:00,SHORT,0.10479,0.10321815,0.10321815,0.10636185,TP,0.893922,0.960588,0.106667,0.0,445.796401,0
beta_decouple,DOGEUSDT,2026-05-24 03:00:00+00:00,2026-05-24 03:02:00+00:00,LONG,0.10294,0.10309,0.1044841,0.1013959,TIME,-0.009569,0.057098,0.106667,0.0,444.943239,0
beta_decouple,DOGEUSDT,2026-05-24 05:00:00+00:00,2026-05-24 05:02:00+00:00,LONG,0.10284,0.10297,0.1043826,0.1012974,TIME,-0.022432,0.044235,0.106667,0.0,442.947053,0
beta_decouple,DOGEUSDT,2026-05-24 07:00:00+00:00,2026-05-24 07:02:00+00:00,LONG,0.10283,0.10308,0.10437245,0.10128755,TIME,0.055328,0.121995,0.106667,0.0,447.848521,0
beta_decouple,DOGEUSDT,2026-05-24 08:00:00+00:00,2026-05-24 08:02:00+00:00,LONG,0.1028,0.10282,0.104342,0.101258,TIME,-0.093692,-0.027026,0.106667,0.0,439.456531,0
beta_decouple,DOGEUSDT,2026-05-24 12:00:00+00:00,2026-05-24 12:02:00+00:00,LONG,0.1029,0.10317,0.1044435,0.1013565,TIME,0.068168,0.134834,0.106667,0.0,445.447863,0
beta_decouple,DOGEUSDT,2026-05-24 13:00:00+00:00,2026-05-24 13:02:00+00:00,LONG,0.10286,0.10287,0.1044029,0.1013171,TIME,-0.100177,-0.033511,0.106667,0.0,436.523114,0
beta_decouple,DOGEUSDT,2026-05-24 14:00:00+00:00,2026-05-24 14:02:00+00:00,LONG,0.10211,0.1027,0.10364165,0.10057835,TIME,0.27832,0.344986,0.106667,0.0,460.821717,0
beta_decouple,DOGEUSDT,2026-05-24 15:00:00+00:00,2026-05-24 15:02:00+00:00,LONG,0.1019,0.10212,0.1034285,0.1003715,TIME,0.037191,0.103858,0.106667,0.0,464.249397,0
beta_decouple,DOGEUSDT,2026-05-24 21:00:00+00:00,2026-05-24 21:02:00+00:00,LONG,0.10061,0.1019,0.10211915,0.09910085,TIME,0.747618,0.814285,0.106667,0.0,533.665677,0
beta_decouple,DOGEUSDT,2026-05-25 04:00:00+00:00,2026-05-25 04:02:00+00:00,SHORT,0.10253,0.10204,0.10099205,0.10406795,TIME,0.212118,0.278785,0.106667,0.0,556.305748,0
beta_decouple,DOGEUSDT,2026-05-25 05:00:00+00:00,2026-05-25 05:02:00+00:00,SHORT,0.10292,0.10253,0.1013762,0.1044638,TIME,0.146096,0.212763,0.106667,0.0,572.560595,0
beta_decouple,DOGEUSDT,2026-05-25 14:00:00+00:00,2026-05-25 14:02:00+00:00,SHORT,0.10319,0.10289,0.10164215,0.10473785,TIME,0.087255,0.153922,0.106667,0.0,582.552337,0
beta_decouple,DOGEUSDT,2026-05-25 16:00:00+00:00,2026-05-25 16:02:00+00:00,SHORT,0.10344,0.103,0.1018884,0.1049916,TIME,0.17707,0.243736,0.106667,0.0,603.182819,0
beta_decouple,DOGEUSDT,2026-05-25 19:00:00+00:00,2026-05-25 19:02:00+00:00,LONG,0.10273,0.10295,0.10427095,0.10118905,TIME,0.036029,0.102695,0.106667,0.0,607.529205,0
beta_decouple,DOGEUSDT,2026-05-25 20:00:00+00:00,2026-05-25 20:02:00+00:00,LONG,0.10234,0.10284,0.1038751,0.1008049,TIME,0.218862,0.285528,0.106667,0.0,634.122173,0
beta_decouple,DOGEUSDT,2026-05-25 22:00:00+00:00,2026-05-25 22:02:00+00:00,LONG,0.1017,0.10219,0.1032255,0.1001745,TIME,0.214359,0.281025,0.106667,0.0,661.30811,0
beta_decouple,DOGEUSDT,2026-05-26 00:00:00+00:00,2026-05-26 00:02:00+00:00,LONG,0.10125,0.10198,0.10276875,0.09973125,TIME,0.373715,0.440382,0.106667,0.0,710.736322,0
beta_decouple,DOGEUSDT,2026-05-26 01:00:00+00:00,2026-05-26 01:02:00+00:00,LONG,0.1006,0.10096,0.102109,0.099091,TIME,0.131771,0.198437,0.106667,0.0,729.467184,0
beta_decouple,DOGEUSDT,2026-05-26 05:00:00+00:00,2026-05-26 05:02:00+00:00,SHORT,0.10173,0.10127,0.10020405,0.10325595,TIME,0.194954,0.26162,0.106667,0.0,757.909665,0
beta_decouple,DOGEUSDT,2026-05-26 10:00:00+00:00,2026-05-26 10:02:00+00:00,SHORT,0.10228,0.10108,0.1007458,0.1038142,TIME,0.675957,0.742624,0.106667,0.0,860.372591,0
beta_decouple,DOGEUSDT,2026-05-26 11:00:00+00:00,2026-05-26 11:02:00+00:00,SHORT,0.10237,0.10236,0.10083445,0.10390555,TIME,-0.100162,-0.033496,0.106667,0.0,843.137187,0
beta_decouple,DOGEUSDT,2026-05-26 15:00:00+00:00,2026-05-26 15:02:00+00:00,LONG,0.10199,0.10268,0.10351985,0.10046015,TIME,0.344099,0.410766,0.106667,0.0,901.161789,0
beta_decouple,DOGEUSDT,2026-05-26 16:00:00+00:00,2026-05-26 16:02:00+00:00,LONG,0.10142,0.10206,0.1029413,0.0998987,TIME,0.313786,0.380452,0.106667,0.0,957.716146,0
beta_decouple,DOGEUSDT,2026-05-26 17:00:00+00:00,2026-05-26 17:02:00+00:00,LONG,0.10098,0.10154,0.1024947,0.0994653,TIME,0.262834,0.3295,0.106667,0.0,1008.06017,0
beta_decouple,DOGEUSDT,2026-05-27 00:00:00+00:00,2026-05-27 00:02:00+00:00,SHORT,0.10178,0.10125,0.1002533,0.1033067,TIME,0.240684,0.30735,0.106667,0.0,1056.584896,0
beta_decouple,DOGEUSDT,2026-05-27 06:00:00+00:00,2026-05-27 06:02:00+00:00,SHORT,0.10218,0.10154,0.1006473,0.1037127,TIME,0.311136,0.377802,0.106667,0.0,1122.333157,0
beta_decouple,DOGEUSDT,2026-05-27 10:00:00+00:00,2026-05-27 10:02:00+00:00,LONG,0.10165,0.10179,0.10317475,0.10012525,TIME,-0.014891,0.051775,0.106667,0.0,1118.990531,0
beta_decouple,DOGEUSDT,2026-05-27 13:00:00+00:00,2026-05-27 13:02:00+00:00,LONG,0.10133,0.10207,0.10284995,0.09981005,TIME,0.379911,0.446578,0.106667,0.0,1204.013988,0
beta_decouple,DOGEUSDT,2026-05-27 15:00:00+00:00,2026-05-27 15:02:00+00:00,SHORT,0.10255,0.10167,0.10101175,0.10408825,TIME,0.465743,0.53241,0.106667,0.0,1316.166287,0
beta_decouple,DOGEUSDT,2026-05-27 21:00:00+00:00,2026-05-27 21:01:00+00:00,LONG,0.10034,0.1018451,0.1018451,0.0988349,TP,0.892746,0.959412,0.106667,0.0,1551.166596,0
beta_decouple,DOGEUSDT,2026-05-28 03:00:00+00:00,2026-05-28 03:01:00+00:00,LONG,0.09818,0.0996527,0.0996527,0.0967073,TP,0.892746,0.959412,0.106667,0.0,1828.125999,0
beta_decouple,DOGEUSDT,2026-05-28 14:00:00+00:00,2026-05-28 14:02:00+00:00,SHORT,0.09824,0.09721,0.0967664,0.0997136,TIME,0.592709,0.659376,0.106667,0.0,2044.835473,0
beta_decouple,DOGEUSDT,2026-05-28 15:00:00+00:00,2026-05-28 15:02:00+00:00,SHORT,0.0984,0.09829,0.096924,0.099876,TIME,-0.032108,0.034558,0.106667,0.0,2031.704277,0
beta_decouple,DOGEUSDT,2026-05-28 16:00:00+00:00,2026-05-28 16:02:00+00:00,SHORT,0.0994,0.09823,0.097909,0.100891,TIME,0.678501,0.745167,0.106667,0.0,2307.406769,0
beta_decouple,DOGEUSDT,2026-05-28 17:00:00+00:00,2026-05-28 17:02:00+00:00,SHORT,0.09991,0.09918,0.09841135,0.10140865,TIME,0.380719,0.447385,0.106667,0.0,2483.10137,0
beta_decouple,DOGEUSDT,2026-05-29 02:00:00+00:00,2026-05-29 02:02:00+00:00,LONG,0.09894,0.09955,0.1004241,0.0974559,TIME,0.304122,0.370789,0.106667,0.0,2634.134672,0
beta_decouple,DOGEUSDT,2026-05-29 11:00:00+00:00,2026-05-29 11:02:00+00:00,LONG,0.09907,0.09956,0.10055605,0.09758395,TIME,0.222881,0.289547,0.106667,0.0,2751.554246,0
beta_decouple,DOGEUSDT,2026-05-29 12:00:00+00:00,2026-05-29 12:02:00+00:00,LONG,0.09859,0.099,0.10006885,0.09711115,TIME,0.170421,0.237088,0.106667,0.0,2845.339039,0
beta_decouple,DOGEUSDT,2026-05-29 13:00:00+00:00,2026-05-29 13:02:00+00:00,LONG,0.09836,0.09837,0.0998354,0.0968846,TIME,-0.099881,-0.033214,0.106667,0.0,2788.500027,0
beta_decouple,DOGEUSDT,2026-05-29 15:00:00+00:00,2026-05-29 15:01:00+00:00,SHORT,0.10035,0.09884475,0.09884475,0.10185525,TP,0.893922,0.960588,0.106667,0.0,3287.040058,0
beta_decouple,DOGEUSDT,2026-05-29 16:00:00+00:00,2026-05-29 16:02:00+00:00,SHORT,0.10052,0.10024,0.0990122,0.1020278,TIME,0.079134,0.1458,0.106667,0.0,3339.063255,0
beta_decouple,DOGEUSDT,2026-05-30 01:00:00+00:00,2026-05-30 01:02:00+00:00,SHORT,0.1009,0.09998,0.0993865,0.1024135,TIME,0.501549,0.568215,0.106667,0.0,3674.00384,0
beta_decouple,DOGEUSDT,2026-05-30 02:00:00+00:00,2026-05-30 02:02:00+00:00,SHORT,0.10152,0.10125,0.0999972,0.1030428,TIME,0.070733,0.137399,0.106667,0.0,3725.978289,0
beta_decouple,DOGEUSDT,2026-05-30 08:00:00+00:00,2026-05-30 08:02:00+00:00,LONG,0.10079,0.10122,0.10230185,0.09927815,TIME,0.177594,0.244261,0.106667,0.0,3858.320924,0
beta_decouple,DOGEUSDT,2026-05-30 15:00:00+00:00,2026-05-30 15:02:00+00:00,SHORT,0.10129,0.10108,0.09977065,0.10280935,TIME,0.031621,0.098288,0.106667,0.0,3882.721938,0
beta_decouple,DOGEUSDT,2026-05-30 16:00:00+00:00,2026-05-30 16:02:00+00:00,SHORT,0.10149,0.10132,0.09996765,0.10301235,TIME,0.005058,0.071724,0.106667,0.0,3886.649552,0
beta_decouple,DOGEUSDT,2026-05-30 20:00:00+00:00,2026-05-30 20:02:00+00:00,LONG,0.10125,0.10148,0.10276875,0.09973125,TIME,0.044695,0.111361,0.106667,0.0,3921.392174,0
beta_decouple,DOGEUSDT,2026-05-30 22:00:00+00:00,2026-05-30 22:02:00+00:00,LONG,0.10064,0.10098,0.1021496,0.0991304,TIME,0.118435,0.185102,0.106667,0.0,4014.278551,0
beta_decouple,DOGEUSDT,2026-05-30 23:00:00+00:00,2026-05-30 23:02:00+00:00,LONG,0.10056,0.10071,0.1020684,0.0990516,TIME,-0.007271,0.059395,0.106667,0.0,4008.440827,0
beta_decouple,DOGEUSDT,2026-05-31 03:00:00+00:00,2026-05-31 03:02:00+00:00,SHORT,0.10128,0.10131,0.0997608,0.1027992,TIME,-0.126438,-0.059771,0.106667,0.0,3907.077173,0
beta_decouple,DOGEUSDT,2026-05-31 07:00:00+00:00,2026-05-31 07:02:00+00:00,LONG,0.10054,0.10069,0.1020481,0.0990319,TIME,-0.007251,0.059415,0.106667,0.0,3901.410794,0
beta_decouple,DOGEUSDT,2026-05-31 12:00:00+00:00,2026-05-31 12:02:00+00:00,SHORT,0.10083,0.10061,0.09931755,0.10234245,TIME,0.038868,0.105535,0.106667,0.0,3931.73879,0
beta_decouple,DOGEUSDT,2026-05-31 14:00:00+00:00,2026-05-31 14:02:00+00:00,LONG,0.09997,0.10057,0.10146955,0.09847045,TIME,0.293225,0.359892,0.106667,0.0,4162.315899,0
beta_decouple,DOGEUSDT,2026-05-31 15:00:00+00:00,2026-05-31 15:02:00+00:00,LONG,0.0998,0.09997,0.101297,0.098303,TIME,0.006838,0.073504,0.106667,0.0,4168.008005,0
beta_decouple,DOGEUSDT,2026-05-31 16:00:00+00:00,2026-05-31 16:02:00+00:00,LONG,0.0993,0.09989,0.1007895,0.0978105,TIME,0.289214,0.35588,0.106667,0.0,4409.097103,0
beta_decouple,DOGEUSDT,2026-05-31 20:00:00+00:00,2026-05-31 20:02:00+00:00,SHORT,0.09982,0.09961,0.0983227,0.1013173,TIME,0.033658,0.100325,0.106667,0.0,4438.777347,0
beta_decouple,DOGEUSDT,2026-05-31 21:00:00+00:00,2026-05-31 21:02:00+00:00,SHORT,0.10025,0.09974,0.09874625,0.10175375,TIME,0.232677,0.299344,0.106667,0.0,4645.337628,0
beta_decouple,DOGEUSDT,2026-05-31 22:00:00+00:00,2026-05-31 22:02:00+00:00,SHORT,0.10042,0.10019,0.0989137,0.1019263,TIME,0.046105,0.112772,0.106667,0.0,4688.172285,0
beta_decouple,DOGEUSDT,2026-06-01 00:00:00+00:00,2026-06-01 00:02:00+00:00,SHORT,0.1009,0.10063,0.0993865,0.1024135,TIME,0.071823,0.13849,0.106667,0.0,4755.515863,0
beta_decouple,DOGEUSDT,2026-06-01 02:00:00+00:00,2026-06-01 02:02:00+00:00,SHORT,0.101,0.09978,0.099485,0.102515,TIME,0.699085,0.765752,0.106667,0.0,5420.417987,0
beta_decouple,DOGEUSDT,2026-06-01 07:00:00+00:00,2026-06-01 07:02:00+00:00,LONG,0.09915,0.09992,0.10063725,0.09766275,TIME,0.410769,0.477436,0.106667,0.0,5865.725765,0
beta_decouple,DOGEUSDT,2026-06-01 13:00:00+00:00,2026-06-01 13:02:00+00:00,LONG,0.09911,0.09983,0.10059665,0.09762335,TIME,0.377365,0.444032,0.106667,0.0,6308.429912,0
beta_decouple,DOGEUSDT,2026-06-01 14:00:00+00:00,2026-06-01 14:02:00+00:00,LONG,0.09868,0.09938,0.1001602,0.0971998,TIME,0.365971,0.432637,0.106667,0.0,6770.17006,0
beta_decouple,DOGEUSDT,2026-06-01 15:00:00+00:00,2026-06-01 15:02:00+00:00,LONG,0.09826,0.09865,0.0997339,0.0967861,TIME,0.157791,0.224457,0.106667,0.0,6983.82407,0
beta_decouple,DOGEUSDT,2026-06-02 05:00:00+00:00,2026-06-02 05:02:00+00:00,LONG,0.09948,0.10005,0.1009722,0.0979878,TIME,0.275103,0.341769,0.106667,0.0,7368.077612,0
beta_decouple,DOGEUSDT,2026-06-02 14:00:00+00:00,2026-06-02 14:01:00+00:00,LONG,0.09628,0.0977242,0.0977242,0.0948358,TP,0.892746,0.959412,0.106667,0.0,8683.641253,0
beta_decouple,DOGEUSDT,2026-06-02 15:00:00+00:00,2026-06-02 15:01:00+00:00,LONG,0.09481,0.09623215,0.09623215,0.09338785,TP,0.892746,0.959412,0.106667,0.0,10234.0976,0
beta_decouple,DOGEUSDT,2026-06-02 22:00:00+00:00,2026-06-02 22:01:00+00:00,LONG,0.09219,0.0935774,0.0935774,0.0908026,TP,0.893095,0.959543,0.106317,0.0,12062.10181,0
beta_decouple,DOGEUSDT,2026-06-03 04:00:00+00:00,2026-06-03 04:02:00+00:00,SHORT,0.09283,0.09207,0.09143755,0.09422245,TIME,0.439449,0.506116,0.106667,0.0,13122.238673,0
beta_decouple,DOGEUSDT,2026-06-03 05:00:00+00:00,2026-06-03 05:02:00+00:00,SHORT,0.09397,0.09328,0.09256045,0.09537955,TIME,0.383133,0.4498,0.106667,0.0,14127.751364,0
beta_decouple,DOGEUSDT,2026-06-03 10:00:00+00:00,2026-06-03 10:02:00+00:00,SHORT,0.09426,0.09386,0.0928461,0.0956739,TIME,0.176397,0.243063,0.106667,0.0,14626.16872,0
beta_decouple,DOGEUSDT,2026-06-03 12:00:00+00:00,2026-06-03 12:02:00+00:00,SHORT,0.09408,0.09384,0.0926688,0.0954912,TIME,0.063491,0.130158,0.106667,0.0,14811.895989,0
beta_decouple,DOGEUSDT,2026-06-03 15:00:00+00:00,2026-06-03 15:02:00+00:00,LONG,0.09277,0.09355,0.09416155,0.09137845,TIME,0.453535,0.520202,0.106667,0.0,16155.439074,0
beta_decouple,DOGEUSDT,2026-06-03 16:00:00+00:00,2026-06-03 16:02:00+00:00,LONG,0.09237,0.0926,0.09375555,0.09098445,TIME,0.059245,0.125911,0.106667,0.0,16346.864296,0
beta_decouple,DOGEUSDT,2026-06-03 19:00:00+00:00,2026-06-03 19:02:00+00:00,LONG,0.09173,0.09291,0.09310595,0.09035405,TIME,0.75042,0.817087,0.106667,0.0,18800.267837,0
beta_decouple,DOGEUSDT,2026-06-03 20:00:00+00:00,2026-06-03 20:02:00+00:00,LONG,0.09109,0.0913,0.09245635,0.08972365,TIME,0.046947,0.113614,0.106667,0.0,18976.79216,0
beta_decouple,DOGEUSDT,2026-06-03 21:00:00+00:00,2026-06-03 21:01:00+00:00,SHORT,0.09292,0.0915262,0.0915262,0.0943138,TP,0.893922,0.960588,0.106667,0.0,22369.5447,0
beta_decouple,DOGEUSDT,2026-06-05 00:00:00+00:00,2026-06-05 00:02:00+00:00,LONG,0.08776,0.08838,0.0890764,0.0864436,TIME,0.364044,0.430711,0.106667,0.0,23998.245705,0
beta_decouple,DOGEUSDT,2026-06-05 02:00:00+00:00,2026-06-05 02:01:00+00:00,LONG,0.08616,0.08765583,0.08765583,0.08466417,TP,0.907251,0.964851,0.09216,0.0,28352.730003,0
beta_decouple,DOGEUSDT,2026-06-05 06:00:00+00:00,2026-06-05 06:02:00+00:00,LONG,0.08371,0.08484,0.08546104,0.08195896,TIME,0.568462,0.616268,0.076489,0.0,31576.221927,0
beta_decouple,DOGEUSDT,2026-06-05 16:00:00+00:00,2026-06-05 16:01:00+00:00,SHORT,0.08318,0.0819323,0.0819323,0.0844277,TP,0.893922,0.960588,0.106667,0.0,37221.554723,0
beta_decouple,DOGEUSDT,2026-06-05 20:00:00+00:00,2026-06-05 20:01:00+00:00,SHORT,0.08247,0.08123295,0.08123295,0.08370705,TP,0.893922,0.960588,0.106667,0.0,43876.184401,0
beta_decouple,DOGEUSDT,2026-06-05 21:00:00+00:00,2026-06-05 21:02:00+00:00,SHORT,0.08309,0.08268,0.08184365,0.08433635,TIME,0.222479,0.289146,0.106667,0.0,45828.493225,0
beta_decouple,DOGEUSDT,2026-06-07 00:00:00+00:00,2026-06-07 00:02:00+00:00,SHORT,0.08169,0.08197,0.08046465,0.08291535,TIME,-0.335322,-0.268655,0.106667,0.0,42755.033225,0
beta_decouple,DOGEUSDT,2026-06-07 01:00:00+00:00,2026-06-07 01:01:00+00:00,SHORT,0.08346,0.0822081,0.0822081,0.0847119,TP,0.893922,0.960588,0.106667,0.0,50398.961995,0
beta_decouple,DOGEUSDT,2026-06-07 06:00:00+00:00,2026-06-07 06:02:00+00:00,SHORT,0.08452,0.08371,0.0832522,0.0857878,TIME,0.532607,0.599273,0.106667,0.0,55767.528181,0
beta_decouple,DOGEUSDT,2026-06-07 07:00:00+00:00,2026-06-07 07:02:00+00:00,SHORT,0.0849,0.08445,0.0836265,0.0861735,TIME,0.24689,0.313557,0.106667,0.0,58521.220511,0
beta_decouple,DOGEUSDT,2026-06-07 08:00:00+00:00,2026-06-07 08:02:00+00:00,SHORT,0.08552,0.0849,0.0842372,0.0868028,TIME,0.376929,0.443596,0.106667,0.0,62932.89129,0
beta_decouple,DOGEUSDT,2026-06-07 12:00:00+00:00,2026-06-07 12:02:00+00:00,LONG,0.08373,0.08442,0.08498595,0.08247405,TIME,0.442401,0.509067,0.106667,0.0,68501.202641,0
beta_decouple,DOGEUSDT,2026-06-07 18:00:00+00:00,2026-06-07 18:02:00+00:00,LONG,0.08432,0.0848,0.0855848,0.0830552,TIME,0.272624,0.339291,0.106667,0.0,72236.22161,0
beta_decouple,DOGEUSDT,2026-06-07 19:00:00+00:00,2026-06-07 19:02:00+00:00,LONG,0.08331,0.08382,0.08455965,0.08206035,TIME,0.301215,0.367881,0.106667,0.0,76587.945515,0
beta_decouple,DOGEUSDT,2026-06-07 22:00:00+00:00,2026-06-07 22:01:00+00:00,SHORT,0.08548,0.0841978,0.0841978,0.0867622,TP,0.893922,0.960588,0.106667,0.0,90280.667892,0
beta_decouple,DOGEUSDT,2026-06-07 23:00:00+00:00,2026-06-07 23:02:00+00:00,SHORT,0.08622,0.08569,0.0849267,0.0875133,TIME,0.303372,0.370038,0.106667,0.0,95758.387155,0
beta_decouple,DOGEUSDT,2026-06-08 04:00:00+00:00,2026-06-08 04:02:00+00:00,LONG,0.08489,0.08579,0.08616335,0.08361665,TIME,0.599718,0.666385,0.106667,0.0,107244.000696,0
beta_decouple,DOGEUSDT,2026-06-08 05:00:00+00:00,2026-06-08 05:02:00+00:00,LONG,0.08476,0.08507,0.0860314,0.0834886,TIME,0.137025,0.203691,0.106667,0.0,110183.017862,0
beta_decouple,DOGEUSDT,2026-06-08 09:00:00+00:00,2026-06-08 09:02:00+00:00,SHORT,0.08586,0.08523,0.0845721,0.0871479,TIME,0.382783,0.44945,0.106667,0.0,118618.262415,0
beta_decouple,DOGEUSDT,2026-06-08 11:00:00+00:00,2026-06-08 11:02:00+00:00,SHORT,0.08635,0.0855,0.08505475,0.08764525,TIME,0.549959,0.616626,0.106667,0.0,131665.302469,0
beta_decouple,DOGEUSDT,2026-06-08 12:00:00+00:00,2026-06-08 12:02:00+00:00,SHORT,0.08682,0.08621,0.0855177,0.0881223,TIME,0.362005,0.428671,0.106667,0.0,141197.989214,0
beta_decouple,DOGEUSDT,2026-06-08 16:00:00+00:00,2026-06-08 16:02:00+00:00,LONG,0.0864,0.08705,0.087696,0.085104,TIME,0.394588,0.461254,0.106667,0.0,152340.987287,0
beta_decouple,DOGEUSDT,2026-06-08 23:00:00+00:00,2026-06-08 23:02:00+00:00,LONG,0.08629,0.08697,0.08758435,0.08499565,TIME,0.41839,0.485057,0.106667,0.0,165088.589448,0
beta_decouple,DOGEUSDT,2026-06-09 00:00:00+00:00,2026-06-09 00:01:00+00:00,LONG,0.08479,0.08606185,0.08606185,0.08351815,TP,0.892746,0.959412,0.106667,0.0,194565.008834,0
beta_decouple,DOGEUSDT,2026-06-09 05:00:00+00:00,2026-06-09 05:02:00+00:00,SHORT,0.08642,0.08604,0.0851237,0.0877163,TIME,0.186639,0.253306,0.106667,0.0,201827.703751,0
beta_decouple,DOGEUSDT,2026-06-09 09:00:00+00:00,2026-06-09 09:02:00+00:00,LONG,0.08536,0.08583,0.0866404,0.0840796,TIME,0.260198,0.326865,0.106667,0.0,212330.734377,0
beta_decouple,DOGEUSDT,2026-06-09 14:00:00+00:00,2026-06-09 14:02:00+00:00,LONG,0.08496,0.08574,0.0862344,0.0836856,TIME,0.505031,0.571698,0.106667,0.0,233777.452406,0
beta_decouple,DOGEUSDT,2026-06-09 15:00:00+00:00,2026-06-09 15:02:00+00:00,LONG,0.08408,0.08481,0.0853412,0.0828188,TIME,0.471812,0.538479,0.106667,0.0,255837.252651,0
beta_decouple,DOGEUSDT,2026-06-09 19:00:00+00:00,2026-06-09 19:02:00+00:00,SHORT,0.08516,0.08487,0.0838826,0.0864374,TIME,0.120481,0.187148,0.106667,0.0,262001.969851,0
beta_decouple,DOGEUSDT,2026-06-09 20:00:00+00:00,2026-06-09 20:02:00+00:00,SHORT,0.08552,0.0851,0.0842372,0.0868028,TIME,0.220927,0.287593,0.106667,0.0,273578.612156,0
beta_decouple,DOGEUSDT,2026-06-10 02:00:00+00:00,2026-06-10 02:02:00+00:00,LONG,0.08376,0.08472,0.0850164,0.0825036,TIME,0.656975,0.723642,0.106667,0.0,309525.467587,0
beta_decouple,DOGEUSDT,2026-06-10 07:00:00+00:00,2026-06-10 07:02:00+00:00,SHORT,0.0842,0.08366,0.082937,0.085463,TIME,0.321131,0.387798,0.106667,0.0,329405.135881,0
beta_decouple,DOGEUSDT,2026-06-10 12:00:00+00:00,2026-06-10 12:02:00+00:00,SHORT,0.08386,0.08307,0.0826021,0.0851179,TIME,0.521729,0.588396,0.106667,0.0,363777.185317,0
beta_decouple,DOGEUSDT,2026-06-10 13:00:00+00:00,2026-06-10 13:02:00+00:00,SHORT,0.08458,0.08379,0.0833113,0.0858487,TIME,0.51638,0.583046,0.106667,0.0,401346.615386,0
beta_decouple,DOGEUSDT,2026-06-10 15:00:00+00:00,2026-06-10 15:02:00+00:00,SHORT,0.08508,0.08472,0.0838038,0.0863562,TIME,0.175578,0.242245,0.106667,0.0,415440.149023,0
beta_decouple,DOGEUSDT,2026-06-10 19:00:00+00:00,2026-06-10 19:02:00+00:00,LONG,0.08312,0.08375,0.0843668,0.0818732,TIME,0.398336,0.465002,0.106667,0.0,448537.085515,0
beta_decouple,DOGEUSDT,2026-06-10 21:00:00+00:00,2026-06-10 21:02:00+00:00,LONG,0.08213,0.08274,0.08336195,0.08089805,TIME,0.388198,0.454865,0.106667,0.0,483361.351825,0
beta_decouple,DOGEUSDT,2026-06-11 00:00:00+00:00,2026-06-11 00:02:00+00:00,SHORT,0.08339,0.08312,0.08213915,0.08464085,TIME,0.109304,0.175971,0.106667,0.0,493928.027365,0
beta_decouple,DOGEUSDT,2026-06-11 01:00:00+00:00,2026-06-11 01:02:00+00:00,SHORT,0.08421,0.08351,0.08294685,0.08547315,TIME,0.447824,0.514491,0.106667,0.0,538166.598458,0
beta_decouple,DOGEUSDT,2026-06-11 03:00:00+00:00,2026-06-11 03:02:00+00:00,SHORT,0.08498,0.08417,0.0837053,0.0862547,TIME,0.529146,0.595813,0.106667,0.0,595120.376078,0
beta_decouple,DOGEUSDT,2026-06-11 12:00:00+00:00,2026-06-11 12:02:00+00:00,LONG,0.08473,0.08526,0.08600095,0.08345905,TIME,0.310106,0.376773,0.106667,0.0,632030.467326,0
beta_decouple,DOGEUSDT,2026-06-11 17:00:00+00:00,2026-06-11 17:01:00+00:00,SHORT,0.08669,0.08538965,0.08538965,0.08799035,TP,0.893922,0.960588,0.106667,0.0,745027.593242,0
beta_decouple,DOGEUSDT,2026-06-11 23:00:00+00:00,2026-06-11 23:02:00+00:00,LONG,0.08603,0.08626,0.08732045,0.08473955,TIME,0.071471,0.138137,0.106667,0.0,755677.14013,0
beta_decouple,DOGEUSDT,2026-06-12 00:00:00+00:00,2026-06-12 00:02:00+00:00,LONG,0.08584,0.08595,0.0871276,0.0845524,TIME,-0.021276,0.045391,0.106667,0.0,752461.634874,0
beta_decouple,DOGEUSDT,2026-06-12 04:00:00+00:00,2026-06-12 04:02:00+00:00,SHORT,0.08696,0.08649,0.0856556,0.0882644,TIME,0.253857,0.320523,0.106667,0.0,790665.091261,0
beta_decouple,DOGEUSDT,2026-06-12 06:00:00+00:00,2026-06-12 06:01:00+00:00,LONG,0.08536,0.0866404,0.0866404,0.0840796,TP,0.892746,0.959412,0.106667,0.0,931837.633238,0
beta_decouple,DOGEUSDT,2026-06-12 14:00:00+00:00,2026-06-12 14:01:00+00:00,SHORT,0.09054,0.0891819,0.0891819,0.0918981,TP,0.893922,0.960588,0.106667,0.0,1098435.574034,0
beta_decouple,DOGEUSDT,2026-06-12 21:00:00+00:00,2026-06-12 21:02:00+00:00,LONG,0.08668,0.08734,0.0879802,0.0853798,TIME,0.400655,0.467322,0.106667,0.0,1186454.329461,0
beta_decouple,DOGEUSDT,2026-06-12 22:00:00+00:00,2026-06-12 22:02:00+00:00,LONG,0.08633,0.08663,0.08762495,0.08503505,TIME,0.124876,0.191542,0.106667,0.0,1216086.155979,0
beta_decouple,DOGEUSDT,2026-06-12 23:00:00+00:00,2026-06-12 23:02:00+00:00,LONG,0.08594,0.08605,0.0872291,0.0846509,TIME,-0.021375,0.045292,0.106667,0.0,1210887.387068,0
beta_decouple,DOGEUSDT,2026-06-13 07:00:00+00:00,2026-06-13 07:02:00+00:00,SHORT,0.08703,0.08653,0.08572455,0.08833545,TIME,0.276561,0.343228,0.106667,0.0,1277864.206887,0
beta_decouple,DOGEUSDT,2026-06-13 11:00:00+00:00,2026-06-13 11:02:00+00:00,SHORT,0.08792,0.08722,0.0866012,0.0892388,TIME,0.424425,0.491092,0.106667,0.0,1386335.827466,0
beta_decouple,DOGEUSDT,2026-06-13 12:00:00+00:00,2026-06-13 12:02:00+00:00,SHORT,0.08852,0.08777,0.0871922,0.0898478,TIME,0.458504,0.525171,0.106667,0.0,1513464.054167,0
beta_decouple,DOGEUSDT,2026-06-13 17:00:00+00:00,2026-06-13 17:02:00+00:00,LONG,0.08756,0.08754,0.0888734,0.0862466,TIME,-0.121873,-0.055207,0.106667,0.0,1476573.915772,0
beta_decouple,DOGEUSDT,2026-06-13 21:00:00+00:00,2026-06-13 21:02:00+00:00,SHORT,0.08812,0.08767,0.0867982,0.0894418,TIME,0.233971,0.300637,0.106667,0.0,1545668.864978,0
beta_decouple,DOGEUSDT,2026-06-14 04:00:00+00:00,2026-06-14 04:02:00+00:00,LONG,0.08755,0.08798,0.08886325,0.08623675,TIME,0.220581,0.287248,0.106667,0.0,1613857.862543,0
beta_decouple,DOGEUSDT,2026-06-14 07:00:00+00:00,2026-06-14 07:02:00+00:00,LONG,0.08713,0.08742,0.08843695,0.08582305,TIME,0.115103,0.18177,0.106667,0.0,1651009.80552,0
beta_decouple,DOGEUSDT,2026-06-14 12:00:00+00:00,2026-06-14 12:02:00+00:00,LONG,0.08652,0.08699,0.0878178,0.0852222,TIME,0.255279,0.321946,0.106667,0.0,1735303.576289,0
beta_decouple,DOGEUSDT,2026-06-14 14:00:00+00:00,2026-06-14 14:02:00+00:00,LONG,0.08598,0.08634,0.0872697,0.0846903,TIME,0.172313,0.238979,0.106667,0.0,1795106.504121,0
beta_decouple,DOGEUSDT,2026-06-14 20:00:00+00:00,2026-06-14 20:02:00+00:00,SHORT,0.08658,0.08638,0.0852813,0.0878787,TIME,0.047414,0.114081,0.106667,0.0,1812129.108324,0
beta_decouple,DOGEUSDT,2026-06-14 21:00:00+00:00,2026-06-14 21:01:00+00:00,SHORT,0.08852,0.0871922,0.0871922,0.0898478,TP,0.893922,0.960588,0.106667,0.0,2136109.346012,0
beta_decouple,DOGEUSDT,2026-06-15 07:00:00+00:00,2026-06-15 07:02:00+00:00,LONG,0.08848,0.08848,0.0898072,0.0871528,TIME,-0.106655,-0.039988,0.106667,0.0,2090544.138422,0
beta_decouple,DOGEUSDT,2026-06-15 10:00:00+00:00,2026-06-15 10:02:00+00:00,SHORT,0.08916,0.08858,0.0878226,0.0904974,TIME,0.327259,0.393926,0.106667,0.0,2227373.972811,0
beta_decouple,DOGEUSDT,2026-06-15 11:00:00+00:00,2026-06-15 11:02:00+00:00,SHORT,0.08967,0.089,0.08832495,0.09101505,TIME,0.391743,0.45841,0.106667,0.0,2401885.622824,0
beta_decouple,DOGEUSDT,2026-06-15 12:00:00+00:00,2026-06-15 12:02:00+00:00,SHORT,0.09002,0.08957,0.0886697,0.0913703,TIME,0.226781,0.293447,0.106667,0.0,2510825.845456,0
beta_decouple,DOGEUSDT,2026-06-15 17:00:00+00:00,2026-06-15 17:02:00+00:00,LONG,0.08963,0.08992,0.09097445,0.08828555,TIME,0.108918,0.175584,0.106667,0.0,2565520.438141,0
beta_decouple,DOGEUSDT,2026-06-15 18:00:00+00:00,2026-06-15 18:02:00+00:00,LONG,0.08928,0.08962,0.0906192,0.0879408,TIME,0.147076,0.213743,0.106667,0.0,2640985.714842,0
beta_decouple,DOGEUSDT,2026-06-15 19:00:00+00:00,2026-06-15 19:02:00+00:00,LONG,0.08895,0.08947,0.09028425,0.08761575,TIME,0.282844,0.34951,0.106667,0.0,2790382.906748,0
beta_decouple,DOGEUSDT,2026-06-15 22:00:00+00:00,2026-06-15 22:02:00+00:00,LONG,0.08797,0.08883,0.08928955,0.08665045,TIME,0.544692,0.611358,0.106667,0.0,3094362.61051,0
beta_decouple,DOGEUSDT,2026-06-16 02:00:00+00:00,2026-06-16 02:02:00+00:00,LONG,0.08694,0.08784,0.0882441,0.0856359,TIME,0.583063,0.649729,0.106667,0.0,3455203.970527,0
beta_decouple,DOGEUSDT,2026-06-16 07:00:00+00:00,2026-06-16 07:02:00+00:00,SHORT,0.08779,0.08756,0.08647315,0.08910685,TIME,0.068085,0.134752,0.106667,0.0,3502253.746543,0
beta_decouple,DOGEUSDT,2026-06-16 08:00:00+00:00,2026-06-16 08:02:00+00:00,SHORT,0.08879,0.08771,0.08745815,0.09012185,TIME,0.70471,0.771377,0.106667,0.0,3995868.496097,0
beta_decouple,DOGEUSDT,2026-06-16 13:00:00+00:00,2026-06-16 13:02:00+00:00,LONG,0.08738,0.08844,0.0886907,0.0860693,TIME,0.701588,0.768255,0.106667,0.0,4556559.492168,0
beta_decouple,DOGEUSDT,2026-06-16 14:00:00+00:00,2026-06-16 14:02:00+00:00,LONG,0.08664,0.08759,0.0879396,0.0853404,TIME,0.623901,0.690568,0.106667,0.0,5125127.91225,0
beta_decouple,DOGEUSDT,2026-06-16 18:00:00+00:00,2026-06-16 18:02:00+00:00,SHORT,0.08754,0.08767,0.0862269,0.0888531,TIME,-0.20574,-0.139074,0.106667,0.0,4914238.687311,0
beta_decouple,DOGEUSDT,2026-06-17 01:00:00+00:00,2026-06-17 01:02:00+00:00,SHORT,0.08774,0.08735,0.0864239,0.0890561,TIME,0.189829,0.256496,0.106667,0.0,5100811.933457,0
beta_decouple,DOGEUSDT,2026-06-17 06:00:00+00:00,2026-06-17 06:02:00+00:00,LONG,0.08698,0.08733,0.0882847,0.0856753,TIME,0.161445,0.228112,0.106667,0.0,5265512.380871,0
beta_decouple,DOGEUSDT,2026-06-17 07:00:00+00:00,2026-06-17 07:02:00+00:00,LONG,0.08685,0.08688,0.08815275,0.08554725,TIME,-0.08364,-0.016974,0.106667,0.0,5177430.60175,0
beta_decouple,DOGEUSDT,2026-06-17 08:00:00+00:00,2026-06-17 08:02:00+00:00,LONG,0.08592,0.08678,0.0872088,0.0846312,TIME,0.560232,0.626899,0.106667,0.0,5757543.555337,0
beta_decouple,DOGEUSDT,2026-06-17 13:00:00+00:00,2026-06-17 13:02:00+00:00,SHORT,0.08622,0.08617,0.0849267,0.0875133,TIME,-0.067995,-0.001328,0.106667,0.0,5679247.092919,0
beta_decouple,DOGEUSDT,2026-06-17 15:00:00+00:00,2026-06-17 15:02:00+00:00,SHORT,0.08723,0.08617,0.08592155,0.08853845,TIME,0.703926,0.770593,0.106667,0.0,6478801.473509,0
beta_decouple,DOGEUSDT,2026-06-17 19:00:00+00:00,2026-06-17 19:01:00+00:00,LONG,0.08537,0.08665055,0.08665055,0.08408945,TP,0.892746,0.959412,0.106667,0.0,7635585.658226,0
beta_decouple,DOGEUSDT,2026-06-18 03:00:00+00:00,2026-06-18 03:02:00+00:00,LONG,0.08528,0.08597,0.0865592,0.0840008,TIME,0.432421,0.499088,0.106667,0.0,8295943.804257,0
beta_decouple,DOGEUSDT,2026-06-18 04:00:00+00:00,2026-06-18 04:02:00+00:00,LONG,0.08462,0.08534,0.0858893,0.0833507,TIME,0.460247,0.526914,0.106667,0.0,9059580.244063,0
beta_decouple,DOGEUSDT,2026-06-18 05:00:00+00:00,2026-06-18 05:02:00+00:00,LONG,0.08422,0.08437,0.0854833,0.0829567,TIME,0.012011,0.078677,0.106667,0.0,9081342.716999,0
beta_decouple,DOGEUSDT,2026-06-18 13:00:00+00:00,2026-06-18 13:02:00+00:00,LONG,0.08402,0.08473,0.0852803,0.0827597,TIME,0.456365,0.523032,0.106667,0.0,9910224.741055,0
beta_decouple,DOGEUSDT,2026-06-18 15:00:00+00:00,2026-06-18 15:01:00+00:00,LONG,0.08194,0.0831691,0.0831691,0.0807109,TP,0.892746,0.959412,0.106667,0.0,11679686.468556,0
beta_decouple,DOGEUSDT,2026-06-18 20:00:00+00:00,2026-06-18 20:02:00+00:00,SHORT,0.08339,0.08314,0.08213915,0.08464085,TIME,0.093305,0.159972,0.106667,0.0,11897641.977439,0
beta_decouple,DOGEUSDT,2026-06-19 01:00:00+00:00,2026-06-19 01:02:00+00:00,SHORT,0.08382,0.08363,0.0825627,0.0850773,TIME,0.04453,0.111196,0.106667,0.0,12003601.190405,0
beta_decouple,DOGEUSDT,2026-06-19 04:00:00+00:00,2026-06-19 04:02:00+00:00,LONG,0.08221,0.0825,0.08344315,0.08097685,TIME,0.128374,0.195041,0.106667,0.0,12311792.121345,0
beta_decouple,DOGEUSDT,2026-06-19 11:00:00+00:00,2026-06-19 11:02:00+00:00,SHORT,0.08235,0.08229,0.08111475,0.08358525,TIME,-0.058076,0.00859,0.106667,0.0,12168787.321092,0
beta_decouple,DOGEUSDT,2026-06-19 12:00:00+00:00,2026-06-19 12:02:00+00:00,SHORT,0.08262,0.08242,0.0813807,0.0838593,TIME,0.0548,0.121466,0.106667,0.0,12302156.287397,0
beta_decouple,DOGEUSDT,2026-06-19 13:00:00+00:00,2026-06-19 13:02:00+00:00,SHORT,0.08318,0.08257,0.0819323,0.0844277,TIME,0.382514,0.449181,0.106667,0.0,13243306.508066,0
beta_decouple,DOGEUSDT,2026-06-19 23:00:00+00:00,2026-06-19 23:02:00+00:00,SHORT,0.0835,0.08314,0.0822475,0.0847525,TIME,0.180919,0.247586,0.106667,0.0,13722499.625739,0
beta_decouple,DOGEUSDT,2026-06-20 05:00:00+00:00,2026-06-20 05:02:00+00:00,SHORT,0.08391,0.08352,0.08265135,0.08516865,TIME,0.203363,0.27003,0.106667,0.0,14280629.629905,0
beta_decouple,DOGEUSDT,2026-06-20 06:00:00+00:00,2026-06-20 06:02:00+00:00,SHORT,0.08414,0.08391,0.0828779,0.0854021,TIME,0.075667,0.142333,0.106667,0.0,14496743.139448,0
beta_decouple,DOGEUSDT,2026-06-20 10:00:00+00:00,2026-06-20 10:02:00+00:00,LONG,0.0839,0.08414,0.0851585,0.0826415,TIME,0.083934,0.150601,0.106667,0.0,14740097.531763,0
beta_decouple,DOGEUSDT,2026-06-20 11:00:00+00:00,2026-06-20 11:02:00+00:00,LONG,0.08382,0.0839,0.0850773,0.0825627,TIME,-0.043064,0.023602,0.106667,0.0,14613142.764543,0
beta_decouple,DOGEUSDT,2026-06-20 13:00:00+00:00,2026-06-20 13:02:00+00:00,LONG,0.08325,0.08375,0.08449875,0.08200125,TIME,0.293506,0.360172,0.106667,0.0,15470950.500321,0
beta_decouple,DOGEUSDT,2026-06-20 17:00:00+00:00,2026-06-20 17:02:00+00:00,LONG,0.08304,0.08339,0.0842856,0.0817944,TIME,0.174166,0.240833,0.106667,0.0,16009852.806141,0
beta_decouple,DOGEUSDT,2026-06-20 22:00:00+00:00,2026-06-20 22:02:00+00:00,SHORT,0.0838,0.08339,0.082543,0.085057,TIME,0.219691,0.286357,0.106667,0.0,16713295.387979,0
beta_decouple,DOGEUSDT,2026-06-21 04:00:00+00:00,2026-06-21 04:02:00+00:00,LONG,0.08327,0.08362,0.08451905,0.08202095,TIME,0.17339,0.240057,0.106667,0.0,17292879.761546,0
beta_decouple,DOGEUSDT,2026-06-21 05:00:00+00:00,2026-06-21 05:02:00+00:00,LONG,0.08318,0.08326,0.0844277,0.0819323,TIME,-0.042575,0.024092,0.106667,0.0,17145630.363165,0
beta_decouple,DOGEUSDT,2026-06-21 11:00:00+00:00,2026-06-21 11:02:00+00:00,LONG,0.08299,0.0833,0.08423485,0.08174515,TIME,0.142222,0.208889,0.106667,0.0,17633327.346363,0
beta_decouple,DOGEUSDT,2026-06-21 13:00:00+00:00,2026-06-21 13:02:00+00:00,SHORT,0.08343,0.08323,0.08217855,0.08468145,TIME,0.053232,0.119899,0.106667,0.0,17821058.317083,0
beta_decouple,DOGEUSDT,2026-06-21 20:00:00+00:00,2026-06-21 20:02:00+00:00,LONG,0.08312,0.08354,0.0843668,0.0818732,TIME,0.230006,0.296672,0.106667,0.0,18640847.103933,0
beta_decouple,DOGEUSDT,2026-06-21 21:00:00+00:00,2026-06-21 21:02:00+00:00,LONG,0.08284,0.08309,0.0840826,0.0815974,TIME,0.094416,0.161082,0.106667,0.0,18992844.838199,0
beta_decouple,DOGEUSDT,2026-06-21 23:00:00+00:00,2026-06-21 23:02:00+00:00,LONG,0.08221,0.08263,0.08344315,0.08097685,TIME,0.233732,0.300399,0.106667,0.0,19880692.739908,0
beta_decouple,DOGEUSDT,2026-06-22 01:00:00+00:00,2026-06-22 01:02:00+00:00,SHORT,0.08364,0.08332,0.0823854,0.0848946,TIME,0.148536,0.215202,0.106667,0.0,20471291.606862,0
beta_decouple,DOGEUSDT,2026-06-22 07:00:00+00:00,2026-06-22 07:02:00+00:00,SHORT,0.08348,0.08318,0.0822278,0.0847322,TIME,0.133043,0.19971,0.106667,0.0,21016005.908229,0
beta_decouple,DOGEUSDT,2026-06-22 09:00:00+00:00,2026-06-22 09:02:00+00:00,SHORT,0.08367,0.08353,0.08241495,0.08492505,TIME,0.004938,0.071604,0.106667,0.0,21036759.718805,0
beta_decouple,DOGEUSDT,2026-06-22 11:00:00+00:00,2026-06-22 11:02:00+00:00,SHORT,0.0842,0.0837,0.082937,0.085463,TIME,0.289442,0.356108,0.106667,0.0,22254543.025705,0
beta_decouple,DOGEUSDT,2026-06-22 12:00:00+00:00,2026-06-22 12:02:00+00:00,SHORT,0.08457,0.08421,0.08330145,0.08583855,TIME,0.17728,0.243947,0.106667,0.0,23043601.133546,0
beta_decouple,DOGEUSDT,2026-06-22 13:00:00+00:00,2026-06-22 13:02:00+00:00,SHORT,0.08498,0.08449,0.0837053,0.0862547,TIME,0.277956,0.344623,0.106667,0.0,24324623.563668,0
beta_decouple,DOGEUSDT,2026-06-22 22:00:00+00:00,2026-06-22 22:02:00+00:00,LONG,0.08219,0.08281,0.08342285,0.08095715,TIME,0.395943,0.46261,0.106667,0.0,26250858.713383,0
beta_decouple,DOGEUSDT,2026-06-23 01:00:00+00:00,2026-06-23 01:02:00+00:00,LONG,0.08184,0.08252,0.0830676,0.0806124,TIME,0.446939,0.513606,0.106667,0.0,28597367.500315,0
beta_decouple,DOGEUSDT,2026-06-23 04:00:00+00:00,2026-06-23 04:02:00+00:00,LONG,0.08163,0.08218,0.08285445,0.08040555,TIME,0.342257,0.408924,0.106667,0.0,30554898.296387,0
beta_decouple,DOGEUSDT,2026-06-23 06:00:00+00:00,2026-06-23 06:01:00+00:00,LONG,0.08019,0.08139285,0.08139285,0.07898715,TP,0.892746,0.959412,0.106667,0.0,36010447.946955,0
beta_decouple,DOGEUSDT,2026-06-23 07:00:00+00:00,2026-06-23 07:02:00+00:00,LONG,0.07995,0.08022,0.08114925,0.07875075,TIME,0.118351,0.185018,0.106667,0.0,36862822.443057,0
beta_decouple,DOGEUSDT,2026-06-23 08:00:00+00:00,2026-06-23 08:02:00+00:00,LONG,0.07908,0.07984,0.0802662,0.0778938,TIME,0.533662,0.600329,0.106667,0.0,40797283.076294,0
beta_decouple,DOGEUSDT,2026-06-23 11:00:00+00:00,2026-06-23 11:02:00+00:00,SHORT,0.07953,0.07911,0.07833705,0.08072295,TIME,0.245601,0.312268,0.106667,0.0,42801254.074408,0
beta_decouple,DOGEUSDT,2026-06-23 13:00:00+00:00,2026-06-23 13:02:00+00:00,SHORT,0.07959,0.07929,0.07839615,0.08078385,TIME,0.14476,0.211427,0.106667,0.0,44040435.964567,0
beta_decouple,DOGEUSDT,2026-06-23 20:00:00+00:00,2026-06-23 20:02:00+00:00,SHORT,0.07848,0.07865,0.0773028,0.0796572,TIME,-0.251176,-0.184509,0.106667,0.0,41828057.546423,0
beta_decouple,DOGEUSDT,2026-06-23 21:00:00+00:00,2026-06-23 21:02:00+00:00,SHORT,0.07873,0.07851,0.07754905,0.07991095,TIME,0.079724,0.146391,0.106667,0.0,42494996.18526,0
beta_decouple,DOGEUSDT,2026-06-23 22:00:00+00:00,2026-06-23 22:02:00+00:00,SHORT,0.07893,0.07874,0.07774605,0.08011395,TIME,0.053897,0.120564,0.106667,0.0,42953070.116709,0
beta_decouple,DOGEUSDT,2026-06-24 00:00:00+00:00,2026-06-24 00:02:00+00:00,SHORT,0.07909,0.07885,0.07790365,0.08027635,TIME,0.095744,0.162411,0.106667,0.0,43775569.202036,0
beta_decouple,DOGEUSDT,2026-06-24 01:00:00+00:00,2026-06-24 01:02:00+00:00,SHORT,0.07952,0.07909,0.0783272,0.0807128,TIME,0.254034,0.320701,0.106667,0.0,45999665.823137,0
beta_decouple,DOGEUSDT,2026-06-24 08:00:00+00:00,2026-06-24 08:02:00+00:00,SHORT,0.07914,0.07886,0.0779529,0.0803271,TIME,0.129332,0.195998,0.106667,0.0,47189509.903188,0
beta_decouple,DOGEUSDT,2026-06-24 10:00:00+00:00,2026-06-24 10:02:00+00:00,LONG,0.07854,0.07884,0.0797181,0.0773619,TIME,0.14784,0.214507,0.106667,0.0,48584808.394255,0
beta_decouple,DOGEUSDT,2026-06-24 13:00:00+00:00,2026-06-24 13:01:00+00:00,LONG,0.07676,0.0779114,0.0779114,0.0756086,TP,0.892746,0.959412,0.106667,0.0,57259582.300787,0
beta_decouple,DOGEUSDT,2026-06-24 15:00:00+00:00,2026-06-24 15:01:00+00:00,LONG,0.07473,0.07585095,0.07585095,0.07360905,TP,0.892746,0.959412,0.106667,0.0,67483229.297828,0
beta_decouple,DOGEUSDT,2026-06-24 20:00:00+00:00,2026-06-24 20:01:00+00:00,SHORT,0.07555,0.07441675,0.07441675,0.07668325,TP,0.893922,0.960588,0.106667,0.0,79548171.341661,0
beta_decouple,DOGEUSDT,2026-06-24 21:00:00+00:00,2026-06-24 21:02:00+00:00,SHORT,0.07602,0.07535,0.0748797,0.0771603,TIME,0.481239,0.547905,0.106667,0.0,87204502.263619,0
beta_decouple,XRPUSDT,2026-05-16 06:00:00+00:00,2026-05-16 06:02:00+00:00,LONG,1.419,1.4248,1.440285,1.397715,TIME,0.165674,0.232341,0.106667,0.0,7.231944,0
beta_decouple,XRPUSDT,2026-05-16 09:00:00+00:00,2026-05-16 09:02:00+00:00,LONG,1.4015,1.4138,1.4225225,1.3804775,TIME,0.478082,0.544748,0.106667,0.0,7.923436,0
beta_decouple,XRPUSDT,2026-05-16 15:00:00+00:00,2026-05-16 15:02:00+00:00,SHORT,1.4137,1.411,1.3924945,1.4349055,TIME,0.020723,0.08739,0.106667,0.0,7.956276,0
beta_decouple,XRPUSDT,2026-05-16 16:00:00+00:00,2026-05-16 16:02:00+00:00,SHORT,1.4157,1.4164,1.3944645,1.4369355,TIME,-0.139662,-0.072995,0.106667,0.0,7.734038,0
beta_decouple,XRPUSDT,2026-05-16 22:00:00+00:00,2026-05-16 22:02:00+00:00,LONG,1.4131,1.413,1.4342965,1.3919035,TIME,-0.11137,-0.044703,0.106667,0.0,7.56177,0
beta_decouple,XRPUSDT,2026-05-17 00:00:00+00:00,2026-05-17 00:02:00+00:00,LONG,1.4107,1.414,1.4318605,1.3895395,TIME,0.049203,0.115869,0.106667,0.0,7.636182,0
beta_decouple,XRPUSDT,2026-05-17 01:00:00+00:00,2026-05-17 01:02:00+00:00,LONG,1.4029,1.4072,1.4239435,1.3818565,TIME,0.097561,0.164228,0.106667,0.0,7.785182,0
beta_decouple,XRPUSDT,2026-05-17 04:00:00+00:00,2026-05-17 04:02:00+00:00,SHORT,1.4149,1.4127,1.3936765,1.4361235,TIME,-0.002958,0.063709,0.106667,0.0,7.780576,0
beta_decouple,XRPUSDT,2026-05-17 09:00:00+00:00,2026-05-17 09:02:00+00:00,SHORT,1.4201,1.4144,1.3987985,1.4414015,TIME,0.161069,0.227735,0.106667,0.0,8.031218,0
beta_decouple,XRPUSDT,2026-05-17 10:00:00+00:00,2026-05-17 10:02:00+00:00,SHORT,1.4236,1.4218,1.402246,1.444954,TIME,-0.022335,0.044332,0.106667,0.0,7.995343,0
beta_decouple,XRPUSDT,2026-05-17 14:00:00+00:00,2026-05-17 14:02:00+00:00,LONG,1.4124,1.4168,1.433586,1.391214,TIME,0.100905,0.167572,0.106667,0.0,8.156697,0
beta_decouple,XRPUSDT,2026-05-17 19:00:00+00:00,2026-05-17 19:02:00+00:00,SHORT,1.4215,1.4148,1.4001775,1.4428225,TIME,0.207732,0.274399,0.106667,0.0,8.495578,0
beta_decouple,XRPUSDT,2026-05-17 23:00:00+00:00,2026-05-17 23:02:00+00:00,LONG,1.4006,1.4118,1.421609,1.379591,TIME,0.42613,0.492797,0.106667,0.0,9.219623,0
beta_decouple,XRPUSDT,2026-05-18 00:00:00+00:00,2026-05-18 00:02:00+00:00,LONG,1.3957,1.3975,1.4166355,1.3747645,TIME,-0.020728,0.045939,0.106667,0.0,9.181403,0
beta_decouple,XRPUSDT,2026-05-18 10:00:00+00:00,2026-05-18 10:02:00+00:00,LONG,1.3776,1.3805,1.398264,1.356936,TIME,0.033602,0.100269,0.106667,0.0,9.243105,0
beta_decouple,XRPUSDT,2026-05-18 11:00:00+00:00,2026-05-18 11:02:00+00:00,SHORT,1.3895,1.3787,1.3686575,1.4103425,TIME,0.411804,0.478471,0.106667,0.0,10.004375,0
beta_decouple,XRPUSDT,2026-05-18 12:00:00+00:00,2026-05-18 12:02:00+00:00,SHORT,1.3979,1.3927,1.3769315,1.4188685,TIME,0.141461,0.208128,0.106667,0.0,10.287421,0
beta_decouple,XRPUSDT,2026-05-18 18:00:00+00:00,2026-05-18 18:02:00+00:00,LONG,1.3668,1.3768,1.387302,1.346298,TIME,0.38081,0.447477,0.106667,0.0,11.070932,0
beta_decouple,XRPUSDT,2026-05-18 19:00:00+00:00,2026-05-18 19:02:00+00:00,SHORT,1.3872,1.3802,1.366392,1.408008,TIME,0.229932,0.296599,0.106667,0.0,11.580045,0
beta_decouple,XRPUSDT,2026-05-18 21:00:00+00:00,2026-05-18 21:02:00+00:00,SHORT,1.3925,1.3828,1.3716125,1.4133875,TIME,0.357993,0.424659,0.106667,0.0,12.409159,0
beta_decouple,XRPUSDT,2026-05-19 02:00:00+00:00,2026-05-19 02:02:00+00:00,LONG,1.3788,1.3828,1.399482,1.358118,TIME,0.086634,0.153301,0.106667,0.0,12.624171,0
beta_decouple,XRPUSDT,2026-05-19 09:00:00+00:00,2026-05-19 09:02:00+00:00,LONG,1.374,1.3816,1.39461,1.35339,TIME,0.261877,0.328544,0.106667,0.0,13.285367,0
beta_decouple,XRPUSDT,2026-05-19 14:00:00+00:00,2026-05-19 14:02:00+00:00,LONG,1.3658,1.3728,1.386287,1.345313,TIME,0.23482,0.301487,0.106667,0.0,13.909302,0
beta_decouple,XRPUSDT,2026-05-19 19:00:00+00:00,2026-05-19 19:02:00+00:00,LONG,1.3565,1.3626,1.3768475,1.3361525,TIME,0.192957,0.259623,0.106667,0.0,14.446081,0
beta_decouple,XRPUSDT,2026-05-19 23:00:00+00:00,2026-05-19 23:02:00+00:00,SHORT,1.3607,1.3579,1.3402895,1.3811105,TIME,0.030588,0.097255,0.106667,0.0,14.534456,0
beta_decouple,XRPUSDT,2026-05-20 04:00:00+00:00,2026-05-20 04:02:00+00:00,SHORT,1.3591,1.3568,1.3387135,1.3794865,TIME,0.006209,0.072875,0.106667,0.0,14.552504,0
beta_decouple,XRPUSDT,2026-05-20 05:00:00+00:00,2026-05-20 05:02:00+00:00,SHORT,1.3673,1.3604,1.3467905,1.3878095,TIME,0.229953,0.296619,0.106667,0.0,15.221782,0
beta_decouple,XRPUSDT,2026-05-20 06:00:00+00:00,2026-05-20 06:02:00+00:00,SHORT,1.3701,1.3677,1.3495485,1.3906515,TIME,0.010171,0.076838,0.106667,0.0,15.252747,0
beta_decouple,XRPUSDT,2026-05-20 11:00:00+00:00,2026-05-20 11:02:00+00:00,LONG,1.3648,1.3689,1.385272,1.344328,TIME,0.093499,0.160165,0.106667,0.0,15.537969,0
beta_decouple,XRPUSDT,2026-05-20 12:00:00+00:00,2026-05-20 12:02:00+00:00,SHORT,1.3726,1.3657,1.352011,1.393189,TIME,0.228653,0.29532,0.106667,0.0,16.24853,0
beta_decouple,XRPUSDT,2026-05-21 00:00:00+00:00,2026-05-21 00:02:00+00:00,SHORT,1.3754,1.367,1.354769,1.396031,TIME,0.30072,0.367387,0.106667,0.0,17.225781,0
beta_decouple,XRPUSDT,2026-05-21 01:00:00+00:00,2026-05-21 01:02:00+00:00,SHORT,1.3775,1.3756,1.3568375,1.3981625,TIME,-0.014669,0.051997,0.106667,0.0,17.175242,0
beta_decouple,XRPUSDT,2026-05-21 05:00:00+00:00,2026-05-21 05:02:00+00:00,LONG,1.3741,1.3817,1.3947115,1.3534885,TIME,0.26185,0.328517,0.106667,0.0,18.074711,0
beta_decouple,XRPUSDT,2026-05-21 06:00:00+00:00,2026-05-21 06:02:00+00:00,LONG,1.3703,1.3748,1.3908545,1.3497455,TIME,0.112144,0.178811,0.106667,0.0,18.480106,0
beta_decouple,XRPUSDT,2026-05-21 10:00:00+00:00,2026-05-21 10:02:00+00:00,LONG,1.3655,1.3734,1.3859825,1.3450175,TIME,0.278809,0.345476,0.106667,0.0,19.51059,0
beta_decouple,XRPUSDT,2026-05-21 11:00:00+00:00,2026-05-21 11:02:00+00:00,LONG,1.3629,1.3658,1.3833435,1.3424565,TIME,0.035115,0.101781,0.106667,0.0,19.647611,0
beta_decouple,XRPUSDT,2026-05-21 14:00:00+00:00,2026-05-21 14:02:00+00:00,LONG,1.3563,1.3626,1.3766445,1.3359555,TIME,0.202826,0.269492,0.106667,0.0,20.444619,0
beta_decouple,XRPUSDT,2026-05-21 17:00:00+00:00,2026-05-21 17:02:00+00:00,SHORT,1.3806,1.3628,1.359891,1.401309,TIME,0.753367,0.820034,0.106667,0.0,23.525079,0
beta_decouple,XRPUSDT,2026-05-22 00:00:00+00:00,2026-05-22 00:02:00+00:00,LONG,1.3674,1.3723,1.387911,1.346889,TIME,0.132098,0.198765,0.106667,0.0,24.146603,0
beta_decouple,XRPUSDT,2026-05-22 06:00:00+00:00,2026-05-22 06:02:00+00:00,LONG,1.3598,1.3681,1.380197,1.339403,TIME,0.300024,0.366691,0.106667,0.0,25.595515,0
beta_decouple,XRPUSDT,2026-05-22 12:00:00+00:00,2026-05-22 12:02:00+00:00,SHORT,1.3651,1.3609,1.3446235,1.3855765,TIME,0.098558,0.165224,0.106667,0.0,26.100041,0
beta_decouple,XRPUSDT,2026-05-22 14:00:00+00:00,2026-05-22 14:02:00+00:00,LONG,1.3511,1.3581,1.3713665,1.3308335,TIME,0.238536,0.305202,0.106667,0.0,27.3452,0
beta_decouple,XRPUSDT,2026-05-22 19:00:00+00:00,2026-05-22 19:02:00+00:00,LONG,1.338,1.3475,1.35807,1.31793,TIME,0.366405,0.433071,0.106667,0.0,29.349082,0
beta_decouple,XRPUSDT,2026-05-23 02:00:00+00:00,2026-05-23 02:02:00+00:00,SHORT,1.3391,1.3361,1.3190135,1.3591865,TIME,0.042765,0.109432,0.106667,0.0,29.600104,0
beta_decouple,XRPUSDT,2026-05-23 03:00:00+00:00,2026-05-23 03:02:00+00:00,SHORT,1.3401,1.3391,1.3199985,1.3602015,TIME,-0.056901,0.009765,0.106667,0.0,29.263248,0
beta_decouple,XRPUSDT,2026-05-23 07:00:00+00:00,2026-05-23 07:01:00+00:00,LONG,1.3113,1.3309695,1.3309695,1.2916305,TP,0.892746,0.959412,0.106667,0.0,34.488174,0
beta_decouple,XRPUSDT,2026-05-23 13:00:00+00:00,2026-05-23 13:02:00+00:00,SHORT,1.3326,1.3287,1.312611,1.352589,TIME,0.088546,0.155212,0.106667,0.0,35.09893,0
beta_decouple,XRPUSDT,2026-05-23 14:00:00+00:00,2026-05-23 14:02:00+00:00,SHORT,1.339,1.3327,1.318915,1.359085,TIME,0.207177,0.273843,0.106667,0.0,36.553265,0
beta_decouple,XRPUSDT,2026-05-23 18:00:00+00:00,2026-05-23 18:02:00+00:00,SHORT,1.3446,1.3381,1.324431,1.364769,TIME,0.215792,0.282458,0.106667,0.0,38.130842,0
beta_decouple,XRPUSDT,2026-05-23 19:00:00+00:00,2026-05-23 19:02:00+00:00,SHORT,1.3462,1.3433,1.326007,1.366393,TIME,0.037022,0.103688,0.106667,0.0,38.413175,0
beta_decouple,XRPUSDT,2026-05-23 20:00:00+00:00,2026-05-23 20:01:00+00:00,SHORT,1.371,1.350435,1.350435,1.391565,TP,0.893922,0.960588,0.106667,0.0,45.280848,0
beta_decouple,XRPUSDT,2026-05-24 03:00:00+00:00,2026-05-24 03:02:00+00:00,LONG,1.36,1.3604,1.3804,1.3396,TIME,-0.087059,-0.020392,0.106667,0.0,44.492431,0
beta_decouple,XRPUSDT,2026-05-24 05:00:00+00:00,2026-05-24 05:02:00+00:00,LONG,1.3589,1.3598,1.3792835,1.3385165,TIME,-0.062528,0.004139,0.106667,0.0,43.936028,0
beta_decouple,XRPUSDT,2026-05-24 07:00:00+00:00,2026-05-24 07:02:00+00:00,LONG,1.3588,1.3629,1.379182,1.338418,TIME,0.094383,0.161049,0.106667,0.0,44.765387,0
beta_decouple,XRPUSDT,2026-05-24 08:00:00+00:00,2026-05-24 08:02:00+00:00,LONG,1.3603,1.3578,1.3807045,1.3398955,TIME,-0.229103,-0.162437,0.106667,0.0,42.714208,0
beta_decouple,XRPUSDT,2026-05-24 12:00:00+00:00,2026-05-24 12:02:00+00:00,LONG,1.3621,1.364,1.3825315,1.3416685,TIME,-0.013717,0.05295,0.106667,0.0,42.597028,0
beta_decouple,XRPUSDT,2026-05-24 13:00:00+00:00,2026-05-24 13:02:00+00:00,LONG,1.3584,1.362,1.378776,1.338024,TIME,0.069918,0.136584,0.106667,0.0,43.192686,0
beta_decouple,XRPUSDT,2026-05-24 14:00:00+00:00,2026-05-24 14:02:00+00:00,LONG,1.3492,1.3566,1.369438,1.328962,TIME,0.258775,0.325441,0.106667,0.0,45.428122,0
beta_decouple,XRPUSDT,2026-05-24 15:00:00+00:00,2026-05-24 15:02:00+00:00,LONG,1.3477,1.3494,1.3679155,1.3274845,TIME,-0.022611,0.044055,0.106667,0.0,45.222685,0
beta_decouple,XRPUSDT,2026-05-24 20:00:00+00:00,2026-05-24 20:02:00+00:00,LONG,1.3441,1.347,1.3642615,1.3239385,TIME,0.037098,0.103764,0.106667,0.0,45.558215,0
beta_decouple,XRPUSDT,2026-05-24 21:00:00+00:00,2026-05-24 21:02:00+00:00,LONG,1.335,1.346,1.355025,1.314975,TIME,0.442329,0.508996,0.106667,0.0,49.588561,0
beta_decouple,XRPUSDT,2026-05-25 04:00:00+00:00,2026-05-25 04:02:00+00:00,SHORT,1.3547,1.3471,1.3343795,1.3750205,TIME,0.267552,0.334219,0.106667,0.0,52.242068,0
beta_decouple,XRPUSDT,2026-05-25 05:00:00+00:00,2026-05-25 05:02:00+00:00,SHORT,1.3576,1.3546,1.337236,1.377964,TIME,0.040729,0.107395,0.106667,0.0,52.667616,0
beta_decouple,XRPUSDT,2026-05-25 09:00:00+00:00,2026-05-25 09:02:00+00:00,SHORT,1.3603,1.3587,1.3398955,1.3807045,TIME,-0.028218,0.038449,0.106667,0.0,52.370386,0
beta_decouple,XRPUSDT,2026-05-25 16:00:00+00:00,2026-05-25 16:02:00+00:00,SHORT,1.3621,1.3581,1.3416685,1.3825315,TIME,0.089215,0.155882,0.106667,0.0,53.304831,0
beta_decouple,XRPUSDT,2026-05-25 18:00:00+00:00,2026-05-25 18:02:00+00:00,LONG,1.3581,1.3611,1.3784715,1.3377285,TIME,0.040522,0.107188,0.106667,0.0,53.73683,0
beta_decouple,XRPUSDT,2026-05-25 19:00:00+00:00,2026-05-25 19:02:00+00:00,LONG,1.3562,1.3563,1.376543,1.335857,TIME,-0.101742,-0.035075,0.106667,0.0,52.643372,0
beta_decouple,XRPUSDT,2026-05-25 20:00:00+00:00,2026-05-25 20:02:00+00:00,LONG,1.3537,1.3579,1.3740055,1.3333945,TIME,0.100062,0.166728,0.106667,0.0,53.69689,0
beta_decouple,XRPUSDT,2026-05-25 22:00:00+00:00,2026-05-25 22:02:00+00:00,LONG,1.3481,1.3527,1.3683215,1.3278785,TIME,0.12069,0.187356,0.106667,0.0,54.99302,0
beta_decouple,XRPUSDT,2026-05-26 00:00:00+00:00,2026-05-26 00:02:00+00:00,LONG,1.3412,1.3487,1.361318,1.321082,TIME,0.265922,0.332589,0.106667,0.0,57.917793,0
beta_decouple,XRPUSDT,2026-05-26 01:00:00+00:00,2026-05-26 01:02:00+00:00,LONG,1.3387,1.3387,1.3587805,1.3186195,TIME,-0.106655,-0.039988,0.106667,0.0,56.682353,0
beta_decouple,XRPUSDT,2026-05-26 05:00:00+00:00,2026-05-26 05:02:00+00:00,SHORT,1.3471,1.3442,1.3268935,1.3673065,TIME,0.036926,0.103592,0.106667,0.0,57.100959,0
beta_decouple,XRPUSDT,2026-05-26 10:00:00+00:00,2026-05-26 10:02:00+00:00,SHORT,1.3562,1.3408,1.335857,1.376543,TIME,0.650793,0.717459,0.106667,0.0,64.533138,0
beta_decouple,XRPUSDT,2026-05-26 15:00:00+00:00,2026-05-26 15:02:00+00:00,LONG,1.3443,1.3498,1.3644645,1.3241355,TIME,0.165938,0.232605,0.106667,0.0,66.674842,0
beta_decouple,XRPUSDT,2026-05-26 16:00:00+00:00,2026-05-26 16:02:00+00:00,LONG,1.3402,1.3448,1.360303,1.320097,TIME,0.12203,0.188696,0.106667,0.0,68.302104,0
beta_decouple,XRPUSDT,2026-05-26 17:00:00+00:00,2026-05-26 17:02:00+00:00,LONG,1.3322,1.3418,1.352183,1.312217,TIME,0.373466,0.440132,0.106667,0.0,73.4038,0
beta_decouple,XRPUSDT,2026-05-27 00:00:00+00:00,2026-05-27 00:02:00+00:00,SHORT,1.3315,1.3303,1.3115275,1.3514725,TIME,-0.04656,0.020107,0.106667,0.0,72.720264,0
beta_decouple,XRPUSDT,2026-05-27 06:00:00+00:00,2026-05-27 06:02:00+00:00,SHORT,1.3351,1.3303,1.3150735,1.3551265,TIME,0.133148,0.199814,0.106667,0.0,74.656769,0
beta_decouple,XRPUSDT,2026-05-27 15:00:00+00:00,2026-05-27 15:02:00+00:00,SHORT,1.3358,1.3309,1.315763,1.355837,TIME,0.138016,0.204682,0.106667,0.0,76.71753,0
beta_decouple,XRPUSDT,2026-05-27 17:00:00+00:00,2026-05-27 17:02:00+00:00,LONG,1.3197,1.3291,1.3394955,1.2999045,TIME,0.367916,0.434583,0.106667,0.0,82.36265,0
beta_decouple,XRPUSDT,2026-05-27 21:00:00+00:00,2026-05-27 21:02:00+00:00,LONG,1.3154,1.3302,1.335131,1.295669,TIME,0.642984,0.709651,0.106667,0.0,92.954225,0
beta_decouple,XRPUSDT,2026-05-27 22:00:00+00:00,2026-05-27 22:02:00+00:00,LONG,1.3101,1.3156,1.3297515,1.2904485,TIME,0.173054,0.239721,0.106667,0.0,96.171451,0
beta_decouple,XRPUSDT,2026-05-28 03:00:00+00:00,2026-05-28 03:01:00+00:00,LONG,1.2785,1.2976775,1.2976775,1.2593225,TP,0.892746,0.959412,0.106667,0.0,113.342777,0
beta_decouple,XRPUSDT,2026-05-28 12:00:00+00:00,2026-05-28 12:02:00+00:00,SHORT,1.2942,1.287,1.274787,1.313613,TIME,0.264429,0.331096,0.106667,0.0,119.33701,0
beta_decouple,XRPUSDT,2026-05-28 13:00:00+00:00,2026-05-28 13:02:00+00:00,SHORT,1.2959,1.296,1.2764615,1.3153385,TIME,-0.111826,-0.04516,0.106667,0.0,116.66801,0
beta_decouple,XRPUSDT,2026-05-28 14:00:00+00:00,2026-05-28 14:02:00+00:00,SHORT,1.3013,1.2891,1.2817805,1.3208195,TIME,0.518712,0.585379,0.106667,0.0,128.77144,0
beta_decouple,XRPUSDT,2026-05-28 15:00:00+00:00,2026-05-28 15:02:00+00:00,SHORT,1.3115,1.2999,1.2918275,1.3311725,TIME,0.483331,0.549998,0.106667,0.0,141.219281,0
beta_decouple,XRPUSDT,2026-05-28 16:00:00+00:00,2026-05-28 16:02:00+00:00,SHORT,1.3227,1.3104,1.3028595,1.3425405,TIME,0.513637,0.580304,0.106667,0.0,155.726384,0
beta_decouple,XRPUSDT,2026-05-29 01:00:00+00:00,2026-05-29 01:02:00+00:00,LONG,1.3097,1.3157,1.3293455,1.2900545,TIME,0.198576,0.265242,0.106667,0.0,161.911076,0
beta_decouple,XRPUSDT,2026-05-29 02:00:00+00:00,2026-05-29 02:02:00+00:00,LONG,1.3038,1.3101,1.323357,1.284243,TIME,0.215287,0.281954,0.106667,0.0,168.882559,0
beta_decouple,XRPUSDT,2026-05-29 08:00:00+00:00,2026-05-29 08:02:00+00:00,SHORT,1.3207,1.3198,1.3008895,1.3405105,TIME,-0.061221,0.005446,0.106667,0.0,166.814728,0
beta_decouple,XRPUSDT,2026-05-29 09:00:00+00:00,2026-05-29 09:02:00+00:00,SHORT,1.3229,1.3211,1.3030565,1.3427435,TIME,-0.015914,0.050752,0.106667,0.0,166.283776,0
beta_decouple,XRPUSDT,2026-05-29 10:00:00+00:00,2026-05-29 10:02:00+00:00,LONG,1.3181,1.3217,1.3378715,1.2983285,TIME,0.075316,0.141983,0.106667,0.0,168.788555,0
beta_decouple,XRPUSDT,2026-05-29 11:00:00+00:00,2026-05-29 11:02:00+00:00,LONG,1.3109,1.3174,1.3305635,1.2912365,TIME,0.223709,0.290375,0.106667,0.0,176.34045,0
beta_decouple,XRPUSDT,2026-05-29 12:00:00+00:00,2026-05-29 12:02:00+00:00,LONG,1.304,1.3103,1.32356,1.28444,TIME,0.215238,0.281905,0.106667,0.0,183.931484,0
beta_decouple,XRPUSDT,2026-05-29 16:00:00+00:00,2026-05-29 16:02:00+00:00,SHORT,1.3266,1.3215,1.306701,1.346499,TIME,0.149769,0.216436,0.106667,0.0,189.440947,0
beta_decouple,XRPUSDT,2026-05-29 21:00:00+00:00,2026-05-29 21:02:00+00:00,LONG,1.3156,1.3225,1.335334,1.295866,TIME,0.242786,0.309453,0.106667,0.0,198.639667,0
beta_decouple,XRPUSDT,2026-05-29 23:00:00+00:00,2026-05-29 23:02:00+00:00,SHORT,1.329,1.32,1.309065,1.348935,TIME,0.34506,0.411726,0.106667,0.0,212.348171,0
beta_decouple,XRPUSDT,2026-05-30 00:00:00+00:00,2026-05-30 00:02:00+00:00,SHORT,1.3478,1.3287,1.327583,1.368017,TIME,0.838638,0.905304,0.106667,0.0,247.964812,0
beta_decouple,XRPUSDT,2026-05-30 01:00:00+00:00,2026-05-30 01:02:00+00:00,SHORT,1.356,1.3435,1.33566,1.37634,TIME,0.508243,0.574909,0.106667,0.0,273.170077,0
beta_decouple,XRPUSDT,2026-05-30 08:00:00+00:00,2026-05-30 08:02:00+00:00,LONG,1.34,1.3416,1.3601,1.3199,TIME,-0.0271,0.039566,0.106667,0.0,271.689472,0
beta_decouple,XRPUSDT,2026-05-30 11:00:00+00:00,2026-05-30 11:02:00+00:00,LONG,1.34,1.3418,1.3601,1.3199,TIME,-0.017156,0.049511,0.106667,0.0,270.757243,0
beta_decouple,XRPUSDT,2026-05-30 12:00:00+00:00,2026-05-30 12:02:00+00:00,LONG,1.3389,1.3396,1.3589835,1.3188165,TIME,-0.071821,-0.005154,0.106667,0.0,266.868027,0
beta_decouple,XRPUSDT,2026-05-30 16:00:00+00:00,2026-05-30 16:02:00+00:00,SHORT,1.3472,1.3407,1.326992,1.367408,TIME,0.215169,0.281836,0.106667,0.0,278.352381,0
beta_decouple,XRPUSDT,2026-05-30 17:00:00+00:00,2026-05-30 17:02:00+00:00,SHORT,1.3517,1.348,1.3314245,1.3719755,TIME,0.075917,0.142584,0.106667,0.0,282.578723,0
beta_decouple,XRPUSDT,2026-05-30 22:00:00+00:00,2026-05-30 22:02:00+00:00,LONG,1.3419,1.3441,1.3620285,1.3217715,TIME,0.002578,0.069244,0.106667,0.0,282.724394,0
beta_decouple,XRPUSDT,2026-05-30 23:00:00+00:00,2026-05-30 23:02:00+00:00,LONG,1.3402,1.3425,1.360303,1.320097,TIME,0.007687,0.074354,0.106667,0.0,283.159082,0
beta_decouple,XRPUSDT,2026-05-31 03:00:00+00:00,2026-05-31 03:02:00+00:00,SHORT,1.3441,1.342,1.3239385,1.3642615,TIME,-0.002457,0.064209,0.106667,0.0,283.019924,0
beta_decouple,XRPUSDT,2026-05-31 04:00:00+00:00,2026-05-31 04:02:00+00:00,SHORT,1.3453,1.3439,1.3251205,1.3654795,TIME,-0.03726,0.029407,0.106667,0.0,280.910877,0
beta_decouple,XRPUSDT,2026-05-31 07:00:00+00:00,2026-05-31 07:02:00+00:00,LONG,1.3347,1.3375,1.3547205,1.3146795,TIME,0.033118,0.099785,0.106667,0.0,282.771523,0
beta_decouple,XRPUSDT,2026-05-31 11:00:00+00:00,2026-05-31 11:02:00+00:00,SHORT,1.3412,1.3378,1.321082,1.361318,TIME,0.062426,0.129092,0.106667,0.0,286.301962,0
beta_decouple,XRPUSDT,2026-05-31 14:00:00+00:00,2026-05-31 14:02:00+00:00,LONG,1.3296,1.3393,1.349544,1.309656,TIME,0.379415,0.446082,0.106667,0.0,308.027437,0
beta_decouple,XRPUSDT,2026-05-31 20:00:00+00:00,2026-05-31 20:02:00+00:00,SHORT,1.3301,1.3285,1.3101485,1.3500515,TIME,-0.026436,0.040231,0.106667,0.0,306.398831,0
beta_decouple,XRPUSDT,2026-05-31 21:00:00+00:00,2026-05-31 21:02:00+00:00,SHORT,1.3338,1.3295,1.313793,1.353807,TIME,0.108375,0.175042,0.106667,0.0,313.040031,0
beta_decouple,XRPUSDT,2026-05-31 22:00:00+00:00,2026-05-31 22:02:00+00:00,SHORT,1.3367,1.333,1.3166495,1.3567505,TIME,0.077966,0.144633,0.106667,0.0,317.921336,0
beta_decouple,XRPUSDT,2026-06-01 01:00:00+00:00,2026-06-01 01:02:00+00:00,LONG,1.3211,1.3363,1.3409165,1.3012835,TIME,0.659923,0.726589,0.106667,0.0,359.882044,0
beta_decouple,XRPUSDT,2026-06-01 07:00:00+00:00,2026-06-01 07:02:00+00:00,LONG,1.303,1.3112,1.322545,1.283455,TIME,0.312638,0.379305,0.106667,0.0,382.384628,0
beta_decouple,XRPUSDT,2026-06-01 13:00:00+00:00,2026-06-01 13:02:00+00:00,LONG,1.2897,1.3,1.3090455,1.2703545,TIME,0.42545,0.492116,0.106667,0.0,414.9217,0
beta_decouple,XRPUSDT,2026-06-01 14:00:00+00:00,2026-06-01 14:02:00+00:00,LONG,1.2852,1.2918,1.304478,1.265922,TIME,0.235499,0.302166,0.106667,0.0,434.464441,0
beta_decouple,XRPUSDT,2026-06-01 17:00:00+00:00,2026-06-01 17:02:00+00:00,SHORT,1.2997,1.2948,1.2802045,1.3191955,TIME,0.144812,0.211479,0.106667,0.0,447.047594,0
beta_decouple,XRPUSDT,2026-06-01 22:00:00+00:00,2026-06-01 22:02:00+00:00,SHORT,1.2998,1.2876,1.280303,1.319297,TIME,0.519434,0.586101,0.106667,0.0,493.489954,0
beta_decouple,XRPUSDT,2026-06-02 01:00:00+00:00,2026-06-02 01:02:00+00:00,LONG,1.2791,1.2896,1.2982865,1.2599135,TIME,0.440277,0.506944,0.106667,0.0,536.944395,0
beta_decouple,XRPUSDT,2026-06-02 05:00:00+00:00,2026-06-02 05:02:00+00:00,LONG,1.267,1.2765,1.286005,1.247995,TIME,0.392914,0.459581,0.106667,0.0,579.138985,0
beta_decouple,XRPUSDT,2026-06-02 10:00:00+00:00,2026-06-02 10:02:00+00:00,SHORT,1.2664,1.258,1.247404,1.285396,TIME,0.335785,0.402452,0.106667,0.0,618.032231,0
beta_decouple,XRPUSDT,2026-06-02 14:00:00+00:00,2026-06-02 14:01:00+00:00,LONG,1.2344,1.252916,1.252916,1.215884,TP,0.892746,0.959412,0.106667,0.0,728.381331,0
beta_decouple,XRPUSDT,2026-06-02 15:00:00+00:00,2026-06-02 15:02:00+00:00,LONG,1.2213,1.2296,1.2396195,1.2029805,TIME,0.346143,0.412809,0.106667,0.0,778.806108,0
beta_decouple,XRPUSDT,2026-06-02 21:00:00+00:00,2026-06-02 21:02:00+00:00,SHORT,1.2256,1.2246,1.207216,1.243984,TIME,-0.052251,0.014416,0.106667,0.0,770.667444,0
beta_decouple,XRPUSDT,2026-06-02 22:00:00+00:00,2026-06-02 22:01:00+00:00,LONG,1.2002,1.218203,1.218203,1.182197,TP,0.892746,0.959412,0.106667,0.0,908.269424,0
beta_decouple,XRPUSDT,2026-06-03 00:00:00+00:00,2026-06-03 00:02:00+00:00,SHORT,1.2235,1.2135,1.2051475,1.2418525,TIME,0.438533,0.5052,0.106667,0.0,987.930693,0
beta_decouple,XRPUSDT,2026-06-03 05:00:00+00:00,2026-06-03 05:02:00+00:00,SHORT,1.2316,1.224,1.213126,1.250074,TIME,0.304957,0.371624,0.106667,0.0,1048.186012,0
beta_decouple,XRPUSDT,2026-06-03 06:00:00+00:00,2026-06-03 06:02:00+00:00,SHORT,1.2383,1.2322,1.2197255,1.2568745,TIME,0.221926,0.288592,0.106667,0.0,1094.709886,0
beta_decouple,XRPUSDT,2026-06-03 13:00:00+00:00,2026-06-03 13:02:00+00:00,LONG,1.2307,1.2362,1.2491605,1.2122395,TIME,0.1911,0.257767,0.106667,0.0,1136.549708,0
beta_decouple,XRPUSDT,2026-06-03 15:00:00+00:00,2026-06-03 15:02:00+00:00,LONG,1.2247,1.2292,1.2430705,1.2063295,TIME,0.138156,0.204823,0.106667,0.0,1167.95402,0
beta_decouple,XRPUSDT,2026-06-03 16:00:00+00:00,2026-06-03 16:02:00+00:00,LONG,1.2221,1.2209,1.2404315,1.2037685,TIME,-0.172076,-0.10541,0.106667,0.0,1127.758533,0
beta_decouple,XRPUSDT,2026-06-03 19:00:00+00:00,2026-06-03 19:02:00+00:00,LONG,1.2033,1.2181,1.2213495,1.1852505,TIME,0.712821,0.779487,0.106667,0.0,1288.536483,0
beta_decouple,XRPUSDT,2026-06-03 20:00:00+00:00,2026-06-03 20:02:00+00:00,LONG,1.193,1.1998,1.210895,1.175105,TIME,0.273112,0.339778,0.106667,0.0,1358.91939,0
beta_decouple,XRPUSDT,2026-06-04 01:00:00+00:00,2026-06-04 01:01:00+00:00,LONG,1.1608,1.178212,1.178212,1.143388,TP,0.892746,0.959412,0.106667,0.0,1601.553226,0
beta_decouple,XRPUSDT,2026-06-04 07:00:00+00:00,2026-06-04 07:01:00+00:00,LONG,1.1672,1.184708,1.184708,1.149692,TP,0.892746,0.959412,0.106667,0.0,1887.509116,0
beta_decouple,XRPUSDT,2026-06-04 10:00:00+00:00,2026-06-04 10:02:00+00:00,LONG,1.1475,1.1614,1.1647125,1.1302875,TIME,0.700414,0.76708,0.106667,0.0,2151.916525,0
beta_decouple,XRPUSDT,2026-06-04 12:00:00+00:00,2026-06-04 12:01:00+00:00,SHORT,1.1792,1.161512,1.161512,1.196888,TP,0.893922,0.960588,0.106667,0.0,2536.645419,0
beta_decouple,XRPUSDT,2026-06-04 13:00:00+00:00,2026-06-04 13:02:00+00:00,SHORT,1.1787,1.1777,1.1610195,1.1963805,TIME,-0.050085,0.016581,0.106667,0.0,2511.235721,0
beta_decouple,XRPUSDT,2026-06-04 18:00:00+00:00,2026-06-04 18:02:00+00:00,SHORT,1.1786,1.1673,1.160921,1.196279,TIME,0.532881,0.599548,0.106667,0.0,2778.87387,0
beta_decouple,XRPUSDT,2026-06-05 02:00:00+00:00,2026-06-05 02:01:00+00:00,LONG,1.1345,1.1515175,1.1515175,1.1174825,TP,0.892746,0.959412,0.106667,0.0,3275.039304,0
beta_decouple,XRPUSDT,2026-06-05 13:00:00+00:00,2026-06-05 13:01:00+00:00,LONG,1.1017,1.1182255,1.1182255,1.0851745,TP,0.892746,0.959412,0.106667,0.0,3859.79463,0
beta_decouple,XRPUSDT,2026-06-05 16:00:00+00:00,2026-06-05 16:01:00+00:00,SHORT,1.1197,1.1029045,1.1029045,1.1364955,TP,0.893922,0.960588,0.106667,0.0,4549.865319,0
beta_decouple,XRPUSDT,2026-06-05 20:00:00+00:00,2026-06-05 20:01:00+00:00,SHORT,1.1146,1.097881,1.097881,1.131319,TP,0.893922,0.960588,0.106667,0.0,5363.309814,0
beta_decouple,XRPUSDT,2026-06-06 04:00:00+00:00,2026-06-06 04:01:00+00:00,LONG,1.0574,1.073261,1.073261,1.041539,TP,0.892746,0.959412,0.106667,0.0,6320.923965,0
beta_decouple,XRPUSDT,2026-06-06 12:00:00+00:00,2026-06-06 12:02:00+00:00,SHORT,1.0955,1.0905,1.0790675,1.1119325,TIME,0.197779,0.264446,0.106667,0.0,6570.953187,0
beta_decouple,XRPUSDT,2026-06-06 17:00:00+00:00,2026-06-06 17:02:00+00:00,LONG,1.082,1.0954,1.09823,1.06577,TIME,0.718482,0.785148,0.106667,0.0,7515.175039,0
beta_decouple,XRPUSDT,2026-06-06 23:00:00+00:00,2026-06-06 23:02:00+00:00,SHORT,1.0926,1.0888,1.076211,1.108989,TIME,0.125323,0.19199,0.106667,0.0,7703.540382,0
beta_decouple,XRPUSDT,2026-06-07 01:00:00+00:00,2026-06-07 01:01:00+00:00,SHORT,1.1155,1.0987675,1.0987675,1.1322325,TP,0.893922,0.960588,0.106667,0.0,9080.812472,0
beta_decouple,XRPUSDT,2026-06-07 02:00:00+00:00,2026-06-07 02:02:00+00:00,SHORT,1.1184,1.1168,1.101624,1.135176,TIME,-0.011247,0.05542,0.106667,0.0,9060.38594,0
beta_decouple,XRPUSDT,2026-06-07 07:00:00+00:00,2026-06-07 07:02:00+00:00,SHORT,1.1363,1.123,1.1192555,1.1533445,TIME,0.6741,0.740767,0.106667,0.0,10281.907209,0
beta_decouple,XRPUSDT,2026-06-07 08:00:00+00:00,2026-06-07 08:01:00+00:00,SHORT,1.1548,1.137478,1.137478,1.172122,TP,0.893922,0.960588,0.106667,0.0,12120.150812,0
beta_decouple,XRPUSDT,2026-06-07 12:00:00+00:00,2026-06-07 12:02:00+00:00,LONG,1.1229,1.1356,1.1397435,1.1060565,TIME,0.646893,0.71356,0.106667,0.0,13688.239259,0
beta_decouple,XRPUSDT,2026-06-07 19:00:00+00:00,2026-06-07 19:02:00+00:00,LONG,1.124,1.133,1.14086,1.10714,TIME,0.426833,0.4935,0.106667,0.0,14856.757623,0
beta_decouple,XRPUSDT,2026-06-09 00:00:00+00:00,2026-06-09 00:02:00+00:00,LONG,1.1522,1.169483,1.169483,1.134917,TP,0.892746,0.959412,0.106667,0.0,17509.418354,0
beta_decouple,XRPUSDT,2026-06-09 01:00:00+00:00,2026-06-09 01:02:00+00:00,LONG,1.1504,1.154,1.167656,1.133144,TIME,0.101843,0.16851,0.106667,0.0,17866.061677,0
beta_decouple,XRPUSDT,2026-06-09 04:00:00+00:00,2026-06-09 04:02:00+00:00,SHORT,1.1659,1.1524,1.1484115,1.1833885,TIME,0.66572,0.732387,0.106667,0.0,20244.822286,0
beta_decouple,XRPUSDT,2026-06-09 05:00:00+00:00,2026-06-09 05:02:00+00:00,SHORT,1.1726,1.1642,1.155011,1.190189,TIME,0.371179,0.437846,0.106667,0.0,21747.713543,0
beta_decouple,XRPUSDT,2026-06-09 09:00:00+00:00,2026-06-09 09:02:00+00:00,LONG,1.1591,1.1664,1.1764865,1.1417135,TIME,0.312959,0.379626,0.106667,0.0,23108.94414,0
beta_decouple,XRPUSDT,2026-06-09 10:00:00+00:00,2026-06-09 10:02:00+00:00,LONG,1.1585,1.1581,1.1758775,1.1411225,TIME,-0.129659,-0.062992,0.106667,0.0,22509.687002,0
beta_decouple,XRPUSDT,2026-06-09 14:00:00+00:00,2026-06-09 14:01:00+00:00,LONG,1.1365,1.1535475,1.1535475,1.1194525,TP,0.892746,0.959412,0.106667,0.0,26528.771401,0
beta_decouple,XRPUSDT,2026-06-09 15:00:00+00:00,2026-06-09 15:02:00+00:00,LONG,1.1271,1.1348,1.1440065,1.1101935,TIME,0.348518,0.415185,0.106667,0.0,28377.923726,0
beta_decouple,XRPUSDT,2026-06-10 01:00:00+00:00,2026-06-10 01:02:00+00:00,LONG,1.1287,1.1357,1.1456305,1.1117695,TIME,0.306552,0.373219,0.106667,0.0,30117.787501,0
beta_decouple,XRPUSDT,2026-06-10 02:00:00+00:00,2026-06-10 02:02:00+00:00,LONG,1.1168,1.1299,1.133552,1.100048,TIME,0.674872,0.741539,0.106667,0.0,34182.920523,0
beta_decouple,XRPUSDT,2026-06-10 07:00:00+00:00,2026-06-10 07:02:00+00:00,SHORT,1.1161,1.1125,1.0993585,1.1328415,TIME,0.108485,0.175152,0.106667,0.0,34924.586558,0
beta_decouple,XRPUSDT,2026-06-10 12:00:00+00:00,2026-06-10 12:02:00+00:00,SHORT,1.1173,1.103,1.1005405,1.1340595,TIME,0.747081,0.813748,0.106667,0.0,40142.884477,0
beta_decouple,XRPUSDT,2026-06-10 13:00:00+00:00,2026-06-10 13:02:00+00:00,SHORT,1.1294,1.1168,1.112459,1.146341,TIME,0.637525,0.704192,0.106667,0.0,45261.306702,0
beta_decouple,XRPUSDT,2026-06-10 19:00:00+00:00,2026-06-10 19:02:00+00:00,LONG,1.0974,1.1043,1.113861,1.080939,TIME,0.312266,0.378933,0.106667,0.0,48088.024589,0
beta_decouple,XRPUSDT,2026-06-11 00:00:00+00:00,2026-06-11 00:02:00+00:00,SHORT,1.1014,1.097,1.084879,1.117921,TIME,0.159809,0.226476,0.106667,0.0,49625.003244,0
beta_decouple,XRPUSDT,2026-06-11 01:00:00+00:00,2026-06-11 01:02:00+00:00,SHORT,1.115,1.1032,1.098275,1.131725,TIME,0.599275,0.665942,0.106667,0.0,55572.812156,0
beta_decouple,XRPUSDT,2026-06-11 12:00:00+00:00,2026-06-11 12:02:00+00:00,LONG,1.1131,1.1214,1.1297965,1.0964035,TIME,0.390157,0.456824,0.106667,0.0,59909.240112,0
beta_decouple,XRPUSDT,2026-06-11 16:00:00+00:00,2026-06-11 16:02:00+00:00,LONG,1.1075,1.1128,1.1241125,1.0908875,TIME,0.212191,0.278858,0.106667,0.0,62451.678447,0
beta_decouple,XRPUSDT,2026-06-11 17:00:00+00:00,2026-06-11 17:01:00+00:00,SHORT,1.1389,1.1218165,1.1218165,1.1559835,TP,0.893922,0.960588,0.106667,0.0,73617.058185,0
beta_decouple,XRPUSDT,2026-06-12 01:00:00+00:00,2026-06-12 01:02:00+00:00,LONG,1.1392,1.1387,1.156288,1.122112,TIME,-0.135897,-0.069231,0.106667,0.0,71616.184545,0
beta_decouple,XRPUSDT,2026-06-12 05:00:00+00:00,2026-06-12 05:02:00+00:00,LONG,1.1392,1.1437,1.156288,1.122112,TIME,0.15653,0.223197,0.106667,0.0,73858.201794,0
beta_decouple,XRPUSDT,2026-06-12 06:00:00+00:00,2026-06-12 06:02:00+00:00,LONG,1.1294,1.1399,1.146341,1.112459,TIME,0.512772,0.579438,0.106667,0.0,81432.680715,0
beta_decouple,XRPUSDT,2026-06-12 12:00:00+00:00,2026-06-12 12:02:00+00:00,LONG,1.1353,1.1405,1.1523295,1.1182705,TIME,0.198515,0.265181,0.106667,0.0,84665.796734,0
beta_decouple,XRPUSDT,2026-06-12 13:00:00+00:00,2026-06-12 13:02:00+00:00,LONG,1.1295,1.1359,1.1464425,1.1125575,TIME,0.270867,0.337534,0.106667,0.0,89252.431059,0
beta_decouple,XRPUSDT,2026-06-12 15:00:00+00:00,2026-06-12 15:01:00+00:00,LONG,1.1281,1.1450215,1.1450215,1.1111785,TP,0.892746,0.959412,0.106667,0.0,105188.372471,0
beta_decouple,XRPUSDT,2026-06-12 23:00:00+00:00,2026-06-12 23:02:00+00:00,SHORT,1.1318,1.1287,1.114823,1.148777,TIME,0.076031,0.142698,0.106667,0.0,106787.886024,0
beta_decouple,XRPUSDT,2026-06-13 00:00:00+00:00,2026-06-13 00:02:00+00:00,SHORT,1.1338,1.1313,1.116793,1.150807,TIME,0.040408,0.107075,0.106667,0.0,107650.8998,0
beta_decouple,XRPUSDT,2026-06-13 01:00:00+00:00,2026-06-13 01:02:00+00:00,SHORT,1.1392,1.1348,1.122112,1.156288,TIME,0.150967,0.217633,0.106667,0.0,110901.235868,0
beta_decouple,XRPUSDT,2026-06-13 07:00:00+00:00,2026-06-13 07:02:00+00:00,SHORT,1.1409,1.1355,1.1237865,1.1580135,TIME,0.209051,0.275718,0.106667,0.0,115538.040353,0
beta_decouple,XRPUSDT,2026-06-13 08:00:00+00:00,2026-06-13 08:02:00+00:00,SHORT,1.1426,1.1407,1.125461,1.159739,TIME,0.004246,0.070913,0.106667,0.0,115636.158517,0
beta_decouple,XRPUSDT,2026-06-13 11:00:00+00:00,2026-06-13 11:02:00+00:00,SHORT,1.1477,1.1438,1.1304845,1.1649155,TIME,0.119997,0.186664,0.106667,0.0,118411.364598,0
beta_decouple,XRPUSDT,2026-06-13 12:00:00+00:00,2026-06-13 12:02:00+00:00,SHORT,1.1533,1.1465,1.1360005,1.1705995,TIME,0.286632,0.353299,0.106667,0.0,125199.466346,0
beta_decouple,XRPUSDT,2026-06-13 16:00:00+00:00,2026-06-13 16:02:00+00:00,LONG,1.1466,1.1546,1.163799,1.129401,TIME,0.35821,0.424876,0.106667,0.0,134168.997743,0
beta_decouple,XRPUSDT,2026-06-13 17:00:00+00:00,2026-06-13 17:02:00+00:00,LONG,1.1436,1.1457,1.160754,1.126446,TIME,0.015692,0.082359,0.106667,0.0,134590.082479,0
beta_decouple,XRPUSDT,2026-06-13 21:00:00+00:00,2026-06-13 21:02:00+00:00,SHORT,1.1522,1.147,1.134917,1.169483,TIME,0.194376,0.261042,0.106667,0.0,139822.28806,0
beta_decouple,XRPUSDT,2026-06-14 04:00:00+00:00,2026-06-14 04:02:00+00:00,LONG,1.1475,1.1528,1.1647125,1.1302875,TIME,0.201076,0.267743,0.106667,0.0,145445.280373,0
beta_decouple,XRPUSDT,2026-06-14 05:00:00+00:00,2026-06-14 05:02:00+00:00,LONG,1.1474,1.147,1.164611,1.130189,TIME,-0.129882,-0.063215,0.106667,0.0,141667.144888,0
beta_decouple,XRPUSDT,2026-06-14 10:00:00+00:00,2026-06-14 10:02:00+00:00,LONG,1.1425,1.1481,1.1596375,1.1253625,TIME,0.219918,0.286585,0.106667,0.0,147898.179015,0
beta_decouple,XRPUSDT,2026-06-14 12:00:00+00:00,2026-06-14 12:02:00+00:00,LONG,1.1369,1.1433,1.1539535,1.1198465,TIME,0.26841,0.335076,0.106667,0.0,155837.641772,0
beta_decouple,XRPUSDT,2026-06-14 13:00:00+00:00,2026-06-14 13:02:00+00:00,LONG,1.1344,1.137,1.151416,1.117384,TIME,0.046051,0.112718,0.106667,0.0,157272.939053,0
beta_decouple,XRPUSDT,2026-06-14 20:00:00+00:00,2026-06-14 20:02:00+00:00,SHORT,1.1374,1.1329,1.120339,1.154461,TIME,0.157239,0.223906,0.106667,0.0,162218.829637,0
beta_decouple,XRPUSDT,2026-06-14 21:00:00+00:00,2026-06-14 21:01:00+00:00,SHORT,1.1676,1.150086,1.150086,1.185114,TP,0.893922,0.960588,0.106667,0.0,191221.009858,0
beta_decouple,XRPUSDT,2026-06-14 22:00:00+00:00,2026-06-14 22:02:00+00:00,SHORT,1.1732,1.1697,1.155602,1.190798,TIME,0.092327,0.158994,0.106667,0.0,194751.979783,0
beta_decouple,XRPUSDT,2026-06-15 06:00:00+00:00,2026-06-15 06:02:00+00:00,LONG,1.1822,1.1836,1.199933,1.164467,TIME,-0.027753,0.038913,0.106667,0.0,193670.982708,0
beta_decouple,XRPUSDT,2026-06-15 07:00:00+00:00,2026-06-15 07:02:00+00:00,LONG,1.1806,1.1808,1.198309,1.162891,TIME,-0.095368,-0.028701,0.106667,0.0,189976.989459,0
beta_decouple,XRPUSDT,2026-06-15 10:00:00+00:00,2026-06-15 10:02:00+00:00,SHORT,1.1989,1.1858,1.1809165,1.2168835,TIME,0.622204,0.688871,0.106667,0.0,213617.879821,0
beta_decouple,XRPUSDT,2026-06-15 11:00:00+00:00,2026-06-15 11:01:00+00:00,SHORT,1.2315,1.2130275,1.2130275,1.2499725,TP,0.893922,0.960588,0.106667,0.0,251809.403351,0
beta_decouple,XRPUSDT,2026-06-15 12:00:00+00:00,2026-06-15 12:02:00+00:00,SHORT,1.2379,1.2266,1.2193315,1.2564685,TIME,0.502244,0.568911,0.106667,0.0,277103.359629,0
beta_decouple,XRPUSDT,2026-06-15 15:00:00+00:00,2026-06-15 15:01:00+00:00,SHORT,1.268,1.24729583,1.24729583,1.28870417,TP,0.902599,0.963843,0.09799,0.0,327126.014619,0
beta_decouple,XRPUSDT,2026-06-15 16:00:00+00:00,2026-06-15 16:02:00+00:00,SHORT,1.2792,1.2608,1.25718646,1.30121354,TIME,0.743365,0.801475,0.092975,0.0,375760.810446,0
beta_decouple,XRPUSDT,2026-06-15 20:00:00+00:00,2026-06-15 20:02:00+00:00,LONG,1.2638,1.2769,1.282757,1.244843,TIME,0.583968,0.650635,0.106667,0.0,419647.301526,0
beta_decouple,XRPUSDT,2026-06-15 21:00:00+00:00,2026-06-15 21:02:00+00:00,LONG,1.2494,1.2607,1.268141,1.230659,TIME,0.49594,0.562606,0.106667,0.0,461271.257102,0
beta_decouple,XRPUSDT,2026-06-15 22:00:00+00:00,2026-06-15 22:02:00+00:00,LONG,1.2396,1.2496,1.258194,1.221006,TIME,0.430831,0.497497,0.106667,0.0,501017.214988,0
beta_decouple,XRPUSDT,2026-06-16 02:00:00+00:00,2026-06-16 02:02:00+00:00,LONG,1.2174,1.2261,1.235661,1.199139,TIME,0.369485,0.436151,0.106667,0.0,538040.856945,0
beta_decouple,XRPUSDT,2026-06-16 08:00:00+00:00,2026-06-16 08:02:00+00:00,SHORT,1.2471,1.2335,1.2283935,1.2658065,TIME,0.620778,0.687444,0.106667,0.0,604841.609266,0
beta_decouple,XRPUSDT,2026-06-16 13:00:00+00:00,2026-06-16 13:01:00+00:00,LONG,1.2251,1.2434765,1.2434765,1.2067235,TP,0.892746,0.959412,0.106667,0.0,712835.535414,0
beta_decouple,XRPUSDT,2026-06-16 14:00:00+00:00,2026-06-16 14:02:00+00:00,LONG,1.2091,1.2272365,1.2272365,1.1909635,TP,0.892746,0.959412,0.106667,0.0,840111.68009,0
beta_decouple,XRPUSDT,2026-06-16 18:00:00+00:00,2026-06-16 18:02:00+00:00,SHORT,1.2261,1.2276,1.2077085,1.2444915,TIME,-0.188287,-0.12162,0.106667,0.0,808475.252352,0
beta_decouple,XRPUSDT,2026-06-17 01:00:00+00:00,2026-06-17 01:02:00+00:00,SHORT,1.2212,1.2162,1.202882,1.239518,TIME,0.166441,0.233107,0.106667,0.0,835387.892173,0
beta_decouple,XRPUSDT,2026-06-17 06:00:00+00:00,2026-06-17 06:02:00+00:00,LONG,1.2112,1.2179,1.229368,1.193032,TIME,0.261904,0.328571,0.106667,0.0,879146.245263,0
beta_decouple,XRPUSDT,2026-06-17 07:00:00+00:00,2026-06-17 07:02:00+00:00,LONG,1.2088,1.2092,1.226932,1.190668,TIME,-0.084607,-0.017941,0.106667,0.0,864269.779645,0
beta_decouple,XRPUSDT,2026-06-17 08:00:00+00:00,2026-06-17 08:02:00+00:00,LONG,1.1957,1.2081,1.2136355,1.1777645,TIME,0.584297,0.650964,0.106667,0.0,965267.813551,0
beta_decouple,XRPUSDT,2026-06-17 13:00:00+00:00,2026-06-17 13:02:00+00:00,SHORT,1.2003,1.1973,1.1822955,1.2183045,TIME,0.060046,0.126713,0.106667,0.0,976859.97441,0
beta_decouple,XRPUSDT,2026-06-17 15:00:00+00:00,2026-06-17 15:01:00+00:00,SHORT,1.2128,1.194608,1.194608,1.230992,TP,0.893922,0.960588,0.106667,0.0,1151507.203045,0
beta_decouple,XRPUSDT,2026-06-17 19:00:00+00:00,2026-06-17 19:01:00+00:00,LONG,1.18,1.1977,1.1977,1.1623,TP,0.892746,0.959412,0.106667,0.0,1357107.780022,0
beta_decouple,XRPUSDT,2026-06-18 01:00:00+00:00,2026-06-18 01:02:00+00:00,SHORT,1.1881,1.1891,1.1702785,1.2059215,TIME,-0.162824,-0.096158,0.106667,0.0,1312913.742371,0
beta_decouple,XRPUSDT,2026-06-18 04:00:00+00:00,2026-06-18 04:02:00+00:00,LONG,1.1688,1.1776,1.186332,1.151268,TIME,0.394984,0.46165,0.106667,0.0,1416629.613113,0
beta_decouple,XRPUSDT,2026-06-18 15:00:00+00:00,2026-06-18 15:01:00+00:00,LONG,1.1374,1.154461,1.154461,1.120339,TP,0.892746,0.959412,0.106667,0.0,1669567.55831,0
beta_decouple,XRPUSDT,2026-06-18 20:00:00+00:00,2026-06-18 20:02:00+00:00,SHORT,1.1518,1.1472,1.134523,1.169077,TIME,0.159731,0.226398,0.106667,0.0,1722903.915899,0
beta_decouple,XRPUSDT,2026-06-19 01:00:00+00:00,2026-06-19 01:02:00+00:00,SHORT,1.1508,1.1486,1.133538,1.168062,TIME,0.020845,0.087512,0.106667,0.0,1730086.838064,0
beta_decouple,XRPUSDT,2026-06-19 04:00:00+00:00,2026-06-19 04:02:00+00:00,LONG,1.1268,1.1346,1.143702,1.109898,TIME,0.354552,0.421219,0.106667,0.0,1852768.115997,0
beta_decouple,XRPUSDT,2026-06-19 11:00:00+00:00,2026-06-19 11:02:00+00:00,SHORT,1.1266,1.1256,1.109701,1.143499,TIME,-0.047468,0.019199,0.106667,0.0,1835178.656069,0
beta_decouple,XRPUSDT,2026-06-19 12:00:00+00:00,2026-06-19 12:02:00+00:00,SHORT,1.1305,1.1273,1.1135425,1.1474575,TIME,0.082142,0.148808,0.106667,0.0,1865327.576537,0
beta_decouple,XRPUSDT,2026-06-19 13:00:00+00:00,2026-06-19 13:02:00+00:00,SHORT,1.1389,1.1296,1.1218165,1.1559835,TIME,0.438033,0.5047,0.106667,0.0,2028742.580247,0
beta_decouple,XRPUSDT,2026-06-19 23:00:00+00:00,2026-06-19 23:02:00+00:00,SHORT,1.1351,1.1323,1.1180735,1.1521265,TIME,0.05787,0.124536,0.106667,0.0,2052223.069807,0
beta_decouple,XRPUSDT,2026-06-20 00:00:00+00:00,2026-06-20 00:02:00+00:00,SHORT,1.1367,1.1364,1.1196495,1.1537505,TIME,-0.089073,-0.022407,0.106667,0.0,2015663.40607,0
beta_decouple,XRPUSDT,2026-06-20 01:00:00+00:00,2026-06-20 01:02:00+00:00,SHORT,1.1411,1.1369,1.1239835,1.1582165,TIME,0.138846,0.205513,0.106667,0.0,2071636.713041,0
beta_decouple,XRPUSDT,2026-06-20 04:00:00+00:00,2026-06-20 04:02:00+00:00,SHORT,1.1437,1.1387,1.1265445,1.1608555,TIME,0.184948,0.251615,0.106667,0.0,2148265.715739,0
beta_decouple,XRPUSDT,2026-06-20 05:00:00+00:00,2026-06-20 05:02:00+00:00,SHORT,1.1472,1.143,1.129992,1.164408,TIME,0.13754,0.204207,0.106667,0.0,2207360.355817,0
beta_decouple,XRPUSDT,2026-06-20 06:00:00+00:00,2026-06-20 06:02:00+00:00,SHORT,1.1491,1.1475,1.1318635,1.1663365,TIME,-0.013797,0.05287,0.106667,0.0,2201269.503409,0
beta_decouple,XRPUSDT,2026-06-20 11:00:00+00:00,2026-06-20 11:02:00+00:00,LONG,1.1466,1.149,1.163799,1.129401,TIME,0.032805,0.099471,0.106667,0.0,2215711.867848,0
beta_decouple,XRPUSDT,2026-06-20 12:00:00+00:00,2026-06-20 12:02:00+00:00,LONG,1.1454,1.1469,1.162581,1.128219,TIME,-0.019401,0.047265,0.106667,0.0,2207114.332692,0
beta_decouple,XRPUSDT,2026-06-20 13:00:00+00:00,2026-06-20 13:02:00+00:00,LONG,1.1405,1.1455,1.1576075,1.1233925,TIME,0.185439,0.252106,0.106667,0.0,2288971.565305,0
beta_decouple,XRPUSDT,2026-06-20 22:00:00+00:00,2026-06-20 22:02:00+00:00,SHORT,1.1519,1.1462,1.1346215,1.1691785,TIME,0.223409,0.290076,0.106667,0.0,2391246.967198,0
beta_decouple,XRPUSDT,2026-06-21 02:00:00+00:00,2026-06-21 02:02:00+00:00,LONG,1.1467,1.149,1.1639005,1.1294995,TIME,0.026982,0.093649,0.106667,0.0,2404151.172046,0
beta_decouple,XRPUSDT,2026-06-21 04:00:00+00:00,2026-06-21 04:02:00+00:00,LONG,1.1448,1.1495,1.161972,1.127628,TIME,0.166883,0.233549,0.106667,0.0,2484393.339263,0
beta_decouple,XRPUSDT,2026-06-21 05:00:00+00:00,2026-06-21 05:02:00+00:00,LONG,1.1439,1.1446,1.1610585,1.1267415,TIME,-0.065883,0.000784,0.106667,0.0,2451657.465243,0
beta_decouple,XRPUSDT,2026-06-21 09:00:00+00:00,2026-06-21 09:02:00+00:00,SHORT,1.1486,1.1438,1.131371,1.165829,TIME,0.172089,0.238755,0.106667,0.0,2536037.913032,0
beta_decouple,XRPUSDT,2026-06-21 11:00:00+00:00,2026-06-21 11:02:00+00:00,LONG,1.142,1.1494,1.15913,1.12487,TIME,0.325077,0.391744,0.106667,0.0,2700919.367813,0
beta_decouple,XRPUSDT,2026-06-21 20:00:00+00:00,2026-06-21 20:02:00+00:00,LONG,1.1388,1.1444,1.155882,1.121718,TIME,0.220979,0.287646,0.106667,0.0,2820288.743881,0
beta_decouple,XRPUSDT,2026-06-21 21:00:00+00:00,2026-06-21 21:02:00+00:00,LONG,1.1342,1.1381,1.151213,1.117187,TIME,0.122444,0.189111,0.106667,0.0,2889354.397459,0
beta_decouple,XRPUSDT,2026-06-21 22:00:00+00:00,2026-06-21 22:02:00+00:00,LONG,1.1312,1.135,1.148168,1.114232,TIME,0.117162,0.183829,0.106667,0.0,2957058.885782,0
beta_decouple,XRPUSDT,2026-06-21 23:00:00+00:00,2026-06-21 23:02:00+00:00,LONG,1.1243,1.1279,1.1411645,1.1074355,TIME,0.106683,0.17335,0.106667,0.0,3020152.731684,0
beta_decouple,XRPUSDT,2026-06-22 01:00:00+00:00,2026-06-22 01:02:00+00:00,SHORT,1.1446,1.1404,1.127431,1.161769,TIME,0.138095,0.204762,0.106667,0.0,3103566.386672,0
beta_decouple,XRPUSDT,2026-06-22 07:00:00+00:00,2026-06-22 07:02:00+00:00,SHORT,1.1368,1.1304,1.119748,1.153852,TIME,0.268869,0.335536,0.106667,0.0,3270457.027792,0
beta_decouple,XRPUSDT,2026-06-22 11:00:00+00:00,2026-06-22 11:02:00+00:00,SHORT,1.1474,1.1367,1.130189,1.164611,TIME,0.51539,0.582057,0.106667,0.0,3607569.122913,0
beta_decouple,XRPUSDT,2026-06-22 12:00:00+00:00,2026-06-22 12:02:00+00:00,SHORT,1.1571,1.1465,1.1397435,1.1744565,TIME,0.50441,0.571077,0.106667,0.0,3971507.969497,0
beta_decouple,XRPUSDT,2026-06-22 13:00:00+00:00,2026-06-22 13:02:00+00:00,SHORT,1.1631,1.1553,1.1456535,1.1805465,TIME,0.340671,0.407337,0.106667,0.0,4242103.277549,0
beta_decouple,XRPUSDT,2026-06-22 22:00:00+00:00,2026-06-22 22:02:00+00:00,LONG,1.1268,1.1336,1.143702,1.109898,TIME,0.295423,0.36209,0.106667,0.0,4492746.475774,0
beta_decouple,XRPUSDT,2026-06-23 04:00:00+00:00,2026-06-23 04:02:00+00:00,LONG,1.117,1.1264,1.133755,1.100245,TIME,0.454035,0.520702,0.106667,0.0,4900719.641048,0
beta_decouple,XRPUSDT,2026-06-23 05:00:00+00:00,2026-06-23 05:02:00+00:00,LONG,1.1152,1.1177,1.131928,1.098472,TIME,0.042706,0.109372,0.106667,0.0,4942577.383919,0
beta_decouple,XRPUSDT,2026-06-23 08:00:00+00:00,2026-06-23 08:02:00+00:00,LONG,1.0997,1.1125,1.1161955,1.0832045,TIME,0.668849,0.735516,0.106667,0.0,5603745.062566,0
beta_decouple,XRPUSDT,2026-06-23 18:00:00+00:00,2026-06-23 18:02:00+00:00,SHORT,1.0981,1.0982,1.0816285,1.1145715,TIME,-0.112753,-0.046087,0.106667,0.0,5477376.793563,0
beta_decouple,XRPUSDT,2026-06-23 19:00:00+00:00,2026-06-23 19:02:00+00:00,SHORT,1.1015,1.0984,1.0849775,1.1180225,TIME,0.081057,0.147724,0.106667,0.0,5566172.603541,0
beta_decouple,XRPUSDT,2026-06-23 20:00:00+00:00,2026-06-23 20:02:00+00:00,SHORT,1.1037,1.1037,1.0871445,1.1202555,TIME,-0.106679,-0.040012,0.106667,0.0,5447414.225175,0
beta_decouple,XRPUSDT,2026-06-23 22:00:00+00:00,2026-06-23 22:02:00+00:00,SHORT,1.1083,1.1044,1.0916755,1.1249245,TIME,0.128056,0.194722,0.106667,0.0,5586928.658727,0
beta_decouple,XRPUSDT,2026-06-24 04:00:00+00:00,2026-06-24 04:02:00+00:00,LONG,1.1012,1.1032,1.117718,1.084682,TIME,0.014353,0.081019,0.106667,0.0,5602966.202714,0
beta_decouple,XRPUSDT,2026-06-24 07:00:00+00:00,2026-06-24 07:02:00+00:00,LONG,1.0982,1.1006,1.114673,1.081727,TIME,0.038951,0.105618,0.106667,0.0,5646614.30932,0
beta_decouple,XRPUSDT,2026-06-24 10:00:00+00:00,2026-06-24 10:02:00+00:00,LONG,1.0859,1.0972,1.1021885,1.0696115,TIME,0.58667,0.653337,0.106667,0.0,6309154.370517,0
beta_decouple,XRPUSDT,2026-06-24 13:00:00+00:00,2026-06-24 13:02:00+00:00,LONG,1.0753,1.0886,1.0914295,1.0591705,TIME,0.717427,0.784093,0.106667,0.0,7214425.681593,0
beta_decouple,XRPUSDT,2026-06-24 15:00:00+00:00,2026-06-24 15:01:00+00:00,LONG,1.0578,1.073667,1.073667,1.041933,TP,0.892746,0.959412,0.106667,0.0,8502554.908026,0
beta_decouple,XRPUSDT,2026-06-24 20:00:00+00:00,2026-06-24 20:01:00+00:00,SHORT,1.0739,1.0577915,1.0577915,1.0900085,TP,0.893922,0.960588,0.106667,0.0,10022678.252111,0
beta_decouple,XRPUSDT,2026-06-24 21:00:00+00:00,2026-06-24 21:02:00+00:00,SHORT,1.0756,1.071,1.059466,1.091734,TIME,0.178605,0.245271,0.106667,0.0,10380697.607946,0
beta_decouple,ADAUSDT,2026-05-15 05:00:00+00:00,2026-05-15 05:02:00+00:00,LONG,0.2654,0.2679,0.269381,0.261419,TIME,0.520952,0.587618,0.106667,0.0,7.729332,0
beta_decouple,ADAUSDT,2026-05-15 12:00:00+00:00,2026-05-15 12:02:00+00:00,LONG,0.2651,0.2665,0.2690765,0.2611235,TIME,0.245203,0.311869,0.106667,0.0,8.108383,0
beta_decouple,ADAUSDT,2026-05-15 13:00:00+00:00,2026-05-15 13:01:00+00:00,LONG,0.2579,0.2617685,0.2617685,0.2540315,TP,0.892746,0.959412,0.106667,0.0,9.556127,0
beta_decouple,ADAUSDT,2026-05-15 22:00:00+00:00,2026-05-15 22:02:00+00:00,SHORT,0.2614,0.2607,0.257479,0.265321,TIME,0.071954,0.138621,0.106667,0.0,9.693648,0
beta_decouple,ADAUSDT,2026-05-16 00:00:00+00:00,2026-05-16 00:02:00+00:00,SHORT,0.2616,0.2611,0.257676,0.265524,TIME,0.020819,0.087485,0.106667,0.0,9.73401,0
beta_decouple,ADAUSDT,2026-05-16 01:00:00+00:00,2026-05-16 01:02:00+00:00,SHORT,0.2618,0.2615,0.257873,0.265727,TIME,-0.030239,0.036428,0.106667,0.0,9.675141,0
beta_decouple,ADAUSDT,2026-05-16 04:00:00+00:00,2026-05-16 04:02:00+00:00,LONG,0.2591,0.2609,0.2629865,0.2552135,TIME,0.356209,0.422876,0.106667,0.0,10.364416,0
beta_decouple,ADAUSDT,2026-05-16 05:00:00+00:00,2026-05-16 05:02:00+00:00,LONG,0.2586,0.2589,0.262479,0.254721,TIME,-0.029362,0.037305,0.106667,0.0,10.303553,0
beta_decouple,ADAUSDT,2026-05-16 06:00:00+00:00,2026-05-16 06:02:00+00:00,LONG,0.2562,0.2586,0.260043,0.252357,TIME,0.517483,0.58415,0.106667,0.0,11.369936,0
beta_decouple,ADAUSDT,2026-05-16 12:00:00+00:00,2026-05-16 12:02:00+00:00,SHORT,0.2544,0.2538,0.250584,0.258216,TIME,0.050648,0.117315,0.106667,0.0,11.485109,0
beta_decouple,ADAUSDT,2026-05-16 15:00:00+00:00,2026-05-16 15:02:00+00:00,SHORT,0.2555,0.2552,0.2516675,0.2593325,TIME,-0.028354,0.038313,0.106667,0.0,11.41998,0
beta_decouple,ADAUSDT,2026-05-16 17:00:00+00:00,2026-05-16 17:02:00+00:00,SHORT,0.2558,0.2556,0.251963,0.259637,TIME,-0.054523,0.012143,0.106667,0.0,11.295449,0
beta_decouple,ADAUSDT,2026-05-16 21:00:00+00:00,2026-05-16 21:02:00+00:00,SHORT,0.2555,0.2552,0.2516675,0.2593325,TIME,-0.028354,0.038313,0.106667,0.0,11.231395,0
beta_decouple,ADAUSDT,2026-05-17 01:00:00+00:00,2026-05-17 01:02:00+00:00,LONG,0.2526,0.2538,0.256389,0.248811,TIME,0.209862,0.276528,0.106667,0.0,11.702803,0
beta_decouple,ADAUSDT,2026-05-17 03:00:00+00:00,2026-05-17 03:02:00+00:00,SHORT,0.2542,0.2537,0.250387,0.258013,TIME,0.02453,0.091197,0.106667,0.0,11.760218,0
beta_decouple,ADAUSDT,2026-05-17 04:00:00+00:00,2026-05-17 04:02:00+00:00,SHORT,0.255,0.2544,0.251175,0.258825,TIME,0.050278,0.116945,0.106667,0.0,11.878474,0
beta_decouple,ADAUSDT,2026-05-17 09:00:00+00:00,2026-05-17 09:02:00+00:00,SHORT,0.2563,0.2555,0.2524555,0.2601445,TIME,0.101536,0.168202,0.106667,0.0,12.119692,0
beta_decouple,ADAUSDT,2026-05-17 10:00:00+00:00,2026-05-17 10:02:00+00:00,SHORT,0.257,0.2569,0.253145,0.260855,TIME,-0.080723,-0.014056,0.106667,0.0,11.924025,0
beta_decouple,ADAUSDT,2026-05-17 13:00:00+00:00,2026-05-17 13:02:00+00:00,LONG,0.2553,0.2555,0.2591295,0.2514705,TIME,-0.05446,0.012207,0.106667,0.0,11.794149,0
beta_decouple,ADAUSDT,2026-05-17 14:00:00+00:00,2026-05-17 14:02:00+00:00,LONG,0.255,0.255,0.258825,0.251175,TIME,-0.106655,-0.039988,0.106667,0.0,11.542569,0
beta_decouple,ADAUSDT,2026-05-17 16:00:00+00:00,2026-05-17 16:02:00+00:00,LONG,0.2543,0.2551,0.2581145,0.2504855,TIME,0.102946,0.169612,0.106667,0.0,11.78022,0
beta_decouple,ADAUSDT,2026-05-17 21:00:00+00:00,2026-05-17 21:02:00+00:00,SHORT,0.2552,0.2544,0.251372,0.259028,TIME,0.102433,0.1691,0.106667,0.0,12.021557,0
beta_decouple,ADAUSDT,2026-05-17 23:00:00+00:00,2026-05-17 23:02:00+00:00,LONG,0.252,0.2534,0.25578,0.24822,TIME,0.263494,0.33016,0.106667,0.0,12.655078,0
beta_decouple,ADAUSDT,2026-05-18 00:00:00+00:00,2026-05-18 00:02:00+00:00,LONG,0.2512,0.2513,0.254968,0.247432,TIME,-0.080131,-0.013465,0.106667,0.0,12.452264,0
beta_decouple,ADAUSDT,2026-05-18 11:00:00+00:00,2026-05-18 11:02:00+00:00,SHORT,0.2504,0.2482,0.246644,0.254156,TIME,0.479402,0.546069,0.106667,0.0,13.646193,0
beta_decouple,ADAUSDT,2026-05-18 12:00:00+00:00,2026-05-18 12:02:00+00:00,SHORT,0.2513,0.2508,0.2475305,0.2550695,TIME,0.026045,0.092711,0.106667,0.0,13.717275,0
beta_decouple,ADAUSDT,2026-05-18 19:00:00+00:00,2026-05-18 19:02:00+00:00,SHORT,0.2506,0.2501,0.246841,0.254359,TIME,0.026415,0.093082,0.106667,0.0,13.789744,0
beta_decouple,ADAUSDT,2026-05-18 21:00:00+00:00,2026-05-18 21:02:00+00:00,SHORT,0.2523,0.25,0.2485155,0.2560845,TIME,0.501428,0.568095,0.106667,0.0,15.172657,0
beta_decouple,ADAUSDT,2026-05-19 02:00:00+00:00,2026-05-19 02:02:00+00:00,LONG,0.2507,0.2513,0.2544605,0.2469395,TIME,0.052803,0.11947,0.106667,0.0,15.332889,0
beta_decouple,ADAUSDT,2026-05-19 08:00:00+00:00,2026-05-19 08:02:00+00:00,LONG,0.2513,0.252,0.2550695,0.2475305,TIME,0.078935,0.145602,0.106667,0.0,15.574949,0
beta_decouple,ADAUSDT,2026-05-19 09:00:00+00:00,2026-05-19 09:02:00+00:00,LONG,0.2503,0.2513,0.2540545,0.2465455,TIME,0.159533,0.226199,0.106667,0.0,16.071892,0
beta_decouple,ADAUSDT,2026-05-19 10:00:00+00:00,2026-05-19 10:02:00+00:00,LONG,0.2497,0.2503,0.2534455,0.2459545,TIME,0.053441,0.120108,0.106667,0.0,16.243673,0
beta_decouple,ADAUSDT,2026-05-19 11:00:00+00:00,2026-05-19 11:02:00+00:00,LONG,0.2484,0.2497,0.252126,0.244674,TIME,0.242036,0.308702,0.106667,0.0,17.029983,0
beta_decouple,ADAUSDT,2026-05-19 14:00:00+00:00,2026-05-19 14:02:00+00:00,LONG,0.2481,0.2494,0.2518215,0.2443785,TIME,0.242457,0.309124,0.106667,0.0,17.855792,0
beta_decouple,ADAUSDT,2026-05-20 03:00:00+00:00,2026-05-20 03:02:00+00:00,SHORT,0.248,0.2469,0.24428,0.25172,TIME,0.189198,0.255864,0.106667,0.0,18.531447,0
beta_decouple,ADAUSDT,2026-05-20 04:00:00+00:00,2026-05-20 04:02:00+00:00,SHORT,0.2484,0.2482,0.244674,0.252126,TIME,-0.05297,0.013697,0.106667,0.0,18.335126,0
beta_decouple,ADAUSDT,2026-05-20 05:00:00+00:00,2026-05-20 05:02:00+00:00,SHORT,0.25,0.2488,0.24625,0.25375,TIME,0.213513,0.28018,0.106667,0.0,19.118085,0
beta_decouple,ADAUSDT,2026-05-20 11:00:00+00:00,2026-05-20 11:02:00+00:00,LONG,0.2486,0.2498,0.252329,0.244871,TIME,0.214954,0.281621,0.106667,0.0,19.939988,0
beta_decouple,ADAUSDT,2026-05-20 13:00:00+00:00,2026-05-20 13:02:00+00:00,LONG,0.2483,0.2492,0.2520245,0.2445755,TIME,0.134844,0.20151,0.106667,0.0,20.477744,0
beta_decouple,ADAUSDT,2026-05-20 14:00:00+00:00,2026-05-20 14:02:00+00:00,SHORT,0.2503,0.2483,0.2465455,0.2540545,TIME,0.426335,0.493002,0.106667,0.0,22.22382,0
beta_decouple,ADAUSDT,2026-05-21 05:00:00+00:00,2026-05-21 05:02:00+00:00,LONG,0.2492,0.2512,0.252938,0.245462,TIME,0.42807,0.494737,0.106667,0.0,24.12649,0
beta_decouple,ADAUSDT,2026-05-21 06:00:00+00:00,2026-05-21 06:02:00+00:00,LONG,0.2478,0.2491,0.251517,0.244083,TIME,0.24288,0.309547,0.106667,0.0,25.298458,0
beta_decouple,ADAUSDT,2026-05-21 10:00:00+00:00,2026-05-21 10:02:00+00:00,LONG,0.2464,0.2489,0.250096,0.242704,TIME,0.569347,0.636013,0.106667,0.0,28.179176,0
beta_decouple,ADAUSDT,2026-05-21 15:00:00+00:00,2026-05-21 15:02:00+00:00,SHORT,0.2483,0.2471,0.2445755,0.2520245,TIME,0.215706,0.282372,0.106667,0.0,29.394857,0
beta_decouple,ADAUSDT,2026-05-21 17:00:00+00:00,2026-05-21 17:02:00+00:00,SHORT,0.2521,0.2486,0.2483185,0.2558815,TIME,0.819435,0.886102,0.106667,0.0,34.212295,0
beta_decouple,ADAUSDT,2026-05-21 22:00:00+00:00,2026-05-21 22:02:00+00:00,LONG,0.2507,0.2516,0.2544605,0.2469395,TIME,0.132532,0.199198,0.106667,0.0,35.119138,0
beta_decouple,ADAUSDT,2026-05-21 23:00:00+00:00,2026-05-21 23:02:00+00:00,LONG,0.2505,0.2505,0.2542575,0.2467425,TIME,-0.106655,-0.039988,0.106667,0.0,34.370014,0
beta_decouple,ADAUSDT,2026-05-22 00:00:00+00:00,2026-05-22 00:02:00+00:00,LONG,0.2492,0.2507,0.252938,0.245462,TIME,0.294389,0.361055,0.106667,0.0,36.393643,0
beta_decouple,ADAUSDT,2026-05-22 03:00:00+00:00,2026-05-22 03:02:00+00:00,SHORT,0.2514,0.2505,0.247629,0.255171,TIME,0.132128,0.198795,0.106667,0.0,37.355367,0
beta_decouple,ADAUSDT,2026-05-22 06:00:00+00:00,2026-05-22 06:02:00+00:00,LONG,0.2501,0.2519,0.2538515,0.2463485,TIME,0.372866,0.439532,0.106667,0.0,40.141073,0
beta_decouple,ADAUSDT,2026-05-22 12:00:00+00:00,2026-05-22 12:02:00+00:00,SHORT,0.254,0.2523,0.25019,0.25781,TIME,0.339783,0.40645,0.106667,0.0,42.868927,0
beta_decouple,ADAUSDT,2026-05-22 14:00:00+00:00,2026-05-22 14:02:00+00:00,LONG,0.2492,0.2515,0.252938,0.245462,TIME,0.508279,0.574945,0.106667,0.0,47.226798,0
beta_decouple,ADAUSDT,2026-05-22 18:00:00+00:00,2026-05-22 18:02:00+00:00,LONG,0.2455,0.2487,0.2491825,0.2418175,TIME,0.761799,0.828466,0.106667,0.0,54.422263,0
beta_decouple,ADAUSDT,2026-05-22 19:00:00+00:00,2026-05-22 19:02:00+00:00,LONG,0.2442,0.245,0.247863,0.240537,TIME,0.111615,0.178281,0.106667,0.0,55.637127,0
beta_decouple,ADAUSDT,2026-05-22 23:00:00+00:00,2026-05-22 23:02:00+00:00,LONG,0.2422,0.2454,0.245833,0.238567,TIME,0.773632,0.840298,0.106667,0.0,64.245656,0
beta_decouple,ADAUSDT,2026-05-23 07:00:00+00:00,2026-05-23 07:01:00+00:00,LONG,0.2378,0.241367,0.241367,0.234233,TP,0.892746,0.959412,0.106667,0.0,75.71666,0
beta_decouple,ADAUSDT,2026-05-23 13:00:00+00:00,2026-05-23 13:02:00+00:00,SHORT,0.2407,0.2383,0.2370895,0.2443105,TIME,0.558448,0.625115,0.106667,0.0,84.173426,0
beta_decouple,ADAUSDT,2026-05-23 14:00:00+00:00,2026-05-23 14:02:00+00:00,SHORT,0.2425,0.2405,0.2388625,0.2461375,TIME,0.44348,0.510146,0.106667,0.0,91.639264,0
beta_decouple,ADAUSDT,2026-05-23 18:00:00+00:00,2026-05-23 18:02:00+00:00,SHORT,0.244,0.2423,0.24034,0.24766,TIME,0.358081,0.424748,0.106667,0.0,98.20212,0
beta_decouple,ADAUSDT,2026-05-23 20:00:00+00:00,2026-05-23 20:01:00+00:00,SHORT,0.2498,0.246053,0.246053,0.253547,TP,0.893922,0.960588,0.106667,0.0,115.759117,0
beta_decouple,ADAUSDT,2026-05-24 03:00:00+00:00,2026-05-24 03:02:00+00:00,LONG,0.2452,0.2454,0.248878,0.241522,TIME,-0.05231,0.014357,0.106667,0.0,114.548047,0
beta_decouple,ADAUSDT,2026-05-24 07:00:00+00:00,2026-05-24 07:02:00+00:00,LONG,0.2452,0.2459,0.248878,0.241522,TIME,0.083552,0.150219,0.106667,0.0,116.462191,0
beta_decouple,ADAUSDT,2026-05-24 10:00:00+00:00,2026-05-24 10:02:00+00:00,LONG,0.245,0.2454,0.248675,0.241325,TIME,0.002124,0.06879,0.106667,0.0,116.511654,0
beta_decouple,ADAUSDT,2026-05-24 12:00:00+00:00,2026-05-24 12:02:00+00:00,LONG,0.2448,0.2453,0.248472,0.241128,TIME,0.029429,0.096096,0.106667,0.0,117.197424,0
beta_decouple,ADAUSDT,2026-05-24 13:00:00+00:00,2026-05-24 13:02:00+00:00,LONG,0.2437,0.2449,0.2473555,0.2400445,TIME,0.221421,0.288088,0.106667,0.0,122.387416,0
beta_decouple,ADAUSDT,2026-05-24 14:00:00+00:00,2026-05-24 14:02:00+00:00,LONG,0.2427,0.2434,0.2463405,0.2390595,TIME,0.085511,0.152178,0.106667,0.0,124.480516,0
beta_decouple,ADAUSDT,2026-05-24 21:00:00+00:00,2026-05-24 21:02:00+00:00,LONG,0.2391,0.2419,0.2426865,0.2355135,TIME,0.673582,0.740249,0.106667,0.0,141.250095,0
beta_decouple,ADAUSDT,2026-05-25 04:00:00+00:00,2026-05-25 04:02:00+00:00,SHORT,0.2426,0.241,0.238961,0.246239,TIME,0.333266,0.399933,0.106667,0.0,150.664879,0
beta_decouple,ADAUSDT,2026-05-25 05:00:00+00:00,2026-05-25 05:02:00+00:00,SHORT,0.2431,0.2426,0.2394535,0.2467465,TIME,0.030521,0.097188,0.106667,0.0,151.58458,0
beta_decouple,ADAUSDT,2026-05-25 06:00:00+00:00,2026-05-25 06:02:00+00:00,SHORT,0.2438,0.2431,0.240143,0.247457,TIME,0.08485,0.151517,0.106667,0.0,154.156968,0
beta_decouple,ADAUSDT,2026-05-25 16:00:00+00:00,2026-05-25 16:02:00+00:00,SHORT,0.2473,0.2458,0.2435905,0.2510095,TIME,0.297931,0.364598,0.106667,0.0,163.342602,0
beta_decouple,ADAUSDT,2026-05-25 19:00:00+00:00,2026-05-25 19:02:00+00:00,LONG,0.2454,0.246,0.249081,0.241719,TIME,0.056247,0.122913,0.106667,0.0,165.1801,0
beta_decouple,ADAUSDT,2026-05-25 20:00:00+00:00,2026-05-25 20:02:00+00:00,LONG,0.2444,0.2455,0.248066,0.240734,TIME,0.19322,0.259887,0.106667,0.0,171.563316,0
beta_decouple,ADAUSDT,2026-05-25 22:00:00+00:00,2026-05-25 22:02:00+00:00,LONG,0.2425,0.2441,0.2461375,0.2388625,TIME,0.332944,0.399611,0.106667,0.0,182.987513,0
beta_decouple,ADAUSDT,2026-05-26 00:00:00+00:00,2026-05-26 00:02:00+00:00,LONG,0.2419,0.2433,0.2455285,0.2382715,TIME,0.278948,0.345615,0.106667,0.0,193.196323,0
beta_decouple,ADAUSDT,2026-05-26 01:00:00+00:00,2026-05-26 01:02:00+00:00,LONG,0.2407,0.2413,0.2443105,0.2370895,TIME,0.059428,0.126094,0.106667,0.0,195.492562,0
beta_decouple,ADAUSDT,2026-05-26 05:00:00+00:00,2026-05-26 05:02:00+00:00,SHORT,0.242,0.241,0.23837,0.24563,TIME,0.168969,0.235635,0.106667,0.0,202.09899,0
beta_decouple,ADAUSDT,2026-05-26 10:00:00+00:00,2026-05-26 10:02:00+00:00,SHORT,0.2448,0.2418,0.241128,0.248472,TIME,0.710805,0.777472,0.106667,0.0,230.82959,0
beta_decouple,ADAUSDT,2026-05-26 15:00:00+00:00,2026-05-26 15:02:00+00:00,LONG,0.2424,0.2434,0.246036,0.238764,TIME,0.168208,0.234875,0.106667,0.0,238.59506,0
beta_decouple,ADAUSDT,2026-05-26 16:00:00+00:00,2026-05-26 16:02:00+00:00,LONG,0.2411,0.2425,0.2447165,0.2374835,TIME,0.280228,0.346894,0.106667,0.0,251.967251,0
beta_decouple,ADAUSDT,2026-05-26 17:00:00+00:00,2026-05-26 17:02:00+00:00,LONG,0.2396,0.2413,0.243194,0.236006,TIME,0.366072,0.432739,0.106667,0.0,270.414891,0
beta_decouple,ADAUSDT,2026-05-27 00:00:00+00:00,2026-05-27 00:02:00+00:00,SHORT,0.2416,0.2406,0.237976,0.245224,TIME,0.169425,0.236092,0.106667,0.0,279.577907,0
beta_decouple,ADAUSDT,2026-05-27 12:00:00+00:00,2026-05-27 12:02:00+00:00,SHORT,0.2401,0.239,0.2364985,0.2437015,TIME,0.198933,0.2656,0.106667,0.0,290.701358,0
beta_decouple,ADAUSDT,2026-05-27 15:00:00+00:00,2026-05-27 15:02:00+00:00,SHORT,0.2412,0.24,0.237582,0.244818,TIME,0.225195,0.291862,0.106667,0.0,303.794277,0
beta_decouple,ADAUSDT,2026-05-27 21:00:00+00:00,2026-05-27 21:02:00+00:00,LONG,0.2374,0.2401,0.240961,0.233839,TIME,0.651105,0.717771,0.106667,0.0,343.354642,0
beta_decouple,ADAUSDT,2026-05-27 22:00:00+00:00,2026-05-27 22:02:00+00:00,LONG,0.2365,0.2375,0.2400475,0.2329525,TIME,0.175065,0.241732,0.106667,0.0,355.376512,0
beta_decouple,ADAUSDT,2026-05-28 03:00:00+00:00,2026-05-28 03:01:00+00:00,LONG,0.232,0.23548,0.23548,0.22852,TP,0.892746,0.959412,0.106667,0.0,418.828669,0
beta_decouple,ADAUSDT,2026-05-28 04:00:00+00:00,2026-05-28 04:02:00+00:00,LONG,0.2309,0.2292,0.2343635,0.2274365,TIME,-0.597193,-0.530527,0.106667,0.0,368.80434,0
beta_decouple,ADAUSDT,2026-05-28 09:00:00+00:00,2026-05-28 09:02:00+00:00,SHORT,0.2313,0.2306,0.2278305,0.2347695,TIME,0.095201,0.161867,0.106667,0.0,375.826418,0
beta_decouple,ADAUSDT,2026-05-28 12:00:00+00:00,2026-05-28 12:02:00+00:00,SHORT,0.2315,0.2299,0.2280275,0.2349725,TIME,0.354361,0.421028,0.106667,0.0,402.462064,0
beta_decouple,ADAUSDT,2026-05-28 14:00:00+00:00,2026-05-28 14:02:00+00:00,SHORT,0.2321,0.2301,0.2286185,0.2355815,TIME,0.468131,0.534798,0.106667,0.0,440.143069,0
beta_decouple,ADAUSDT,2026-05-28 15:00:00+00:00,2026-05-28 15:02:00+00:00,SHORT,0.233,0.232,0.229505,0.236495,TIME,0.179616,0.246283,0.106667,0.0,455.954425,0
beta_decouple,ADAUSDT,2026-05-28 16:00:00+00:00,2026-05-28 16:02:00+00:00,SHORT,0.2344,0.2323,0.230884,0.237916,TIME,0.490949,0.557616,0.106667,0.0,500.724537,0
beta_decouple,ADAUSDT,2026-05-28 17:00:00+00:00,2026-05-28 17:02:00+00:00,SHORT,0.2351,0.2338,0.2315735,0.2386265,TIME,0.26218,0.328847,0.106667,0.0,526.980533,0
beta_decouple,ADAUSDT,2026-05-29 02:00:00+00:00,2026-05-29 02:02:00+00:00,LONG,0.233,0.2349,0.236495,0.229505,TIME,0.436653,0.50332,0.106667,0.0,573.00206,0
beta_decouple,ADAUSDT,2026-05-29 10:00:00+00:00,2026-05-29 10:02:00+00:00,LONG,0.2345,0.2349,0.2380175,0.2309825,TIME,0.006994,0.073661,0.106667,0.0,573.803604,0
beta_decouple,ADAUSDT,2026-05-29 11:00:00+00:00,2026-05-29 11:02:00+00:00,LONG,0.2333,0.2343,0.2367995,0.2298005,TIME,0.178929,0.245596,0.106667,0.0,594.337629,0
beta_decouple,ADAUSDT,2026-05-29 12:00:00+00:00,2026-05-29 12:02:00+00:00,LONG,0.2323,0.233,0.2357845,0.2288155,TIME,0.094114,0.160781,0.106667,0.0,605.524785,0
beta_decouple,ADAUSDT,2026-05-29 15:00:00+00:00,2026-05-29 15:02:00+00:00,SHORT,0.2356,0.2325,0.232066,0.239134,TIME,0.771041,0.837707,0.106667,0.0,698.901646,0
beta_decouple,ADAUSDT,2026-05-30 00:00:00+00:00,2026-05-30 00:02:00+00:00,SHORT,0.2349,0.2326,0.2313765,0.2384235,TIME,0.546473,0.61314,0.106667,0.0,775.287842,0
beta_decouple,ADAUSDT,2026-05-30 01:00:00+00:00,2026-05-30 01:02:00+00:00,SHORT,0.2375,0.2347,0.2339375,0.2410625,TIME,0.679758,0.746425,0.106667,0.0,880.689459,0
beta_decouple,ADAUSDT,2026-05-30 02:00:00+00:00,2026-05-30 02:02:00+00:00,SHORT,0.2384,0.238,0.234824,0.241976,TIME,0.005245,0.071912,0.106667,0.0,881.613352,0
beta_decouple,ADAUSDT,2026-05-30 08:00:00+00:00,2026-05-30 08:02:00+00:00,LONG,0.2341,0.2353,0.2376115,0.2305885,TIME,0.234875,0.301541,0.106667,0.0,923.027078,0
beta_decouple,ADAUSDT,2026-05-30 14:00:00+00:00,2026-05-30 14:02:00+00:00,SHORT,0.236,0.2359,0.23246,0.23954,TIME,-0.078413,-0.011746,0.106667,0.0,908.55159,0
beta_decouple,ADAUSDT,2026-05-30 15:00:00+00:00,2026-05-30 15:02:00+00:00,SHORT,0.2363,0.236,0.2327555,0.2398445,TIME,-0.02199,0.044677,0.106667,0.0,904.555835,0
beta_decouple,ADAUSDT,2026-05-30 16:00:00+00:00,2026-05-30 16:02:00+00:00,SHORT,0.2367,0.2359,0.2331495,0.2402505,TIME,0.118777,0.185444,0.106667,0.0,926.043909,0
beta_decouple,ADAUSDT,2026-05-30 18:00:00+00:00,2026-05-30 18:02:00+00:00,SHORT,0.2375,0.2371,0.2339375,0.2410625,TIME,0.005669,0.072336,0.106667,0.0,927.093936,0
beta_decouple,ADAUSDT,2026-05-30 22:00:00+00:00,2026-05-30 22:02:00+00:00,LONG,0.2359,0.2365,0.2394385,0.2323615,TIME,0.062807,0.129474,0.106667,0.0,938.739533,0
beta_decouple,ADAUSDT,2026-05-30 23:00:00+00:00,2026-05-30 23:02:00+00:00,LONG,0.2358,0.2361,0.239337,0.232263,TIME,-0.021888,0.044779,0.106667,0.0,934.630125,0
beta_decouple,ADAUSDT,2026-05-31 03:00:00+00:00,2026-05-31 03:02:00+00:00,SHORT,0.2378,0.2376,0.234233,0.241367,TIME,-0.050575,0.016091,0.106667,0.0,925.176249,0
beta_decouple,ADAUSDT,2026-05-31 04:00:00+00:00,2026-05-31 04:02:00+00:00,SHORT,0.2385,0.238,0.2349225,0.2420775,TIME,0.033168,0.099834,0.106667,0.0,931.313427,0
beta_decouple,ADAUSDT,2026-05-31 07:00:00+00:00,2026-05-31 07:02:00+00:00,LONG,0.2365,0.2373,0.2400475,0.2329525,TIME,0.118721,0.185388,0.106667,0.0,953.426717,0
beta_decouple,ADAUSDT,2026-05-31 12:00:00+00:00,2026-05-31 12:02:00+00:00,SHORT,0.2376,0.2364,0.234036,0.241164,TIME,0.230224,0.29689,0.106667,0.0,997.327012,0
beta_decouple,ADAUSDT,2026-05-31 13:00:00+00:00,2026-05-31 13:02:00+00:00,LONG,0.2367,0.2374,0.2402505,0.2331495,TIME,0.090382,0.157049,0.106667,0.0,1015.355174,0
beta_decouple,ADAUSDT,2026-05-31 14:00:00+00:00,2026-05-31 14:02:00+00:00,LONG,0.2339,0.2361,0.2374085,0.2303915,TIME,0.520018,0.586684,0.106667,0.0,1120.955728,0
beta_decouple,ADAUSDT,2026-05-31 15:00:00+00:00,2026-05-31 15:02:00+00:00,LONG,0.2337,0.2339,0.2372055,0.2301945,TIME,-0.049636,0.017031,0.106667,0.0,1109.827846,0
beta_decouple,ADAUSDT,2026-05-31 20:00:00+00:00,2026-05-31 20:02:00+00:00,SHORT,0.2337,0.2332,0.2301945,0.2372055,TIME,0.03604,0.102707,0.106667,0.0,1117.827472,0
beta_decouple,ADAUSDT,2026-05-31 21:00:00+00:00,2026-05-31 21:02:00+00:00,SHORT,0.2349,0.2335,0.2313765,0.2384235,TIME,0.290892,0.357559,0.106667,0.0,1182.860886,0
beta_decouple,ADAUSDT,2026-05-31 22:00:00+00:00,2026-05-31 22:02:00+00:00,SHORT,0.2357,0.2349,0.2321645,0.2392355,TIME,0.119733,0.1864,0.106667,0.0,1211.186495,0
beta_decouple,ADAUSDT,2026-06-01 01:00:00+00:00,2026-06-01 01:01:00+00:00,LONG,0.2331,0.2365965,0.2365965,0.2296035,TP,0.892746,0.959412,0.106667,0.0,1427.442756,0
beta_decouple,ADAUSDT,2026-06-01 07:00:00+00:00,2026-06-01 07:02:00+00:00,LONG,0.2309,0.2324,0.2343635,0.2274365,TIME,0.326173,0.39284,0.106667,0.0,1520.561548,0
beta_decouple,ADAUSDT,2026-06-01 13:00:00+00:00,2026-06-01 13:02:00+00:00,LONG,0.2286,0.2302,0.232029,0.225171,TIME,0.359674,0.42634,0.106667,0.0,1629.942774,0
beta_decouple,ADAUSDT,2026-06-01 14:00:00+00:00,2026-06-01 14:02:00+00:00,LONG,0.2274,0.2292,0.230811,0.223989,TIME,0.420733,0.4874,0.106667,0.0,1767.097011,0
beta_decouple,ADAUSDT,2026-06-01 16:00:00+00:00,2026-06-01 16:02:00+00:00,SHORT,0.2302,0.2271,0.226747,0.233653,TIME,0.79163,0.858297,0.106667,0.0,2046.874486,0
beta_decouple,ADAUSDT,2026-06-01 17:00:00+00:00,2026-06-01 17:02:00+00:00,SHORT,0.2309,0.2304,0.2274365,0.2343635,TIME,0.037771,0.104437,0.106667,0.0,2062.336826,0
beta_decouple,ADAUSDT,2026-06-02 01:00:00+00:00,2026-06-02 01:02:00+00:00,LONG,0.2272,0.2298,0.230608,0.223792,TIME,0.655799,0.722465,0.106667,0.0,2332.832313,0
beta_decouple,ADAUSDT,2026-06-02 05:00:00+00:00,2026-06-02 05:02:00+00:00,LONG,0.2243,0.2253,0.2276645,0.2209355,TIME,0.190388,0.257055,0.106667,0.0,2421.660985,0
beta_decouple,ADAUSDT,2026-06-02 10:00:00+00:00,2026-06-02 10:02:00+00:00,SHORT,0.2242,0.2228,0.220837,0.227563,TIME,0.309866,0.376533,0.106667,0.0,2571.739141,0
beta_decouple,ADAUSDT,2026-06-02 14:00:00+00:00,2026-06-02 14:02:00+00:00,LONG,0.2193,0.2225895,0.2225895,0.2160105,TP,0.892746,0.959412,0.106667,0.0,3030.920856,0
beta_decouple,ADAUSDT,2026-06-02 15:00:00+00:00,2026-06-02 15:01:00+00:00,LONG,0.2153,0.2185295,0.2185295,0.2120705,TP,0.892746,0.959412,0.106667,0.0,3572.089052,0
beta_decouple,ADAUSDT,2026-06-02 21:00:00+00:00,2026-06-02 21:02:00+00:00,SHORT,0.2167,0.2165,0.2134495,0.2199505,TIME,-0.045113,0.021554,0.106667,0.0,3539.859703,0
beta_decouple,ADAUSDT,2026-06-02 22:00:00+00:00,2026-06-02 22:01:00+00:00,LONG,0.2122,0.215383,0.215383,0.209017,TP,0.892746,0.959412,0.106667,0.0,4171.898474,0
beta_decouple,ADAUSDT,2026-06-05 00:00:00+00:00,2026-06-05 00:02:00+00:00,LONG,0.1746,0.1794,0.18523542,0.16396458,TIME,0.424788,0.441204,0.026267,0.0,4526.332556,0
beta_decouple,ADAUSDT,2026-06-05 01:00:00+00:00,2026-06-05 01:02:00+00:00,LONG,0.1722,0.1732,0.18287708,0.16152292,TIME,0.0678,0.083928,0.025805,0.0,4587.710043,0
beta_decouple,ADAUSDT,2026-06-05 09:00:00+00:00,2026-06-05 09:02:00+00:00,SHORT,0.1639,0.1617,0.15619375,0.17160625,TIME,0.251621,0.272889,0.03403,0.0,4818.58247,0
beta_decouple,ADAUSDT,2026-06-05 10:00:00+00:00,2026-06-05 10:02:00+00:00,SHORT,0.1637,0.1641,0.15655938,0.17084063,TIME,-0.092736,-0.06981,0.03668,0.0,4729.211723,0
beta_decouple,ADAUSDT,2026-06-05 14:00:00+00:00,2026-06-05 14:02:00+00:00,SHORT,0.1604,0.1593,0.15479062,0.16600937,TIME,0.150461,0.179056,0.045752,0.0,4871.523964,0
beta_decouple,ADAUSDT,2026-06-05 16:00:00+00:00,2026-06-05 16:01:00+00:00,SHORT,0.1627,0.15883125,0.15883125,0.16656875,TP,0.933305,0.97536,0.067288,0.0,5780.84723,0
beta_decouple,ADAUSDT,2026-06-05 17:00:00+00:00,2026-06-05 17:02:00+00:00,SHORT,0.1609,0.1623,0.15715729,0.16464271,TIME,-0.443077,-0.400087,0.068784,0.0,5268.574757,0
beta_decouple,ADAUSDT,2026-06-05 19:00:00+00:00,2026-06-05 19:01:00+00:00,SHORT,0.1606,0.15793646,0.15793646,0.16326354,TP,0.904116,0.964412,0.096473,0.0,6221.255587,0
beta_decouple,ADAUSDT,2026-06-05 20:00:00+00:00,2026-06-05 20:02:00+00:00,SHORT,0.1623,0.1598655,0.1598655,0.1647345,TP,0.893922,0.960588,0.106667,0.0,7333.518425,0
beta_decouple,ADAUSDT,2026-06-05 21:00:00+00:00,2026-06-05 21:02:00+00:00,SHORT,0.1623,0.1623,0.1598655,0.1647345,TIME,-0.106679,-0.040012,0.106667,0.0,7177.052426,0
beta_decouple,ADAUSDT,2026-06-06 00:00:00+00:00,2026-06-06 00:01:00+00:00,SHORT,0.1613,0.1588805,0.1588805,0.1637195,TP,0.893922,0.960588,0.106667,0.0,8460.196734,0
beta_decouple,ADAUSDT,2026-06-06 04:00:00+00:00,2026-06-06 04:01:00+00:00,LONG,0.1498,0.15237292,0.15237292,0.14722708,TP,0.906256,0.964478,0.093155,0.0,9993.616998,0
beta_decouple,ADAUSDT,2026-06-06 07:00:00+00:00,2026-06-06 07:01:00+00:00,SHORT,0.1574,0.155039,0.155039,0.159761,TP,0.893922,0.960588,0.106667,0.0,11780.318837,0
beta_decouple,ADAUSDT,2026-06-06 08:00:00+00:00,2026-06-06 08:01:00+00:00,SHORT,0.1594,0.157009,0.157009,0.161791,TP,0.893922,0.960588,0.106667,0.0,13886.454917,0
beta_decouple,ADAUSDT,2026-06-06 14:00:00+00:00,2026-06-06 14:02:00+00:00,SHORT,0.1599,0.1597,0.1575015,0.1622985,TIME,-0.023243,0.043423,0.106667,0.0,13821.901857,0
beta_decouple,ADAUSDT,2026-06-06 22:00:00+00:00,2026-06-06 22:02:00+00:00,LONG,0.1558,0.157,0.158137,0.153463,TIME,0.406516,0.473183,0.106667,0.0,14945.667133,0
beta_decouple,ADAUSDT,2026-06-06 23:00:00+00:00,2026-06-06 23:02:00+00:00,SHORT,0.1572,0.1561,0.154842,0.159558,TIME,0.360098,0.426765,0.106667,0.0,16022.049128,0
beta_decouple,ADAUSDT,2026-06-07 01:00:00+00:00,2026-06-07 01:01:00+00:00,SHORT,0.1608,0.158388,0.158388,0.163212,TP,0.893922,0.960588,0.106667,0.0,18886.539998,0
beta_decouple,ADAUSDT,2026-06-07 06:00:00+00:00,2026-06-07 06:02:00+00:00,LONG,0.1611,0.1606,0.1635165,0.1586835,TIME,-0.313441,-0.246775,0.106667,0.0,17702.575357,0
beta_decouple,ADAUSDT,2026-06-07 08:00:00+00:00,2026-06-07 08:01:00+00:00,SHORT,0.1648,0.162328,0.162328,0.167272,TP,0.893922,0.960588,0.106667,0.0,20867.517934,0
beta_decouple,ADAUSDT,2026-06-07 12:00:00+00:00,2026-06-07 12:01:00+00:00,LONG,0.1614,0.163821,0.163821,0.158979,TP,0.892746,0.959412,0.106667,0.0,24593.394521,0
beta_decouple,ADAUSDT,2026-06-07 18:00:00+00:00,2026-06-07 18:02:00+00:00,LONG,0.1618,0.163,0.164227,0.159373,TIME,0.387486,0.454153,0.106667,0.0,26499.315375,0
beta_decouple,ADAUSDT,2026-06-07 19:00:00+00:00,2026-06-07 19:01:00+00:00,LONG,0.1584,0.160776,0.160776,0.156024,TP,0.892746,0.959412,0.106667,0.0,31230.744337,0
beta_decouple,ADAUSDT,2026-06-08 04:00:00+00:00,2026-06-08 04:01:00+00:00,LONG,0.1613,0.1637195,0.1637195,0.1588805,TP,0.892746,0.959412,0.106667,0.0,36806.965692,0
beta_decouple,ADAUSDT,2026-06-08 05:00:00+00:00,2026-06-08 05:02:00+00:00,LONG,0.1607,0.1618,0.1631105,0.1582895,TIME,0.349408,0.416075,0.106667,0.0,39379.0988,0
beta_decouple,ADAUSDT,2026-06-08 09:00:00+00:00,2026-06-08 09:02:00+00:00,SHORT,0.1651,0.1636,0.1626235,0.1675765,TIME,0.499378,0.566045,0.106667,0.0,43312.112865,0
beta_decouple,ADAUSDT,2026-06-08 11:00:00+00:00,2026-06-08 11:01:00+00:00,SHORT,0.1675,0.1649875,0.1649875,0.1700125,TP,0.893922,0.960588,0.106667,0.0,51055.63873,0
beta_decouple,ADAUSDT,2026-06-08 23:00:00+00:00,2026-06-08 23:02:00+00:00,LONG,0.1702,0.1721,0.172753,0.167647,TIME,0.637121,0.703788,0.106667,0.0,57561.366874,0
beta_decouple,ADAUSDT,2026-06-09 00:00:00+00:00,2026-06-09 00:01:00+00:00,LONG,0.1668,0.169302,0.169302,0.164298,TP,0.892746,0.959412,0.106667,0.0,67838.897235,0
beta_decouple,ADAUSDT,2026-06-09 01:00:00+00:00,2026-06-09 01:02:00+00:00,LONG,0.1667,0.1669,0.1692005,0.1641995,TIME,-0.026719,0.039948,0.106667,0.0,67476.384579,0
beta_decouple,ADAUSDT,2026-06-09 05:00:00+00:00,2026-06-09 05:02:00+00:00,SHORT,0.1698,0.1678,0.167253,0.172347,TIME,0.67903,0.745697,0.106667,0.0,76640.08446,0
beta_decouple,ADAUSDT,2026-06-09 09:00:00+00:00,2026-06-09 09:02:00+00:00,LONG,0.1676,0.1687,0.170114,0.165086,TIME,0.330633,0.397299,0.106667,0.0,81708.026541,0
beta_decouple,ADAUSDT,2026-06-09 14:00:00+00:00,2026-06-09 14:01:00+00:00,LONG,0.1663,0.1687945,0.1687945,0.1638055,TP,0.892746,0.959412,0.106667,0.0,96296.921301,0
beta_decouple,ADAUSDT,2026-06-09 15:00:00+00:00,2026-06-09 15:01:00+00:00,LONG,0.163,0.165445,0.165445,0.160555,TP,0.892746,0.959412,0.106667,0.0,113490.650118,0
beta_decouple,ADAUSDT,2026-06-09 16:00:00+00:00,2026-06-09 16:02:00+00:00,LONG,0.162,0.1629,0.16443,0.15957,TIME,0.263494,0.33016,0.106667,0.0,119471.460852,0
beta_decouple,ADAUSDT,2026-06-09 19:00:00+00:00,2026-06-09 19:02:00+00:00,SHORT,0.1683,0.1669,0.1657755,0.1708245,TIME,0.448219,0.514886,0.106667,0.0,130181.34685,0
beta_decouple,ADAUSDT,2026-06-10 02:00:00+00:00,2026-06-10 02:01:00+00:00,LONG,0.1618,0.164227,0.164227,0.159373,TP,0.892746,0.959412,0.106667,0.0,153425.109419,0
beta_decouple,ADAUSDT,2026-06-10 07:00:00+00:00,2026-06-10 07:02:00+00:00,SHORT,0.1612,0.1606,0.158782,0.163618,TIME,0.141609,0.208276,0.106667,0.0,157770.391298,0
beta_decouple,ADAUSDT,2026-06-10 12:00:00+00:00,2026-06-10 12:01:00+00:00,SHORT,0.1619,0.1594715,0.1594715,0.1643285,TP,0.893922,0.960588,0.106667,0.0,185977.260576,0
beta_decouple,ADAUSDT,2026-06-10 13:00:00+00:00,2026-06-10 13:01:00+00:00,SHORT,0.1647,0.1622295,0.1622295,0.1671705,TP,0.893922,0.960588,0.106667,0.0,219227.075288,0
beta_decouple,ADAUSDT,2026-06-11 00:00:00+00:00,2026-06-11 00:02:00+00:00,SHORT,0.1612,0.1611,0.158782,0.163618,TIME,-0.065297,0.001369,0.106667,0.0,216364.085614,0
beta_decouple,ADAUSDT,2026-06-11 01:00:00+00:00,2026-06-11 01:02:00+00:00,SHORT,0.1633,0.1615,0.1608505,0.1657495,TIME,0.628606,0.695273,0.106667,0.0,243565.647356,0
beta_decouple,ADAUSDT,2026-06-11 03:00:00+00:00,2026-06-11 03:01:00+00:00,SHORT,0.1665,0.1640025,0.1640025,0.1689975,TP,0.893922,0.960588,0.106667,0.0,287111.3616,0
beta_decouple,ADAUSDT,2026-06-11 12:00:00+00:00,2026-06-11 12:02:00+00:00,LONG,0.1656,0.1668,0.168084,0.163116,TIME,0.376147,0.442814,0.106667,0.0,308710.597108,0
beta_decouple,ADAUSDT,2026-06-11 16:00:00+00:00,2026-06-11 16:02:00+00:00,LONG,0.1649,0.166,0.1673735,0.1624265,TIME,0.337793,0.404459,0.106667,0.0,329566.625035,0
beta_decouple,ADAUSDT,2026-06-11 17:00:00+00:00,2026-06-11 17:01:00+00:00,SHORT,0.1705,0.1679425,0.1679425,0.1730575,TP,0.893922,0.960588,0.106667,0.0,388487.964041,0
beta_decouple,ADAUSDT,2026-06-12 01:00:00+00:00,2026-06-12 01:02:00+00:00,LONG,0.1695,0.1692,0.1720425,0.1669575,TIME,-0.224578,-0.157911,0.106667,0.0,371038.794406,0
beta_decouple,ADAUSDT,2026-06-12 05:00:00+00:00,2026-06-12 05:02:00+00:00,LONG,0.17,0.1717,0.17255,0.16745,TIME,0.559612,0.626279,0.106667,0.0,412566.355404,0
beta_decouple,ADAUSDT,2026-06-12 06:00:00+00:00,2026-06-12 06:02:00+00:00,LONG,0.1681,0.1704,0.1706215,0.1655785,TIME,0.804954,0.87162,0.106667,0.0,478985.715257,0
beta_decouple,ADAUSDT,2026-06-12 13:00:00+00:00,2026-06-12 13:01:00+00:00,LONG,0.1682,0.170723,0.170723,0.165677,TP,0.892746,0.959412,0.106667,0.0,564508.184556,0
beta_decouple,ADAUSDT,2026-06-13 01:00:00+00:00,2026-06-13 01:01:00+00:00,SHORT,0.1726,0.170011,0.170011,0.175189,TP,0.893922,0.960588,0.106667,0.0,665433.386281,0
beta_decouple,ADAUSDT,2026-06-13 07:00:00+00:00,2026-06-13 07:02:00+00:00,SHORT,0.173,0.1716,0.170405,0.175595,TIME,0.433144,0.499811,0.106667,0.0,723079.103695,0
beta_decouple,ADAUSDT,2026-06-13 16:00:00+00:00,2026-06-13 16:02:00+00:00,LONG,0.1732,0.1746,0.175798,0.170602,TIME,0.431898,0.498565,0.106667,0.0,785538.410518,0
beta_decouple,ADAUSDT,2026-06-13 17:00:00+00:00,2026-06-13 17:02:00+00:00,LONG,0.1721,0.1729,0.1746815,0.1695185,TIME,0.203057,0.269723,0.106667,0.0,817440.192695,0
beta_decouple,ADAUSDT,2026-06-13 22:00:00+00:00,2026-06-13 22:02:00+00:00,LONG,0.1714,0.1723,0.173971,0.168829,TIME,0.243194,0.30986,0.106667,0.0,857199.45382,0
beta_decouple,ADAUSDT,2026-06-14 06:00:00+00:00,2026-06-14 06:02:00+00:00,LONG,0.1713,0.1722,0.1738695,0.1687305,TIME,0.243398,0.310065,0.106667,0.0,898927.568723,0
beta_decouple,ADAUSDT,2026-06-14 10:00:00+00:00,2026-06-14 10:02:00+00:00,LONG,0.1697,0.1709,0.1722455,0.1671545,TIME,0.364483,0.431149,0.106667,0.0,964456.281013,0
beta_decouple,ADAUSDT,2026-06-14 12:00:00+00:00,2026-06-14 12:02:00+00:00,LONG,0.1681,0.1696,0.1706215,0.1655785,TIME,0.487873,0.554539,0.106667,0.0,1058562.621177,0
beta_decouple,ADAUSDT,2026-06-14 13:00:00+00:00,2026-06-14 13:02:00+00:00,LONG,0.1675,0.168,0.1700125,0.1649875,TIME,0.092231,0.158898,0.106667,0.0,1078089.065807,0
beta_decouple,ADAUSDT,2026-06-14 20:00:00+00:00,2026-06-14 20:02:00+00:00,SHORT,0.1668,0.1659,0.164298,0.169302,TIME,0.253249,0.319916,0.106667,0.0,1132694.158843,0
beta_decouple,ADAUSDT,2026-06-14 21:00:00+00:00,2026-06-14 21:01:00+00:00,SHORT,0.1739,0.1712915,0.1712915,0.1765085,TP,0.893922,0.960588,0.106667,0.0,1335202.093362,0
beta_decouple,ADAUSDT,2026-06-14 22:00:00+00:00,2026-06-14 22:02:00+00:00,SHORT,0.175,0.1745,0.172375,0.177625,TIME,0.083912,0.150579,0.106667,0.0,1357609.946306,0
beta_decouple,ADAUSDT,2026-06-14 23:00:00+00:00,2026-06-14 23:01:00+00:00,SHORT,0.1829,0.17976667,0.17976667,0.18603333,TP,0.907194,0.965566,0.093396,0.0,1603933.045522,0
beta_decouple,ADAUSDT,2026-06-15 07:00:00+00:00,2026-06-15 07:02:00+00:00,LONG,0.18,0.1807,0.1827,0.1773,TIME,0.152449,0.219116,0.106667,0.0,1652836.668985,0
beta_decouple,ADAUSDT,2026-06-15 11:00:00+00:00,2026-06-15 11:01:00+00:00,SHORT,0.185,0.182225,0.182225,0.187775,TP,0.893922,0.960588,0.106667,0.0,1948337.919099,0
beta_decouple,ADAUSDT,2026-06-15 12:00:00+00:00,2026-06-15 12:02:00+00:00,SHORT,0.187,0.1847,0.184195,0.189805,TIME,0.713778,0.780444,0.106667,0.0,2226473.991896,0
beta_decouple,ADAUSDT,2026-06-15 13:00:00+00:00,2026-06-15 13:02:00+00:00,SHORT,0.1892,0.1864,0.18616563,0.19223438,TIME,0.823539,0.885891,0.099764,0.0,2593191.666654,0
beta_decouple,ADAUSDT,2026-06-15 16:00:00+00:00,2026-06-15 16:02:00+00:00,LONG,0.1875,0.1879,0.1903125,0.1846875,TIME,0.035482,0.102149,0.106667,0.0,2611594.118657,0
beta_decouple,ADAUSDT,2026-06-15 17:00:00+00:00,2026-06-15 17:02:00+00:00,LONG,0.1874,0.1871,0.190211,0.184589,TIME,-0.213314,-0.146648,0.106667,0.0,2500176.075092,0
beta_decouple,ADAUSDT,2026-06-15 19:00:00+00:00,2026-06-15 19:02:00+00:00,LONG,0.186,0.1875,0.18879,0.18321,TIME,0.430657,0.497324,0.106667,0.0,2715519.867913,0
beta_decouple,ADAUSDT,2026-06-15 20:00:00+00:00,2026-06-15 20:01:00+00:00,LONG,0.1805,0.1832075,0.1832075,0.1777925,TP,0.892746,0.959412,0.106667,0.0,3200373.501619,0
beta_decouple,ADAUSDT,2026-06-15 21:00:00+00:00,2026-06-15 21:02:00+00:00,LONG,0.1793,0.18,0.1819895,0.1766105,TIME,0.153461,0.220127,0.106667,0.0,3298599.774541,0
beta_decouple,ADAUSDT,2026-06-16 02:00:00+00:00,2026-06-16 02:02:00+00:00,LONG,0.1762,0.1772,0.178843,0.173557,TIME,0.271476,0.338143,0.106667,0.0,3477698.113309,0
beta_decouple,ADAUSDT,2026-06-16 06:00:00+00:00,2026-06-16 06:02:00+00:00,SHORT,0.1781,0.1772,0.1754285,0.1807715,TIME,0.230413,0.29708,0.106667,0.0,3637959.423184,0
beta_decouple,ADAUSDT,2026-06-16 07:00:00+00:00,2026-06-16 07:02:00+00:00,SHORT,0.1786,0.1779,0.175921,0.181279,TIME,0.15477,0.221436,0.106667,0.0,3750568.585163,0
beta_decouple,ADAUSDT,2026-06-16 08:00:00+00:00,2026-06-16 08:02:00+00:00,SHORT,0.1808,0.1786,0.178088,0.183512,TIME,0.705018,0.771684,0.106667,0.0,4279411.988417,0
beta_decouple,ADAUSDT,2026-06-16 13:00:00+00:00,2026-06-16 13:01:00+00:00,LONG,0.177,0.179655,0.179655,0.174345,TP,0.892746,0.959412,0.106667,0.0,5043497.155763,0
beta_decouple,ADAUSDT,2026-06-16 14:00:00+00:00,2026-06-16 14:01:00+00:00,LONG,0.174,0.17661,0.17661,0.17139,TP,0.892746,0.959412,0.106667,0.0,5944009.043542,0
beta_decouple,ADAUSDT,2026-06-16 20:00:00+00:00,2026-06-16 20:01:00+00:00,SHORT,0.1749,0.1722765,0.1722765,0.1775235,TP,0.893922,0.960588,0.106667,0.0,7006704.551219,0
beta_decouple,ADAUSDT,2026-06-17 02:00:00+00:00,2026-06-17 02:02:00+00:00,SHORT,0.1743,0.1733,0.1716855,0.1769145,TIME,0.276033,0.3427,0.106667,0.0,7393521.164413,0
beta_decouple,ADAUSDT,2026-06-17 06:00:00+00:00,2026-06-17 06:02:00+00:00,LONG,0.1712,0.1725,0.173768,0.168632,TIME,0.399272,0.465939,0.106667,0.0,7983926.674526,0
beta_decouple,ADAUSDT,2026-06-17 08:00:00+00:00,2026-06-17 08:02:00+00:00,LONG,0.1689,0.1709,0.1714335,0.1663665,TIME,0.682294,0.74896,0.106667,0.0,9073403.036903,0
beta_decouple,ADAUSDT,2026-06-17 12:00:00+00:00,2026-06-17 12:02:00+00:00,SHORT,0.1692,0.1685,0.166662,0.171738,TIME,0.169295,0.235961,0.106667,0.0,9380618.640218,0
beta_decouple,ADAUSDT,2026-06-17 15:00:00+00:00,2026-06-17 15:01:00+00:00,SHORT,0.1712,0.168632,0.168632,0.173768,TP,0.893922,0.960588,0.106667,0.0,11057725.995736,0
beta_decouple,ADAUSDT,2026-06-17 17:00:00+00:00,2026-06-17 17:02:00+00:00,SHORT,0.1723,0.1708,0.1697155,0.1748845,TIME,0.474053,0.540719,0.106667,0.0,12106115.005893,0
beta_decouple,ADAUSDT,2026-06-17 19:00:00+00:00,2026-06-17 19:01:00+00:00,LONG,0.1655,0.1679825,0.1679825,0.1630175,TP,0.892746,0.959412,0.106667,0.0,14267650.96813,0
beta_decouple,ADAUSDT,2026-06-18 01:00:00+00:00,2026-06-18 01:02:00+00:00,SHORT,0.1678,0.1676,0.165283,0.170317,TIME,-0.027171,0.039495,0.106667,0.0,14190116.826227,0
beta_decouple,ADAUSDT,2026-06-18 02:00:00+00:00,2026-06-18 02:02:00+00:00,SHORT,0.1684,0.168,0.165874,0.170926,TIME,0.051769,0.118436,0.106667,0.0,14337039.870009,0
beta_decouple,ADAUSDT,2026-06-18 15:00:00+00:00,2026-06-18 15:01:00+00:00,LONG,0.1602,0.162603,0.162603,0.157797,TP,0.892746,0.959412,0.106667,0.0,16896905.463221,0
beta_decouple,ADAUSDT,2026-06-19 00:00:00+00:00,2026-06-19 00:02:00+00:00,SHORT,0.1639,0.1632,0.1614415,0.1663585,TIME,0.178219,0.244885,0.106667,0.0,17499174.28758,0
beta_decouple,ADAUSDT,2026-06-19 01:00:00+00:00,2026-06-19 01:02:00+00:00,SHORT,0.1644,0.1638,0.161934,0.166866,TIME,0.136776,0.203443,0.106667,0.0,17977868.964806,0
beta_decouple,ADAUSDT,2026-06-19 04:00:00+00:00,2026-06-19 04:02:00+00:00,LONG,0.16,0.1614,0.1624,0.1576,TIME,0.476329,0.542995,0.106667,0.0,19690544.199991,0
beta_decouple,ADAUSDT,2026-06-19 12:00:00+00:00,2026-06-19 12:02:00+00:00,SHORT,0.1606,0.16,0.158191,0.163009,TIME,0.142537,0.209203,0.106667,0.0,20251869.697743,0
beta_decouple,ADAUSDT,2026-06-19 13:00:00+00:00,2026-06-19 13:02:00+00:00,SHORT,0.1622,0.1605,0.159767,0.164633,TIME,0.592467,0.659133,0.106667,0.0,22651580.747246,0
beta_decouple,ADAUSDT,2026-06-19 23:00:00+00:00,2026-06-19 23:02:00+00:00,SHORT,0.1619,0.1614,0.1594715,0.1643285,TIME,0.099333,0.166,0.106667,0.0,23101592.038156,0
beta_decouple,ADAUSDT,2026-06-20 04:00:00+00:00,2026-06-20 04:02:00+00:00,SHORT,0.1629,0.1621,0.1604565,0.1653435,TIME,0.220917,0.287584,0.106667,0.0,24122299.153798,0
beta_decouple,ADAUSDT,2026-06-20 05:00:00+00:00,2026-06-20 05:02:00+00:00,SHORT,0.1635,0.163,0.1610475,0.1659525,TIME,0.097317,0.163984,0.106667,0.0,24591802.505265,0
beta_decouple,ADAUSDT,2026-06-20 12:00:00+00:00,2026-06-20 12:02:00+00:00,LONG,0.1626,0.1627,0.165039,0.160161,TIME,-0.065679,0.000988,0.106667,0.0,24268770.228278,0
beta_decouple,ADAUSDT,2026-06-20 13:00:00+00:00,2026-06-20 13:02:00+00:00,LONG,0.1613,0.1624,0.1637195,0.1588805,TIME,0.347712,0.414379,0.106667,0.0,25956478.833706,0
beta_decouple,ADAUSDT,2026-06-20 17:00:00+00:00,2026-06-20 17:02:00+00:00,LONG,0.161,0.1617,0.163415,0.158585,TIME,0.183027,0.249693,0.106667,0.0,26906623.742825,0
beta_decouple,ADAUSDT,2026-06-20 18:00:00+00:00,2026-06-20 18:02:00+00:00,LONG,0.1608,0.1612,0.163212,0.158388,TIME,0.059083,0.12575,0.106667,0.0,27224570.363002,0
beta_decouple,ADAUSDT,2026-06-20 21:00:00+00:00,2026-06-20 21:02:00+00:00,SHORT,0.162,0.1614,0.15957,0.16443,TIME,0.140383,0.20705,0.106667,0.0,27988944.293823,0
beta_decouple,ADAUSDT,2026-06-20 22:00:00+00:00,2026-06-20 22:02:00+00:00,SHORT,0.163,0.1618,0.160555,0.165445,TIME,0.384413,0.45108,0.106667,0.0,30140809.580205,0
beta_decouple,ADAUSDT,2026-06-21 04:00:00+00:00,2026-06-21 04:02:00+00:00,LONG,0.1608,0.1622,0.163212,0.158388,TIME,0.473428,0.540095,0.106667,0.0,32994712.347253,0
beta_decouple,ADAUSDT,2026-06-21 05:00:00+00:00,2026-06-21 05:02:00+00:00,LONG,0.1603,0.1606,0.1627045,0.1578955,TIME,0.018037,0.084703,0.106667,0.0,33113734.543819,0
beta_decouple,ADAUSDT,2026-06-21 09:00:00+00:00,2026-06-21 09:02:00+00:00,SHORT,0.1619,0.1607,0.1594715,0.1643285,TIME,0.38775,0.454417,0.106667,0.0,35681705.176712,0
beta_decouple,ADAUSDT,2026-06-21 14:00:00+00:00,2026-06-21 14:02:00+00:00,SHORT,0.1621,0.1616,0.1596685,0.1645315,TIME,0.099079,0.165746,0.106667,0.0,36388767.633991,0
beta_decouple,ADAUSDT,2026-06-21 20:00:00+00:00,2026-06-21 20:02:00+00:00,LONG,0.1606,0.1617,0.163009,0.158191,TIME,0.349692,0.416359,0.106667,0.0,38933743.050624,0
beta_decouple,ADAUSDT,2026-06-21 21:00:00+00:00,2026-06-21 21:02:00+00:00,LONG,0.1595,0.1604,0.1618925,0.1571075,TIME,0.269295,0.335962,0.106667,0.0,41030677.391748,0
beta_decouple,ADAUSDT,2026-06-21 22:00:00+00:00,2026-06-21 22:02:00+00:00,LONG,0.1589,0.1594,0.1612835,0.1565165,TIME,0.102995,0.169662,0.106667,0.0,41875868.662711,0
beta_decouple,ADAUSDT,2026-06-21 23:00:00+00:00,2026-06-21 23:01:00+00:00,LONG,0.1564,0.158746,0.158746,0.154054,TP,0.892746,0.959412,0.106667,0.0,49352767.405232,0
beta_decouple,ADAUSDT,2026-06-22 07:00:00+00:00,2026-06-22 07:02:00+00:00,SHORT,0.1617,0.1602,0.1592745,0.1641255,TIME,0.512122,0.578788,0.106667,0.0,54407691.919927,0
beta_decouple,ADAUSDT,2026-06-22 13:00:00+00:00,2026-06-22 13:02:00+00:00,SHORT,0.163,0.1616,0.160555,0.165445,TIME,0.466262,0.532929,0.106667,0.0,59481341.164142,0
beta_decouple,ADAUSDT,2026-06-22 22:00:00+00:00,2026-06-22 22:02:00+00:00,LONG,0.1579,0.1598,0.1602685,0.1555315,TIME,0.69506,0.761726,0.106667,0.0,67749957.069517,0
beta_decouple,ADAUSDT,2026-06-23 03:00:00+00:00,2026-06-23 03:02:00+00:00,SHORT,0.1598,0.159,0.157403,0.162197,TIME,0.227272,0.293939,0.106667,0.0,70829492.908134,0
beta_decouple,ADAUSDT,2026-06-23 05:00:00+00:00,2026-06-23 05:02:00+00:00,LONG,0.1575,0.1583,0.1598625,0.1551375,TIME,0.231767,0.298433,0.106667,0.0,74112674.416481,0
beta_decouple,ADAUSDT,2026-06-23 06:00:00+00:00,2026-06-23 06:01:00+00:00,LONG,0.1545,0.1568175,0.1568175,0.1521825,TP,0.892746,0.959412,0.106667,0.0,87345425.875626,0
beta_decouple,ADAUSDT,2026-06-23 08:00:00+00:00,2026-06-23 08:01:00+00:00,LONG,0.1524,0.154686,0.154686,0.150114,TP,0.892746,0.959412,0.106667,0.0,102940873.223944,0
beta_decouple,ADAUSDT,2026-06-23 12:00:00+00:00,2026-06-23 12:01:00+00:00,LONG,0.1501,0.1523515,0.1523515,0.1478485,TP,0.892746,0.959412,0.106667,0.0,121320873.690595,0
beta_decouple,ADAUSDT,2026-06-23 19:00:00+00:00,2026-06-23 19:02:00+00:00,SHORT,0.15,0.1498,0.14775,0.15225,TIME,-0.017736,0.04893,0.106667,0.0,120890513.804329,0
beta_decouple,ADAUSDT,2026-06-23 20:00:00+00:00,2026-06-23 20:02:00+00:00,SHORT,0.15,0.1503,0.14775,0.15225,TIME,-0.240092,-0.173425,0.106667,0.0,115085544.088751,0
beta_decouple,ADAUSDT,2026-06-23 21:00:00+00:00,2026-06-23 21:02:00+00:00,SHORT,0.1512,0.1501,0.148932,0.153468,TIME,0.378621,0.445288,0.106667,0.0,123800310.386498,0
beta_decouple,ADAUSDT,2026-06-23 22:00:00+00:00,2026-06-23 22:02:00+00:00,SHORT,0.1515,0.1513,0.1492275,0.1537725,TIME,-0.018617,0.04805,0.106667,0.0,123339351.115865,0
beta_decouple,ADAUSDT,2026-06-24 00:00:00+00:00,2026-06-24 00:02:00+00:00,SHORT,0.1528,0.1514,0.150508,0.155092,TIME,0.504508,0.571175,0.106667,0.0,135784493.33259,0
beta_decouple,ADAUSDT,2026-06-24 05:00:00+00:00,2026-06-24 05:02:00+00:00,SHORT,0.1522,0.1525,0.149917,0.154483,TIME,-0.238164,-0.171497,0.106667,0.0,129316709.063839,0
beta_decouple,ADAUSDT,2026-06-24 07:00:00+00:00,2026-06-24 07:02:00+00:00,LONG,0.1504,0.1511,0.152656,0.148144,TIME,0.203443,0.27011,0.106667,0.0,134578422.411249,0
beta_decouple,ADAUSDT,2026-06-24 10:00:00+00:00,2026-06-24 10:01:00+00:00,LONG,0.1469,0.1491035,0.1491035,0.1446965,TP,0.892746,0.959412,0.106667,0.0,158607278.872753,0
beta_decouple,ADAUSDT,2026-06-24 13:00:00+00:00,2026-06-24 13:01:00+00:00,LONG,0.1453,0.1474795,0.1474795,0.1431205,TP,0.892746,0.959412,0.106667,0.0,186926466.07601,0
beta_decouple,ADAUSDT,2026-06-24 15:00:00+00:00,2026-06-24 15:02:00+00:00,LONG,0.1437,0.1447,0.1458555,0.1415445,TIME,0.356997,0.423663,0.106667,0.0,200272886.335137,0
beta_decouple,ADAUSDT,2026-06-24 16:00:00+00:00,2026-06-24 16:01:00+00:00,LONG,0.1414,0.143521,0.143521,0.139279,TP,0.892746,0.959412,0.106667,0.0,236031430.332424,0
beta_decouple,ADAUSDT,2026-06-24 17:00:00+00:00,2026-06-24 17:01:00+00:00,LONG,0.14,0.14229063,0.14229063,0.13770938,TP,0.901621,0.96274,0.09779,0.0,278593622.093309,0
beta_decouple,ADAUSDT,2026-06-24 20:00:00+00:00,2026-06-24 20:01:00+00:00,SHORT,0.1451,0.1429235,0.1429235,0.1472765,TP,0.893922,0.960588,0.106667,0.0,328401788.349005,0
beta_decouple,ADAUSDT,2026-06-24 21:00:00+00:00,2026-06-24 21:02:00+00:00,SHORT,0.147,0.145,0.144795,0.149205,TIME,0.800895,0.867562,0.106667,0.0,381004870.831137,0
beta_decouple,AVAXUSDT,2026-05-15 05:00:00+00:00,2026-05-15 05:02:00+00:00,LONG,9.695,9.809,9.840425,9.549575,TIME,0.676784,0.743451,0.106667,0.0,7.947498,0
beta_decouple,AVAXUSDT,2026-05-15 12:00:00+00:00,2026-05-15 12:02:00+00:00,LONG,9.719,9.755,9.864785,9.573215,TIME,0.140136,0.206803,0.106667,0.0,8.170245,0
beta_decouple,AVAXUSDT,2026-05-15 13:00:00+00:00,2026-05-15 13:01:00+00:00,LONG,9.45,9.59175,9.59175,9.30825,TP,0.892746,0.959412,0.106667,0.0,9.629034,0
beta_decouple,AVAXUSDT,2026-05-16 00:00:00+00:00,2026-05-16 00:02:00+00:00,SHORT,9.538,9.517,9.39493,9.68107,TIME,0.040191,0.106857,0.106667,0.0,9.706434,0
beta_decouple,AVAXUSDT,2026-05-16 01:00:00+00:00,2026-05-16 01:02:00+00:00,SHORT,9.548,9.535,9.40478,9.69122,TIME,-0.015855,0.050812,0.106667,0.0,9.675655,0
beta_decouple,AVAXUSDT,2026-05-16 06:00:00+00:00,2026-05-16 06:02:00+00:00,LONG,9.371,9.459,9.511565,9.230435,TIME,0.519015,0.585681,0.106667,0.0,10.680017,0
beta_decouple,AVAXUSDT,2026-05-16 07:00:00+00:00,2026-05-16 07:02:00+00:00,LONG,9.336,9.36,9.47604,9.19596,TIME,0.064622,0.131289,0.106667,0.0,10.81805,0
beta_decouple,AVAXUSDT,2026-05-16 09:00:00+00:00,2026-05-16 09:02:00+00:00,LONG,9.235,9.328,9.373525,9.096475,TIME,0.564302,0.630968,0.106667,0.0,12.038978,0
beta_decouple,AVAXUSDT,2026-05-16 12:00:00+00:00,2026-05-16 12:02:00+00:00,SHORT,9.271,9.244,9.131935,9.410065,TIME,0.087592,0.154258,0.106667,0.0,12.249881,0
beta_decouple,AVAXUSDT,2026-05-16 15:00:00+00:00,2026-05-16 15:02:00+00:00,SHORT,9.31,9.304,9.17035,9.44965,TIME,-0.063688,0.002978,0.106667,0.0,12.093846,0
beta_decouple,AVAXUSDT,2026-05-16 16:00:00+00:00,2026-05-16 16:02:00+00:00,SHORT,9.331,9.325,9.191035,9.470965,TIME,-0.063785,0.002882,0.106667,0.0,11.939565,0
beta_decouple,AVAXUSDT,2026-05-16 17:00:00+00:00,2026-05-16 17:02:00+00:00,SHORT,9.354,9.332,9.21369,9.49431,TIME,0.050211,0.116878,0.106667,0.0,12.059465,0
beta_decouple,AVAXUSDT,2026-05-17 00:00:00+00:00,2026-05-17 00:02:00+00:00,LONG,9.235,9.296,9.373525,9.096475,TIME,0.333435,0.400102,0.106667,0.0,12.863674,0
beta_decouple,AVAXUSDT,2026-05-17 01:00:00+00:00,2026-05-17 01:02:00+00:00,LONG,9.2,9.214,9.338,9.062,TIME,-0.005266,0.0614,0.106667,0.0,12.850125,0
beta_decouple,AVAXUSDT,2026-05-17 03:00:00+00:00,2026-05-17 03:02:00+00:00,SHORT,9.271,9.247,9.131935,9.410065,TIME,0.066006,0.132673,0.106667,0.0,13.019763,0
beta_decouple,AVAXUSDT,2026-05-17 04:00:00+00:00,2026-05-17 04:02:00+00:00,SHORT,9.306,9.283,9.16641,9.44559,TIME,0.058188,0.124855,0.106667,0.0,13.171283,0
beta_decouple,AVAXUSDT,2026-05-17 09:00:00+00:00,2026-05-17 09:02:00+00:00,SHORT,9.356,9.304,9.21566,9.49634,TIME,0.264072,0.330739,0.106667,0.0,13.866917,0
beta_decouple,AVAXUSDT,2026-05-17 14:00:00+00:00,2026-05-17 14:02:00+00:00,LONG,9.291,9.312,9.430365,9.151635,TIME,0.043938,0.110605,0.106667,0.0,13.988775,0
beta_decouple,AVAXUSDT,2026-05-17 19:00:00+00:00,2026-05-17 19:02:00+00:00,SHORT,9.304,9.283,9.16444,9.44356,TIME,0.043885,0.110551,0.106667,0.0,14.111554,0
beta_decouple,AVAXUSDT,2026-05-17 21:00:00+00:00,2026-05-17 21:02:00+00:00,SHORT,9.317,9.284,9.177245,9.456755,TIME,0.129591,0.196257,0.106667,0.0,14.477298,0
beta_decouple,AVAXUSDT,2026-05-17 22:00:00+00:00,2026-05-17 22:02:00+00:00,LONG,9.234,9.269,9.37251,9.09549,TIME,0.145883,0.21255,0.106667,0.0,14.899697,0
beta_decouple,AVAXUSDT,2026-05-17 23:00:00+00:00,2026-05-17 23:02:00+00:00,LONG,9.19,9.229,9.32785,9.05215,TIME,0.176092,0.242759,0.106667,0.0,15.42444,0
beta_decouple,AVAXUSDT,2026-05-18 04:00:00+00:00,2026-05-18 04:02:00+00:00,SHORT,9.215,9.201,9.076775,9.353225,TIME,-0.005334,0.061333,0.106667,0.0,15.407986,0
beta_decouple,AVAXUSDT,2026-05-18 11:00:00+00:00,2026-05-18 11:02:00+00:00,SHORT,9.151,9.063,9.013735,9.288265,TIME,0.534802,0.601468,0.106667,0.0,17.05603,0
beta_decouple,AVAXUSDT,2026-05-18 12:00:00+00:00,2026-05-18 12:02:00+00:00,SHORT,9.198,9.176,9.06003,9.33597,TIME,0.052872,0.119539,0.106667,0.0,17.236387,0
beta_decouple,AVAXUSDT,2026-05-18 18:00:00+00:00,2026-05-18 18:02:00+00:00,LONG,9.016,9.099,9.15124,8.88076,TIME,0.506701,0.573368,0.106667,0.0,18.983126,0
beta_decouple,AVAXUSDT,2026-05-18 19:00:00+00:00,2026-05-18 19:01:00+00:00,SHORT,9.173,9.035405,9.035405,9.310595,TP,0.893922,0.960588,0.106667,0.0,22.377011,0
beta_decouple,AVAXUSDT,2026-05-18 21:00:00+00:00,2026-05-18 21:02:00+00:00,SHORT,9.241,9.17,9.102385,9.379615,TIME,0.405839,0.472505,0.106667,0.0,24.193303,0
beta_decouple,AVAXUSDT,2026-05-19 02:00:00+00:00,2026-05-19 02:02:00+00:00,LONG,9.205,9.23,9.343075,9.066925,TIME,0.074298,0.140964,0.106667,0.0,24.552804,0
beta_decouple,AVAXUSDT,2026-05-19 08:00:00+00:00,2026-05-19 08:02:00+00:00,LONG,9.236,9.259,9.37454,9.09746,TIME,0.059263,0.125929,0.106667,0.0,24.843818,0
beta_decouple,AVAXUSDT,2026-05-19 09:00:00+00:00,2026-05-19 09:02:00+00:00,LONG,9.193,9.231,9.330895,9.055105,TIME,0.168752,0.235419,0.106667,0.0,25.682306,0
beta_decouple,AVAXUSDT,2026-05-19 10:00:00+00:00,2026-05-19 10:02:00+00:00,LONG,9.149,9.183,9.286235,9.011765,TIME,0.140947,0.207614,0.106667,0.0,26.406275,0
beta_decouple,AVAXUSDT,2026-05-19 11:00:00+00:00,2026-05-19 11:02:00+00:00,LONG,9.099,9.141,9.235485,8.962515,TIME,0.200887,0.267554,0.106667,0.0,27.46721,0
beta_decouple,AVAXUSDT,2026-05-19 14:00:00+00:00,2026-05-19 14:02:00+00:00,LONG,9.059,9.091,9.194885,8.923115,TIME,0.128697,0.195364,0.106667,0.0,28.174201,0
beta_decouple,AVAXUSDT,2026-05-19 16:00:00+00:00,2026-05-19 16:02:00+00:00,SHORT,9.159,9.099,9.021615,9.296385,TIME,0.330312,0.396979,0.106667,0.0,30.035458,0
beta_decouple,AVAXUSDT,2026-05-19 22:00:00+00:00,2026-05-19 22:02:00+00:00,LONG,9.079,9.098,9.215185,8.942815,TIME,0.032778,0.099444,0.106667,0.0,30.232357,0
beta_decouple,AVAXUSDT,2026-05-20 03:00:00+00:00,2026-05-20 03:02:00+00:00,SHORT,9.11,9.08,8.97335,9.24665,TIME,0.112992,0.179659,0.106667,0.0,30.915561,0
beta_decouple,AVAXUSDT,2026-05-20 04:00:00+00:00,2026-05-20 04:02:00+00:00,SHORT,9.126,9.118,8.98911,9.26289,TIME,-0.048203,0.018464,0.106667,0.0,30.617519,0
beta_decouple,AVAXUSDT,2026-05-20 05:00:00+00:00,2026-05-20 05:02:00+00:00,SHORT,9.189,9.134,9.051165,9.326835,TIME,0.292589,0.359255,0.106667,0.0,32.409187,0
beta_decouple,AVAXUSDT,2026-05-20 06:00:00+00:00,2026-05-20 06:02:00+00:00,SHORT,9.228,9.194,9.08958,9.36642,TIME,0.139098,0.205765,0.106667,0.0,33.310797,0
beta_decouple,AVAXUSDT,2026-05-20 13:00:00+00:00,2026-05-20 13:02:00+00:00,LONG,9.189,9.25,9.326835,9.051165,TIME,0.335638,0.402305,0.106667,0.0,35.546871,0
beta_decouple,AVAXUSDT,2026-05-20 14:00:00+00:00,2026-05-20 14:02:00+00:00,SHORT,9.308,9.184,9.16838,9.44762,TIME,0.781979,0.848646,0.106667,0.0,41.106254,0
beta_decouple,AVAXUSDT,2026-05-20 15:00:00+00:00,2026-05-20 15:02:00+00:00,SHORT,9.336,9.305,9.19596,9.47604,TIME,0.11482,0.181486,0.106667,0.0,42.050214,0
beta_decouple,AVAXUSDT,2026-05-20 21:00:00+00:00,2026-05-20 21:02:00+00:00,LONG,9.262,9.297,9.40093,9.12307,TIME,0.14512,0.211786,0.106667,0.0,43.270677,0
beta_decouple,AVAXUSDT,2026-05-21 05:00:00+00:00,2026-05-21 05:02:00+00:00,LONG,9.342,9.384,9.48213,9.20187,TIME,0.192887,0.259554,0.106667,0.0,44.939949,0
beta_decouple,AVAXUSDT,2026-05-21 07:00:00+00:00,2026-05-21 07:02:00+00:00,SHORT,9.464,9.378,9.32204,9.60596,TIME,0.499489,0.566156,0.106667,0.0,49.429355,0
beta_decouple,AVAXUSDT,2026-05-21 10:00:00+00:00,2026-05-21 10:02:00+00:00,LONG,9.318,9.376,9.45777,9.17823,TIME,0.308064,0.374731,0.106667,0.0,52.474834,0
beta_decouple,AVAXUSDT,2026-05-21 11:00:00+00:00,2026-05-21 11:02:00+00:00,LONG,9.291,9.315,9.430365,9.151635,TIME,0.065452,0.132118,0.106667,0.0,53.161748,0
beta_decouple,AVAXUSDT,2026-05-21 15:00:00+00:00,2026-05-21 15:02:00+00:00,SHORT,9.372,9.311,9.23142,9.51258,TIME,0.327498,0.394165,0.106667,0.0,56.643825,0
beta_decouple,AVAXUSDT,2026-05-21 17:00:00+00:00,2026-05-21 17:02:00+00:00,SHORT,9.475,9.341,9.332875,9.617125,TIME,0.836719,0.903386,0.106667,0.0,66.12282,0
beta_decouple,AVAXUSDT,2026-05-21 22:00:00+00:00,2026-05-21 22:02:00+00:00,LONG,9.449,9.459,9.590735,9.307265,TIME,-0.036143,0.030524,0.106667,0.0,65.644848,0
beta_decouple,AVAXUSDT,2026-05-22 00:00:00+00:00,2026-05-22 00:02:00+00:00,LONG,9.385,9.454,9.525775,9.244225,TIME,0.383195,0.449862,0.106667,0.0,70.675806,0
beta_decouple,AVAXUSDT,2026-05-22 12:00:00+00:00,2026-05-22 12:02:00+00:00,SHORT,9.585,9.531,9.441225,9.728775,TIME,0.269134,0.3358,0.106667,0.0,74.480052,0
beta_decouple,AVAXUSDT,2026-05-22 14:00:00+00:00,2026-05-22 14:02:00+00:00,LONG,9.419,9.505,9.560285,9.277715,TIME,0.501679,0.568346,0.106667,0.0,81.953067,0
beta_decouple,AVAXUSDT,2026-05-22 18:00:00+00:00,2026-05-22 18:02:00+00:00,LONG,9.289,9.396,9.428335,9.149665,TIME,0.660818,0.727485,0.106667,0.0,92.784282,0
beta_decouple,AVAXUSDT,2026-05-22 19:00:00+00:00,2026-05-22 19:02:00+00:00,LONG,9.211,9.27,9.349165,9.072835,TIME,0.320115,0.386782,0.106667,0.0,98.724607,0
beta_decouple,AVAXUSDT,2026-05-22 23:00:00+00:00,2026-05-22 23:02:00+00:00,LONG,9.148,9.239,9.28522,9.01078,TIME,0.556116,0.622783,0.106667,0.0,109.705077,0
beta_decouple,AVAXUSDT,2026-05-23 07:00:00+00:00,2026-05-23 07:01:00+00:00,LONG,8.915,9.048725,9.048725,8.781275,TP,0.892746,0.959412,0.106667,0.0,129.29282,0
beta_decouple,AVAXUSDT,2026-05-23 08:00:00+00:00,2026-05-23 08:02:00+00:00,LONG,8.884,8.893,9.01726,8.75074,TIME,-0.039158,0.027509,0.106667,0.0,128.28025,0
beta_decouple,AVAXUSDT,2026-05-23 12:00:00+00:00,2026-05-23 12:02:00+00:00,SHORT,8.922,8.871,8.78817,9.05583,TIME,0.274631,0.341297,0.106667,0.0,135.326184,0
beta_decouple,AVAXUSDT,2026-05-23 13:00:00+00:00,2026-05-23 13:02:00+00:00,SHORT,9.008,8.942,8.87288,9.14312,TIME,0.382069,0.448736,0.106667,0.0,145.666977,0
beta_decouple,AVAXUSDT,2026-05-23 14:00:00+00:00,2026-05-23 14:02:00+00:00,SHORT,9.101,8.999,8.964485,9.237515,TIME,0.64094,0.707607,0.106667,0.0,164.339748,0
beta_decouple,AVAXUSDT,2026-05-23 15:00:00+00:00,2026-05-23 15:02:00+00:00,SHORT,9.13,9.109,8.99305,9.26695,TIME,0.046754,0.113421,0.106667,0.0,165.876456,0
beta_decouple,AVAXUSDT,2026-05-23 18:00:00+00:00,2026-05-23 18:02:00+00:00,SHORT,9.27,9.135,9.13095,9.40905,TIME,0.864778,0.931444,0.106667,0.0,194.565711,0
beta_decouple,AVAXUSDT,2026-05-23 20:00:00+00:00,2026-05-23 20:01:00+00:00,SHORT,9.538,9.39493,9.39493,9.68107,TP,0.893922,0.960588,0.106667,0.0,229.351006,0
beta_decouple,AVAXUSDT,2026-05-25 00:00:00+00:00,2026-05-25 00:02:00+00:00,LONG,9.219,9.209,9.357285,9.080715,TIME,-0.178926,-0.112259,0.106667,0.0,221.143648,0
beta_decouple,AVAXUSDT,2026-05-25 01:00:00+00:00,2026-05-25 01:02:00+00:00,LONG,9.154,9.209,9.29131,9.01669,TIME,0.293659,0.360325,0.106667,0.0,234.131793,0
beta_decouple,AVAXUSDT,2026-05-25 05:00:00+00:00,2026-05-25 05:02:00+00:00,SHORT,9.286,9.251,9.14671,9.42529,TIME,0.144746,0.211413,0.106667,0.0,240.909742,0
beta_decouple,AVAXUSDT,2026-05-25 10:00:00+00:00,2026-05-25 10:02:00+00:00,SHORT,9.412,9.374,9.27082,9.55318,TIME,0.162643,0.229309,0.106667,0.0,248.74619,0
beta_decouple,AVAXUSDT,2026-05-25 11:00:00+00:00,2026-05-25 11:02:00+00:00,LONG,9.372,9.397,9.51258,9.23142,TIME,0.071073,0.13774,0.106667,0.0,252.282035,0
beta_decouple,AVAXUSDT,2026-05-25 14:00:00+00:00,2026-05-25 14:02:00+00:00,SHORT,9.469,9.414,9.326965,9.611035,TIME,0.280782,0.347449,0.106667,0.0,266.449297,0
beta_decouple,AVAXUSDT,2026-05-25 18:00:00+00:00,2026-05-25 18:02:00+00:00,LONG,9.395,9.448,9.535925,9.254075,TIME,0.269206,0.335873,0.106667,0.0,280.795264,0
beta_decouple,AVAXUSDT,2026-05-25 20:00:00+00:00,2026-05-25 20:02:00+00:00,LONG,9.343,9.387,9.483145,9.202855,TIME,0.207118,0.273784,0.106667,0.0,292.42679,0
beta_decouple,AVAXUSDT,2026-05-25 22:00:00+00:00,2026-05-25 22:02:00+00:00,LONG,9.274,9.327,9.41311,9.13489,TIME,0.27411,0.340777,0.106667,0.0,308.458226,0
beta_decouple,AVAXUSDT,2026-05-26 00:00:00+00:00,2026-05-26 00:02:00+00:00,LONG,9.248,9.294,9.38672,9.10928,TIME,0.22475,0.291416,0.106667,0.0,322.323402,0
beta_decouple,AVAXUSDT,2026-05-26 01:00:00+00:00,2026-05-26 01:02:00+00:00,LONG,9.203,9.229,9.341045,9.064955,TIME,0.081577,0.148243,0.106667,0.0,327.582221,0
beta_decouple,AVAXUSDT,2026-05-26 05:00:00+00:00,2026-05-26 05:02:00+00:00,SHORT,9.3,9.242,9.1605,9.4395,TIME,0.309341,0.376008,0.106667,0.0,347.849174,0
beta_decouple,AVAXUSDT,2026-05-26 10:00:00+00:00,2026-05-26 10:01:00+00:00,SHORT,9.424,9.28264,9.28264,9.56536,TP,0.893922,0.960588,0.106667,0.0,410.039146,0
beta_decouple,AVAXUSDT,2026-05-26 15:00:00+00:00,2026-05-26 15:02:00+00:00,LONG,9.284,9.328,9.42326,9.14474,TIME,0.209112,0.275778,0.106667,0.0,427.187933,0
beta_decouple,AVAXUSDT,2026-05-26 16:00:00+00:00,2026-05-26 16:02:00+00:00,LONG,9.25,9.276,9.38875,9.11125,TIME,0.08062,0.147287,0.106667,0.0,434.075938,0
beta_decouple,AVAXUSDT,2026-05-26 17:00:00+00:00,2026-05-26 17:02:00+00:00,LONG,9.164,9.262,9.30146,9.02654,TIME,0.605852,0.672519,0.106667,0.0,486.673125,0
beta_decouple,AVAXUSDT,2026-05-27 00:00:00+00:00,2026-05-27 00:02:00+00:00,SHORT,9.186,9.145,9.04821,9.32379,TIME,0.191054,0.257721,0.106667,0.0,505.269311,0
beta_decouple,AVAXUSDT,2026-05-27 06:00:00+00:00,2026-05-27 06:02:00+00:00,SHORT,9.19,9.16,9.05215,9.32785,TIME,0.11108,0.177746,0.106667,0.0,516.494354,0
beta_decouple,AVAXUSDT,2026-05-27 12:00:00+00:00,2026-05-27 12:02:00+00:00,SHORT,9.184,9.134,9.04624,9.32176,TIME,0.256489,0.323156,0.106667,0.0,542.989401,0
beta_decouple,AVAXUSDT,2026-05-27 15:00:00+00:00,2026-05-27 15:02:00+00:00,SHORT,9.237,9.17,9.098445,9.375555,TIME,0.377174,0.443841,0.106667,0.0,583.949702,0
beta_decouple,AVAXUSDT,2026-05-27 17:00:00+00:00,2026-05-27 17:02:00+00:00,LONG,9.106,9.183,9.24259,8.96941,TIME,0.456738,0.523405,0.106667,0.0,637.292114,0
beta_decouple,AVAXUSDT,2026-05-27 21:00:00+00:00,2026-05-27 21:01:00+00:00,LONG,9.039,9.174585,9.174585,8.903415,TP,0.892746,0.959412,0.106667,0.0,751.080048,0
beta_decouple,AVAXUSDT,2026-05-28 03:00:00+00:00,2026-05-28 03:01:00+00:00,LONG,8.872,9.00508,9.00508,8.73892,TP,0.892746,0.959412,0.106667,0.0,885.184716,0
beta_decouple,AVAXUSDT,2026-05-28 04:00:00+00:00,2026-05-28 04:02:00+00:00,LONG,8.82,8.729,8.9523,8.6877,TIME,-0.794073,-0.727406,0.106667,0.0,744.604498,0
beta_decouple,AVAXUSDT,2026-05-28 09:00:00+00:00,2026-05-28 09:02:00+00:00,SHORT,8.864,8.815,8.73104,8.99696,TIME,0.262074,0.328741,0.106667,0.0,783.632854,0
beta_decouple,AVAXUSDT,2026-05-28 12:00:00+00:00,2026-05-28 12:02:00+00:00,SHORT,8.849,8.807,8.716265,8.981735,TIME,0.209931,0.276598,0.106667,0.0,816.534647,0
beta_decouple,AVAXUSDT,2026-05-28 14:00:00+00:00,2026-05-28 14:02:00+00:00,SHORT,8.864,8.777,8.73104,8.99696,TIME,0.548046,0.614713,0.106667,0.0,906.034385,0
beta_decouple,AVAXUSDT,2026-05-28 16:00:00+00:00,2026-05-28 16:02:00+00:00,SHORT,8.957,8.838,8.822645,9.091355,TIME,0.779566,0.846233,0.106667,0.0,1047.297131,0
beta_decouple,AVAXUSDT,2026-05-28 17:00:00+00:00,2026-05-28 17:02:00+00:00,SHORT,8.986,8.929,8.85121,9.12079,TIME,0.316455,0.383122,0.106667,0.0,1113.581649,0
beta_decouple,AVAXUSDT,2026-05-29 02:00:00+00:00,2026-05-29 02:02:00+00:00,LONG,8.87,8.941,9.00305,8.73695,TIME,0.426659,0.493326,0.106667,0.0,1208.605624,0
beta_decouple,AVAXUSDT,2026-05-29 10:00:00+00:00,2026-05-29 10:02:00+00:00,LONG,8.908,8.952,9.04162,8.77438,TIME,0.22244,0.289107,0.106667,0.0,1262.374031,0
beta_decouple,AVAXUSDT,2026-05-29 11:00:00+00:00,2026-05-29 11:02:00+00:00,LONG,8.869,8.904,9.002035,8.735965,TIME,0.156276,0.222943,0.106667,0.0,1301.829831,0
beta_decouple,AVAXUSDT,2026-05-29 12:00:00+00:00,2026-05-29 12:02:00+00:00,LONG,8.827,8.862,8.959405,8.694595,TIME,0.157527,0.224194,0.106667,0.0,1342.844564,0
beta_decouple,AVAXUSDT,2026-05-29 14:00:00+00:00,2026-05-29 14:02:00+00:00,LONG,8.709,8.833,8.839635,8.578365,TIME,0.841986,0.908652,0.106667,0.0,1568.975722,0
beta_decouple,AVAXUSDT,2026-05-30 00:00:00+00:00,2026-05-30 00:02:00+00:00,SHORT,8.869,8.815,8.735965,9.002035,TIME,0.299473,0.36614,0.106667,0.0,1662.948948,0
beta_decouple,AVAXUSDT,2026-05-30 01:00:00+00:00,2026-05-30 01:02:00+00:00,SHORT,8.943,8.863,8.808855,9.077145,TIME,0.490049,0.556716,0.106667,0.0,1825.934195,0
beta_decouple,AVAXUSDT,2026-05-30 02:00:00+00:00,2026-05-30 02:02:00+00:00,SHORT,9.012,8.973,8.87682,9.14718,TIME,0.181999,0.248665,0.106667,0.0,1892.397725,0
beta_decouple,AVAXUSDT,2026-05-30 13:00:00+00:00,2026-05-30 13:02:00+00:00,SHORT,8.947,8.935,8.812795,9.081205,TIME,-0.01721,0.049457,0.106667,0.0,1885.884259,0
beta_decouple,AVAXUSDT,2026-05-30 14:00:00+00:00,2026-05-30 14:02:00+00:00,SHORT,8.963,8.948,8.828555,9.097445,TIME,0.004958,0.071625,0.106667,0.0,1887.754332,0
beta_decouple,AVAXUSDT,2026-05-30 16:00:00+00:00,2026-05-30 16:02:00+00:00,SHORT,8.981,8.95,8.846285,9.115715,TIME,0.123575,0.190242,0.106667,0.0,1934.41013,0
beta_decouple,AVAXUSDT,2026-05-30 21:00:00+00:00,2026-05-30 21:02:00+00:00,LONG,8.994,8.998,9.12891,8.85909,TIME,-0.077023,-0.010356,0.106667,0.0,1904.611294,0
beta_decouple,AVAXUSDT,2026-05-30 22:00:00+00:00,2026-05-30 22:02:00+00:00,LONG,8.937,8.963,9.071055,8.802945,TIME,0.087179,0.153846,0.106667,0.0,1937.819806,0
beta_decouple,AVAXUSDT,2026-05-31 07:00:00+00:00,2026-05-31 07:02:00+00:00,LONG,8.985,9.004,9.119775,8.850225,TIME,0.034236,0.100903,0.106667,0.0,1951.088628,0
beta_decouple,AVAXUSDT,2026-05-31 12:00:00+00:00,2026-05-31 12:02:00+00:00,SHORT,9.024,8.999,8.88864,9.15936,TIME,0.078125,0.144792,0.106667,0.0,1981.574329,0
beta_decouple,AVAXUSDT,2026-05-31 14:00:00+00:00,2026-05-31 14:02:00+00:00,LONG,8.872,8.977,9.00508,8.73892,TIME,0.681871,0.748538,0.106667,0.0,2251.810011,0
beta_decouple,AVAXUSDT,2026-05-31 20:00:00+00:00,2026-05-31 20:02:00+00:00,SHORT,8.887,8.853,8.753695,9.020305,TIME,0.148529,0.215195,0.106667,0.0,2318.701652,0
beta_decouple,AVAXUSDT,2026-05-31 21:00:00+00:00,2026-05-31 21:02:00+00:00,SHORT,8.936,8.88,8.80196,9.07004,TIME,0.311358,0.378024,0.106667,0.0,2463.090826,0
beta_decouple,AVAXUSDT,2026-05-31 22:00:00+00:00,2026-05-31 22:02:00+00:00,SHORT,8.977,8.925,8.842345,9.111655,TIME,0.279725,0.346392,0.106667,0.0,2600.888527,0
beta_decouple,AVAXUSDT,2026-06-01 07:00:00+00:00,2026-06-01 07:02:00+00:00,LONG,8.788,8.824,8.91982,8.65618,TIME,0.166281,0.232948,0.106667,0.0,2687.3843,0
beta_decouple,AVAXUSDT,2026-06-01 13:00:00+00:00,2026-06-01 13:02:00+00:00,LONG,8.779,8.811,8.910685,8.647315,TIME,0.136204,0.20287,0.106667,0.0,2760.590643,0
beta_decouple,AVAXUSDT,2026-06-01 14:00:00+00:00,2026-06-01 14:02:00+00:00,LONG,8.745,8.805,8.876175,8.613825,TIME,0.350475,0.417142,0.106667,0.0,2954.094354,0
beta_decouple,AVAXUSDT,2026-06-01 16:00:00+00:00,2026-06-01 16:01:00+00:00,SHORT,8.87,8.73695,8.73695,9.00305,TP,0.893922,0.960588,0.106667,0.0,3482.240052,0
beta_decouple,AVAXUSDT,2026-06-01 17:00:00+00:00,2026-06-01 17:02:00+00:00,SHORT,8.919,8.869,8.785215,9.052785,TIME,0.26728,0.333946,0.106667,0.0,3668.386407,0
beta_decouple,AVAXUSDT,2026-06-02 01:00:00+00:00,2026-06-02 01:02:00+00:00,LONG,8.771,8.887,8.902565,8.639435,TIME,0.77451,0.841177,0.106667,0.0,4236.626748,0
beta_decouple,AVAXUSDT,2026-06-02 05:00:00+00:00,2026-06-02 05:02:00+00:00,LONG,8.732,8.784,8.86298,8.60102,TIME,0.290114,0.356781,0.106667,0.0,4482.448011,0
beta_decouple,AVAXUSDT,2026-06-02 10:00:00+00:00,2026-06-02 10:02:00+00:00,SHORT,8.736,8.665,8.60496,8.86704,TIME,0.435466,0.502132,0.106667,0.0,4872.838582,0
beta_decouple,AVAXUSDT,2026-06-02 14:00:00+00:00,2026-06-02 14:01:00+00:00,LONG,8.454,8.58081,8.58081,8.32719,TP,0.892746,0.959412,0.106667,0.0,5742.879535,0
beta_decouple,AVAXUSDT,2026-06-02 15:00:00+00:00,2026-06-02 15:02:00+00:00,LONG,8.36,8.417,8.4854,8.2346,TIME,0.347618,0.414285,0.106667,0.0,6142.145354,0
beta_decouple,AVAXUSDT,2026-06-02 22:00:00+00:00,2026-06-02 22:01:00+00:00,LONG,8.125,8.246875,8.246875,8.003125,TP,0.892746,0.959412,0.106667,0.0,7238.819891,0
beta_decouple,AVAXUSDT,2026-06-05 00:00:00+00:00,2026-06-05 00:02:00+00:00,LONG,7.633,7.69,7.835125,7.430875,TIME,0.221419,0.259183,0.060422,0.0,7559.382833,0
beta_decouple,AVAXUSDT,2026-06-05 07:00:00+00:00,2026-06-05 07:02:00+00:00,SHORT,7.301,7.14,7.11460417,7.48739583,TIME,0.801594,0.840763,0.062671,0.0,8771.293472,0
beta_decouple,AVAXUSDT,2026-06-05 09:00:00+00:00,2026-06-05 09:02:00+00:00,SHORT,7.251,7.187,7.083,7.419,TIME,0.312116,0.355277,0.069057,0.0,9318.825866,0
beta_decouple,AVAXUSDT,2026-06-05 14:00:00+00:00,2026-06-05 14:02:00+00:00,SHORT,7.074,6.982,6.9346875,7.2133125,TIME,0.579528,0.630306,0.081245,0.0,10398.930617,0
beta_decouple,AVAXUSDT,2026-06-05 16:00:00+00:00,2026-06-05 16:01:00+00:00,SHORT,7.059,6.94420833,6.94420833,7.17379167,TP,0.902199,0.963693,0.09839,0.0,12275.310934,0
beta_decouple,AVAXUSDT,2026-06-05 21:00:00+00:00,2026-06-05 21:02:00+00:00,SHORT,6.95,6.921,6.84575,7.05425,TIME,0.171666,0.238332,0.106667,0.0,12696.761011,0
beta_decouple,AVAXUSDT,2026-06-06 04:00:00+00:00,2026-06-06 04:01:00+00:00,LONG,6.301,6.45984375,6.45984375,6.14215625,TP,0.935939,0.975607,0.063469,0.0,15073.438903,0
beta_decouple,AVAXUSDT,2026-06-06 07:00:00+00:00,2026-06-06 07:01:00+00:00,SHORT,6.673,6.572905,6.572905,6.773095,TP,0.893922,0.960588,0.106667,0.0,17768.333155,0
beta_decouple,AVAXUSDT,2026-06-06 12:00:00+00:00,2026-06-06 12:01:00+00:00,SHORT,6.782,6.68027,6.68027,6.88373,TP,0.893922,0.960588,0.106667,0.0,20945.032195,0
beta_decouple,AVAXUSDT,2026-06-06 17:00:00+00:00,2026-06-06 17:02:00+00:00,LONG,6.608,6.69,6.70712,6.50888,TIME,0.720129,0.786796,0.106667,0.0,23961.657947,0
beta_decouple,AVAXUSDT,2026-06-06 23:00:00+00:00,2026-06-06 23:02:00+00:00,SHORT,6.659,6.652,6.559115,6.758885,TIME,-0.036556,0.030111,0.106667,0.0,23786.469394,0
beta_decouple,AVAXUSDT,2026-06-07 01:00:00+00:00,2026-06-07 01:01:00+00:00,SHORT,6.779,6.677315,6.677315,6.880685,TP,0.893922,0.960588,0.106667,0.0,28039.11672,0
beta_decouple,AVAXUSDT,2026-06-07 08:00:00+00:00,2026-06-07 08:02:00+00:00,SHORT,6.868,6.81,6.76498,6.97102,TIME,0.456657,0.523323,0.106667,0.0,30599.966856,0
beta_decouple,AVAXUSDT,2026-06-07 10:00:00+00:00,2026-06-07 10:02:00+00:00,LONG,6.709,6.723,6.809635,6.608365,TIME,0.032378,0.099045,0.106667,0.0,30798.123026,0
beta_decouple,AVAXUSDT,2026-06-07 12:00:00+00:00,2026-06-07 12:02:00+00:00,LONG,6.646,6.715,6.74569,6.54631,TIME,0.585076,0.651742,0.106667,0.0,34401.970433,0
beta_decouple,AVAXUSDT,2026-06-07 19:00:00+00:00,2026-06-07 19:01:00+00:00,LONG,6.535,6.633025,6.633025,6.436975,TP,0.892746,0.959412,0.106667,0.0,40544.411359,0
beta_decouple,AVAXUSDT,2026-06-07 22:00:00+00:00,2026-06-07 22:01:00+00:00,SHORT,6.746,6.64481,6.64481,6.84719,TP,0.893922,0.960588,0.106667,0.0,47793.115642,0
beta_decouple,AVAXUSDT,2026-06-07 23:00:00+00:00,2026-06-07 23:02:00+00:00,SHORT,6.814,6.766,6.71179,6.91621,TIME,0.363225,0.429891,0.106667,0.0,51265.042273,0
beta_decouple,AVAXUSDT,2026-06-08 04:00:00+00:00,2026-06-08 04:02:00+00:00,LONG,6.583,6.654,6.681745,6.484255,TIME,0.611938,0.678604,0.106667,0.0,57539.245637,0
beta_decouple,AVAXUSDT,2026-06-08 07:00:00+00:00,2026-06-08 07:02:00+00:00,SHORT,6.698,6.621,6.59753,6.79847,TIME,0.660179,0.726846,0.106667,0.0,65136.488685,0
beta_decouple,AVAXUSDT,2026-06-08 11:00:00+00:00,2026-06-08 11:02:00+00:00,SHORT,6.78,6.693,6.6783,6.8817,TIME,0.749292,0.815959,0.106667,0.0,74897.738469,0
beta_decouple,AVAXUSDT,2026-06-08 12:00:00+00:00,2026-06-08 12:02:00+00:00,SHORT,6.807,6.758,6.704895,6.909105,TIME,0.373507,0.440174,0.106667,0.0,80492.711865,0
beta_decouple,AVAXUSDT,2026-06-08 20:00:00+00:00,2026-06-08 20:02:00+00:00,LONG,6.794,6.802,6.89591,6.69209,TIME,-0.028201,0.038466,0.106667,0.0,80038.714961,0
beta_decouple,AVAXUSDT,2026-06-08 23:00:00+00:00,2026-06-08 23:02:00+00:00,LONG,6.762,6.794,6.86343,6.66057,TIME,0.208645,0.275311,0.106667,0.0,83378.644217,0
beta_decouple,AVAXUSDT,2026-06-09 00:00:00+00:00,2026-06-09 00:01:00+00:00,LONG,6.609,6.708135,6.708135,6.509865,TP,0.892746,0.959412,0.106667,0.0,98265.826262,0
beta_decouple,AVAXUSDT,2026-06-09 05:00:00+00:00,2026-06-09 05:02:00+00:00,SHORT,6.777,6.739,6.675345,6.878655,TIME,0.267359,0.334026,0.106667,0.0,103520.278315,0
beta_decouple,AVAXUSDT,2026-06-09 09:00:00+00:00,2026-06-09 09:02:00+00:00,LONG,6.672,6.71,6.77208,6.57192,TIME,0.272814,0.33948,0.106667,0.0,109168.630899,0
beta_decouple,AVAXUSDT,2026-06-09 14:00:00+00:00,2026-06-09 14:02:00+00:00,LONG,6.604,6.691,6.70306,6.50494,TIME,0.771074,0.837741,0.106667,0.0,126004.052472,0
beta_decouple,AVAXUSDT,2026-06-09 15:00:00+00:00,2026-06-09 15:02:00+00:00,LONG,6.52,6.586,6.6178,6.4222,TIME,0.567787,0.634454,0.106667,0.0,140312.749318,0
beta_decouple,AVAXUSDT,2026-06-10 02:00:00+00:00,2026-06-10 02:02:00+00:00,LONG,6.562,6.641,6.66043,6.46357,TIME,0.695465,0.762131,0.106667,0.0,159829.263452,0
beta_decouple,AVAXUSDT,2026-06-10 07:00:00+00:00,2026-06-10 07:02:00+00:00,SHORT,6.559,6.536,6.460615,6.657385,TIME,0.127237,0.193904,0.106667,0.0,163896.506199,0
beta_decouple,AVAXUSDT,2026-06-10 08:00:00+00:00,2026-06-10 08:02:00+00:00,LONG,6.465,6.541,6.561975,6.368025,TIME,0.676582,0.743249,0.106667,0.0,186074.404093,0
beta_decouple,AVAXUSDT,2026-06-10 12:00:00+00:00,2026-06-10 12:02:00+00:00,SHORT,6.535,6.436975,6.436975,6.633025,TP,0.893922,0.960588,0.106667,0.0,219341.58654,0
beta_decouple,AVAXUSDT,2026-06-10 13:00:00+00:00,2026-06-10 13:02:00+00:00,SHORT,6.593,6.536,6.494105,6.691895,TIME,0.470036,0.536703,0.106667,0.0,239961.280678,0
beta_decouple,AVAXUSDT,2026-06-10 21:00:00+00:00,2026-06-10 21:01:00+00:00,LONG,6.335,6.430025,6.430025,6.239975,TP,0.892746,0.959412,0.106667,0.0,282806.151842,0
beta_decouple,AVAXUSDT,2026-06-11 01:00:00+00:00,2026-06-11 01:02:00+00:00,SHORT,6.496,6.45,6.39856,6.59344,TIME,0.36569,0.432357,0.106667,0.0,303490.031108,0
beta_decouple,AVAXUSDT,2026-06-11 03:00:00+00:00,2026-06-11 03:01:00+00:00,SHORT,6.591,6.492135,6.492135,6.689865,TP,0.893922,0.960588,0.106667,0.0,357749.28447,0
beta_decouple,AVAXUSDT,2026-06-11 12:00:00+00:00,2026-06-11 12:02:00+00:00,LONG,6.551,6.588,6.649265,6.452735,TIME,0.269652,0.336319,0.106667,0.0,377042.869567,0
beta_decouple,AVAXUSDT,2026-06-11 14:00:00+00:00,2026-06-11 14:02:00+00:00,LONG,6.537,6.59,6.635055,6.438945,TIME,0.433534,0.500201,0.106667,0.0,409735.057536,0
beta_decouple,AVAXUSDT,2026-06-11 16:00:00+00:00,2026-06-11 16:02:00+00:00,LONG,6.511,6.544,6.608665,6.413335,TIME,0.231032,0.297699,0.106667,0.0,428667.470784,0
beta_decouple,AVAXUSDT,2026-06-11 17:00:00+00:00,2026-06-11 17:01:00+00:00,SHORT,6.667,6.566995,6.566995,6.767005,TP,0.893922,0.960588,0.106667,0.0,505306.48532,0
beta_decouple,AVAXUSDT,2026-06-12 01:00:00+00:00,2026-06-12 01:02:00+00:00,LONG,6.625,6.616,6.724375,6.525625,TIME,-0.197166,-0.1305,0.106667,0.0,485380.594747,0
beta_decouple,AVAXUSDT,2026-06-12 05:00:00+00:00,2026-06-12 05:02:00+00:00,LONG,6.612,6.648,6.71118,6.51282,TIME,0.256104,0.322771,0.106667,0.0,510242.178643,0
beta_decouple,AVAXUSDT,2026-06-12 06:00:00+00:00,2026-06-12 06:02:00+00:00,LONG,6.54,6.618,6.6381,6.4419,TIME,0.687975,0.754642,0.106667,0.0,580448.996342,0
beta_decouple,AVAXUSDT,2026-06-12 13:00:00+00:00,2026-06-12 13:02:00+00:00,LONG,6.537,6.61,6.635055,6.438945,TIME,0.637379,0.704046,0.106667,0.0,654442.186562,0
beta_decouple,AVAXUSDT,2026-06-13 00:00:00+00:00,2026-06-13 00:02:00+00:00,SHORT,6.58,6.563,6.4813,6.6787,TIME,0.065664,0.13233,0.106667,0.0,663036.820384,0
beta_decouple,AVAXUSDT,2026-06-13 01:00:00+00:00,2026-06-13 01:02:00+00:00,SHORT,6.615,6.583,6.515775,6.714225,TIME,0.216014,0.282681,0.106667,0.0,691681.90168,0
beta_decouple,AVAXUSDT,2026-06-13 06:00:00+00:00,2026-06-13 06:02:00+00:00,SHORT,6.63,6.582,6.53055,6.72945,TIME,0.376266,0.442932,0.106667,0.0,743733.12417,0
beta_decouple,AVAXUSDT,2026-06-13 07:00:00+00:00,2026-06-13 07:02:00+00:00,SHORT,6.662,6.624,6.56207,6.76193,TIME,0.273816,0.340482,0.106667,0.0,784462.291953,0
beta_decouple,AVAXUSDT,2026-06-13 15:00:00+00:00,2026-06-13 15:02:00+00:00,SHORT,6.749,6.68,6.647765,6.850235,TIME,0.575313,0.64198,0.106667,0.0,874724.54068,0
beta_decouple,AVAXUSDT,2026-06-13 21:00:00+00:00,2026-06-13 21:02:00+00:00,SHORT,6.746,6.72,6.64481,6.84719,TIME,0.150418,0.217085,0.106667,0.0,901039.391108,0
beta_decouple,AVAXUSDT,2026-06-14 00:00:00+00:00,2026-06-14 00:02:00+00:00,LONG,6.698,6.71,6.79847,6.59753,TIME,0.012712,0.079379,0.106667,0.0,903330.252484,0
beta_decouple,AVAXUSDT,2026-06-14 04:00:00+00:00,2026-06-14 04:02:00+00:00,LONG,6.67,6.711,6.77005,6.56995,TIME,0.302895,0.369561,0.106667,0.0,958053.028797,0
beta_decouple,AVAXUSDT,2026-06-14 06:00:00+00:00,2026-06-14 06:02:00+00:00,LONG,6.653,6.683,6.752795,6.553205,TIME,0.193781,0.260448,0.106667,0.0,995183.576746,0
beta_decouple,AVAXUSDT,2026-06-14 12:00:00+00:00,2026-06-14 12:02:00+00:00,LONG,6.602,6.64,6.70103,6.50297,TIME,0.276837,0.343504,0.106667,0.0,1050284.35764,0
beta_decouple,AVAXUSDT,2026-06-14 13:00:00+00:00,2026-06-14 13:02:00+00:00,LONG,6.576,6.602,6.67464,6.47736,TIME,0.156772,0.223439,0.106667,0.0,1083215.389082,0
beta_decouple,AVAXUSDT,2026-06-14 14:00:00+00:00,2026-06-14 14:02:00+00:00,LONG,6.525,6.566,6.622875,6.427125,TIME,0.311996,0.378662,0.106667,0.0,1150807.103081,0
beta_decouple,AVAXUSDT,2026-06-14 17:00:00+00:00,2026-06-14 17:02:00+00:00,LONG,6.467,6.517,6.564005,6.369995,TIME,0.408474,0.47514,0.106667,0.0,1244821.94612,0
beta_decouple,AVAXUSDT,2026-06-14 18:00:00+00:00,2026-06-14 18:02:00+00:00,LONG,6.396,6.456,6.49194,6.30006,TIME,0.518361,0.585028,0.106667,0.0,1373875.395063,0
beta_decouple,AVAXUSDT,2026-06-14 21:00:00+00:00,2026-06-14 21:01:00+00:00,SHORT,6.712,6.61132,6.61132,6.81268,TP,0.893922,0.960588,0.106667,0.0,1619502.748546,0
beta_decouple,AVAXUSDT,2026-06-14 22:00:00+00:00,2026-06-14 22:02:00+00:00,SHORT,6.722,6.748,6.62117,6.82283,TIME,-0.364693,-0.298027,0.106667,0.0,1501378.42172,0
beta_decouple,AVAXUSDT,2026-06-15 05:00:00+00:00,2026-06-15 05:02:00+00:00,SHORT,6.783,6.737,6.681255,6.884745,TIME,0.345703,0.41237,0.106667,0.0,1605184.73063,0
beta_decouple,AVAXUSDT,2026-06-15 10:00:00+00:00,2026-06-15 10:02:00+00:00,SHORT,6.835,6.76,6.732475,6.937525,TIME,0.625289,0.691956,0.106667,0.0,1805925.689657,0
beta_decouple,AVAXUSDT,2026-06-15 11:00:00+00:00,2026-06-15 11:02:00+00:00,SHORT,6.904,6.82,6.80044,7.00756,TIME,0.704932,0.771599,0.106667,0.0,2060536.700526,0
beta_decouple,AVAXUSDT,2026-06-15 15:00:00+00:00,2026-06-15 15:02:00+00:00,SHORT,7.03,6.956,6.92455,7.13545,TIME,0.595497,0.662164,0.106667,0.0,2305945.341834,0
beta_decouple,AVAXUSDT,2026-06-15 18:00:00+00:00,2026-06-15 18:02:00+00:00,LONG,6.973,7.01,7.077595,6.868405,TIME,0.246879,0.313545,0.106667,0.0,2419803.028035,0
beta_decouple,AVAXUSDT,2026-06-15 19:00:00+00:00,2026-06-15 19:02:00+00:00,LONG,6.892,6.978,6.99538,6.78862,TIME,0.724729,0.791395,0.106667,0.0,2770543.181027,0
beta_decouple,AVAXUSDT,2026-06-15 20:00:00+00:00,2026-06-15 20:02:00+00:00,LONG,6.88,6.902,6.9832,6.7768,TIME,0.106396,0.173062,0.106667,0.0,2829497.988112,0
beta_decouple,AVAXUSDT,2026-06-16 02:00:00+00:00,2026-06-16 02:02:00+00:00,LONG,6.766,6.827,6.86749,6.66451,TIME,0.494029,0.560696,0.106667,0.0,3109068.941393,0
beta_decouple,AVAXUSDT,2026-06-16 04:00:00+00:00,2026-06-16 04:02:00+00:00,LONG,6.761,6.83,6.862415,6.659585,TIME,0.57331,0.639977,0.106667,0.0,3465560.976032,0
beta_decouple,AVAXUSDT,2026-06-16 07:00:00+00:00,2026-06-16 07:02:00+00:00,SHORT,6.917,6.85,6.813245,7.020755,TIME,0.539461,0.606128,0.106667,0.0,3839467.911008,0
beta_decouple,AVAXUSDT,2026-06-16 08:00:00+00:00,2026-06-16 08:01:00+00:00,SHORT,7.028,6.92258,6.92258,7.13342,TP,0.893922,0.960588,0.106667,0.0,4525904.501365,0
beta_decouple,AVAXUSDT,2026-06-16 13:00:00+00:00,2026-06-16 13:01:00+00:00,LONG,6.832,6.93448,6.93448,6.72952,TP,0.892746,0.959412,0.106667,0.0,5334000.685533,0
beta_decouple,AVAXUSDT,2026-06-16 14:00:00+00:00,2026-06-16 14:02:00+00:00,LONG,6.756,6.848,6.85734,6.65466,TIME,0.800636,0.867302,0.106667,0.0,6188119.069885,0
beta_decouple,AVAXUSDT,2026-06-16 18:00:00+00:00,2026-06-16 18:02:00+00:00,SHORT,6.874,6.896,6.77089,6.97711,TIME,-0.320171,-0.253504,0.106667,0.0,5791867.697602,0
beta_decouple,AVAXUSDT,2026-06-16 20:00:00+00:00,2026-06-16 20:02:00+00:00,SHORT,6.93,6.844,6.82605,7.03395,TIME,0.721139,0.787805,0.106667,0.0,6627215.684282,0
beta_decouple,AVAXUSDT,2026-06-17 01:00:00+00:00,2026-06-17 01:02:00+00:00,SHORT,6.961,6.911,6.856585,7.065415,TIME,0.372467,0.439134,0.106667,0.0,7120899.688844,0
beta_decouple,AVAXUSDT,2026-06-17 02:00:00+00:00,2026-06-17 02:02:00+00:00,SHORT,6.979,6.963,6.874315,7.083685,TIME,0.046253,0.112919,0.106667,0.0,7186771.616601,0
beta_decouple,AVAXUSDT,2026-06-17 06:00:00+00:00,2026-06-17 06:02:00+00:00,LONG,6.9,6.939,7.0035,6.7965,TIME,0.269931,0.336598,0.106667,0.0,7574757.969594,0
beta_decouple,AVAXUSDT,2026-06-17 08:00:00+00:00,2026-06-17 08:02:00+00:00,LONG,6.805,6.884,6.907075,6.702925,TIME,0.666822,0.733489,0.106667,0.0,8584960.770507,0
beta_decouple,AVAXUSDT,2026-06-17 15:00:00+00:00,2026-06-17 15:01:00+00:00,SHORT,6.964,6.85954,6.85954,7.06846,TP,0.893922,0.960588,0.106667,0.0,10119816.989193,0
beta_decouple,AVAXUSDT,2026-06-17 19:00:00+00:00,2026-06-17 19:01:00+00:00,LONG,6.73,6.83095,6.83095,6.62905,TP,0.892746,0.959412,0.106667,0.0,11926701.224371,0
beta_decouple,AVAXUSDT,2026-06-18 02:00:00+00:00,2026-06-18 02:02:00+00:00,SHORT,6.783,6.777,6.681255,6.884745,TIME,-0.047672,0.018994,0.106667,0.0,11812986.52026,0
beta_decouple,AVAXUSDT,2026-06-18 04:00:00+00:00,2026-06-18 04:02:00+00:00,LONG,6.632,6.7,6.73148,6.53252,TIME,0.57649,0.643156,0.106667,0.0,13174999.775493,0
beta_decouple,AVAXUSDT,2026-06-18 12:00:00+00:00,2026-06-18 12:02:00+00:00,SHORT,6.661,6.621,6.561085,6.760915,TIME,0.293902,0.360569,0.106667,0.0,13949431.256239,0
beta_decouple,AVAXUSDT,2026-06-18 15:00:00+00:00,2026-06-18 15:01:00+00:00,LONG,6.239,6.35396875,6.35396875,6.12403125,TP,0.912583,0.96685,0.086827,0.0,16495433.665318,0
beta_decouple,AVAXUSDT,2026-06-19 00:00:00+00:00,2026-06-19 00:02:00+00:00,SHORT,6.304,6.293,6.20944,6.39856,TIME,0.009719,0.076386,0.106667,0.0,16527498.824823,0
beta_decouple,AVAXUSDT,2026-06-19 03:00:00+00:00,2026-06-19 03:01:00+00:00,LONG,6.145,6.237175,6.237175,6.052825,TP,0.892746,0.959412,0.106667,0.0,19478468.897245,0
beta_decouple,AVAXUSDT,2026-06-19 04:00:00+00:00,2026-06-19 04:02:00+00:00,LONG,6.038,6.112,6.13465625,5.94134375,TIME,0.665202,0.72767,0.09995,0.0,22069890.941987,0
beta_decouple,AVAXUSDT,2026-06-19 08:00:00+00:00,2026-06-19 08:02:00+00:00,SHORT,6.052,5.991,5.96122,6.14278,TIME,0.565679,0.632345,0.106667,0.0,24566784.818676,0
beta_decouple,AVAXUSDT,2026-06-19 09:00:00+00:00,2026-06-19 09:02:00+00:00,SHORT,6.057,6.053,5.966145,6.147855,TIME,-0.062626,0.004041,0.106667,0.0,24259080.674702,0
beta_decouple,AVAXUSDT,2026-06-19 12:00:00+00:00,2026-06-19 12:02:00+00:00,SHORT,6.105,6.056,6.013425,6.196575,TIME,0.428723,0.49539,0.106667,0.0,26339165.889504,0
beta_decouple,AVAXUSDT,2026-06-19 13:00:00+00:00,2026-06-19 13:02:00+00:00,SHORT,6.161,6.096,6.068585,6.253415,TIME,0.597092,0.663759,0.106667,0.0,29484549.514461,0
beta_decouple,AVAXUSDT,2026-06-19 17:00:00+00:00,2026-06-19 17:02:00+00:00,LONG,5.988,6.07782,6.07782,5.89818,TP,0.892746,0.959412,0.106667,0.0,34748989.351258,0
beta_decouple,AVAXUSDT,2026-06-19 18:00:00+00:00,2026-06-19 18:01:00+00:00,LONG,5.914,6.00271,6.00271,5.82529,TP,0.892746,0.959412,0.106667,0.0,40953390.193112,0
beta_decouple,AVAXUSDT,2026-06-20 01:00:00+00:00,2026-06-20 01:02:00+00:00,SHORT,5.934,5.917,5.84499,6.02301,TIME,0.084426,0.151092,0.106667,0.0,41644894.20189,0
beta_decouple,AVAXUSDT,2026-06-20 02:00:00+00:00,2026-06-20 02:02:00+00:00,SHORT,5.935,5.949,5.845975,6.024025,TIME,-0.264032,-0.197366,0.106667,0.0,39445775.170501,0
beta_decouple,AVAXUSDT,2026-06-20 04:00:00+00:00,2026-06-20 04:02:00+00:00,SHORT,5.975,5.931,5.885375,6.064625,TIME,0.38455,0.451217,0.106667,0.0,42479553.114554,0
beta_decouple,AVAXUSDT,2026-06-20 05:00:00+00:00,2026-06-20 05:02:00+00:00,SHORT,6.021,5.986,5.930685,6.111315,TIME,0.281086,0.347753,0.106667,0.0,44867638.420729,0
beta_decouple,AVAXUSDT,2026-06-20 07:00:00+00:00,2026-06-20 07:01:00+00:00,SHORT,6.146,6.05381,6.05381,6.23819,TP,0.893922,0.960588,0.106667,0.0,52889267.83625,0
beta_decouple,AVAXUSDT,2026-06-20 13:00:00+00:00,2026-06-20 13:02:00+00:00,LONG,6.117,6.163,6.208755,6.025245,TIME,0.39438,0.461046,0.106667,0.0,57060958.510529,0
beta_decouple,AVAXUSDT,2026-06-20 18:00:00+00:00,2026-06-20 18:02:00+00:00,LONG,6.085,6.118,6.176275,5.993725,TIME,0.254673,0.32134,0.106667,0.0,59967338.462925,0
beta_decouple,AVAXUSDT,2026-06-20 22:00:00+00:00,2026-06-20 22:02:00+00:00,SHORT,6.237,6.169,6.143445,6.330555,TIME,0.620603,0.687269,0.106667,0.0,67410517.363004,0
beta_decouple,AVAXUSDT,2026-06-21 02:00:00+00:00,2026-06-21 02:02:00+00:00,LONG,6.232,6.24,6.32548,6.13852,TIME,-0.021126,0.04554,0.106667,0.0,67125691.754266,0
beta_decouple,AVAXUSDT,2026-06-21 04:00:00+00:00,2026-06-21 04:02:00+00:00,LONG,6.233,6.255,6.326495,6.139505,TIME,0.128511,0.195178,0.106667,0.0,68850968.218004,0
beta_decouple,AVAXUSDT,2026-06-21 05:00:00+00:00,2026-06-21 05:02:00+00:00,LONG,6.216,6.228,6.30924,6.12276,TIME,0.021968,0.088635,0.106667,0.0,69153475.433098,0
beta_decouple,AVAXUSDT,2026-06-21 09:00:00+00:00,2026-06-21 09:02:00+00:00,SHORT,6.31,6.276,6.21535,6.40465,TIME,0.252755,0.319422,0.106667,0.0,72649254.118592,0
beta_decouple,AVAXUSDT,2026-06-21 16:00:00+00:00,2026-06-21 16:02:00+00:00,LONG,6.268,6.325,6.36202,6.17398,TIME,0.499236,0.565902,0.106667,0.0,79903074.001456,0
beta_decouple,AVAXUSDT,2026-06-21 17:00:00+00:00,2026-06-21 17:02:00+00:00,LONG,6.243,6.276,6.336645,6.149355,TIME,0.245529,0.312195,0.106667,0.0,83826772.593864,0
beta_decouple,AVAXUSDT,2026-06-21 20:00:00+00:00,2026-06-21 20:02:00+00:00,LONG,6.197,6.246,6.289955,6.104045,TIME,0.420166,0.486833,0.106667,0.0,90871003.352535,0
beta_decouple,AVAXUSDT,2026-06-21 21:00:00+00:00,2026-06-21 21:02:00+00:00,LONG,6.169,6.19,6.261535,6.076465,TIME,0.12015,0.186817,0.106667,0.0,93054640.165367,0
beta_decouple,AVAXUSDT,2026-06-21 22:00:00+00:00,2026-06-21 22:02:00+00:00,LONG,6.139,6.182,6.231085,6.046915,TIME,0.360025,0.426692,0.106667,0.0,99755041.612423,0
beta_decouple,AVAXUSDT,2026-06-22 01:00:00+00:00,2026-06-22 01:02:00+00:00,SHORT,6.262,6.213,6.16807,6.35593,TIME,0.415299,0.481966,0.106667,0.0,108040685.242312,0
beta_decouple,AVAXUSDT,2026-06-22 05:00:00+00:00,2026-06-22 05:02:00+00:00,SHORT,6.299,6.267,6.204515,6.393485,TIME,0.232203,0.298869,0.106667,0.0,113058152.890754,0
beta_decouple,AVAXUSDT,2026-06-22 11:00:00+00:00,2026-06-22 11:01:00+00:00,SHORT,6.36,6.2646,6.2646,6.4554,TP,0.893922,0.960588,0.106667,0.0,133271175.835904,0
beta_decouple,AVAXUSDT,2026-06-22 12:00:00+00:00,2026-06-22 12:02:00+00:00,SHORT,6.401,6.372,6.304985,6.497015,TIME,0.195539,0.262205,0.106667,0.0,138483111.555701,0
beta_decouple,AVAXUSDT,2026-06-22 13:00:00+00:00,2026-06-22 13:02:00+00:00,SHORT,6.459,6.393,6.362115,6.555885,TIME,0.57495,0.641617,0.106667,0.0,154407289.746246,0
beta_decouple,AVAXUSDT,2026-06-22 21:00:00+00:00,2026-06-22 21:02:00+00:00,LONG,6.246,6.275,6.33969,6.15231,TIME,0.202691,0.269358,0.106667,0.0,160666686.428326,0
beta_decouple,AVAXUSDT,2026-06-22 22:00:00+00:00,2026-06-22 22:02:00+00:00,LONG,6.207,6.262,6.300105,6.113895,TIME,0.483722,0.550389,0.106667,0.0,176210285.159647,0
beta_decouple,AVAXUSDT,2026-06-23 02:00:00+00:00,2026-06-23 02:02:00+00:00,SHORT,6.298,6.26,6.20353,6.39247,TIME,0.295807,0.362474,0.106667,0.0,186635126.94167,0
beta_decouple,AVAXUSDT,2026-06-23 05:00:00+00:00,2026-06-23 05:02:00+00:00,LONG,6.234,6.268,6.32751,6.14049,TIME,0.256725,0.323391,0.106667,0.0,196217896.817242,0
beta_decouple,AVAXUSDT,2026-06-23 06:00:00+00:00,2026-06-23 06:02:00+00:00,LONG,6.163,6.237,6.255445,6.070555,TIME,0.693341,0.760008,0.106667,0.0,223427085.140764,0
beta_decouple,AVAXUSDT,2026-06-23 11:00:00+00:00,2026-06-23 11:02:00+00:00,SHORT,6.253,6.208,6.159205,6.346795,TIME,0.373379,0.440046,0.106667,0.0,240111680.950631,0
beta_decouple,AVAXUSDT,2026-06-23 14:00:00+00:00,2026-06-23 14:02:00+00:00,SHORT,6.322,6.283,6.22717,6.41683,TIME,0.30483,0.371497,0.106667,0.0,254750349.856806,0
beta_decouple,AVAXUSDT,2026-06-23 15:00:00+00:00,2026-06-23 15:02:00+00:00,SHORT,6.367,6.324,6.271495,6.462505,TIME,0.34383,0.410496,0.106667,0.0,272268500.245513,0
beta_decouple,AVAXUSDT,2026-06-23 20:00:00+00:00,2026-06-23 20:02:00+00:00,SHORT,6.409,6.368,6.312865,6.505135,TIME,0.320061,0.386728,0.106667,0.0,289696999.808742,0
beta_decouple,AVAXUSDT,2026-06-24 02:00:00+00:00,2026-06-24 02:02:00+00:00,LONG,6.434,6.451,6.53051,6.33749,TIME,0.069387,0.136054,0.106667,0.0,293717253.838366,0
beta_decouple,AVAXUSDT,2026-06-24 03:00:00+00:00,2026-06-24 03:02:00+00:00,LONG,6.413,6.425,6.509195,6.316805,TIME,0.018017,0.084684,0.106667,0.0,294775641.209388,0
beta_decouple,AVAXUSDT,2026-06-24 06:00:00+00:00,2026-06-24 06:02:00+00:00,LONG,6.417,6.438,6.513255,6.320745,TIME,0.111385,0.178052,0.106667,0.0,301342355.300601,0
beta_decouple,AVAXUSDT,2026-06-24 07:00:00+00:00,2026-06-24 07:02:00+00:00,LONG,6.389,6.41,6.484835,6.293165,TIME,0.112341,0.179007,0.106667,0.0,308112946.502866,0
beta_decouple,AVAXUSDT,2026-06-24 13:00:00+00:00,2026-06-24 13:01:00+00:00,LONG,6.301,6.395515,6.395515,6.206485,TP,0.892746,0.959412,0.106667,0.0,363126236.395834,0
beta_decouple,AVAXUSDT,2026-06-24 15:00:00+00:00,2026-06-24 15:01:00+00:00,LONG,6.23,6.32345,6.32345,6.13655,TP,0.892746,0.959412,0.106667,0.0,427962099.793741,0
beta_decouple,AVAXUSDT,2026-06-24 16:00:00+00:00,2026-06-24 16:01:00+00:00,LONG,6.139,6.231085,6.231085,6.046915,TP,0.892746,0.959412,0.106667,0.0,504374348.374596,0
beta_decouple,AVAXUSDT,2026-06-24 17:00:00+00:00,2026-06-24 17:01:00+00:00,LONG,6.018,6.10827,6.10827,5.92773,TP,0.892746,0.959412,0.106667,0.0,594429935.316479,0
beta_decouple,AVAXUSDT,2026-06-24 20:00:00+00:00,2026-06-24 20:01:00+00:00,SHORT,6.334,6.23899,6.23899,6.42901,TP,0.893922,0.960588,0.106667,0.0,700704676.364532,0
beta_decouple,AVAXUSDT,2026-06-24 21:00:00+00:00,2026-06-24 21:02:00+00:00,SHORT,6.376,6.318,6.28036,6.47164,TIME,0.500126,0.566793,0.106667,0.0,770792819.018155,0
beta_decouple,LINKUSDT,2026-05-15 05:00:00+00:00,2026-05-15 05:02:00+00:00,LONG,10.221,10.339,10.374315,10.067685,TIME,0.662541,0.729208,0.106667,0.0,7.927557,0
beta_decouple,LINKUSDT,2026-05-15 13:00:00+00:00,2026-05-15 13:01:00+00:00,LONG,10.007,10.157105,10.157105,9.856895,TP,0.892746,0.959412,0.106667,0.0,9.343016,0
beta_decouple,LINKUSDT,2026-05-16 00:00:00+00:00,2026-05-16 00:02:00+00:00,SHORT,10.074,10.058,9.92289,10.22511,TIME,-0.000732,0.065935,0.106667,0.0,9.341648,0
beta_decouple,LINKUSDT,2026-05-16 05:00:00+00:00,2026-05-16 05:02:00+00:00,LONG,9.946,9.986,10.09519,9.79681,TIME,0.161299,0.227966,0.106667,0.0,9.643007,0
beta_decouple,LINKUSDT,2026-05-16 06:00:00+00:00,2026-05-16 06:02:00+00:00,LONG,9.881,9.953,10.029215,9.732785,TIME,0.378835,0.445501,0.106667,0.0,10.373629,0
beta_decouple,LINKUSDT,2026-05-16 07:00:00+00:00,2026-05-16 07:02:00+00:00,LONG,9.815,9.871,9.962225,9.667775,TIME,0.273487,0.340154,0.106667,0.0,10.94104,0
beta_decouple,LINKUSDT,2026-05-16 09:00:00+00:00,2026-05-16 09:02:00+00:00,LONG,9.676,9.795,9.82114,9.53086,TIME,0.712752,0.779418,0.106667,0.0,12.500689,0
beta_decouple,LINKUSDT,2026-05-16 14:00:00+00:00,2026-05-16 14:02:00+00:00,SHORT,9.659,9.63,9.514115,9.803885,TIME,0.0936,0.160267,0.106667,0.0,12.734702,0
beta_decouple,LINKUSDT,2026-05-16 15:00:00+00:00,2026-05-16 15:02:00+00:00,SHORT,9.702,9.678,9.55647,9.84753,TIME,0.058335,0.125001,0.106667,0.0,12.883277,0
beta_decouple,LINKUSDT,2026-05-16 16:00:00+00:00,2026-05-16 16:02:00+00:00,SHORT,9.745,9.713,9.598825,9.891175,TIME,0.112368,0.179035,0.106667,0.0,13.172812,0
beta_decouple,LINKUSDT,2026-05-16 17:00:00+00:00,2026-05-16 17:02:00+00:00,SHORT,9.761,9.758,9.614585,9.907415,TIME,-0.086177,-0.01951,0.106667,0.0,12.945774,0
beta_decouple,LINKUSDT,2026-05-16 21:00:00+00:00,2026-05-16 21:02:00+00:00,SHORT,9.753,9.743,9.606705,9.899295,TIME,-0.038283,0.028384,0.106667,0.0,12.846654,0
beta_decouple,LINKUSDT,2026-05-17 01:00:00+00:00,2026-05-17 01:02:00+00:00,LONG,9.624,9.654,9.76836,9.47964,TIME,0.101034,0.167701,0.106667,0.0,13.106245,0
beta_decouple,LINKUSDT,2026-05-17 03:00:00+00:00,2026-05-17 03:02:00+00:00,SHORT,9.717,9.664,9.571245,9.862755,TIME,0.257163,0.32383,0.106667,0.0,13.780335,0
beta_decouple,LINKUSDT,2026-05-17 04:00:00+00:00,2026-05-17 04:02:00+00:00,SHORT,9.763,9.727,9.616555,9.909445,TIME,0.139295,0.205962,0.106667,0.0,14.164241,0
beta_decouple,LINKUSDT,2026-05-17 09:00:00+00:00,2026-05-17 09:02:00+00:00,SHORT,9.785,9.751,9.638225,9.931775,TIME,0.125107,0.191774,0.106667,0.0,14.518651,0
beta_decouple,LINKUSDT,2026-05-17 10:00:00+00:00,2026-05-17 10:02:00+00:00,SHORT,9.806,9.797,9.65891,9.95309,TIME,-0.045455,0.021212,0.106667,0.0,14.386663,0
beta_decouple,LINKUSDT,2026-05-17 12:00:00+00:00,2026-05-17 12:02:00+00:00,LONG,9.758,9.793,9.90437,9.61163,TIME,0.132322,0.198989,0.106667,0.0,14.767397,0
beta_decouple,LINKUSDT,2026-05-17 14:00:00+00:00,2026-05-17 14:02:00+00:00,LONG,9.717,9.74,9.862755,9.571245,TIME,0.05105,0.117716,0.106667,0.0,14.918171,0
beta_decouple,LINKUSDT,2026-05-17 19:00:00+00:00,2026-05-17 19:02:00+00:00,SHORT,9.746,9.727,9.59981,9.89219,TIME,0.023367,0.090034,0.106667,0.0,14.98789,0
beta_decouple,LINKUSDT,2026-05-17 23:00:00+00:00,2026-05-17 23:02:00+00:00,LONG,9.561,9.675,9.704415,9.417585,TIME,0.687764,0.754431,0.106667,0.0,17.049518,0
beta_decouple,LINKUSDT,2026-05-18 00:00:00+00:00,2026-05-18 00:02:00+00:00,LONG,9.513,9.517,9.655695,9.370305,TIME,-0.07864,-0.011973,0.106667,0.0,16.781364,0
beta_decouple,LINKUSDT,2026-05-18 04:00:00+00:00,2026-05-18 04:02:00+00:00,SHORT,9.56,9.523,9.4166,9.7034,TIME,0.151496,0.218162,0.106667,0.0,17.289825,0
beta_decouple,LINKUSDT,2026-05-18 10:00:00+00:00,2026-05-18 10:02:00+00:00,LONG,9.403,9.428,9.544045,9.261955,TIME,0.070487,0.137154,0.106667,0.0,17.533568,0
beta_decouple,LINKUSDT,2026-05-18 11:00:00+00:00,2026-05-18 11:02:00+00:00,SHORT,9.51,9.411,9.36735,9.65265,TIME,0.587744,0.654411,0.106667,0.0,19.594619,0
beta_decouple,LINKUSDT,2026-05-18 12:00:00+00:00,2026-05-18 12:02:00+00:00,SHORT,9.572,9.538,9.42842,9.71558,TIME,0.130265,0.196932,0.106667,0.0,20.105118,0
beta_decouple,LINKUSDT,2026-05-18 18:00:00+00:00,2026-05-18 18:02:00+00:00,LONG,9.323,9.411,9.462845,9.183155,TIME,0.522236,0.588903,0.106667,0.0,22.205042,0
beta_decouple,LINKUSDT,2026-05-18 19:00:00+00:00,2026-05-18 19:01:00+00:00,SHORT,9.506,9.36341,9.36341,9.64859,TP,0.893922,0.960588,0.106667,0.0,26.174954,0
beta_decouple,LINKUSDT,2026-05-18 21:00:00+00:00,2026-05-18 21:02:00+00:00,SHORT,9.566,9.477,9.42251,9.70949,TIME,0.513946,0.580613,0.106667,0.0,28.865456,0
beta_decouple,LINKUSDT,2026-05-19 03:00:00+00:00,2026-05-19 03:02:00+00:00,SHORT,9.698,9.64,9.55253,9.84347,TIME,0.292268,0.358935,0.106667,0.0,30.552748,0
beta_decouple,LINKUSDT,2026-05-19 04:00:00+00:00,2026-05-19 04:02:00+00:00,SHORT,9.727,9.689,9.581095,9.872905,TIME,0.153921,0.220588,0.106667,0.0,31.49329,0
beta_decouple,LINKUSDT,2026-05-19 08:00:00+00:00,2026-05-19 08:02:00+00:00,LONG,9.733,9.766,9.878995,9.587005,TIME,0.119245,0.185912,0.106667,0.0,32.244373,0
beta_decouple,LINKUSDT,2026-05-19 09:00:00+00:00,2026-05-19 09:02:00+00:00,LONG,9.603,9.732,9.747045,9.458955,TIME,0.788362,0.855028,0.106667,0.0,37.328418,0
beta_decouple,LINKUSDT,2026-05-19 10:00:00+00:00,2026-05-19 10:02:00+00:00,LONG,9.599,9.593,9.742985,9.455015,TIME,-0.148301,-0.081634,0.106667,0.0,36.221252,0
beta_decouple,LINKUSDT,2026-05-19 14:00:00+00:00,2026-05-19 14:02:00+00:00,LONG,9.48,9.543,9.6222,9.3378,TIME,0.336118,0.402784,0.106667,0.0,38.656172,0
beta_decouple,LINKUSDT,2026-05-20 00:00:00+00:00,2026-05-20 00:02:00+00:00,SHORT,9.468,9.448,9.32598,9.61002,TIME,0.034231,0.100898,0.106667,0.0,38.92082,0
beta_decouple,LINKUSDT,2026-05-20 03:00:00+00:00,2026-05-20 03:02:00+00:00,SHORT,9.486,9.444,9.34371,9.62829,TIME,0.18867,0.255337,0.106667,0.0,40.389461,0
beta_decouple,LINKUSDT,2026-05-20 04:00:00+00:00,2026-05-20 04:02:00+00:00,SHORT,9.5,9.495,9.3575,9.6425,TIME,-0.07157,-0.004903,0.106667,0.0,39.811327,0
beta_decouple,LINKUSDT,2026-05-20 05:00:00+00:00,2026-05-20 05:02:00+00:00,SHORT,9.575,9.516,9.431375,9.718625,TIME,0.30436,0.371027,0.106667,0.0,42.234721,0
beta_decouple,LINKUSDT,2026-05-20 06:00:00+00:00,2026-05-20 06:02:00+00:00,SHORT,9.62,9.58,9.4757,9.7643,TIME,0.170688,0.237355,0.106667,0.0,43.676513,0
beta_decouple,LINKUSDT,2026-05-20 11:00:00+00:00,2026-05-20 11:02:00+00:00,LONG,9.541,9.593,9.684115,9.397885,TIME,0.256472,0.323138,0.106667,0.0,45.91687,0
beta_decouple,LINKUSDT,2026-05-20 13:00:00+00:00,2026-05-20 13:02:00+00:00,LONG,9.529,9.595,9.671935,9.386065,TIME,0.354817,0.421483,0.106667,0.0,49.175284,0
beta_decouple,LINKUSDT,2026-05-20 21:00:00+00:00,2026-05-20 21:02:00+00:00,LONG,9.612,9.635,9.75618,9.46782,TIME,0.052772,0.119439,0.106667,0.0,49.694305,0
beta_decouple,LINKUSDT,2026-05-21 00:00:00+00:00,2026-05-21 00:02:00+00:00,SHORT,9.696,9.636,9.55056,9.84144,TIME,0.30611,0.372777,0.106667,0.0,52.736691,0
beta_decouple,LINKUSDT,2026-05-21 05:00:00+00:00,2026-05-21 05:02:00+00:00,LONG,9.683,9.742,9.828245,9.537755,TIME,0.299312,0.365979,0.106667,0.0,55.893635,0
beta_decouple,LINKUSDT,2026-05-21 06:00:00+00:00,2026-05-21 06:02:00+00:00,LONG,9.639,9.677,9.783585,9.494415,TIME,0.156009,0.222676,0.106667,0.0,57.637615,0
beta_decouple,LINKUSDT,2026-05-21 09:00:00+00:00,2026-05-21 09:02:00+00:00,LONG,9.612,9.665,9.75618,9.46782,TIME,0.260721,0.327388,0.106667,0.0,60.643081,0
beta_decouple,LINKUSDT,2026-05-21 10:00:00+00:00,2026-05-21 10:02:00+00:00,LONG,9.549,9.616,9.692235,9.405765,TIME,0.360828,0.427494,0.106667,0.0,65.01942,0
beta_decouple,LINKUSDT,2026-05-21 15:00:00+00:00,2026-05-21 15:02:00+00:00,SHORT,9.643,9.601,9.498355,9.787645,TIME,0.183862,0.250528,0.106667,0.0,67.410336,0
beta_decouple,LINKUSDT,2026-05-21 17:00:00+00:00,2026-05-21 17:01:00+00:00,SHORT,9.805,9.657925,9.657925,9.952075,TP,0.893922,0.960588,0.106667,0.0,79.462246,0
beta_decouple,LINKUSDT,2026-05-21 22:00:00+00:00,2026-05-21 22:02:00+00:00,LONG,9.728,9.766,9.87392,9.58208,TIME,0.153606,0.220272,0.106667,0.0,81.903418,0
beta_decouple,LINKUSDT,2026-05-22 00:00:00+00:00,2026-05-22 00:02:00+00:00,LONG,9.714,9.747,9.85971,9.56829,TIME,0.119687,0.186353,0.106667,0.0,83.863968,0
beta_decouple,LINKUSDT,2026-05-22 03:00:00+00:00,2026-05-22 03:02:00+00:00,SHORT,9.821,9.806,9.673685,9.968315,TIME,-0.004795,0.061872,0.106667,0.0,83.783544,0
beta_decouple,LINKUSDT,2026-05-22 06:00:00+00:00,2026-05-22 06:02:00+00:00,LONG,9.776,9.821,9.92264,9.62936,TIME,0.200035,0.266702,0.106667,0.0,87.135476,0
beta_decouple,LINKUSDT,2026-05-22 11:00:00+00:00,2026-05-22 11:02:00+00:00,SHORT,9.887,9.824,9.738695,10.035305,TIME,0.318377,0.385043,0.106667,0.0,92.683854,0
beta_decouple,LINKUSDT,2026-05-22 12:00:00+00:00,2026-05-22 12:02:00+00:00,SHORT,9.994,9.894,9.84409,10.14391,TIME,0.560789,0.627455,0.106667,0.0,103.079064,0
beta_decouple,LINKUSDT,2026-05-22 14:00:00+00:00,2026-05-22 14:01:00+00:00,LONG,9.775,9.921625,9.921625,9.628375,TP,0.892746,0.959412,0.106667,0.0,121.483738,0
beta_decouple,LINKUSDT,2026-05-22 18:00:00+00:00,2026-05-22 18:01:00+00:00,LONG,9.607,9.751105,9.751105,9.462895,TP,0.892746,0.959412,0.106667,0.0,143.174551,0
beta_decouple,LINKUSDT,2026-05-22 19:00:00+00:00,2026-05-22 19:01:00+00:00,LONG,9.461,9.602915,9.602915,9.319085,TP,0.892746,0.959412,0.106667,0.0,168.738238,0
beta_decouple,LINKUSDT,2026-05-23 07:00:00+00:00,2026-05-23 07:01:00+00:00,LONG,9.122,9.25883,9.25883,8.98517,TP,0.892746,0.959412,0.106667,0.0,198.866299,0
beta_decouple,LINKUSDT,2026-05-23 13:00:00+00:00,2026-05-23 13:02:00+00:00,SHORT,9.263,9.208,9.124055,9.401945,TIME,0.289399,0.356066,0.106667,0.0,210.37664,0
beta_decouple,LINKUSDT,2026-05-23 14:00:00+00:00,2026-05-23 14:02:00+00:00,SHORT,9.312,9.254,9.17232,9.45168,TIME,0.308805,0.375472,0.106667,0.0,223.369727,0
beta_decouple,LINKUSDT,2026-05-23 18:00:00+00:00,2026-05-23 18:02:00+00:00,SHORT,9.377,9.305,9.236345,9.517655,TIME,0.405519,0.472186,0.106667,0.0,241.485877,0
beta_decouple,LINKUSDT,2026-05-23 19:00:00+00:00,2026-05-23 19:02:00+00:00,SHORT,9.4,9.364,9.259,9.541,TIME,0.148794,0.21546,0.106667,0.0,248.672193,0
beta_decouple,LINKUSDT,2026-05-23 20:00:00+00:00,2026-05-23 20:01:00+00:00,SHORT,9.752,9.60572,9.60572,9.89828,TP,0.893922,0.960588,0.106667,0.0,293.130877,0
beta_decouple,LINKUSDT,2026-05-24 03:00:00+00:00,2026-05-24 03:02:00+00:00,LONG,9.535,9.557,9.678025,9.391975,TIME,0.047072,0.113739,0.106667,0.0,295.890548,0
beta_decouple,LINKUSDT,2026-05-24 04:00:00+00:00,2026-05-24 04:02:00+00:00,LONG,9.525,9.558,9.667875,9.382125,TIME,0.124178,0.190845,0.106667,0.0,303.239162,0
beta_decouple,LINKUSDT,2026-05-24 07:00:00+00:00,2026-05-24 07:02:00+00:00,LONG,9.554,9.605,9.69731,9.41069,TIME,0.249004,0.31567,0.106667,0.0,318.3407,0
beta_decouple,LINKUSDT,2026-05-24 12:00:00+00:00,2026-05-24 12:02:00+00:00,LONG,9.541,9.583,9.684115,9.397885,TIME,0.18664,0.253306,0.106667,0.0,330.223696,0
beta_decouple,LINKUSDT,2026-05-24 13:00:00+00:00,2026-05-24 13:02:00+00:00,LONG,9.489,9.546,9.631335,9.346665,TIME,0.293569,0.360235,0.106667,0.0,349.612372,0
beta_decouple,LINKUSDT,2026-05-24 14:00:00+00:00,2026-05-24 14:02:00+00:00,LONG,9.434,9.472,9.57551,9.29249,TIME,0.161717,0.228383,0.106667,0.0,360.919991,0
beta_decouple,LINKUSDT,2026-05-24 20:00:00+00:00,2026-05-24 20:02:00+00:00,LONG,9.393,9.413,9.533895,9.252105,TIME,0.03521,0.101877,0.106667,0.0,363.461579,0
beta_decouple,LINKUSDT,2026-05-24 21:00:00+00:00,2026-05-24 21:02:00+00:00,LONG,9.279,9.401,9.418185,9.139815,TIME,0.769351,0.836017,0.106667,0.0,419.387471,0
beta_decouple,LINKUSDT,2026-05-25 00:00:00+00:00,2026-05-25 00:02:00+00:00,SHORT,9.471,9.435,9.328935,9.613065,TIME,0.146879,0.213545,0.106667,0.0,431.707276,0
beta_decouple,LINKUSDT,2026-05-25 04:00:00+00:00,2026-05-25 04:02:00+00:00,SHORT,9.469,9.395,9.326965,9.611035,TIME,0.414632,0.481299,0.106667,0.0,467.507238,0
beta_decouple,LINKUSDT,2026-05-25 05:00:00+00:00,2026-05-25 05:02:00+00:00,SHORT,9.507,9.475,9.364395,9.649605,TIME,0.117852,0.184519,0.106667,0.0,478.526577,0
beta_decouple,LINKUSDT,2026-05-25 10:00:00+00:00,2026-05-25 10:02:00+00:00,SHORT,9.581,9.528,9.437285,9.724715,TIME,0.262328,0.328995,0.106667,0.0,503.632771,0
beta_decouple,LINKUSDT,2026-05-25 14:00:00+00:00,2026-05-25 14:02:00+00:00,SHORT,9.609,9.578,9.464865,9.753135,TIME,0.108527,0.175193,0.106667,0.0,514.564277,0
beta_decouple,LINKUSDT,2026-05-25 16:00:00+00:00,2026-05-25 16:02:00+00:00,SHORT,9.642,9.593,9.49737,9.78663,TIME,0.23232,0.298987,0.106667,0.0,538.473014,0
beta_decouple,LINKUSDT,2026-05-25 18:00:00+00:00,2026-05-25 18:02:00+00:00,LONG,9.568,9.607,9.71152,9.42448,TIME,0.164921,0.231588,0.106667,0.0,556.234166,0
beta_decouple,LINKUSDT,2026-05-25 19:00:00+00:00,2026-05-25 19:02:00+00:00,LONG,9.548,9.548,9.69122,9.40478,TIME,-0.106655,-0.039988,0.106667,0.0,544.369172,0
beta_decouple,LINKUSDT,2026-05-25 20:00:00+00:00,2026-05-25 20:02:00+00:00,LONG,9.498,9.56,9.64047,9.35553,TIME,0.328264,0.39493,0.106667,0.0,580.108492,0
beta_decouple,LINKUSDT,2026-05-25 22:00:00+00:00,2026-05-25 22:02:00+00:00,LONG,9.451,9.499,9.592765,9.309235,TIME,0.231731,0.298397,0.106667,0.0,606.994287,0
beta_decouple,LINKUSDT,2026-05-26 01:00:00+00:00,2026-05-26 01:02:00+00:00,LONG,9.402,9.414,9.54303,9.26097,TIME,-0.021617,0.045049,0.106667,0.0,604.369956,0
beta_decouple,LINKUSDT,2026-05-26 05:00:00+00:00,2026-05-26 05:02:00+00:00,SHORT,9.521,9.444,9.378185,9.663815,TIME,0.432804,0.499471,0.106667,0.0,656.6847,0
beta_decouple,LINKUSDT,2026-05-26 10:00:00+00:00,2026-05-26 10:02:00+00:00,SHORT,9.597,9.476,9.453045,9.740955,TIME,0.734366,0.801033,0.106667,0.0,753.134116,0
beta_decouple,LINKUSDT,2026-05-26 15:00:00+00:00,2026-05-26 15:02:00+00:00,LONG,9.469,9.508,9.611035,9.326965,TIME,0.167761,0.234428,0.106667,0.0,778.403399,0
beta_decouple,LINKUSDT,2026-05-26 16:00:00+00:00,2026-05-26 16:02:00+00:00,LONG,9.445,9.474,9.586675,9.303325,TIME,0.097916,0.164583,0.106667,0.0,793.647089,0
beta_decouple,LINKUSDT,2026-05-26 17:00:00+00:00,2026-05-26 17:02:00+00:00,LONG,9.385,9.45,9.525775,9.244225,TIME,0.354798,0.421465,0.106667,0.0,849.963982,0
beta_decouple,LINKUSDT,2026-05-27 00:00:00+00:00,2026-05-27 00:02:00+00:00,SHORT,9.448,9.405,9.30628,9.58972,TIME,0.196919,0.263585,0.106667,0.0,883.438729,0
beta_decouple,LINKUSDT,2026-05-27 09:00:00+00:00,2026-05-27 09:02:00+00:00,LONG,9.346,9.363,9.48619,9.20581,TIME,0.014537,0.081203,0.106667,0.0,886.007167,0
beta_decouple,LINKUSDT,2026-05-27 15:00:00+00:00,2026-05-27 15:02:00+00:00,SHORT,9.429,9.379,9.287565,9.570435,TIME,0.247053,0.313719,0.106667,0.0,929.785275,0
beta_decouple,LINKUSDT,2026-05-27 17:00:00+00:00,2026-05-27 17:02:00+00:00,LONG,9.251,9.331,9.389765,9.112235,TIME,0.469514,0.53618,0.106667,0.0,1017.094674,0
beta_decouple,LINKUSDT,2026-05-27 21:00:00+00:00,2026-05-27 21:01:00+00:00,LONG,9.167,9.304505,9.304505,9.029495,TP,0.892746,0.959412,0.106667,0.0,1198.696015,0
beta_decouple,LINKUSDT,2026-05-28 03:00:00+00:00,2026-05-28 03:01:00+00:00,LONG,8.884,9.01726,9.01726,8.75074,TP,0.892746,0.959412,0.106667,0.0,1412.722112,0
beta_decouple,LINKUSDT,2026-05-28 09:00:00+00:00,2026-05-28 09:02:00+00:00,SHORT,8.916,8.876,8.78226,9.04974,TIME,0.192589,0.259255,0.106667,0.0,1467.136952,0
beta_decouple,LINKUSDT,2026-05-28 12:00:00+00:00,2026-05-28 12:02:00+00:00,SHORT,8.885,8.857,8.751725,9.018275,TIME,0.103539,0.170206,0.106667,0.0,1497.51823,0
beta_decouple,LINKUSDT,2026-05-28 14:00:00+00:00,2026-05-28 14:02:00+00:00,SHORT,8.911,8.824,8.777335,9.044665,TIME,0.544593,0.61126,0.106667,0.0,1660.625791,0
beta_decouple,LINKUSDT,2026-05-28 16:00:00+00:00,2026-05-28 16:02:00+00:00,SHORT,8.996,8.887,8.86106,9.13094,TIME,0.701573,0.768239,0.106667,0.0,1893.635685,0
beta_decouple,LINKUSDT,2026-05-28 17:00:00+00:00,2026-05-28 17:02:00+00:00,SHORT,9.023,8.979,8.887655,9.158345,TIME,0.218612,0.285278,0.106667,0.0,1976.42982,0
beta_decouple,LINKUSDT,2026-05-29 02:00:00+00:00,2026-05-29 02:02:00+00:00,LONG,8.951,9.027,9.085265,8.816735,TIME,0.459051,0.525717,0.106667,0.0,2157.886066,0
beta_decouple,LINKUSDT,2026-05-29 10:00:00+00:00,2026-05-29 10:02:00+00:00,LONG,8.987,9.015,9.121805,8.852195,TIME,0.100928,0.167595,0.106667,0.0,2201.444366,0
beta_decouple,LINKUSDT,2026-05-29 11:00:00+00:00,2026-05-29 11:02:00+00:00,LONG,8.94,8.985,9.0741,8.8059,TIME,0.228715,0.295381,0.106667,0.0,2302.144823,0
beta_decouple,LINKUSDT,2026-05-29 12:00:00+00:00,2026-05-29 12:02:00+00:00,LONG,8.886,8.931,9.01929,8.75271,TIME,0.230753,0.297419,0.106667,0.0,2408.389979,0
beta_decouple,LINKUSDT,2026-05-29 15:00:00+00:00,2026-05-29 15:01:00+00:00,SHORT,9.064,8.92804,8.92804,9.19996,TP,0.893922,0.960588,0.106667,0.0,2838.972301,0
beta_decouple,LINKUSDT,2026-05-29 16:00:00+00:00,2026-05-29 16:02:00+00:00,SHORT,9.097,9.066,8.960545,9.233455,TIME,0.120639,0.187305,0.106667,0.0,2907.470344,0
beta_decouple,LINKUSDT,2026-05-29 23:00:00+00:00,2026-05-29 23:02:00+00:00,SHORT,9.017,8.983,8.881745,9.152255,TIME,0.144849,0.211516,0.106667,0.0,2991.699312,0
beta_decouple,LINKUSDT,2026-05-30 00:00:00+00:00,2026-05-30 00:02:00+00:00,SHORT,9.099,9.023,8.962515,9.235485,TIME,0.450493,0.51716,0.106667,0.0,3261.247399,0
beta_decouple,LINKUSDT,2026-05-30 01:00:00+00:00,2026-05-30 01:02:00+00:00,SHORT,9.185,9.093,9.047225,9.322775,TIME,0.561478,0.628144,0.106667,0.0,3627.470808,0
beta_decouple,LINKUSDT,2026-05-30 02:00:00+00:00,2026-05-30 02:02:00+00:00,SHORT,9.269,9.204,9.129965,9.408035,TIME,0.36111,0.427777,0.106667,0.0,3889.454077,0
beta_decouple,LINKUSDT,2026-05-30 14:00:00+00:00,2026-05-30 14:02:00+00:00,SHORT,9.214,9.183,9.07579,9.35221,TIME,0.117752,0.184419,0.106667,0.0,3981.052516,0
beta_decouple,LINKUSDT,2026-05-30 16:00:00+00:00,2026-05-30 16:02:00+00:00,SHORT,9.236,9.188,9.09746,9.37454,TIME,0.24,0.306666,0.106667,0.0,4172.142725,0
beta_decouple,LINKUSDT,2026-05-30 21:00:00+00:00,2026-05-30 21:02:00+00:00,LONG,9.259,9.253,9.397885,9.120115,TIME,-0.14983,-0.083163,0.106667,0.0,4047.120323,0
beta_decouple,LINKUSDT,2026-05-30 22:00:00+00:00,2026-05-30 22:02:00+00:00,LONG,9.188,9.227,9.32582,9.05018,TIME,0.176153,0.24282,0.106667,0.0,4189.703117,0
beta_decouple,LINKUSDT,2026-05-30 23:00:00+00:00,2026-05-30 23:02:00+00:00,LONG,9.187,9.201,9.324805,9.049195,TIME,-0.005123,0.061544,0.106667,0.0,4185.410534,0
beta_decouple,LINKUSDT,2026-05-31 06:00:00+00:00,2026-05-31 06:02:00+00:00,LONG,9.222,9.222,9.36033,9.08367,TIME,-0.106655,-0.039988,0.106667,0.0,4096.131818,0
beta_decouple,LINKUSDT,2026-05-31 07:00:00+00:00,2026-05-31 07:02:00+00:00,LONG,9.197,9.212,9.334955,9.059045,TIME,0.002011,0.068678,0.106667,0.0,4097.779461,0
beta_decouple,LINKUSDT,2026-05-31 14:00:00+00:00,2026-05-31 14:02:00+00:00,LONG,9.094,9.172,9.23041,8.95759,TIME,0.464808,0.531475,0.106667,0.0,4478.715543,0
beta_decouple,LINKUSDT,2026-05-31 16:00:00+00:00,2026-05-31 16:02:00+00:00,LONG,9.028,9.104,9.16342,8.89258,TIME,0.454226,0.520892,0.106667,0.0,4885.585044,0
beta_decouple,LINKUSDT,2026-05-31 20:00:00+00:00,2026-05-31 20:02:00+00:00,SHORT,9.091,9.053,8.954635,9.227365,TIME,0.172152,0.238819,0.106667,0.0,5053.798139,0
beta_decouple,LINKUSDT,2026-05-31 21:00:00+00:00,2026-05-31 21:02:00+00:00,SHORT,9.135,9.085,8.997975,9.272025,TIME,0.258437,0.325104,0.106667,0.0,5315.016078,0
beta_decouple,LINKUSDT,2026-05-31 22:00:00+00:00,2026-05-31 22:02:00+00:00,SHORT,9.152,9.119,9.01472,9.28928,TIME,0.13385,0.200517,0.106667,0.0,5457.299291,0
beta_decouple,LINKUSDT,2026-06-01 01:00:00+00:00,2026-06-01 01:02:00+00:00,LONG,9.038,9.157,9.17357,8.90243,TIME,0.770594,0.837261,0.106667,0.0,6298.371864,0
beta_decouple,LINKUSDT,2026-06-01 07:00:00+00:00,2026-06-01 07:02:00+00:00,LONG,8.961,8.995,9.095415,8.826585,TIME,0.146142,0.212808,0.106667,0.0,6482.462649,0
beta_decouple,LINKUSDT,2026-06-01 13:00:00+00:00,2026-06-01 13:02:00+00:00,LONG,8.902,8.975,9.03553,8.76847,TIME,0.439711,0.506378,0.106667,0.0,7052.544726,0
beta_decouple,LINKUSDT,2026-06-01 14:00:00+00:00,2026-06-01 14:02:00+00:00,LONG,8.874,8.921,9.00711,8.74089,TIME,0.246225,0.312892,0.106667,0.0,7399.847244,0
beta_decouple,LINKUSDT,2026-06-01 16:00:00+00:00,2026-06-01 16:02:00+00:00,SHORT,9.003,8.913,8.867955,9.138045,TIME,0.560166,0.626833,0.106667,0.0,8228.875566,0
beta_decouple,LINKUSDT,2026-06-01 17:00:00+00:00,2026-06-01 17:02:00+00:00,SHORT,9.06,9.002,8.9241,9.1959,TIME,0.320362,0.387029,0.106667,0.0,8756.119172,0
beta_decouple,LINKUSDT,2026-06-01 21:00:00+00:00,2026-06-01 21:02:00+00:00,LONG,8.983,9.047,9.117745,8.848255,TIME,0.368032,0.434698,0.106667,0.0,9400.625012,0
beta_decouple,LINKUSDT,2026-06-02 01:00:00+00:00,2026-06-02 01:02:00+00:00,LONG,8.898,8.998,9.03147,8.76453,TIME,0.642128,0.708795,0.106667,0.0,10607.905849,0
beta_decouple,LINKUSDT,2026-06-02 10:00:00+00:00,2026-06-02 10:02:00+00:00,SHORT,8.86,8.791,8.7271,8.9929,TIME,0.41282,0.479487,0.106667,0.0,11483.737612,0
beta_decouple,LINKUSDT,2026-06-02 14:00:00+00:00,2026-06-02 14:01:00+00:00,LONG,8.67,8.80005,8.80005,8.53995,TP,0.892746,0.959412,0.106667,0.0,13534.14865,0
beta_decouple,LINKUSDT,2026-06-02 15:00:00+00:00,2026-06-02 15:02:00+00:00,LONG,8.562,8.62,8.69043,8.43357,TIME,0.344682,0.411349,0.106667,0.0,14467.145017,0
beta_decouple,LINKUSDT,2026-06-02 22:00:00+00:00,2026-06-02 22:01:00+00:00,LONG,8.344,8.46916,8.46916,8.21884,TP,0.892746,0.959412,0.106667,0.0,17050.240767,0
beta_decouple,LINKUSDT,2026-06-05 00:00:00+00:00,2026-06-05 00:02:00+00:00,LONG,7.95,7.999,8.11705208,7.78294792,TIME,0.21701,0.2646,0.076144,0.0,17790.256681,0
beta_decouple,LINKUSDT,2026-06-05 06:00:00+00:00,2026-06-05 06:02:00+00:00,LONG,7.488,7.625,7.70216667,7.27383333,TIME,0.58337,0.618333,0.055941,0.0,19865.916486,0
beta_decouple,LINKUSDT,2026-06-05 16:00:00+00:00,2026-06-05 16:01:00+00:00,SHORT,7.485,7.372725,7.372725,7.597275,TP,0.893922,0.960588,0.106667,0.0,23417.630498,0
beta_decouple,LINKUSDT,2026-06-05 20:00:00+00:00,2026-06-05 20:01:00+00:00,SHORT,7.461,7.349085,7.349085,7.572915,TP,0.893922,0.960588,0.106667,0.0,27604.33522,0
beta_decouple,LINKUSDT,2026-06-05 21:00:00+00:00,2026-06-05 21:02:00+00:00,SHORT,7.493,7.474,7.380605,7.605395,TIME,0.062469,0.129136,0.106667,0.0,27949.22077,0
beta_decouple,LINKUSDT,2026-06-06 04:00:00+00:00,2026-06-06 04:01:00+00:00,LONG,7.061,7.166915,7.166915,6.955085,TP,0.892746,0.959412,0.106667,0.0,32939.529038,0
beta_decouple,LINKUSDT,2026-06-06 07:00:00+00:00,2026-06-06 07:01:00+00:00,SHORT,7.392,7.28112,7.28112,7.50288,TP,0.893922,0.960588,0.106667,0.0,38828.599744,0
beta_decouple,LINKUSDT,2026-06-06 17:00:00+00:00,2026-06-06 17:02:00+00:00,LONG,7.306,7.372,7.41559,7.19641,TIME,0.495229,0.561895,0.106667,0.0,42674.408083,0
beta_decouple,LINKUSDT,2026-06-06 23:00:00+00:00,2026-06-06 23:02:00+00:00,SHORT,7.39,7.362,7.27915,7.50085,TIME,0.146067,0.212733,0.106667,0.0,43921.068593,0
beta_decouple,LINKUSDT,2026-06-07 01:00:00+00:00,2026-06-07 01:01:00+00:00,SHORT,7.552,7.43872,7.43872,7.66528,TP,0.893922,0.960588,0.106667,0.0,51773.466183,0
beta_decouple,LINKUSDT,2026-06-07 06:00:00+00:00,2026-06-07 06:02:00+00:00,SHORT,7.679,7.611,7.563815,7.794185,TIME,0.48403,0.550697,0.106667,0.0,56785.451412,0
beta_decouple,LINKUSDT,2026-06-07 07:00:00+00:00,2026-06-07 07:02:00+00:00,SHORT,7.711,7.662,7.595335,7.826665,TIME,0.317213,0.383879,0.106667,0.0,60388.066008,0
beta_decouple,LINKUSDT,2026-06-07 08:00:00+00:00,2026-06-07 08:02:00+00:00,SHORT,7.805,7.715,7.687925,7.922075,TIME,0.662521,0.729187,0.106667,0.0,68389.734754,0
beta_decouple,LINKUSDT,2026-06-07 12:00:00+00:00,2026-06-07 12:02:00+00:00,LONG,7.693,7.754,7.808395,7.577605,TIME,0.421647,0.488314,0.106667,0.0,74157.004762,0
beta_decouple,LINKUSDT,2026-06-07 17:00:00+00:00,2026-06-07 17:02:00+00:00,LONG,7.738,7.734,7.85407,7.62193,TIME,-0.141096,-0.074429,0.106667,0.0,72064.353978,0
beta_decouple,LINKUSDT,2026-06-07 18:00:00+00:00,2026-06-07 18:02:00+00:00,LONG,7.696,7.747,7.81144,7.58056,TIME,0.334868,0.401535,0.106667,0.0,76890.767206,0
beta_decouple,LINKUSDT,2026-06-07 19:00:00+00:00,2026-06-07 19:02:00+00:00,LONG,7.591,7.64,7.704865,7.477135,TIME,0.323421,0.390088,0.106667,0.0,81864.390727,0
beta_decouple,LINKUSDT,2026-06-07 22:00:00+00:00,2026-06-07 22:01:00+00:00,SHORT,7.847,7.729295,7.729295,7.964705,TP,0.893922,0.960588,0.106667,0.0,96500.458678,0
beta_decouple,LINKUSDT,2026-06-07 23:00:00+00:00,2026-06-07 23:02:00+00:00,SHORT,7.913,7.871,7.794305,8.031695,TIME,0.247382,0.314048,0.106667,0.0,101274.950119,0
beta_decouple,LINKUSDT,2026-06-08 03:00:00+00:00,2026-06-08 03:02:00+00:00,LONG,7.852,7.905,7.96978,7.73422,TIME,0.343067,0.409734,0.106667,0.0,108223.767271,0
beta_decouple,LINKUSDT,2026-06-08 04:00:00+00:00,2026-06-08 04:02:00+00:00,LONG,7.762,7.851,7.87843,7.64557,TIME,0.657295,0.723961,0.106667,0.0,122450.747295,0
beta_decouple,LINKUSDT,2026-06-08 11:00:00+00:00,2026-06-08 11:02:00+00:00,SHORT,7.963,7.859,7.843555,8.082445,TIME,0.764538,0.831204,0.106667,0.0,141174.385607,0
beta_decouple,LINKUSDT,2026-06-08 12:00:00+00:00,2026-06-08 12:02:00+00:00,SHORT,8.015,7.931,7.894775,8.135225,TIME,0.592431,0.659097,0.106667,0.0,157901.591531,0
beta_decouple,LINKUSDT,2026-06-08 16:00:00+00:00,2026-06-08 16:02:00+00:00,LONG,7.987,8.031,8.106805,7.867195,TIME,0.260389,0.327055,0.106667,0.0,166124.743482,0
beta_decouple,LINKUSDT,2026-06-08 22:00:00+00:00,2026-06-08 22:02:00+00:00,LONG,8.036,8.044,8.15654,7.91546,TIME,-0.040326,0.02634,0.106667,0.0,164784.898635,0
beta_decouple,LINKUSDT,2026-06-08 23:00:00+00:00,2026-06-08 23:02:00+00:00,LONG,7.995,8.041,8.114925,7.875075,TIME,0.276688,0.343355,0.106667,0.0,173903.710034,0
beta_decouple,LINKUSDT,2026-06-09 00:00:00+00:00,2026-06-09 00:01:00+00:00,LONG,7.827,7.944405,7.944405,7.709595,TP,0.892746,0.959412,0.106667,0.0,204954.061284,0
beta_decouple,LINKUSDT,2026-06-09 05:00:00+00:00,2026-06-09 05:02:00+00:00,SHORT,7.992,7.956,7.87212,8.11188,TIME,0.193802,0.260469,0.106667,0.0,212898.157118,0
beta_decouple,LINKUSDT,2026-06-09 09:00:00+00:00,2026-06-09 09:02:00+00:00,LONG,7.862,7.895,7.97993,7.74407,TIME,0.173004,0.239671,0.106667,0.0,220264.624959,0
beta_decouple,LINKUSDT,2026-06-09 12:00:00+00:00,2026-06-09 12:02:00+00:00,SHORT,7.928,7.903,7.80908,8.04692,TIME,0.103673,0.17034,0.106667,0.0,224831.717877,0
beta_decouple,LINKUSDT,2026-06-09 14:00:00+00:00,2026-06-09 14:02:00+00:00,LONG,7.805,7.896,7.922075,7.687925,TIME,0.670159,0.736825,0.106667,0.0,254966.300795,0
beta_decouple,LINKUSDT,2026-06-09 15:00:00+00:00,2026-06-09 15:02:00+00:00,LONG,7.717,7.78,7.832755,7.601245,TIME,0.437272,0.503938,0.106667,0.0,277264.216673,0
beta_decouple,LINKUSDT,2026-06-09 19:00:00+00:00,2026-06-09 19:02:00+00:00,SHORT,7.869,7.853,7.750965,7.987035,TIME,0.028956,0.095622,0.106667,0.0,278869.892562,0
beta_decouple,LINKUSDT,2026-06-11 00:00:00+00:00,2026-06-11 00:02:00+00:00,LONG,7.608,7.572,7.72212,7.49388,TIME,-0.421923,-0.355256,0.106667,0.0,255337.575709,0
beta_decouple,LINKUSDT,2026-06-11 08:00:00+00:00,2026-06-11 08:02:00+00:00,SHORT,7.823,7.779,7.705655,7.940345,TIME,0.268509,0.335176,0.106667,0.0,269049.667813,0
beta_decouple,LINKUSDT,2026-06-11 11:00:00+00:00,2026-06-11 11:02:00+00:00,SHORT,7.851,7.822,7.733235,7.968765,TIME,0.139722,0.206389,0.106667,0.0,276568.113189,0
beta_decouple,LINKUSDT,2026-06-11 14:00:00+00:00,2026-06-11 14:02:00+00:00,LONG,7.748,7.813,7.86422,7.63178,TIME,0.452294,0.518961,0.106667,0.0,301586.131512,0
beta_decouple,LINKUSDT,2026-06-11 17:00:00+00:00,2026-06-11 17:01:00+00:00,SHORT,7.918,7.79923,7.79923,8.03677,TP,0.893922,0.960588,0.106667,0.0,355504.997515,0
beta_decouple,LINKUSDT,2026-06-11 23:00:00+00:00,2026-06-11 23:02:00+00:00,LONG,7.882,7.901,8.00023,7.76377,TIME,0.053953,0.120619,0.106667,0.0,359341.084822,0
beta_decouple,LINKUSDT,2026-06-12 01:00:00+00:00,2026-06-12 01:02:00+00:00,LONG,7.88,7.869,7.9982,7.7618,TIME,-0.199661,-0.132995,0.106667,0.0,344991.77204,0
beta_decouple,LINKUSDT,2026-06-12 05:00:00+00:00,2026-06-12 05:02:00+00:00,LONG,7.836,7.89,7.95354,7.71846,TIME,0.352488,0.419154,0.106667,0.0,369312.852397,0
beta_decouple,LINKUSDT,2026-06-12 06:00:00+00:00,2026-06-12 06:02:00+00:00,LONG,7.776,7.839,7.89264,7.65936,TIME,0.433145,0.499811,0.106667,0.0,401306.041427,0
beta_decouple,LINKUSDT,2026-06-12 13:00:00+00:00,2026-06-12 13:02:00+00:00,LONG,7.806,7.887,7.92309,7.68891,TIME,0.584706,0.651373,0.106667,0.0,448235.247157,0
beta_decouple,LINKUSDT,2026-06-12 14:00:00+00:00,2026-06-12 14:01:00+00:00,SHORT,7.962,7.84257,7.84257,8.08143,TP,0.893922,0.960588,0.106667,0.0,528372.672932,0
beta_decouple,LINKUSDT,2026-06-12 23:00:00+00:00,2026-06-12 23:02:00+00:00,SHORT,7.863,7.822,7.745055,7.980945,TIME,0.24115,0.307816,0.106667,0.0,553856.046511,0
beta_decouple,LINKUSDT,2026-06-13 00:00:00+00:00,2026-06-13 00:02:00+00:00,SHORT,7.883,7.862,7.764755,8.001245,TIME,0.071025,0.137692,0.106667,0.0,561723.602837,0
beta_decouple,LINKUSDT,2026-06-13 01:00:00+00:00,2026-06-13 01:02:00+00:00,SHORT,7.941,7.89,7.821885,8.060115,TIME,0.321736,0.388403,0.106667,0.0,597868.93983,0
beta_decouple,LINKUSDT,2026-06-13 07:00:00+00:00,2026-06-13 07:02:00+00:00,SHORT,7.958,7.909,7.83863,8.07737,TIME,0.304056,0.370723,0.106667,0.0,634226.078756,0
beta_decouple,LINKUSDT,2026-06-13 11:00:00+00:00,2026-06-13 11:02:00+00:00,SHORT,7.986,7.952,7.86621,8.10579,TIME,0.177322,0.243988,0.106667,0.0,656718.489921,0
beta_decouple,LINKUSDT,2026-06-13 12:00:00+00:00,2026-06-13 12:02:00+00:00,SHORT,8.006,7.975,7.88591,8.12609,TIME,0.151616,0.218283,0.106667,0.0,676632.294536,0
beta_decouple,LINKUSDT,2026-06-13 16:00:00+00:00,2026-06-13 16:02:00+00:00,LONG,7.99,8.02,8.10985,7.87015,TIME,0.143508,0.210175,0.106667,0.0,696052.734577,0
beta_decouple,LINKUSDT,2026-06-13 17:00:00+00:00,2026-06-13 17:02:00+00:00,LONG,7.988,7.984,8.10782,7.86818,TIME,-0.140018,-0.073351,0.106667,0.0,676560.744608,0
beta_decouple,LINKUSDT,2026-06-13 18:00:00+00:00,2026-06-13 18:02:00+00:00,LONG,7.978,7.997,8.09767,7.85833,TIME,0.05202,0.118687,0.106667,0.0,683599.688959,0
beta_decouple,LINKUSDT,2026-06-13 22:00:00+00:00,2026-06-13 22:02:00+00:00,LONG,7.977,8.008,8.096655,7.857345,TIME,0.152268,0.218935,0.106667,0.0,704417.775835,0
beta_decouple,LINKUSDT,2026-06-14 00:00:00+00:00,2026-06-14 00:02:00+00:00,LONG,7.961,7.967,8.080415,7.841585,TIME,-0.05644,0.010227,0.106667,0.0,696466.327129,0
beta_decouple,LINKUSDT,2026-06-14 04:00:00+00:00,2026-06-14 04:02:00+00:00,LONG,7.914,7.954,8.03271,7.79529,TIME,0.230099,0.296765,0.106667,0.0,728517.54357,0
beta_decouple,LINKUSDT,2026-06-14 09:00:00+00:00,2026-06-14 09:02:00+00:00,SHORT,7.942,7.912,7.82287,8.06113,TIME,0.145298,0.211965,0.106667,0.0,749688.002155,0
beta_decouple,LINKUSDT,2026-06-14 14:00:00+00:00,2026-06-14 14:02:00+00:00,LONG,7.826,7.86,7.94339,7.70861,TIME,0.182804,0.249471,0.106667,0.0,777097.262724,0
beta_decouple,LINKUSDT,2026-06-14 20:00:00+00:00,2026-06-14 20:02:00+00:00,SHORT,7.849,7.814,7.731265,7.966735,TIME,0.190778,0.257444,0.106667,0.0,806747.802738,0
beta_decouple,LINKUSDT,2026-06-14 21:00:00+00:00,2026-06-14 21:01:00+00:00,SHORT,8.067,7.945995,7.945995,8.188005,TP,0.893922,0.960588,0.106667,0.0,950981.645506,0
beta_decouple,LINKUSDT,2026-06-14 22:00:00+00:00,2026-06-14 22:02:00+00:00,SHORT,8.108,8.094,7.98638,8.22962,TIME,0.008503,0.07517,0.106667,0.0,952598.897064,0
beta_decouple,LINKUSDT,2026-06-15 07:00:00+00:00,2026-06-15 07:02:00+00:00,LONG,8.177,8.182,8.299655,8.054345,TIME,-0.065914,0.000752,0.106667,0.0,940040.904853,0
beta_decouple,LINKUSDT,2026-06-15 10:00:00+00:00,2026-06-15 10:01:00+00:00,SHORT,8.335,8.209975,8.209975,8.460025,TP,0.893922,0.960588,0.106667,0.0,1108105.461839,0
beta_decouple,LINKUSDT,2026-06-15 13:00:00+00:00,2026-06-15 13:01:00+00:00,SHORT,8.468,8.34098,8.34098,8.59502,TP,0.893922,0.960588,0.106667,0.0,1306217.323329,0
beta_decouple,LINKUSDT,2026-06-15 15:00:00+00:00,2026-06-15 15:02:00+00:00,SHORT,8.557,8.459,8.428645,8.685355,TIME,0.657287,0.723954,0.106667,0.0,1477929.264707,0
beta_decouple,LINKUSDT,2026-06-15 18:00:00+00:00,2026-06-15 18:02:00+00:00,LONG,8.457,8.477,8.583855,8.330145,TIME,0.050911,0.117578,0.106667,0.0,1492977.860527,0
beta_decouple,LINKUSDT,2026-06-15 19:00:00+00:00,2026-06-15 19:02:00+00:00,LONG,8.406,8.474,8.53209,8.27991,TIME,0.432319,0.498986,0.106667,0.0,1622066.452123,0
beta_decouple,LINKUSDT,2026-06-15 20:00:00+00:00,2026-06-15 20:02:00+00:00,LONG,8.371,8.416,8.496565,8.245435,TIME,0.25151,0.318177,0.106667,0.0,1703659.797112,0
beta_decouple,LINKUSDT,2026-06-15 22:00:00+00:00,2026-06-15 22:02:00+00:00,LONG,8.264,8.353,8.38796,8.14004,TIME,0.610888,0.677555,0.106667,0.0,1911808.93548,0
beta_decouple,LINKUSDT,2026-06-16 02:00:00+00:00,2026-06-16 02:02:00+00:00,LONG,8.177,8.254,8.299655,8.054345,TIME,0.520746,0.587413,0.106667,0.0,2110922.258794,0
beta_decouple,LINKUSDT,2026-06-16 08:00:00+00:00,2026-06-16 08:01:00+00:00,SHORT,8.401,8.274985,8.274985,8.527015,TP,0.893922,0.960588,0.106667,0.0,2488322.021319,0
beta_decouple,LINKUSDT,2026-06-16 13:00:00+00:00,2026-06-16 13:01:00+00:00,LONG,8.25,8.37375,8.37375,8.12625,TP,0.892746,0.959412,0.106667,0.0,2932609.683553,0
beta_decouple,LINKUSDT,2026-06-16 14:00:00+00:00,2026-06-16 14:02:00+00:00,LONG,8.156,8.272,8.27834,8.03366,TIME,0.840954,0.90762,0.106667,0.0,3425847.537992,0
beta_decouple,LINKUSDT,2026-06-16 18:00:00+00:00,2026-06-16 18:02:00+00:00,SHORT,8.299,8.309,8.174515,8.423485,TIME,-0.187058,-0.120391,0.106667,0.0,3297681.205153,0
beta_decouple,LINKUSDT,2026-06-17 01:00:00+00:00,2026-06-17 01:02:00+00:00,SHORT,8.349,8.305,8.223765,8.474235,TIME,0.244872,0.311538,0.106667,0.0,3459182.951497,0
beta_decouple,LINKUSDT,2026-06-17 02:00:00+00:00,2026-06-17 02:02:00+00:00,SHORT,8.367,8.344,8.241495,8.492505,TIME,0.076691,0.143358,0.106667,0.0,3512240.556574,0
beta_decouple,LINKUSDT,2026-06-17 06:00:00+00:00,2026-06-17 06:02:00+00:00,LONG,8.32,8.335,8.4448,8.1952,TIME,0.013466,0.080132,0.106667,0.0,3521699.402293,0
beta_decouple,LINKUSDT,2026-06-17 07:00:00+00:00,2026-06-17 07:02:00+00:00,LONG,8.288,8.301,8.41232,8.16368,TIME,-0.002149,0.064518,0.106667,0.0,3520186.101159,0
beta_decouple,LINKUSDT,2026-06-17 08:00:00+00:00,2026-06-17 08:01:00+00:00,LONG,8.167,8.289505,8.289505,8.044495,TP,0.892746,0.959412,0.106667,0.0,4148712.168169,0
beta_decouple,LINKUSDT,2026-06-17 15:00:00+00:00,2026-06-17 15:01:00+00:00,SHORT,8.289,8.164665,8.164665,8.413335,TP,0.893922,0.960588,0.106667,0.0,4890436.777176,0
beta_decouple,LINKUSDT,2026-06-17 19:00:00+00:00,2026-06-17 19:01:00+00:00,LONG,8.031,8.151465,8.151465,7.910535,TP,0.892746,0.959412,0.106667,0.0,5763619.871816,0
beta_decouple,LINKUSDT,2026-06-18 02:00:00+00:00,2026-06-18 02:02:00+00:00,SHORT,8.107,8.089,7.985395,8.228605,TIME,0.04143,0.108097,0.106667,0.0,5811377.684804,0
beta_decouple,LINKUSDT,2026-06-18 04:00:00+00:00,2026-06-18 04:02:00+00:00,LONG,7.948,8.024,8.06722,7.82878,TIME,0.53044,0.597107,0.106667,0.0,6427894.994739,0
beta_decouple,LINKUSDT,2026-06-18 12:00:00+00:00,2026-06-18 12:02:00+00:00,SHORT,8.086,8.007,7.96471,8.20729,TIME,0.545044,0.61171,0.106667,0.0,7128591.813067,0
beta_decouple,LINKUSDT,2026-06-18 15:00:00+00:00,2026-06-18 15:01:00+00:00,LONG,7.783,7.899745,7.899745,7.666255,TP,0.892746,0.959412,0.106667,0.0,8401395.479359,0
beta_decouple,LINKUSDT,2026-06-18 20:00:00+00:00,2026-06-18 20:02:00+00:00,SHORT,7.983,7.936,7.863255,8.102745,TIME,0.286058,0.352724,0.106667,0.0,8882052.137887,0
beta_decouple,LINKUSDT,2026-06-19 01:00:00+00:00,2026-06-19 01:02:00+00:00,SHORT,8.025,8.015,7.904625,8.145375,TIME,-0.023555,0.043112,0.106667,0.0,8840208.642575,0
beta_decouple,LINKUSDT,2026-06-19 03:00:00+00:00,2026-06-19 03:01:00+00:00,LONG,7.877,7.995155,7.995155,7.758845,TP,0.892746,0.959412,0.106667,0.0,10418619.956634,0
beta_decouple,LINKUSDT,2026-06-19 04:00:00+00:00,2026-06-19 04:02:00+00:00,LONG,7.822,7.848,7.93933,7.70467,TIME,0.11481,0.181476,0.106667,0.0,10657851.507414,0
beta_decouple,LINKUSDT,2026-06-19 12:00:00+00:00,2026-06-19 12:02:00+00:00,SHORT,7.853,7.819,7.735205,7.970795,TIME,0.182132,0.248798,0.106667,0.0,11046077.82301,0
beta_decouple,LINKUSDT,2026-06-19 13:00:00+00:00,2026-06-19 13:02:00+00:00,SHORT,7.927,7.841,7.808095,8.045905,TIME,0.617022,0.683689,0.106667,0.0,12409212.192898,0
beta_decouple,LINKUSDT,2026-06-19 20:00:00+00:00,2026-06-19 20:02:00+00:00,SHORT,7.923,7.883,7.804155,8.041845,TIME,0.230096,0.296763,0.106667,0.0,12980274.659927,0
beta_decouple,LINKUSDT,2026-06-19 23:00:00+00:00,2026-06-19 23:02:00+00:00,SHORT,7.946,7.916,7.82681,8.06519,TIME,0.145171,0.211838,0.106667,0.0,13357147.491442,0
beta_decouple,LINKUSDT,2026-06-20 05:00:00+00:00,2026-06-20 05:02:00+00:00,SHORT,7.984,7.927,7.86424,8.10376,TIME,0.369559,0.436226,0.106667,0.0,14344398.012555,0
beta_decouple,LINKUSDT,2026-06-20 11:00:00+00:00,2026-06-20 11:02:00+00:00,LONG,7.933,7.956,8.051995,7.814005,TIME,0.086515,0.153181,0.106667,0.0,14592598.630509,0
beta_decouple,LINKUSDT,2026-06-20 12:00:00+00:00,2026-06-20 12:02:00+00:00,LONG,7.922,7.934,8.04083,7.80317,TIME,-0.005731,0.060936,0.106667,0.0,14575873.635855,0
beta_decouple,LINKUSDT,2026-06-20 13:00:00+00:00,2026-06-20 13:02:00+00:00,LONG,7.87,7.923,7.98805,7.75195,TIME,0.342038,0.408705,0.106667,0.0,15572975.152328,0
beta_decouple,LINKUSDT,2026-06-20 22:00:00+00:00,2026-06-20 22:02:00+00:00,SHORT,7.985,7.917,7.865225,8.104775,TIME,0.461393,0.52806,0.106667,0.0,17010028.223695,0
beta_decouple,LINKUSDT,2026-06-21 04:00:00+00:00,2026-06-21 04:02:00+00:00,LONG,7.937,7.967,8.056055,7.817945,TIME,0.145179,0.211845,0.106667,0.0,17503926.509142,0
beta_decouple,LINKUSDT,2026-06-21 05:00:00+00:00,2026-06-21 05:02:00+00:00,LONG,7.922,7.931,8.04083,7.80317,TIME,-0.030962,0.035705,0.106667,0.0,17395536.420531,0
beta_decouple,LINKUSDT,2026-06-21 09:00:00+00:00,2026-06-21 09:02:00+00:00,SHORT,7.981,7.937,7.861285,8.100715,TIME,0.261081,0.327748,0.106667,0.0,18303866.943898,0
beta_decouple,LINKUSDT,2026-06-21 20:00:00+00:00,2026-06-21 20:02:00+00:00,LONG,7.884,7.942,8.00226,7.76574,TIME,0.383496,0.450163,0.106667,0.0,19707758.65306,0
beta_decouple,LINKUSDT,2026-06-21 21:00:00+00:00,2026-06-21 21:02:00+00:00,LONG,7.846,7.877,7.96369,7.72831,TIME,0.156591,0.223258,0.106667,0.0,20324970.938504,0
beta_decouple,LINKUSDT,2026-06-21 23:00:00+00:00,2026-06-21 23:02:00+00:00,LONG,7.778,7.811,7.89467,7.66133,TIME,0.176025,0.242691,0.106667,0.0,21040510.45362,0
beta_decouple,LINKUSDT,2026-06-22 01:00:00+00:00,2026-06-22 01:02:00+00:00,SHORT,7.958,7.905,7.83863,8.07737,TIME,0.337585,0.404252,0.106667,0.0,22461104.544671,0
beta_decouple,LINKUSDT,2026-06-22 07:00:00+00:00,2026-06-22 07:02:00+00:00,SHORT,7.961,7.913,7.841585,8.080415,TIME,0.295522,0.362189,0.106667,0.0,23788655.239067,0
beta_decouple,LINKUSDT,2026-06-22 11:00:00+00:00,2026-06-22 11:02:00+00:00,SHORT,8.084,7.991,7.96274,8.20526,TIME,0.660729,0.727395,0.106667,0.0,26932224.651037,0
beta_decouple,LINKUSDT,2026-06-22 12:00:00+00:00,2026-06-22 12:02:00+00:00,SHORT,8.108,8.089,7.98638,8.22962,TIME,0.049639,0.116306,0.106667,0.0,27199604.532886,0
beta_decouple,LINKUSDT,2026-06-22 22:00:00+00:00,2026-06-22 22:02:00+00:00,LONG,7.853,7.912,7.970795,7.735205,TIME,0.393915,0.460582,0.106667,0.0,29342471.268106,0
beta_decouple,LINKUSDT,2026-06-23 04:00:00+00:00,2026-06-23 04:02:00+00:00,LONG,7.836,7.902,7.95354,7.71846,TIME,0.454519,0.521186,0.106667,0.0,32009816.337193,0
beta_decouple,LINKUSDT,2026-06-23 06:00:00+00:00,2026-06-23 06:01:00+00:00,LONG,7.696,7.81144,7.81144,7.58056,TP,0.892746,0.959412,0.106667,0.0,37725140.297338,0
beta_decouple,LINKUSDT,2026-06-23 07:00:00+00:00,2026-06-23 07:02:00+00:00,LONG,7.657,7.7,7.771855,7.542145,TIME,0.267506,0.334173,0.106667,0.0,39743479.519345,0
beta_decouple,LINKUSDT,2026-06-23 08:00:00+00:00,2026-06-23 08:01:00+00:00,LONG,7.522,7.63483,7.63483,7.40917,TP,0.892746,0.959412,0.106667,0.0,46839642.095339,0
beta_decouple,LINKUSDT,2026-06-23 13:00:00+00:00,2026-06-23 13:02:00+00:00,SHORT,7.621,7.565,7.506685,7.735315,TIME,0.38349,0.450156,0.106667,0.0,50432147.206268,0
beta_decouple,LINKUSDT,2026-06-23 19:00:00+00:00,2026-06-23 19:02:00+00:00,SHORT,7.574,7.566,7.46039,7.68761,TIME,-0.03622,0.030447,0.106667,0.0,50066816.013782,0
beta_decouple,LINKUSDT,2026-06-23 20:00:00+00:00,2026-06-23 20:02:00+00:00,SHORT,7.578,7.589,7.46433,7.69167,TIME,-0.203508,-0.136841,0.106667,0.0,48029015.431857,0
beta_decouple,LINKUSDT,2026-06-23 21:00:00+00:00,2026-06-23 21:02:00+00:00,SHORT,7.602,7.579,7.48797,7.71603,TIME,0.095144,0.16181,0.106667,0.0,48942947.016596,0
beta_decouple,LINKUSDT,2026-06-23 22:00:00+00:00,2026-06-23 22:02:00+00:00,SHORT,7.613,7.604,7.498805,7.727195,TIME,-0.027819,0.038848,0.106667,0.0,48670640.097292,0
beta_decouple,LINKUSDT,2026-06-23 23:00:00+00:00,2026-06-23 23:02:00+00:00,SHORT,7.629,7.605,7.514565,7.743435,TIME,0.103173,0.16984,0.106667,0.0,49674941.706129,0
beta_decouple,LINKUSDT,2026-06-24 05:00:00+00:00,2026-06-24 05:02:00+00:00,SHORT,7.645,7.606,7.530325,7.759675,TIME,0.233617,0.300284,0.106667,0.0,51995923.967036,0
beta_decouple,LINKUSDT,2026-06-24 10:00:00+00:00,2026-06-24 10:02:00+00:00,LONG,7.576,7.614,7.68964,7.46236,TIME,0.227534,0.294201,0.106667,0.0,54362092.660812,0
beta_decouple,LINKUSDT,2026-06-24 13:00:00+00:00,2026-06-24 13:02:00+00:00,LONG,7.469,7.574,7.581035,7.356965,TIME,0.82999,0.896657,0.106667,0.0,63386094.546143,0
beta_decouple,LINKUSDT,2026-06-24 15:00:00+00:00,2026-06-24 15:01:00+00:00,LONG,7.363,7.473445,7.473445,7.252555,TP,0.892746,0.959412,0.106667,0.0,74703624.802592,0
beta_decouple,LINKUSDT,2026-06-24 16:00:00+00:00,2026-06-24 16:01:00+00:00,LONG,7.264,7.37296,7.37296,7.15504,TP,0.892746,0.959412,0.106667,0.0,88041889.922465,0
beta_decouple,LINKUSDT,2026-06-24 17:00:00+00:00,2026-06-24 17:01:00+00:00,LONG,7.134,7.24101,7.24101,7.02699,TP,0.892746,0.959412,0.106667,0.0,103761690.300877,0
beta_decouple,LINKUSDT,2026-06-24 20:00:00+00:00,2026-06-24 20:01:00+00:00,SHORT,7.392,7.28112,7.28112,7.50288,TP,0.893922,0.960588,0.106667,0.0,122312651.671225,0
beta_decouple,LINKUSDT,2026-06-24 21:00:00+00:00,2026-06-24 21:02:00+00:00,SHORT,7.446,7.38,7.33431,7.55769,TIME,0.484597,0.551264,0.106667,0.0,134167127.551736,0
beta_decouple,POLUSDT,2026-05-15 22:00:00+00:00,2026-05-15 22:02:00+00:00,SHORT,0.09084,0.09042,0.0894774,0.0922026,TIME,0.201741,0.268407,0.106667,0.0,7.282437,0
beta_decouple,POLUSDT,2026-05-15 23:00:00+00:00,2026-05-15 23:02:00+00:00,SHORT,0.09082,0.09085,0.0894577,0.0921823,TIME,-0.128713,-0.062047,0.106667,0.0,7.094967,0
beta_decouple,POLUSDT,2026-05-16 00:00:00+00:00,2026-05-16 00:02:00+00:00,SHORT,0.09133,0.09085,0.08996005,0.09269995,TIME,0.243909,0.310576,0.106667,0.0,7.441073,0
beta_decouple,POLUSDT,2026-05-16 01:00:00+00:00,2026-05-16 01:02:00+00:00,SHORT,0.09135,0.09113,0.08997975,0.09272025,TIME,0.053972,0.120639,0.106667,0.0,7.521395,0
beta_decouple,POLUSDT,2026-05-16 06:00:00+00:00,2026-05-16 06:02:00+00:00,LONG,0.09021,0.09064,0.09156315,0.08885685,TIME,0.210932,0.277598,0.106667,0.0,7.838696,0
beta_decouple,POLUSDT,2026-05-16 07:00:00+00:00,2026-05-16 07:02:00+00:00,LONG,0.08938,0.09008,0.0907207,0.0880393,TIME,0.415147,0.481814,0.106667,0.0,8.489539,0
beta_decouple,POLUSDT,2026-05-16 08:00:00+00:00,2026-05-16 08:02:00+00:00,LONG,0.08895,0.08937,0.09028425,0.08761575,TIME,0.20794,0.274607,0.106667,0.0,8.842602,0
beta_decouple,POLUSDT,2026-05-16 12:00:00+00:00,2026-05-16 12:02:00+00:00,SHORT,0.08957,0.08939,0.08822645,0.09091355,TIME,0.027375,0.094042,0.106667,0.0,8.891015,0
beta_decouple,POLUSDT,2026-05-17 23:00:00+00:00,2026-05-17 23:02:00+00:00,LONG,0.09067,0.09154,0.09203005,0.08930995,TIME,0.532644,0.599311,0.106667,0.0,9.838165,0
beta_decouple,POLUSDT,2026-05-18 06:00:00+00:00,2026-05-18 06:02:00+00:00,LONG,0.09015,0.09065,0.09150225,0.08879775,TIME,0.262878,0.329544,0.106667,0.0,10.355411,0
beta_decouple,POLUSDT,2026-05-18 07:00:00+00:00,2026-05-18 07:02:00+00:00,LONG,0.08992,0.09028,0.0912688,0.0885712,TIME,0.160089,0.226756,0.106667,0.0,10.686969,0
beta_decouple,POLUSDT,2026-05-18 11:00:00+00:00,2026-05-18 11:02:00+00:00,SHORT,0.09008,0.08963,0.0887288,0.0914312,TIME,0.226559,0.293225,0.106667,0.0,11.171214,0
beta_decouple,POLUSDT,2026-05-18 12:00:00+00:00,2026-05-18 12:02:00+00:00,SHORT,0.09058,0.09035,0.0892213,0.0919387,TIME,0.062702,0.129369,0.106667,0.0,11.311306,0
beta_decouple,POLUSDT,2026-05-18 21:00:00+00:00,2026-05-18 21:02:00+00:00,SHORT,0.09028,0.08945,0.0889258,0.0916342,TIME,0.506597,0.573264,0.106667,0.0,12.457361,0
beta_decouple,POLUSDT,2026-05-18 22:00:00+00:00,2026-05-18 22:02:00+00:00,SHORT,0.09064,0.09007,0.0892804,0.0919996,TIME,0.312814,0.379481,0.106667,0.0,13.236728,0
beta_decouple,POLUSDT,2026-05-19 14:00:00+00:00,2026-05-19 14:02:00+00:00,LONG,0.08893,0.08981,0.09026395,0.08759605,TIME,0.552645,0.619311,0.106667,0.0,14.69977,0
beta_decouple,POLUSDT,2026-05-20 05:00:00+00:00,2026-05-20 05:02:00+00:00,SHORT,0.0906,0.09024,0.089241,0.091959,TIME,0.158381,0.225048,0.106667,0.0,15.165402,0
beta_decouple,POLUSDT,2026-05-22 14:00:00+00:00,2026-05-22 14:02:00+00:00,LONG,0.0913,0.09173,0.0926695,0.0899305,TIME,0.20714,0.273807,0.106667,0.0,15.793675,0
beta_decouple,POLUSDT,2026-05-22 18:00:00+00:00,2026-05-22 18:02:00+00:00,LONG,0.09121,0.09176,0.09257815,0.08984185,TIME,0.295107,0.361774,0.106667,0.0,16.72584,0
beta_decouple,POLUSDT,2026-05-22 23:00:00+00:00,2026-05-22 23:02:00+00:00,LONG,0.09023,0.0914,0.09158345,0.08887655,TIME,0.757284,0.823951,0.106667,0.0,19.259083,0
beta_decouple,POLUSDT,2026-05-23 07:00:00+00:00,2026-05-23 07:01:00+00:00,LONG,0.08822,0.0895433,0.0895433,0.0868967,TP,0.892746,0.959412,0.106667,0.0,22.697775,0
beta_decouple,POLUSDT,2026-05-23 08:00:00+00:00,2026-05-23 08:02:00+00:00,LONG,0.08797,0.08776,0.08928955,0.08665045,TIME,-0.265704,-0.199038,0.106667,0.0,21.491595,0
beta_decouple,POLUSDT,2026-05-23 12:00:00+00:00,2026-05-23 12:02:00+00:00,SHORT,0.08819,0.08774,0.08686715,0.08951285,TIME,0.2337,0.300367,0.106667,0.0,22.496113,0
beta_decouple,POLUSDT,2026-05-23 13:00:00+00:00,2026-05-23 13:02:00+00:00,SHORT,0.08919,0.08848,0.08785215,0.09052785,TIME,0.424342,0.491009,0.106667,0.0,24.405323,0
beta_decouple,POLUSDT,2026-05-23 14:00:00+00:00,2026-05-23 14:02:00+00:00,SHORT,0.08997,0.08902,0.08862045,0.09131955,TIME,0.597682,0.664349,0.106667,0.0,27.322648,0
beta_decouple,POLUSDT,2026-05-23 18:00:00+00:00,2026-05-23 18:02:00+00:00,SHORT,0.09048,0.08986,0.0891228,0.0918372,TIME,0.350418,0.417085,0.106667,0.0,29.237519,0
beta_decouple,POLUSDT,2026-05-23 19:00:00+00:00,2026-05-23 19:02:00+00:00,SHORT,0.09061,0.09039,0.08925085,0.09196915,TIME,0.055284,0.121951,0.106667,0.0,29.560795,0
beta_decouple,POLUSDT,2026-05-23 20:00:00+00:00,2026-05-23 20:01:00+00:00,SHORT,0.09215,0.09076775,0.09076775,0.09353225,TP,0.893922,0.960588,0.106667,0.0,34.845801,0
beta_decouple,POLUSDT,2026-05-24 11:00:00+00:00,2026-05-24 11:02:00+00:00,LONG,0.09128,0.09153,0.0926492,0.0899108,TIME,0.075824,0.142491,0.106667,0.0,35.374232,0
beta_decouple,POLUSDT,2026-05-24 12:00:00+00:00,2026-05-24 12:02:00+00:00,LONG,0.09108,0.0913,0.0924462,0.0897138,TIME,0.054279,0.120946,0.106667,0.0,35.75825,0
beta_decouple,POLUSDT,2026-05-24 13:00:00+00:00,2026-05-24 13:02:00+00:00,LONG,0.0907,0.0911,0.0920605,0.0893395,TIME,0.187179,0.253845,0.106667,0.0,37.096885,0
beta_decouple,POLUSDT,2026-05-24 14:00:00+00:00,2026-05-24 14:02:00+00:00,LONG,0.09045,0.09064,0.09180675,0.08909325,TIME,0.033302,0.099969,0.106667,0.0,37.343964,0
beta_decouple,POLUSDT,2026-05-26 00:00:00+00:00,2026-05-26 00:02:00+00:00,LONG,0.09206,0.09265,0.0934409,0.0906791,TIME,0.320347,0.387013,0.106667,0.0,39.736567,0
beta_decouple,POLUSDT,2026-05-26 01:00:00+00:00,2026-05-26 01:02:00+00:00,LONG,0.09183,0.09189,0.09320745,0.09045255,TIME,-0.063122,0.003545,0.106667,0.0,39.234916,0
beta_decouple,POLUSDT,2026-05-26 06:00:00+00:00,2026-05-26 06:02:00+00:00,SHORT,0.09275,0.09249,0.09135875,0.09414125,TIME,0.080316,0.146982,0.106667,0.0,39.865153,0
beta_decouple,POLUSDT,2026-05-26 10:00:00+00:00,2026-05-26 10:02:00+00:00,SHORT,0.09354,0.09277,0.0921369,0.0949431,TIME,0.442436,0.509102,0.106667,0.0,43.392705,0
beta_decouple,POLUSDT,2026-05-26 14:00:00+00:00,2026-05-26 14:02:00+00:00,LONG,0.09235,0.0928,0.09373525,0.09096475,TIME,0.218002,0.284668,0.106667,0.0,45.28464,0
beta_decouple,POLUSDT,2026-05-26 17:00:00+00:00,2026-05-26 17:02:00+00:00,LONG,0.09153,0.09226,0.09290295,0.09015705,TIME,0.424728,0.491395,0.106667,0.0,49.131373,0
beta_decouple,POLUSDT,2026-05-27 13:00:00+00:00,2026-05-27 13:02:00+00:00,LONG,0.09048,0.09129,0.0918372,0.0891228,TIME,0.489804,0.556471,0.106667,0.0,53.944325,0
beta_decouple,POLUSDT,2026-05-27 21:00:00+00:00,2026-05-27 21:02:00+00:00,LONG,0.08955,0.09033,0.09089325,0.08820675,TIME,0.473678,0.540345,0.106667,0.0,59.054775,0
beta_decouple,POLUSDT,2026-05-28 03:00:00+00:00,2026-05-28 03:01:00+00:00,LONG,0.08863,0.08995945,0.08995945,0.08730055,TP,0.892746,0.959412,0.106667,0.0,69.598953,0
beta_decouple,POLUSDT,2026-05-28 04:00:00+00:00,2026-05-28 04:02:00+00:00,LONG,0.08731,0.08636,0.08861965,0.08600035,TIME,-0.831604,-0.764938,0.106667,0.0,58.023196,0
beta_decouple,POLUSDT,2026-05-28 09:00:00+00:00,2026-05-28 09:02:00+00:00,SHORT,0.08789,0.08746,0.08657165,0.08920835,TIME,0.219682,0.286349,0.106667,0.0,60.572531,0
beta_decouple,POLUSDT,2026-05-28 12:00:00+00:00,2026-05-28 12:02:00+00:00,SHORT,0.08767,0.08716,0.08635495,0.08898505,TIME,0.281372,0.348039,0.106667,0.0,63.981214,0
beta_decouple,POLUSDT,2026-05-28 16:00:00+00:00,2026-05-28 16:02:00+00:00,SHORT,0.08751,0.08677,0.08619735,0.08882265,TIME,0.457405,0.524071,0.106667,0.0,69.834277,0
beta_decouple,POLUSDT,2026-05-28 17:00:00+00:00,2026-05-28 17:02:00+00:00,SHORT,0.08822,0.08748,0.0868967,0.0895433,TIME,0.452865,0.519532,0.106667,0.0,76.159377,0
beta_decouple,POLUSDT,2026-05-30 00:00:00+00:00,2026-05-30 00:02:00+00:00,SHORT,0.09074,0.08997,0.0893789,0.0921011,TIME,0.45938,0.526046,0.106667,0.0,83.156592,0
beta_decouple,POLUSDT,2026-05-30 01:00:00+00:00,2026-05-30 01:02:00+00:00,SHORT,0.09124,0.09132,0.0898714,0.0926086,TIME,-0.165168,-0.098501,0.106667,0.0,80.409636,0
beta_decouple,POLUSDT,2026-05-30 08:00:00+00:00,2026-05-30 08:02:00+00:00,LONG,0.09113,0.09132,0.09249695,0.08976305,TIME,0.032258,0.098924,0.106667,0.0,80.928399,0
beta_decouple,POLUSDT,2026-05-30 10:00:00+00:00,2026-05-30 10:02:00+00:00,LONG,0.09108,0.09138,0.0924462,0.0897138,TIME,0.112801,0.179467,0.106667,0.0,82.754157,0
beta_decouple,POLUSDT,2026-05-30 11:00:00+00:00,2026-05-30 11:02:00+00:00,LONG,0.09065,0.09113,0.09200975,0.08929025,TIME,0.24614,0.312806,0.106667,0.0,86.827973,0
beta_decouple,POLUSDT,2026-05-30 17:00:00+00:00,2026-05-30 17:02:00+00:00,LONG,0.0907,0.09098,0.0920605,0.0893395,TIME,0.099029,0.165695,0.106667,0.0,88.547663,0
beta_decouple,POLUSDT,2026-05-30 19:00:00+00:00,2026-05-30 19:02:00+00:00,LONG,0.09047,0.09066,0.09182705,0.08911295,TIME,0.033271,0.099938,0.106667,0.0,89.136876,0
beta_decouple,POLUSDT,2026-05-30 22:00:00+00:00,2026-05-30 22:02:00+00:00,LONG,0.08975,0.09018,0.09109625,0.08840375,TIME,0.21256,0.279226,0.106667,0.0,92.926253,0
beta_decouple,POLUSDT,2026-06-01 06:00:00+00:00,2026-06-01 06:02:00+00:00,LONG,0.0924,0.09293,0.093786,0.091014,TIME,0.275511,0.342178,0.106667,0.0,98.046701,0
beta_decouple,POLUSDT,2026-06-01 07:00:00+00:00,2026-06-01 07:02:00+00:00,LONG,0.09172,0.09233,0.0930958,0.0903442,TIME,0.336458,0.403124,0.106667,0.0,104.644416,0
beta_decouple,POLUSDT,2026-06-01 13:00:00+00:00,2026-06-01 13:02:00+00:00,LONG,0.09164,0.09224,0.0930146,0.0902654,TIME,0.329574,0.396241,0.106667,0.0,111.542034,0
beta_decouple,POLUSDT,2026-06-01 21:00:00+00:00,2026-06-01 21:02:00+00:00,LONG,0.09346,0.09408,0.0948619,0.0920581,TIME,0.335337,0.402004,0.106667,0.0,119.022868,0
beta_decouple,POLUSDT,2026-06-02 00:00:00+00:00,2026-06-02 00:02:00+00:00,LONG,0.09312,0.09413,0.0945168,0.0917232,TIME,0.615993,0.68266,0.106667,0.0,133.686318,0
beta_decouple,POLUSDT,2026-06-02 01:00:00+00:00,2026-06-02 01:02:00+00:00,LONG,0.09244,0.09308,0.0938266,0.0910534,TIME,0.354629,0.421296,0.106667,0.0,143.16813,0
beta_decouple,POLUSDT,2026-06-02 09:00:00+00:00,2026-06-02 09:02:00+00:00,LONG,0.09215,0.0927,0.09353225,0.09076775,TIME,0.291009,0.357675,0.106667,0.0,151.500763,0
beta_decouple,POLUSDT,2026-06-02 10:00:00+00:00,2026-06-02 10:02:00+00:00,LONG,0.09165,0.09174,0.09302475,0.09027525,TIME,-0.041227,0.025439,0.106667,0.0,150.251563,0
beta_decouple,POLUSDT,2026-06-02 15:00:00+00:00,2026-06-02 15:01:00+00:00,LONG,0.0895,0.0908425,0.0908425,0.0881575,TP,0.892746,0.959412,0.106667,0.0,177.078845,0
beta_decouple,POLUSDT,2026-06-02 22:00:00+00:00,2026-06-02 22:01:00+00:00,LONG,0.08934,0.0906801,0.0906801,0.0879999,TP,0.892746,0.959412,0.106667,0.0,208.696114,0
beta_decouple,POLUSDT,2026-06-04 00:00:00+00:00,2026-06-04 00:02:00+00:00,SHORT,0.09234,0.09363,0.0909549,0.0937251,TIME,-1.038578,-0.971912,0.106667,0.0,165.346661,0
beta_decouple,POLUSDT,2026-06-04 09:00:00+00:00,2026-06-04 09:02:00+00:00,LONG,0.09021,0.09073,0.09156315,0.08885685,TIME,0.277403,0.34407,0.106667,0.0,174.520204,0
beta_decouple,POLUSDT,2026-06-04 10:00:00+00:00,2026-06-04 10:02:00+00:00,LONG,0.08891,0.09009,0.09024365,0.08757635,TIME,0.777604,0.844271,0.106667,0.0,201.661743,0
beta_decouple,POLUSDT,2026-06-04 21:00:00+00:00,2026-06-04 21:01:00+00:00,LONG,0.08728,0.0885892,0.0885892,0.0859708,TP,0.892746,0.959412,0.106667,0.0,237.668266,0
beta_decouple,POLUSDT,2026-06-04 22:00:00+00:00,2026-06-04 22:02:00+00:00,LONG,0.08707,0.08701,0.08837605,0.08576395,TIME,-0.152567,-0.0859,0.106667,0.0,230.416191,0
beta_decouple,POLUSDT,2026-06-05 02:00:00+00:00,2026-06-05 02:01:00+00:00,LONG,0.08421,0.0855875,0.0855875,0.0828325,TP,0.901599,0.962732,0.097812,0.0,271.964802,0
beta_decouple,POLUSDT,2026-06-05 03:00:00+00:00,2026-06-05 03:02:00+00:00,LONG,0.08358,0.0839,0.08502531,0.08213469,TIME,0.128758,0.186586,0.092525,0.0,278.968314,0
beta_decouple,POLUSDT,2026-06-05 06:00:00+00:00,2026-06-05 06:01:00+00:00,LONG,0.08031,0.08226854,0.08226854,0.07835146,TP,0.9338,0.974805,0.065608,0.0,331.068412,0
beta_decouple,POLUSDT,2026-06-05 15:00:00+00:00,2026-06-05 15:02:00+00:00,SHORT,0.07653,0.07643,0.07475625,0.07830375,TIME,-0.01263,0.030516,0.069033,0.0,330.232159,0
beta_decouple,POLUSDT,2026-06-05 18:00:00+00:00,2026-06-05 18:01:00+00:00,LONG,0.0713,0.0738549,0.0738549,0.0687451,TP,0.954754,0.982661,0.044652,0.0,393.290232,0
beta_decouple,POLUSDT,2026-06-05 20:00:00+00:00,2026-06-05 20:01:00+00:00,SHORT,0.07514,0.07386844,0.07386844,0.07641156,TP,0.906041,0.965134,0.094548,0.0,464.557671,0
beta_decouple,POLUSDT,2026-06-05 21:00:00+00:00,2026-06-05 21:01:00+00:00,SHORT,0.07621,0.07506685,0.07506685,0.07735315,TP,0.893922,0.960588,0.106667,0.0,547.61329,0
beta_decouple,POLUSDT,2026-06-05 22:00:00+00:00,2026-06-05 22:01:00+00:00,SHORT,0.0778,0.076633,0.076633,0.078967,TP,0.893922,0.960588,0.106667,0.0,645.51795,0
beta_decouple,POLUSDT,2026-06-06 04:00:00+00:00,2026-06-06 04:01:00+00:00,LONG,0.0729,0.0739935,0.0739935,0.0718065,TP,0.892746,0.959412,0.106667,0.0,760.7746,0
beta_decouple,POLUSDT,2026-06-06 07:00:00+00:00,2026-06-06 07:01:00+00:00,SHORT,0.07597,0.07483045,0.07483045,0.07710955,TP,0.893922,0.960588,0.106667,0.0,896.789156,0
beta_decouple,POLUSDT,2026-06-06 12:00:00+00:00,2026-06-06 12:02:00+00:00,SHORT,0.07675,0.07607,0.07559875,0.07790125,TIME,0.484338,0.551005,0.106667,0.0,983.658997,0
beta_decouple,POLUSDT,2026-06-06 13:00:00+00:00,2026-06-06 13:02:00+00:00,SHORT,0.07767,0.07672,0.07650495,0.07883505,TIME,0.709226,0.775893,0.106667,0.0,1123.186378,0
beta_decouple,POLUSDT,2026-06-06 17:00:00+00:00,2026-06-06 17:02:00+00:00,LONG,0.07572,0.07625,0.0768558,0.0745842,TIME,0.359697,0.426364,0.106667,0.0,1203.987706,0
beta_decouple,POLUSDT,2026-06-06 22:00:00+00:00,2026-06-06 22:02:00+00:00,SHORT,0.077,0.07663,0.075845,0.078155,TIME,0.21386,0.280527,0.106667,0.0,1255.484647,0
beta_decouple,POLUSDT,2026-06-06 23:00:00+00:00,2026-06-06 23:02:00+00:00,SHORT,0.07755,0.07701,0.07638675,0.07871325,TIME,0.357817,0.424483,0.106667,0.0,1345.331291,0
beta_decouple,POLUSDT,2026-06-07 01:00:00+00:00,2026-06-07 01:01:00+00:00,SHORT,0.07989,0.07869165,0.07869165,0.08108835,TP,0.893922,0.960588,0.106667,0.0,1585.855407,0
beta_decouple,POLUSDT,2026-06-07 07:00:00+00:00,2026-06-07 07:02:00+00:00,SHORT,0.07995,0.07942,0.07875075,0.08114925,TIME,0.335529,0.402196,0.106667,0.0,1692.275648,0
beta_decouple,POLUSDT,2026-06-07 08:00:00+00:00,2026-06-07 08:02:00+00:00,SHORT,0.08033,0.07967,0.07912505,0.08153495,TIME,0.441391,0.508057,0.106667,0.0,1841.666575,0
beta_decouple,POLUSDT,2026-06-07 10:00:00+00:00,2026-06-07 10:02:00+00:00,LONG,0.07944,0.0797,0.0806316,0.0782484,TIME,0.111408,0.178075,0.106667,0.0,1882.702029,0
beta_decouple,POLUSDT,2026-06-07 11:00:00+00:00,2026-06-07 11:02:00+00:00,LONG,0.07937,0.0795,0.08056055,0.07817945,TIME,0.002473,0.06914,0.106667,0.0,1883.633237,0
beta_decouple,POLUSDT,2026-06-07 12:00:00+00:00,2026-06-07 12:02:00+00:00,LONG,0.07874,0.07952,0.0799211,0.0775589,TIME,0.553351,0.620017,0.106667,0.0,2092.095126,0
beta_decouple,POLUSDT,2026-06-08 18:00:00+00:00,2026-06-08 18:02:00+00:00,LONG,0.0789,0.07984,0.0800835,0.0777165,TIME,0.687123,0.75379,0.106667,0.0,2379.600567,0
beta_decouple,POLUSDT,2026-06-08 23:00:00+00:00,2026-06-08 23:02:00+00:00,LONG,0.07806,0.07866,0.0792309,0.0768891,TIME,0.405464,0.472131,0.106667,0.0,2572.569185,0
beta_decouple,POLUSDT,2026-06-09 00:00:00+00:00,2026-06-09 00:01:00+00:00,LONG,0.07644,0.0775866,0.0775866,0.0752934,TP,0.892746,0.959412,0.106667,0.0,3031.899103,0
beta_decouple,POLUSDT,2026-06-09 05:00:00+00:00,2026-06-09 05:02:00+00:00,SHORT,0.07702,0.07683,0.0758647,0.0781753,TIME,0.057879,0.124546,0.106667,0.0,3066.996053,0
beta_decouple,POLUSDT,2026-06-09 11:00:00+00:00,2026-06-09 11:02:00+00:00,SHORT,0.0761,0.07559,0.0749585,0.0772415,TIME,0.34037,0.407037,0.106667,0.0,3275.778761,0
beta_decouple,POLUSDT,2026-06-09 12:00:00+00:00,2026-06-09 12:02:00+00:00,SHORT,0.07608,0.07625,0.0749388,0.0772212,TIME,-0.255734,-0.189067,0.106667,0.0,3108.233109,0
beta_decouple,POLUSDT,2026-06-09 15:00:00+00:00,2026-06-09 15:01:00+00:00,LONG,0.07325,0.07434875,0.07434875,0.07215125,TP,0.892746,0.959412,0.106667,0.0,3663.205339,0
beta_decouple,POLUSDT,2026-06-09 19:00:00+00:00,2026-06-09 19:02:00+00:00,SHORT,0.07577,0.07503,0.07463345,0.07690655,TIME,0.544805,0.611472,0.106667,0.0,4062.352094,0
beta_decouple,POLUSDT,2026-06-10 00:00:00+00:00,2026-06-10 00:02:00+00:00,SHORT,0.07562,0.07562,0.0744857,0.0767543,TIME,-0.106679,-0.040012,0.106667,0.0,3975.67883,0
beta_decouple,POLUSDT,2026-06-11 00:00:00+00:00,2026-06-11 00:02:00+00:00,LONG,0.07219,0.07226,0.07327285,0.07110715,TIME,-0.042049,0.024617,0.106667,0.0,3942.243991,0
beta_decouple,POLUSDT,2026-06-11 08:00:00+00:00,2026-06-11 08:02:00+00:00,SHORT,0.07355,0.07336,0.07244675,0.07465325,TIME,0.065643,0.13231,0.106667,0.0,3994.000244,0
beta_decouple,POLUSDT,2026-06-12 06:00:00+00:00,2026-06-12 06:01:00+00:00,LONG,0.07341,0.07451115,0.07451115,0.07230885,TP,0.892746,0.959412,0.106667,0.0,4707.125401,0
beta_decouple,POLUSDT,2026-06-17 19:00:00+00:00,2026-06-17 19:01:00+00:00,LONG,0.07605,0.07719075,0.07719075,0.07490925,TP,0.892746,0.959412,0.106667,0.0,5547.578414,0
beta_decouple,POLUSDT,2026-06-18 00:00:00+00:00,2026-06-18 00:02:00+00:00,SHORT,0.07716,0.07691,0.0760026,0.0783174,TIME,0.109452,0.176119,0.106667,0.0,5669.017515,0
beta_decouple,POLUSDT,2026-06-18 01:00:00+00:00,2026-06-18 01:02:00+00:00,SHORT,0.07731,0.07729,0.07615035,0.07846965,TIME,-0.089422,-0.022755,0.106667,0.0,5567.630837,0
beta_decouple,POLUSDT,2026-06-18 03:00:00+00:00,2026-06-18 03:02:00+00:00,LONG,0.07657,0.07715,0.07771855,0.07542145,TIME,0.398027,0.464694,0.106667,0.0,6010.84429,0
beta_decouple,POLUSDT,2026-06-18 04:00:00+00:00,2026-06-18 04:02:00+00:00,LONG,0.07601,0.07653,0.07715015,0.07486985,TIME,0.349152,0.415819,0.106667,0.0,6430.584076,0
beta_decouple,POLUSDT,2026-06-18 05:00:00+00:00,2026-06-18 05:02:00+00:00,LONG,0.07555,0.07577,0.07668325,0.07441675,TIME,0.087361,0.154027,0.106667,0.0,6542.940279,0
beta_decouple,POLUSDT,2026-06-18 12:00:00+00:00,2026-06-18 12:02:00+00:00,SHORT,0.07742,0.07666,0.0762587,0.0785813,TIME,0.548153,0.61482,0.106667,0.0,7260.24688,0
beta_decouple,POLUSDT,2026-06-18 14:00:00+00:00,2026-06-18 14:02:00+00:00,SHORT,0.07781,0.07746,0.07664285,0.07897715,TIME,0.193377,0.260044,0.106667,0.0,7541.039941,0
beta_decouple,POLUSDT,2026-06-18 15:00:00+00:00,2026-06-18 15:01:00+00:00,LONG,0.07503,0.07615545,0.07615545,0.07390455,TP,0.892746,0.959412,0.106667,0.0,8887.485851,0
beta_decouple,POLUSDT,2026-06-19 04:00:00+00:00,2026-06-19 04:02:00+00:00,LONG,0.0775,0.07772,0.0786625,0.0763375,TIME,0.082479,0.149146,0.106667,0.0,9034.092266,0
beta_decouple,POLUSDT,2026-06-19 09:00:00+00:00,2026-06-19 09:02:00+00:00,LONG,0.07714,0.07782,0.0782971,0.0759829,TIME,0.480669,0.547336,0.106667,0.0,9902.573734,0
beta_decouple,POLUSDT,2026-06-19 13:00:00+00:00,2026-06-19 13:02:00+00:00,SHORT,0.07855,0.0776,0.07737175,0.07972825,TIME,0.700086,0.766752,0.106667,0.0,11289.103874,0
beta_decouple,POLUSDT,2026-06-19 15:00:00+00:00,2026-06-19 15:01:00+00:00,SHORT,0.08022,0.0790167,0.0790167,0.0814233,TP,0.893922,0.960588,0.106667,0.0,13307.41843,0
beta_decouple,POLUSDT,2026-06-19 22:00:00+00:00,2026-06-19 22:02:00+00:00,SHORT,0.08014,0.07962,0.0789379,0.0813421,TIME,0.326157,0.392824,0.106667,0.0,14175.480705,0
beta_decouple,POLUSDT,2026-06-19 23:00:00+00:00,2026-06-19 23:02:00+00:00,SHORT,0.08095,0.08002,0.07973575,0.08216425,TIME,0.659686,0.726353,0.106667,0.0,16045.753626,0
beta_decouple,POLUSDT,2026-06-20 00:00:00+00:00,2026-06-20 00:02:00+00:00,SHORT,0.08153,0.08113,0.08030705,0.08275295,TIME,0.220596,0.287262,0.106667,0.0,16753.678164,0
beta_decouple,POLUSDT,2026-06-20 06:00:00+00:00,2026-06-20 06:02:00+00:00,SHORT,0.08295,0.08363,0.08170575,0.08419425,TIME,-0.653521,-0.586854,0.106667,0.0,14563.903265,0
beta_decouple,POLUSDT,2026-06-20 11:00:00+00:00,2026-06-20 11:02:00+00:00,LONG,0.08191,0.08271,0.08313865,0.08068135,TIME,0.544076,0.610743,0.106667,0.0,16148.677088,0
beta_decouple,POLUSDT,2026-06-20 12:00:00+00:00,2026-06-20 12:02:00+00:00,LONG,0.0817,0.08203,0.0829255,0.0804745,TIME,0.162462,0.229128,0.106667,0.0,16673.385257,0
beta_decouple,POLUSDT,2026-06-20 13:00:00+00:00,2026-06-20 13:02:00+00:00,LONG,0.08095,0.08142,0.08216425,0.07973575,TIME,0.280183,0.34685,0.106667,0.0,17607.706295,0
beta_decouple,POLUSDT,2026-06-20 18:00:00+00:00,2026-06-20 18:02:00+00:00,LONG,0.08021,0.08108,0.08141315,0.07900685,TIME,0.616013,0.68268,0.106667,0.0,19777.023098,0
beta_decouple,POLUSDT,2026-06-20 23:00:00+00:00,2026-06-20 23:02:00+00:00,LONG,0.07949,0.08022,0.08068235,0.07829765,TIME,0.505214,0.571881,0.106667,0.0,21775.35062,0
beta_decouple,POLUSDT,2026-06-22 23:00:00+00:00,2026-06-22 23:02:00+00:00,LONG,0.07882,0.07939,0.0800023,0.0776377,TIME,0.375167,0.441834,0.106667,0.0,23409.230472,0
beta_decouple,POLUSDT,2026-06-23 06:00:00+00:00,2026-06-23 06:02:00+00:00,LONG,0.07754,0.0787031,0.0787031,0.0763769,TP,0.892746,0.959412,0.106667,0.0,27588.92755,0
beta_decouple,POLUSDT,2026-06-23 07:00:00+00:00,2026-06-23 07:02:00+00:00,LONG,0.07734,0.07744,0.0785001,0.0761799,TIME,-0.020507,0.04616,0.106667,0.0,27475.774825,0
beta_decouple,POLUSDT,2026-06-23 08:00:00+00:00,2026-06-23 08:02:00+00:00,LONG,0.07645,0.07734,0.07759675,0.07530325,TIME,0.668986,0.735653,0.106667,0.0,31151.957626,0
beta_decouple,POLUSDT,2026-06-23 11:00:00+00:00,2026-06-23 11:02:00+00:00,SHORT,0.0773,0.07695,0.0761405,0.0784595,TIME,0.195357,0.262023,0.106667,0.0,32369.106629,0
beta_decouple,POLUSDT,2026-06-23 12:00:00+00:00,2026-06-23 12:02:00+00:00,SHORT,0.07744,0.0775,0.0762784,0.0786016,TIME,-0.158363,-0.091696,0.106667,0.0,31343.895686,0
beta_decouple,POLUSDT,2026-06-23 13:00:00+00:00,2026-06-23 13:02:00+00:00,SHORT,0.07793,0.07735,0.07676105,0.07909895,TIME,0.389791,0.456458,0.106667,0.0,33787.40875,0
beta_decouple,POLUSDT,2026-06-24 21:00:00+00:00,2026-06-24 21:02:00+00:00,SHORT,0.07357,0.07261,0.07246645,0.07467355,TIME,0.763763,0.83043,0.106667,0.0,38948.524922,0
beta_decouple,ARBUSDT,2026-05-15 12:00:00+00:00,2026-05-15 12:02:00+00:00,LONG,0.127,0.1281,0.128905,0.125095,TIME,0.470427,0.537093,0.106667,0.0,7.658598,0
beta_decouple,ARBUSDT,2026-05-15 13:00:00+00:00,2026-05-15 13:01:00+00:00,LONG,0.1232,0.125048,0.125048,0.121352,TP,0.892746,0.959412,0.106667,0.0,9.026033,0
beta_decouple,ARBUSDT,2026-05-15 21:00:00+00:00,2026-05-15 21:02:00+00:00,LONG,0.1244,0.1253,0.126266,0.122534,TIME,0.375371,0.442038,0.106667,0.0,9.703656,0
beta_decouple,ARBUSDT,2026-05-16 01:00:00+00:00,2026-05-16 01:02:00+00:00,SHORT,0.1248,0.1247,0.122928,0.126672,TIME,-0.053228,0.013439,0.106667,0.0,9.600355,0
beta_decouple,ARBUSDT,2026-05-16 05:00:00+00:00,2026-05-16 05:02:00+00:00,LONG,0.1229,0.1234,0.1247435,0.1210565,TIME,0.164406,0.231073,0.106667,0.0,9.916026,0
beta_decouple,ARBUSDT,2026-05-16 06:00:00+00:00,2026-05-16 06:02:00+00:00,LONG,0.1213,0.1229,0.1231195,0.1194805,TIME,0.77218,0.838847,0.106667,0.0,11.447418,0
beta_decouple,ARBUSDT,2026-05-16 07:00:00+00:00,2026-05-16 07:02:00+00:00,LONG,0.1202,0.121,0.122003,0.118397,TIME,0.336784,0.403451,0.106667,0.0,12.218479,0
beta_decouple,ARBUSDT,2026-05-16 12:00:00+00:00,2026-05-16 12:02:00+00:00,SHORT,0.1191,0.1188,0.1173135,0.1208865,TIME,0.061348,0.128015,0.106667,0.0,12.368396,0
beta_decouple,ARBUSDT,2026-05-16 14:00:00+00:00,2026-05-16 14:02:00+00:00,SHORT,0.1198,0.1189,0.118003,0.121597,TIME,0.394457,0.461123,0.106667,0.0,13.344155,0
beta_decouple,ARBUSDT,2026-05-16 15:00:00+00:00,2026-05-16 15:02:00+00:00,SHORT,0.1203,0.1201,0.1184955,0.1221045,TIME,0.004222,0.070889,0.106667,0.0,13.355423,0
beta_decouple,ARBUSDT,2026-05-16 16:00:00+00:00,2026-05-16 16:02:00+00:00,SHORT,0.1206,0.1207,0.118791,0.122409,TIME,-0.161991,-0.095324,0.106667,0.0,12.922731,0
beta_decouple,ARBUSDT,2026-05-17 01:00:00+00:00,2026-05-17 01:02:00+00:00,LONG,0.1185,0.1187,0.1202775,0.1167225,TIME,0.005795,0.072462,0.106667,0.0,12.937709,0
beta_decouple,ARBUSDT,2026-05-17 03:00:00+00:00,2026-05-17 03:02:00+00:00,SHORT,0.1192,0.1189,0.117412,0.120988,TIME,0.061207,0.127874,0.106667,0.0,13.096086,0
beta_decouple,ARBUSDT,2026-05-17 04:00:00+00:00,2026-05-17 04:02:00+00:00,SHORT,0.1197,0.1193,0.1179045,0.1214955,TIME,0.116234,0.182901,0.106667,0.0,13.400528,0
beta_decouple,ARBUSDT,2026-05-17 05:00:00+00:00,2026-05-17 05:02:00+00:00,SHORT,0.1208,0.1197,0.118988,0.122612,TIME,0.50075,0.567416,0.106667,0.0,14.742591,0
beta_decouple,ARBUSDT,2026-05-17 06:00:00+00:00,2026-05-17 06:02:00+00:00,SHORT,0.122,0.1211,0.12017,0.12383,TIME,0.38542,0.452086,0.106667,0.0,15.879008,0
beta_decouple,ARBUSDT,2026-05-17 13:00:00+00:00,2026-05-17 13:01:00+00:00,LONG,0.1198,0.121597,0.121597,0.118003,TP,0.892746,0.959412,0.106667,0.0,18.71419,0
beta_decouple,ARBUSDT,2026-05-17 14:00:00+00:00,2026-05-17 14:02:00+00:00,LONG,0.1189,0.1198,0.1206835,0.1171165,TIME,0.397668,0.464335,0.106667,0.0,20.202599,0
beta_decouple,ARBUSDT,2026-05-17 19:00:00+00:00,2026-05-17 19:02:00+00:00,SHORT,0.1191,0.119,0.1173135,0.1208865,TIME,-0.05067,0.015997,0.106667,0.0,19.997867,0
beta_decouple,ARBUSDT,2026-05-17 21:00:00+00:00,2026-05-17 21:02:00+00:00,SHORT,0.1195,0.1183,0.1177075,0.1212925,TIME,0.563179,0.629846,0.106667,0.0,22.250343,0
beta_decouple,ARBUSDT,2026-05-17 23:00:00+00:00,2026-05-17 23:02:00+00:00,LONG,0.1164,0.1178,0.118146,0.114654,TIME,0.694697,0.761364,0.106667,0.0,25.341793,0
beta_decouple,ARBUSDT,2026-05-18 08:00:00+00:00,2026-05-18 08:02:00+00:00,SHORT,0.1162,0.1159,0.114457,0.117943,TIME,0.065542,0.132208,0.106667,0.0,25.673982,0
beta_decouple,ARBUSDT,2026-05-18 11:00:00+00:00,2026-05-18 11:02:00+00:00,SHORT,0.1161,0.1148,0.1143585,0.1178415,TIME,0.640252,0.706919,0.106667,0.0,28.961547,0
beta_decouple,ARBUSDT,2026-05-18 12:00:00+00:00,2026-05-18 12:02:00+00:00,SHORT,0.1169,0.1164,0.1151465,0.1186535,TIME,0.178636,0.245303,0.106667,0.0,29.996265,0
beta_decouple,ARBUSDT,2026-05-18 18:00:00+00:00,2026-05-18 18:01:00+00:00,LONG,0.1142,0.115913,0.115913,0.112487,TP,0.892746,0.959412,0.106667,0.0,35.352071,0
beta_decouple,ARBUSDT,2026-05-18 19:00:00+00:00,2026-05-18 19:01:00+00:00,SHORT,0.1166,0.114851,0.114851,0.118349,TP,0.893922,0.960588,0.106667,0.0,41.672466,0
beta_decouple,ARBUSDT,2026-05-18 21:00:00+00:00,2026-05-18 21:02:00+00:00,SHORT,0.1175,0.1164,0.1157375,0.1192625,TIME,0.517809,0.584476,0.106667,0.0,45.988145,0
beta_decouple,ARBUSDT,2026-05-19 02:00:00+00:00,2026-05-19 02:02:00+00:00,LONG,0.1165,0.1169,0.1182475,0.1147525,TIME,0.122106,0.188773,0.106667,0.0,47.111235,0
beta_decouple,ARBUSDT,2026-05-19 07:00:00+00:00,2026-05-19 07:02:00+00:00,SHORT,0.1173,0.1167,0.1155405,0.1190595,TIME,0.234532,0.301199,0.106667,0.0,49.321053,0
beta_decouple,ARBUSDT,2026-05-19 09:00:00+00:00,2026-05-19 09:02:00+00:00,LONG,0.1163,0.1169,0.1180445,0.1145555,TIME,0.237077,0.303744,0.106667,0.0,51.659631,0
beta_decouple,ARBUSDT,2026-05-19 10:00:00+00:00,2026-05-19 10:02:00+00:00,LONG,0.1157,0.116,0.1174355,0.1139645,TIME,0.066102,0.132769,0.106667,0.0,52.342597,0
beta_decouple,ARBUSDT,2026-05-19 11:00:00+00:00,2026-05-19 11:02:00+00:00,LONG,0.1149,0.1157,0.1166235,0.1131765,TIME,0.357239,0.423905,0.106667,0.0,56.082357,0
beta_decouple,ARBUSDT,2026-05-19 18:00:00+00:00,2026-05-19 18:02:00+00:00,LONG,0.1144,0.1147,0.116116,0.112684,TIME,0.068066,0.134732,0.106667,0.0,56.845813,0
beta_decouple,ARBUSDT,2026-05-19 22:00:00+00:00,2026-05-19 22:02:00+00:00,LONG,0.1133,0.114,0.1149995,0.1116005,TIME,0.304984,0.371651,0.106667,0.0,60.313227,0
beta_decouple,ARBUSDT,2026-05-20 02:00:00+00:00,2026-05-20 02:02:00+00:00,LONG,0.1124,0.1135,0.114086,0.110714,TIME,0.545386,0.612052,0.106667,0.0,66.892023,0
beta_decouple,ARBUSDT,2026-05-20 04:00:00+00:00,2026-05-20 04:02:00+00:00,SHORT,0.1132,0.1126,0.111502,0.114898,TIME,0.24689,0.313557,0.106667,0.0,70.195021,0
beta_decouple,ARBUSDT,2026-05-20 05:00:00+00:00,2026-05-20 05:02:00+00:00,SHORT,0.1138,0.1133,0.112093,0.115507,TIME,0.186409,0.253075,0.106667,0.0,72.812013,0
beta_decouple,ARBUSDT,2026-05-20 06:00:00+00:00,2026-05-20 06:02:00+00:00,SHORT,0.1141,0.1142,0.1123885,0.1158115,TIME,-0.165142,-0.098475,0.106667,0.0,70.407149,0
beta_decouple,ARBUSDT,2026-05-20 11:00:00+00:00,2026-05-20 11:02:00+00:00,LONG,0.1124,0.1129,0.114086,0.110714,TIME,0.189727,0.256394,0.106667,0.0,73.078781,0
beta_decouple,ARBUSDT,2026-05-20 21:00:00+00:00,2026-05-20 21:02:00+00:00,LONG,0.1108,0.1123,0.112462,0.109138,TIME,0.795331,0.861998,0.106667,0.0,84.703146,0
beta_decouple,ARBUSDT,2026-05-20 22:00:00+00:00,2026-05-20 22:02:00+00:00,LONG,0.1104,0.1103,0.112056,0.108744,TIME,-0.167005,-0.100338,0.106667,0.0,81.873977,0
beta_decouple,ARBUSDT,2026-05-21 10:00:00+00:00,2026-05-21 10:02:00+00:00,LONG,0.1087,0.1101,0.1103305,0.1070695,TIME,0.751463,0.818129,0.106667,0.0,94.179024,0
beta_decouple,ARBUSDT,2026-05-21 14:00:00+00:00,2026-05-21 14:02:00+00:00,SHORT,0.1106,0.1105,0.108941,0.112259,TIME,-0.046365,0.020301,0.106667,0.0,93.305698,0
beta_decouple,ARBUSDT,2026-05-21 15:00:00+00:00,2026-05-21 15:01:00+00:00,SHORT,0.1121,0.1104185,0.1104185,0.1137815,TP,0.893922,0.960588,0.106667,0.0,109.987292,0
beta_decouple,ARBUSDT,2026-05-21 17:00:00+00:00,2026-05-21 17:01:00+00:00,SHORT,0.1145,0.1127825,0.1127825,0.1162175,TP,0.893922,0.960588,0.106667,0.0,129.651293,0
beta_decouple,ARBUSDT,2026-05-21 22:00:00+00:00,2026-05-21 22:02:00+00:00,LONG,0.1129,0.1138,0.1145935,0.1112065,TIME,0.42447,0.491137,0.106667,0.0,140.657918,0
beta_decouple,ARBUSDT,2026-05-21 23:00:00+00:00,2026-05-21 23:02:00+00:00,LONG,0.1128,0.1128,0.114492,0.111108,TIME,-0.106655,-0.039988,0.106667,0.0,137.657553,0
beta_decouple,ARBUSDT,2026-05-22 00:00:00+00:00,2026-05-22 00:02:00+00:00,LONG,0.1118,0.1127,0.113477,0.110123,TIME,0.429696,0.496363,0.106667,0.0,149.487735,0
beta_decouple,ARBUSDT,2026-05-22 03:00:00+00:00,2026-05-22 03:02:00+00:00,SHORT,0.1141,0.1131,0.1123885,0.1158115,TIME,0.477955,0.544621,0.106667,0.0,163.777411,0
beta_decouple,ARBUSDT,2026-05-22 08:00:00+00:00,2026-05-22 08:02:00+00:00,LONG,0.1127,0.1134,0.1143905,0.1110095,TIME,0.307176,0.373842,0.106667,0.0,173.839097,0
beta_decouple,ARBUSDT,2026-05-22 09:00:00+00:00,2026-05-22 09:02:00+00:00,LONG,0.1124,0.1121,0.114086,0.110714,TIME,-0.284484,-0.217817,0.106667,0.0,163.948213,0
beta_decouple,ARBUSDT,2026-05-22 12:00:00+00:00,2026-05-22 12:02:00+00:00,SHORT,0.1155,0.114,0.1137675,0.1172325,TIME,0.759642,0.826308,0.106667,0.0,188.856597,0
beta_decouple,ARBUSDT,2026-05-22 14:00:00+00:00,2026-05-22 14:01:00+00:00,LONG,0.1121,0.1137815,0.1137815,0.1104185,TP,0.892746,0.959412,0.106667,0.0,222.576773,0
beta_decouple,ARBUSDT,2026-05-22 18:00:00+00:00,2026-05-22 18:01:00+00:00,LONG,0.1103,0.1119545,0.1119545,0.1086455,TP,0.892746,0.959412,0.106667,0.0,262.317655,0
beta_decouple,ARBUSDT,2026-05-22 19:00:00+00:00,2026-05-22 19:02:00+00:00,LONG,0.1091,0.11,0.1107365,0.1074635,TIME,0.44297,0.509636,0.106667,0.0,285.557406,0
beta_decouple,ARBUSDT,2026-05-23 06:00:00+00:00,2026-05-23 06:02:00+00:00,LONG,0.108,0.1087,0.10962,0.10638,TIME,0.325185,0.391852,0.106667,0.0,304.129198,0
beta_decouple,ARBUSDT,2026-05-23 07:00:00+00:00,2026-05-23 07:01:00+00:00,LONG,0.1041,0.10575313,0.10575313,0.10244687,TP,0.898657,0.961629,0.100755,0.0,358.790757,0
beta_decouple,ARBUSDT,2026-05-23 13:00:00+00:00,2026-05-23 13:02:00+00:00,SHORT,0.1056,0.1049,0.104016,0.107184,TIME,0.335506,0.402172,0.106667,0.0,382.86603,0
beta_decouple,ARBUSDT,2026-05-23 14:00:00+00:00,2026-05-23 14:02:00+00:00,SHORT,0.107,0.1057,0.105395,0.108605,TIME,0.703776,0.770443,0.106667,0.0,436.756438,0
beta_decouple,ARBUSDT,2026-05-23 15:00:00+00:00,2026-05-23 15:02:00+00:00,SHORT,0.1075,0.107,0.1058875,0.1091125,TIME,0.203585,0.270252,0.106667,0.0,454.539846,0
beta_decouple,ARBUSDT,2026-05-23 16:00:00+00:00,2026-05-23 16:02:00+00:00,SHORT,0.1087,0.1075,0.1070695,0.1103305,TIME,0.629734,0.6964,0.106667,0.0,511.787649,0
beta_decouple,ARBUSDT,2026-05-23 20:00:00+00:00,2026-05-23 20:01:00+00:00,SHORT,0.112,0.11032,0.11032,0.11368,TP,0.893922,0.960588,0.106667,0.0,603.287246,0
beta_decouple,ARBUSDT,2026-05-24 03:00:00+00:00,2026-05-24 03:02:00+00:00,LONG,0.1088,0.1091,0.110432,0.107168,TIME,0.077059,0.143725,0.106667,0.0,612.58494,0
beta_decouple,ARBUSDT,2026-05-24 09:00:00+00:00,2026-05-24 09:02:00+00:00,LONG,0.1078,0.109,0.109417,0.106183,TIME,0.635015,0.701682,0.106667,0.0,690.385093,0
beta_decouple,ARBUSDT,2026-05-24 10:00:00+00:00,2026-05-24 10:02:00+00:00,LONG,0.1072,0.1076,0.108808,0.105592,TIME,0.141952,0.208619,0.106667,0.0,709.985449,0
beta_decouple,ARBUSDT,2026-05-24 11:00:00+00:00,2026-05-24 11:02:00+00:00,LONG,0.1063,0.1072,0.1078945,0.1047055,TIME,0.457447,0.524114,0.106667,0.0,774.941596,0
beta_decouple,ARBUSDT,2026-05-24 19:00:00+00:00,2026-05-24 19:02:00+00:00,SHORT,0.1063,0.106,0.1047055,0.1078945,TIME,0.081581,0.148248,0.106667,0.0,787.585699,0
beta_decouple,ARBUSDT,2026-05-24 21:00:00+00:00,2026-05-24 21:01:00+00:00,LONG,0.104,0.10556,0.10556,0.10244,TP,0.892746,0.959412,0.106667,0.0,928.208418,0
beta_decouple,ARBUSDT,2026-05-25 04:00:00+00:00,2026-05-25 04:02:00+00:00,SHORT,0.1061,0.105,0.1045085,0.1076915,TIME,0.584908,0.651575,0.106667,0.0,1036.791725,0
beta_decouple,ARBUSDT,2026-05-25 05:00:00+00:00,2026-05-25 05:02:00+00:00,SHORT,0.107,0.1062,0.105395,0.108605,TIME,0.392063,0.45873,0.106667,0.0,1118.089229,0
beta_decouple,ARBUSDT,2026-05-25 06:00:00+00:00,2026-05-25 06:02:00+00:00,SHORT,0.1074,0.1072,0.105789,0.109011,TIME,0.017542,0.084209,0.106667,0.0,1122.012008,0
beta_decouple,ARBUSDT,2026-05-25 10:00:00+00:00,2026-05-25 10:02:00+00:00,SHORT,0.1078,0.1071,0.106183,0.109417,TIME,0.326482,0.393148,0.106667,0.0,1195.275259,0
beta_decouple,ARBUSDT,2026-05-25 14:00:00+00:00,2026-05-25 14:02:00+00:00,SHORT,0.1089,0.1083,0.1072665,0.1105335,TIME,0.260851,0.327518,0.106667,0.0,1257.633065,0
beta_decouple,ARBUSDT,2026-05-25 15:00:00+00:00,2026-05-25 15:02:00+00:00,SHORT,0.1092,0.1088,0.107562,0.110838,TIME,0.137668,0.204335,0.106667,0.0,1292.260266,0
beta_decouple,ARBUSDT,2026-05-25 16:00:00+00:00,2026-05-25 16:02:00+00:00,SHORT,0.1097,0.1094,0.1080545,0.1113455,TIME,0.075746,0.142413,0.106667,0.0,1311.837016,0
beta_decouple,ARBUSDT,2026-05-25 17:00:00+00:00,2026-05-25 17:02:00+00:00,SHORT,0.1103,0.11,0.1086455,0.1119545,TIME,0.074754,0.14142,0.106667,0.0,1331.449981,0
beta_decouple,ARBUSDT,2026-05-25 20:00:00+00:00,2026-05-25 20:02:00+00:00,LONG,0.1089,0.1097,0.1105335,0.1072665,TIME,0.382798,0.449464,0.106667,0.0,1433.38513,0
beta_decouple,ARBUSDT,2026-05-25 22:00:00+00:00,2026-05-25 22:02:00+00:00,LONG,0.1078,0.1086,0.109417,0.106183,TIME,0.387792,0.454459,0.106667,0.0,1544.556166,0
beta_decouple,ARBUSDT,2026-05-26 01:00:00+00:00,2026-05-26 01:02:00+00:00,LONG,0.1072,0.1072,0.108808,0.105592,TIME,-0.106655,-0.039988,0.106667,0.0,1511.60934,0
beta_decouple,ARBUSDT,2026-05-26 05:00:00+00:00,2026-05-26 05:02:00+00:00,SHORT,0.1093,0.1079,0.1076605,0.1109395,TIME,0.747753,0.814419,0.106667,0.0,1737.671337,0
beta_decouple,ARBUSDT,2026-05-26 06:00:00+00:00,2026-05-26 06:02:00+00:00,SHORT,0.1095,0.1091,0.1078575,0.1111425,TIME,0.136999,0.203665,0.106667,0.0,1785.283078,0
beta_decouple,ARBUSDT,2026-05-26 09:00:00+00:00,2026-05-26 09:02:00+00:00,SHORT,0.1109,0.1102,0.1092365,0.1125635,TIME,0.314373,0.38104,0.106667,0.0,1897.532182,0
beta_decouple,ARBUSDT,2026-05-26 10:00:00+00:00,2026-05-26 10:01:00+00:00,SHORT,0.1124,0.110714,0.110714,0.114086,TP,0.893922,0.960588,0.106667,0.0,2236.781148,0
beta_decouple,ARBUSDT,2026-05-26 15:00:00+00:00,2026-05-26 15:01:00+00:00,LONG,0.1098,0.111447,0.111447,0.108153,TP,0.892746,0.959412,0.106667,0.0,2636.156413,0
beta_decouple,ARBUSDT,2026-05-26 16:00:00+00:00,2026-05-26 16:02:00+00:00,LONG,0.1092,0.1101,0.110838,0.107562,TIME,0.442466,0.509133,0.106667,0.0,2869.438492,0
beta_decouple,ARBUSDT,2026-05-26 17:00:00+00:00,2026-05-26 17:02:00+00:00,LONG,0.1077,0.1093155,0.1093155,0.1060845,TP,0.892746,0.959412,0.106667,0.0,3381.774158,0
beta_decouple,ARBUSDT,2026-05-27 00:00:00+00:00,2026-05-27 00:02:00+00:00,SHORT,0.1102,0.1091,0.108547,0.111853,TIME,0.559177,0.625844,0.106667,0.0,3759.976541,0
beta_decouple,ARBUSDT,2026-05-27 12:00:00+00:00,2026-05-27 12:02:00+00:00,SHORT,0.1097,0.1085,0.1080545,0.1113455,TIME,0.623021,0.689687,0.106667,0.0,4228.48514,0
beta_decouple,ARBUSDT,2026-05-27 15:00:00+00:00,2026-05-27 15:01:00+00:00,SHORT,0.1101,0.1084485,0.1084485,0.1117515,TP,0.893922,0.960588,0.106667,0.0,4984.471904,0
beta_decouple,ARBUSDT,2026-05-27 21:00:00+00:00,2026-05-27 21:01:00+00:00,LONG,0.1066,0.108199,0.108199,0.105001,TP,0.892746,0.959412,0.106667,0.0,5874.444886,0
beta_decouple,ARBUSDT,2026-05-28 03:00:00+00:00,2026-05-28 03:01:00+00:00,LONG,0.1035,0.1050525,0.1050525,0.1019475,TP,0.892746,0.959412,0.106667,0.0,6923.321745,0
beta_decouple,ARBUSDT,2026-05-28 04:00:00+00:00,2026-05-28 04:02:00+00:00,LONG,0.1029,0.1019,0.1044435,0.1013565,TIME,-0.754144,-0.687478,0.106667,0.0,5879.085076,0
beta_decouple,ARBUSDT,2026-05-28 12:00:00+00:00,2026-05-28 12:02:00+00:00,SHORT,0.1024,0.1021,0.100864,0.103936,TIME,0.088751,0.155418,0.106667,0.0,5983.440073,0
beta_decouple,ARBUSDT,2026-05-28 15:00:00+00:00,2026-05-28 15:02:00+00:00,SHORT,0.102,0.1019,0.10047,0.10353,TIME,-0.04128,0.025387,0.106667,0.0,5934.040833,0
beta_decouple,ARBUSDT,2026-05-28 16:00:00+00:00,2026-05-28 16:01:00+00:00,SHORT,0.1036,0.102046,0.102046,0.105154,TP,0.893922,0.960588,0.106667,0.0,6994.954181,0
beta_decouple,ARBUSDT,2026-05-28 17:00:00+00:00,2026-05-28 17:02:00+00:00,SHORT,0.1049,0.1034,0.1033265,0.1064735,TIME,0.847182,0.913849,0.106667,0.0,8180.154485,0
beta_decouple,ARBUSDT,2026-05-28 18:00:00+00:00,2026-05-28 18:02:00+00:00,SHORT,0.1059,0.1053,0.1043115,0.1074885,TIME,0.271263,0.33793,0.106667,0.0,8623.948892,0
beta_decouple,ARBUSDT,2026-05-29 06:00:00+00:00,2026-05-29 06:02:00+00:00,SHORT,0.1057,0.1047,0.1041145,0.1072855,TIME,0.524416,0.591082,0.106667,0.0,9528.455792,0
beta_decouple,ARBUSDT,2026-05-29 10:00:00+00:00,2026-05-29 10:02:00+00:00,LONG,0.1045,0.1054,0.1060675,0.1029325,TIME,0.467164,0.53383,0.106667,0.0,10418.725362,0
beta_decouple,ARBUSDT,2026-05-29 11:00:00+00:00,2026-05-29 11:02:00+00:00,LONG,0.1037,0.1044,0.1052555,0.1021445,TIME,0.343091,0.409758,0.106667,0.0,11133.640529,0
beta_decouple,ARBUSDT,2026-05-29 12:00:00+00:00,2026-05-29 12:02:00+00:00,LONG,0.1025,0.1037,0.1040375,0.1009625,TIME,0.673365,0.740032,0.106667,0.0,12633.04126,0
beta_decouple,ARBUSDT,2026-05-29 15:00:00+00:00,2026-05-29 15:01:00+00:00,SHORT,0.1052,0.103622,0.103622,0.106778,TP,0.893922,0.960588,0.106667,0.0,14891.630723,0
beta_decouple,ARBUSDT,2026-05-29 21:00:00+00:00,2026-05-29 21:02:00+00:00,LONG,0.1025,0.1033,0.1040375,0.1009625,TIME,0.413358,0.480025,0.106667,0.0,16122.746947,0
beta_decouple,ARBUSDT,2026-05-30 00:00:00+00:00,2026-05-30 00:02:00+00:00,SHORT,0.1036,0.103,0.102046,0.105154,TIME,0.279653,0.34632,0.106667,0.0,17024.503294,0
beta_decouple,ARBUSDT,2026-05-30 01:00:00+00:00,2026-05-30 01:01:00+00:00,SHORT,0.1052,0.103622,0.103622,0.106778,TP,0.893922,0.960588,0.106667,0.0,20068.217232,0
beta_decouple,ARBUSDT,2026-05-30 02:00:00+00:00,2026-05-30 02:02:00+00:00,SHORT,0.1066,0.1057,0.105001,0.108199,TIME,0.456511,0.523178,0.106667,0.0,21900.489312,0
beta_decouple,ARBUSDT,2026-05-30 13:00:00+00:00,2026-05-30 13:02:00+00:00,SHORT,0.1051,0.1051,0.1035235,0.1066765,TIME,-0.106679,-0.040012,0.106667,0.0,21433.226297,0
beta_decouple,ARBUSDT,2026-05-30 20:00:00+00:00,2026-05-30 20:02:00+00:00,LONG,0.1047,0.1049,0.1062705,0.1031295,TIME,0.020617,0.087284,0.106667,0.0,21521.603729,0
beta_decouple,ARBUSDT,2026-05-30 21:00:00+00:00,2026-05-30 21:02:00+00:00,LONG,0.1046,0.1046,0.106169,0.103031,TIME,-0.106655,-0.039988,0.106667,0.0,21062.527819,0
beta_decouple,ARBUSDT,2026-05-30 22:00:00+00:00,2026-05-30 22:02:00+00:00,LONG,0.1035,0.1042,0.1050525,0.1019475,TIME,0.343961,0.410627,0.106667,0.0,22511.46354,0
beta_decouple,ARBUSDT,2026-05-30 23:00:00+00:00,2026-05-30 23:02:00+00:00,LONG,0.1032,0.1035,0.104748,0.101652,TIME,0.087028,0.153694,0.106667,0.0,22903.286977,0
beta_decouple,ARBUSDT,2026-05-31 03:00:00+00:00,2026-05-31 03:02:00+00:00,SHORT,0.1046,0.1045,0.103031,0.106169,TIME,-0.042906,0.023761,0.106667,0.0,22706.751329,0
beta_decouple,ARBUSDT,2026-05-31 04:00:00+00:00,2026-05-31 04:02:00+00:00,SHORT,0.105,0.1045,0.103425,0.106575,TIME,0.210972,0.277639,0.106667,0.0,23664.849898,0
beta_decouple,ARBUSDT,2026-05-31 06:00:00+00:00,2026-05-31 06:02:00+00:00,LONG,0.1036,0.1042,0.105154,0.102046,TIME,0.279214,0.345881,0.106667,0.0,24986.361969,0
beta_decouple,ARBUSDT,2026-05-31 07:00:00+00:00,2026-05-31 07:02:00+00:00,LONG,0.1028,0.1034,0.104342,0.101258,TIME,0.282217,0.348884,0.106667,0.0,26396.677168,0
beta_decouple,ARBUSDT,2026-05-31 12:00:00+00:00,2026-05-31 12:02:00+00:00,SHORT,0.1032,0.1026,0.101652,0.104748,TIME,0.281151,0.347818,0.106667,0.0,27880.966849,0
beta_decouple,ARBUSDT,2026-05-31 14:00:00+00:00,2026-05-31 14:02:00+00:00,LONG,0.1012,0.102,0.102718,0.099682,TIME,0.420038,0.486705,0.106667,0.0,30223.182423,0
beta_decouple,ARBUSDT,2026-05-31 20:00:00+00:00,2026-05-31 20:02:00+00:00,SHORT,0.1016,0.1014,0.100076,0.103124,TIME,0.024634,0.0913,0.106667,0.0,30372.08412,0
beta_decouple,ARBUSDT,2026-05-31 21:00:00+00:00,2026-05-31 21:02:00+00:00,SHORT,0.1028,0.1015,0.101258,0.104342,TIME,0.736888,0.803555,0.106667,0.0,34848.250673,0
beta_decouple,ARBUSDT,2026-05-31 22:00:00+00:00,2026-05-31 22:02:00+00:00,SHORT,0.1035,0.1027,0.1019475,0.1050525,TIME,0.408929,0.475595,0.106667,0.0,37698.339302,0
beta_decouple,ARBUSDT,2026-06-01 07:00:00+00:00,2026-06-01 07:02:00+00:00,LONG,0.1007,0.1012,0.1022105,0.0991895,TIME,0.224163,0.29083,0.106667,0.0,39388.453864,0
beta_decouple,ARBUSDT,2026-06-01 13:00:00+00:00,2026-06-01 13:02:00+00:00,LONG,0.0992,0.0998,0.100688,0.097712,TIME,0.296329,0.362996,0.106667,0.0,41722.844246,0
beta_decouple,ARBUSDT,2026-06-01 16:00:00+00:00,2026-06-01 16:02:00+00:00,SHORT,0.1011,0.1,0.0995835,0.1026165,TIME,0.619111,0.685778,0.106667,0.0,46889.059508,0
beta_decouple,ARBUSDT,2026-06-01 17:00:00+00:00,2026-06-01 17:02:00+00:00,SHORT,0.1024,0.1013,0.100864,0.103936,TIME,0.609897,0.676564,0.106667,0.0,52608.558661,0
beta_decouple,ARBUSDT,2026-06-02 01:00:00+00:00,2026-06-02 01:01:00+00:00,LONG,0.1001,0.1016015,0.1016015,0.0985985,TP,0.892746,0.959412,0.106667,0.0,62001.769564,0
beta_decouple,ARBUSDT,2026-06-02 05:00:00+00:00,2026-06-02 05:02:00+00:00,LONG,0.0994,0.1002,0.100891,0.097909,TIME,0.429576,0.496243,0.106667,0.0,67328.665782,0
beta_decouple,ARBUSDT,2026-06-02 06:00:00+00:00,2026-06-02 06:02:00+00:00,LONG,0.0987,0.0993,0.1001805,0.0972195,TIME,0.298371,0.365037,0.106667,0.0,71346.44644,0
beta_decouple,ARBUSDT,2026-06-02 12:00:00+00:00,2026-06-02 12:02:00+00:00,SHORT,0.0983,0.098,0.0968255,0.0997745,TIME,0.096902,0.163569,0.106667,0.0,72729.172552,0
beta_decouple,ARBUSDT,2026-06-02 14:00:00+00:00,2026-06-02 14:01:00+00:00,LONG,0.0949,0.0963235,0.0963235,0.0934765,TP,0.892746,0.959412,0.106667,0.0,85714.900996,0
beta_decouple,ARBUSDT,2026-06-02 15:00:00+00:00,2026-06-02 15:02:00+00:00,LONG,0.0941,0.0944,0.09553021,0.09266979,TIME,0.104374,0.170169,0.105271,0.0,87504.187474,0
beta_decouple,ARBUSDT,2026-06-02 22:00:00+00:00,2026-06-02 22:01:00+00:00,LONG,0.0919,0.09330833,0.09330833,0.09049167,TP,0.895005,0.960259,0.104407,0.0,103167.521414,0
beta_decouple,ARBUSDT,2026-06-04 01:00:00+00:00,2026-06-04 01:01:00+00:00,LONG,0.0892,0.09071875,0.09071875,0.08768125,TP,0.905439,0.964171,0.093972,0.0,121849.895372,0
beta_decouple,ARBUSDT,2026-06-04 09:00:00+00:00,2026-06-04 09:01:00+00:00,LONG,0.0876,0.088914,0.088914,0.086286,TP,0.892746,0.959412,0.106667,0.0,143606.084762,0
beta_decouple,ARBUSDT,2026-06-04 10:00:00+00:00,2026-06-04 10:02:00+00:00,LONG,0.0867,0.0877,0.08803437,0.08536563,TIME,0.645018,0.709992,0.103959,0.0,162131.784257,0
beta_decouple,ARBUSDT,2026-06-04 12:00:00+00:00,2026-06-04 12:01:00+00:00,SHORT,0.0905,0.0891425,0.0891425,0.0918575,TP,0.893922,0.960588,0.106667,0.0,191118.40213,0
beta_decouple,ARBUSDT,2026-06-04 13:00:00+00:00,2026-06-04 13:02:00+00:00,SHORT,0.0912,0.0904,0.089832,0.092568,TIME,0.478468,0.545134,0.106667,0.0,209407.196061,0
beta_decouple,ARBUSDT,2026-06-04 21:00:00+00:00,2026-06-04 21:01:00+00:00,LONG,0.0877,0.0890155,0.0890155,0.0863845,TP,0.892746,0.959412,0.106667,0.0,246796.662856,0
beta_decouple,ARBUSDT,2026-06-06 00:00:00+00:00,2026-06-06 00:02:00+00:00,LONG,0.0807,0.0806,0.08284063,0.07855937,TIME,-0.106999,-0.0693,0.060319,0.0,241515.246061,0
beta_decouple,ARBUSDT,2026-06-06 01:00:00+00:00,2026-06-06 01:02:00+00:00,LONG,0.0801,0.0812,0.08227396,0.07792604,TIME,0.44674,0.483585,0.058952,0.0,263094.160615,0
beta_decouple,ARBUSDT,2026-06-06 08:00:00+00:00,2026-06-06 08:02:00+00:00,SHORT,0.0799,0.0787,0.07845,0.08135,TIME,0.739907,0.795011,0.088166,0.0,302027.227502,0
beta_decouple,ARBUSDT,2026-06-06 12:00:00+00:00,2026-06-06 12:02:00+00:00,SHORT,0.0799,0.0798,0.0787015,0.0810985,TIME,-0.023191,0.043476,0.106667,0.0,300626.367093,0
beta_decouple,ARBUSDT,2026-06-06 13:00:00+00:00,2026-06-06 13:02:00+00:00,SHORT,0.0801,0.08,0.0788985,0.0813015,TIME,-0.023399,0.043267,0.106667,0.0,299219.470508,0
beta_decouple,ARBUSDT,2026-06-06 18:00:00+00:00,2026-06-06 18:02:00+00:00,SHORT,0.0792,0.0787,0.078012,0.080388,TIME,0.314449,0.381116,0.106667,0.0,318037.344208,0
beta_decouple,ARBUSDT,2026-06-06 20:00:00+00:00,2026-06-06 20:02:00+00:00,SHORT,0.0789,0.0786,0.0777165,0.0800835,TIME,0.146959,0.213626,0.106667,0.0,327385.027302,0
beta_decouple,ARBUSDT,2026-06-06 21:00:00+00:00,2026-06-06 21:02:00+00:00,SHORT,0.0791,0.0791,0.0779135,0.0802865,TIME,-0.106679,-0.040012,0.106667,0.0,320400.027426,0
beta_decouple,ARBUSDT,2026-06-06 22:00:00+00:00,2026-06-06 22:02:00+00:00,SHORT,0.0791,0.0793,0.0779135,0.0802865,TIME,-0.275343,-0.208676,0.106667,0.0,302756.056803,0
beta_decouple,ARBUSDT,2026-06-06 23:00:00+00:00,2026-06-06 23:02:00+00:00,SHORT,0.0798,0.0793,0.078603,0.080997,TIME,0.311283,0.37795,0.106667,0.0,321604.618048,0
beta_decouple,ARBUSDT,2026-06-07 01:00:00+00:00,2026-06-07 01:01:00+00:00,SHORT,0.0819,0.0806715,0.0806715,0.0831285,TP,0.893922,0.960588,0.106667,0.0,379102.475191,0
beta_decouple,ARBUSDT,2026-06-07 08:00:00+00:00,2026-06-07 08:02:00+00:00,SHORT,0.0835,0.0827,0.0822475,0.0847525,TIME,0.532427,0.599094,0.106667,0.0,419471.371581,0
beta_decouple,ARBUSDT,2026-06-07 10:00:00+00:00,2026-06-07 10:02:00+00:00,LONG,0.082,0.0823,0.08323,0.08077,TIME,0.137101,0.203768,0.106667,0.0,430973.400014,0
beta_decouple,ARBUSDT,2026-06-07 12:00:00+00:00,2026-06-07 12:01:00+00:00,LONG,0.0812,0.082418,0.082418,0.079982,TP,0.892746,0.959412,0.106667,0.0,507923.313545,0
beta_decouple,ARBUSDT,2026-06-07 18:00:00+00:00,2026-06-07 18:02:00+00:00,LONG,0.0811,0.0819,0.0823165,0.0798835,TIME,0.550575,0.617242,0.106667,0.0,563853.310099,0
beta_decouple,ARBUSDT,2026-06-07 19:00:00+00:00,2026-06-07 19:01:00+00:00,LONG,0.0797,0.0808955,0.0808955,0.0785045,TP,0.892746,0.959412,0.106667,0.0,664528.812241,0
beta_decouple,ARBUSDT,2026-06-07 23:00:00+00:00,2026-06-07 23:02:00+00:00,SHORT,0.083,0.0825,0.081755,0.084245,TIME,0.295169,0.361835,0.106667,0.0,703758.44554,0
beta_decouple,ARBUSDT,2026-06-09 00:00:00+00:00,2026-06-09 00:01:00+00:00,LONG,0.0802,0.081403,0.081403,0.078997,TP,0.892746,0.959412,0.106667,0.0,829413.883971,0
beta_decouple,ARBUSDT,2026-06-09 05:00:00+00:00,2026-06-09 05:02:00+00:00,SHORT,0.0819,0.0815,0.0806715,0.0831285,TIME,0.219117,0.285784,0.106667,0.0,865761.632674,0
beta_decouple,ARBUSDT,2026-06-09 09:00:00+00:00,2026-06-09 09:02:00+00:00,LONG,0.0804,0.081,0.081606,0.079194,TIME,0.390559,0.457226,0.106667,0.0,933387.892709,0
beta_decouple,ARBUSDT,2026-06-09 13:00:00+00:00,2026-06-09 13:02:00+00:00,SHORT,0.081,0.0808,0.079785,0.082215,TIME,0.058029,0.124696,0.106667,0.0,944220.639199,0
beta_decouple,ARBUSDT,2026-06-09 15:00:00+00:00,2026-06-09 15:02:00+00:00,LONG,0.0791,0.0798,0.0802865,0.0779135,TIME,0.482962,0.549629,0.106667,0.0,1035425.168384,0
beta_decouple,ARBUSDT,2026-06-10 02:00:00+00:00,2026-06-10 02:02:00+00:00,LONG,0.0797,0.0805,0.0808955,0.0785045,TIME,0.56212,0.628787,0.106667,0.0,1151831.811958,0
beta_decouple,ARBUSDT,2026-06-10 07:00:00+00:00,2026-06-10 07:02:00+00:00,SHORT,0.07984,0.0796,0.0786424,0.0810376,TIME,0.093842,0.160509,0.106667,0.0,1173449.946104,0
beta_decouple,ARBUSDT,2026-06-10 08:00:00+00:00,2026-06-10 08:01:00+00:00,LONG,0.07847,0.07964705,0.07964705,0.07729295,TP,0.892746,0.959412,0.106667,0.0,1382968.380148,0
beta_decouple,ARBUSDT,2026-06-10 13:00:00+00:00,2026-06-10 13:02:00+00:00,SHORT,0.08045,0.07944,0.07924325,0.08165675,TIME,0.730782,0.797449,0.106667,0.0,1585098.178635,0
beta_decouple,ARBUSDT,2026-06-10 20:00:00+00:00,2026-06-10 20:01:00+00:00,LONG,0.07709,0.07824635,0.07824635,0.07593365,TP,0.892746,0.959412,0.106667,0.0,1868116.034911,0
beta_decouple,ARBUSDT,2026-06-10 21:00:00+00:00,2026-06-10 21:02:00+00:00,LONG,0.07595,0.07687,0.07708925,0.07481075,TIME,0.70041,0.767076,0.106667,0.0,2129805.380028,0
beta_decouple,ARBUSDT,2026-06-11 01:00:00+00:00,2026-06-11 01:02:00+00:00,SHORT,0.07857,0.07797,0.07739145,0.07974855,TIME,0.402727,0.469394,0.106667,0.0,2301351.426285,0
beta_decouple,ARBUSDT,2026-06-11 03:00:00+00:00,2026-06-11 03:01:00+00:00,SHORT,0.08051,0.07930235,0.07930235,0.08171765,TP,0.893922,0.960588,0.106667,0.0,2712796.934592,0
beta_decouple,ARBUSDT,2026-06-11 10:00:00+00:00,2026-06-11 10:02:00+00:00,SHORT,0.08096,0.08035,0.0797456,0.0821744,TIME,0.395928,0.462595,0.106667,0.0,2927611.641955,0
beta_decouple,ARBUSDT,2026-06-11 11:00:00+00:00,2026-06-11 11:02:00+00:00,SHORT,0.08138,0.08098,0.0801593,0.0826007,TIME,0.221199,0.287866,0.106667,0.0,3057128.499504,0
beta_decouple,ARBUSDT,2026-06-11 16:00:00+00:00,2026-06-11 16:02:00+00:00,LONG,0.0802,0.08073,0.081403,0.078997,TIME,0.333646,0.400313,0.106667,0.0,3261128.436304,0
beta_decouple,ARBUSDT,2026-06-11 17:00:00+00:00,2026-06-11 17:01:00+00:00,SHORT,0.08241,0.08117385,0.08117385,0.08364615,TP,0.893922,0.960588,0.106667,0.0,3844167.007382,0
beta_decouple,ARBUSDT,2026-06-11 18:00:00+00:00,2026-06-11 18:01:00+00:00,SHORT,0.08297,0.08421455,0.08172545,0.08421455,SL,-1.107279,-1.040612,0.106667,0.0,2992854.042506,0
beta_decouple,ARBUSDT,2026-06-11 22:00:00+00:00,2026-06-11 22:02:00+00:00,LONG,0.08325,0.08433,0.08449875,0.08200125,TIME,0.757691,0.824358,0.106667,0.0,3446386.01514,0
beta_decouple,ARBUSDT,2026-06-12 00:00:00+00:00,2026-06-12 00:02:00+00:00,LONG,0.08314,0.08352,0.0843871,0.0818929,TIME,0.197869,0.264536,0.106667,0.0,3582772.937201,0
beta_decouple,ARBUSDT,2026-06-12 05:00:00+00:00,2026-06-12 05:02:00+00:00,LONG,0.08286,0.08363,0.0841029,0.0816171,TIME,0.512493,0.579159,0.106667,0.0,3950001.858653,0
beta_decouple,ARBUSDT,2026-06-12 06:00:00+00:00,2026-06-12 06:02:00+00:00,LONG,0.08192,0.08287,0.0831488,0.0806912,TIME,0.665994,0.73266,0.106667,0.0,4476137.035081,0
beta_decouple,ARBUSDT,2026-06-12 13:00:00+00:00,2026-06-12 13:01:00+00:00,LONG,0.08283,0.08407245,0.08407245,0.08158755,TP,0.892746,0.959412,0.106667,0.0,5275347.282837,0
beta_decouple,ARBUSDT,2026-06-12 23:00:00+00:00,2026-06-12 23:02:00+00:00,SHORT,0.08391,0.08335,0.08265135,0.08516865,TIME,0.33851,0.405176,0.106667,0.0,5632498.325698,0
beta_decouple,ARBUSDT,2026-06-13 00:00:00+00:00,2026-06-13 00:02:00+00:00,SHORT,0.08412,0.08389,0.0828582,0.0853818,TIME,0.07571,0.142377,0.106667,0.0,5717785.630763,0
beta_decouple,ARBUSDT,2026-06-13 01:00:00+00:00,2026-06-13 01:02:00+00:00,SHORT,0.08468,0.0842,0.0834098,0.0859502,TIME,0.271441,0.338108,0.106667,0.0,6028194.353912,0
beta_decouple,ARBUSDT,2026-06-13 07:00:00+00:00,2026-06-13 07:02:00+00:00,SHORT,0.08567,0.08493,0.08438495,0.08695505,TIME,0.46952,0.536187,0.106667,0.0,6594265.946556,0
beta_decouple,ARBUSDT,2026-06-13 11:00:00+00:00,2026-06-13 11:02:00+00:00,SHORT,0.08633,0.08557,0.08503505,0.08762495,TIME,0.480569,0.547235,0.106667,0.0,7228065.666803,0
beta_decouple,ARBUSDT,2026-06-13 16:00:00+00:00,2026-06-13 16:02:00+00:00,LONG,0.08566,0.08631,0.0869449,0.0843751,TIME,0.398918,0.465585,0.106667,0.0,7804746.533779,0
beta_decouple,ARBUSDT,2026-06-13 18:00:00+00:00,2026-06-13 18:02:00+00:00,LONG,0.08545,0.08572,0.08673175,0.08416825,TIME,0.103868,0.170535,0.106667,0.0,7966879.966521,0
beta_decouple,ARBUSDT,2026-06-13 22:00:00+00:00,2026-06-13 22:02:00+00:00,LONG,0.08535,0.08592,0.08663025,0.08406975,TIME,0.338304,0.40497,0.106667,0.0,8505925.146035,0
beta_decouple,ARBUSDT,2026-06-13 23:00:00+00:00,2026-06-13 23:02:00+00:00,LONG,0.08521,0.08535,0.08648815,0.08393185,TIME,0.002813,0.06948,0.106667,0.0,8510710.476296,0
beta_decouple,ARBUSDT,2026-06-14 00:00:00+00:00,2026-06-14 00:02:00+00:00,LONG,0.08438,0.08507,0.0856457,0.0831143,TIME,0.438171,0.504838,0.106667,0.0,9256540.147868,0
beta_decouple,ARBUSDT,2026-06-14 04:00:00+00:00,2026-06-14 04:02:00+00:00,LONG,0.08359,0.08414,0.08484385,0.08233615,TIME,0.331731,0.398398,0.106667,0.0,9870676.745969,0
beta_decouple,ARBUSDT,2026-06-14 09:00:00+00:00,2026-06-14 09:02:00+00:00,SHORT,0.08345,0.08333,0.08219825,0.08470175,TIME,-0.010755,0.055911,0.106667,0.0,9849444.237954,0
beta_decouple,ARBUSDT,2026-06-14 11:00:00+00:00,2026-06-14 11:02:00+00:00,SHORT,0.08343,0.08301,0.08217855,0.08468145,TIME,0.229133,0.2958,0.106667,0.0,10300811.66212,0
beta_decouple,ARBUSDT,2026-06-14 14:00:00+00:00,2026-06-14 14:02:00+00:00,LONG,0.08237,0.08289,0.08360555,0.08113445,TIME,0.313958,0.380625,0.106667,0.0,10947616.289139,0
beta_decouple,ARBUSDT,2026-06-14 19:00:00+00:00,2026-06-14 19:02:00+00:00,SHORT,0.08236,0.08194,0.0811246,0.0835954,TIME,0.233496,0.300163,0.106667,0.0,11458861.722131,0
beta_decouple,ARBUSDT,2026-06-14 20:00:00+00:00,2026-06-14 20:02:00+00:00,SHORT,0.08255,0.08237,0.08131175,0.08378825,TIME,0.038775,0.105442,0.106667,0.0,11547725.241428,0
beta_decouple,ARBUSDT,2026-06-14 21:00:00+00:00,2026-06-14 21:01:00+00:00,SHORT,0.08542,0.0841387,0.0841387,0.0867013,TP,0.893922,0.960588,0.106667,0.0,13612277.237911,0
beta_decouple,ARBUSDT,2026-06-15 05:00:00+00:00,2026-06-15 05:02:00+00:00,SHORT,0.08675,0.08571,0.08544875,0.08805125,TIME,0.693033,0.759699,0.106667,0.0,15499027.399262,0
beta_decouple,ARBUSDT,2026-06-15 11:00:00+00:00,2026-06-15 11:02:00+00:00,SHORT,0.08801,0.08713,0.08668985,0.08933015,TIME,0.560312,0.626979,0.106667,0.0,17235886.605439,0
beta_decouple,ARBUSDT,2026-06-15 13:00:00+00:00,2026-06-15 13:02:00+00:00,SHORT,0.08953,0.08833,0.08818705,0.09087295,TIME,0.787413,0.85408,0.106667,0.0,19950238.347191,0
beta_decouple,ARBUSDT,2026-06-15 17:00:00+00:00,2026-06-15 17:02:00+00:00,LONG,0.089,0.08901,0.090335,0.087665,TIME,-0.099169,-0.032502,0.106667,0.0,19554551.198767,0
beta_decouple,ARBUSDT,2026-06-15 18:00:00+00:00,2026-06-15 18:02:00+00:00,LONG,0.08819,0.08888,0.08951285,0.08686715,TIME,0.414634,0.4813,0.106667,0.0,21176145.801074,0
beta_decouple,ARBUSDT,2026-06-15 19:00:00+00:00,2026-06-15 19:02:00+00:00,LONG,0.08726,0.08842,0.0885689,0.0859511,TIME,0.779054,0.845721,0.106667,0.0,24475618.440633,0
beta_decouple,ARBUSDT,2026-06-15 20:00:00+00:00,2026-06-15 20:02:00+00:00,LONG,0.08693,0.08725,0.08823395,0.08562605,TIME,0.138606,0.205273,0.106667,0.0,25154113.480918,0
beta_decouple,ARBUSDT,2026-06-15 22:00:00+00:00,2026-06-15 22:02:00+00:00,LONG,0.08571,0.08687,0.08699565,0.08442435,TIME,0.795071,0.861738,0.106667,0.0,29153977.063605,0
beta_decouple,ARBUSDT,2026-06-16 02:00:00+00:00,2026-06-16 02:02:00+00:00,LONG,0.08517,0.08605,0.08644755,0.08389245,TIME,0.581751,0.648417,0.106667,0.0,32546045.817735,0
beta_decouple,ARBUSDT,2026-06-16 08:00:00+00:00,2026-06-16 08:02:00+00:00,SHORT,0.08762,0.0863057,0.0863057,0.0889343,TP,0.893922,0.960588,0.106667,0.0,38364767.900728,0
beta_decouple,ARBUSDT,2026-06-16 13:00:00+00:00,2026-06-16 13:01:00+00:00,LONG,0.08568,0.0869652,0.0869652,0.0843948,TP,0.892746,0.959412,0.106667,0.0,45214762.755389,0
beta_decouple,ARBUSDT,2026-06-16 14:00:00+00:00,2026-06-16 14:01:00+00:00,LONG,0.08408,0.0853412,0.0853412,0.0828188,TP,0.892746,0.959412,0.106667,0.0,53287818.039617,0
beta_decouple,ARBUSDT,2026-06-16 18:00:00+00:00,2026-06-16 18:02:00+00:00,SHORT,0.08587,0.08631,0.08458195,0.08715805,TIME,-0.448485,-0.381819,0.106667,0.0,48508057.015618,0
beta_decouple,ARBUSDT,2026-06-17 01:00:00+00:00,2026-06-17 01:01:00+00:00,SHORT,0.08827,0.08694595,0.08694595,0.08959405,TP,0.893922,0.960588,0.106667,0.0,57180536.128458,0
beta_decouple,ARBUSDT,2026-06-17 02:00:00+00:00,2026-06-17 02:02:00+00:00,SHORT,0.08914,0.08856,0.0878029,0.0904771,TIME,0.327356,0.394023,0.106667,0.0,60924217.411723,0
beta_decouple,ARBUSDT,2026-06-17 06:00:00+00:00,2026-06-17 06:02:00+00:00,LONG,0.08754,0.08792,0.0888531,0.0862269,TIME,0.182563,0.24923,0.106667,0.0,63148722.198939,0
beta_decouple,ARBUSDT,2026-06-17 08:00:00+00:00,2026-06-17 08:02:00+00:00,LONG,0.08654,0.08748,0.0878381,0.0852419,TIME,0.617046,0.683713,0.106667,0.0,70941858.688261,0
beta_decouple,ARBUSDT,2026-06-17 15:00:00+00:00,2026-06-17 15:01:00+00:00,SHORT,0.08825,0.08692625,0.08692625,0.08957375,TP,0.893922,0.960588,0.106667,0.0,83625149.373392,0
beta_decouple,ARBUSDT,2026-06-17 19:00:00+00:00,2026-06-17 19:01:00+00:00,LONG,0.08459,0.08585885,0.08585885,0.08332115,TP,0.892746,0.959412,0.106667,0.0,98556344.693283,0
beta_decouple,ARBUSDT,2026-06-18 01:00:00+00:00,2026-06-18 01:02:00+00:00,SHORT,0.08723,0.08645,0.08592155,0.08853845,TIME,0.489804,0.556471,0.106667,0.0,108211008.947693,0
beta_decouple,ARBUSDT,2026-06-18 04:00:00+00:00,2026-06-18 04:01:00+00:00,LONG,0.08421,0.08547315,0.08547315,0.08294685,TP,0.892746,0.959412,0.106667,0.0,127531987.414902,0
beta_decouple,ARBUSDT,2026-06-18 09:00:00+00:00,2026-06-18 09:02:00+00:00,SHORT,0.08551,0.08498,0.08422735,0.08679265,TIME,0.306776,0.373443,0.106667,0.0,135356747.20846,0
beta_decouple,ARBUSDT,2026-06-18 15:00:00+00:00,2026-06-18 15:01:00+00:00,LONG,0.08149,0.08271235,0.08271235,0.08026765,TP,0.892746,0.959412,0.106667,0.0,159524572.86352,0
beta_decouple,ARBUSDT,2026-06-18 20:00:00+00:00,2026-06-18 20:02:00+00:00,SHORT,0.08477,0.08407,0.08349845,0.08604155,TIME,0.444161,0.510828,0.106667,0.0,173695490.20259,0
beta_decouple,ARBUSDT,2026-06-19 00:00:00+00:00,2026-06-19 00:02:00+00:00,SHORT,0.08573,0.08508,0.08444405,0.08701595,TIME,0.399088,0.465754,0.106667,0.0,187559432.97366,0
beta_decouple,ARBUSDT,2026-06-19 01:00:00+00:00,2026-06-19 01:02:00+00:00,SHORT,0.08611,0.08578,0.08481835,0.08740165,TIME,0.148962,0.215629,0.106667,0.0,193147272.45803,0
beta_decouple,ARBUSDT,2026-06-19 04:00:00+00:00,2026-06-19 04:01:00+00:00,LONG,0.08304,0.0842856,0.0842856,0.0817944,TP,0.892746,0.959412,0.106667,0.0,227633544.496815,0
beta_decouple,ARBUSDT,2026-06-19 12:00:00+00:00,2026-06-19 12:02:00+00:00,SHORT,0.08368,0.08281,0.0824248,0.0849352,TIME,0.586854,0.653521,0.106667,0.0,254351073.868797,0
beta_decouple,ARBUSDT,2026-06-19 13:00:00+00:00,2026-06-19 13:01:00+00:00,SHORT,0.08487,0.08359695,0.08359695,0.08614305,TP,0.893922,0.960588,0.106667,0.0,299825053.062509,0
beta_decouple,ARBUSDT,2026-06-19 18:00:00+00:00,2026-06-19 18:02:00+00:00,LONG,0.08377,0.08458,0.08502655,0.08251345,TIME,0.537581,0.604248,0.106667,0.0,332061094.569862,0
beta_decouple,ARBUSDT,2026-06-19 19:00:00+00:00,2026-06-19 19:02:00+00:00,LONG,0.08296,0.08368,0.0842044,0.0817156,TIME,0.47159,0.538257,0.106667,0.0,363380457.537656,0
beta_decouple,ARBUSDT,2026-06-20 05:00:00+00:00,2026-06-20 05:02:00+00:00,SHORT,0.08402,0.08342,0.0827597,0.0852803,TIME,0.369684,0.436351,0.106667,0.0,390247659.28432,0
beta_decouple,ARBUSDT,2026-06-20 06:00:00+00:00,2026-06-20 06:02:00+00:00,SHORT,0.08431,0.08401,0.08304535,0.08557465,TIME,0.130683,0.19735,0.106667,0.0,400447444.378882,0
beta_decouple,ARBUSDT,2026-06-20 10:00:00+00:00,2026-06-20 10:02:00+00:00,LONG,0.08412,0.08447,0.0853818,0.0828582,TIME,0.17056,0.237227,0.106667,0.0,414107545.17974,0
beta_decouple,ARBUSDT,2026-06-20 11:00:00+00:00,2026-06-20 11:02:00+00:00,LONG,0.08373,0.08423,0.08498595,0.08247405,TIME,0.291212,0.357878,0.106667,0.0,438226125.900445,0
beta_decouple,ARBUSDT,2026-06-20 12:00:00+00:00,2026-06-20 12:02:00+00:00,LONG,0.08332,0.08373,0.0845698,0.0820702,TIME,0.221201,0.287868,0.106667,0.0,457613341.358372,0
beta_decouple,ARBUSDT,2026-06-20 13:00:00+00:00,2026-06-20 13:02:00+00:00,LONG,0.08267,0.08321,0.08391005,0.08142995,TIME,0.32855,0.395217,0.106667,0.0,487683154.302735,0
beta_decouple,ARBUSDT,2026-06-20 21:00:00+00:00,2026-06-20 21:02:00+00:00,SHORT,0.08349,0.08315,0.08223765,0.08474235,TIME,0.164974,0.231641,0.106667,0.0,503774149.950574,0
beta_decouple,ARBUSDT,2026-06-20 22:00:00+00:00,2026-06-20 22:02:00+00:00,SHORT,0.08462,0.0833507,0.0833507,0.0858893,TP,0.893922,0.960588,0.106667,0.0,593841059.693596,0
beta_decouple,ARBUSDT,2026-06-21 04:00:00+00:00,2026-06-21 04:02:00+00:00,LONG,0.08319,0.08373,0.08443785,0.08194215,TIME,0.32583,0.392497,0.106667,0.0,632539315.838757,0
beta_decouple,ARBUSDT,2026-06-21 09:00:00+00:00,2026-06-21 09:02:00+00:00,SHORT,0.08438,0.08334,0.0831143,0.0856457,TIME,0.715494,0.782161,0.106667,0.0,723054956.726225,0
beta_decouple,ARBUSDT,2026-06-21 17:00:00+00:00,2026-06-21 17:02:00+00:00,LONG,0.08354,0.0841,0.0847931,0.0822869,TIME,0.339969,0.406636,0.106667,0.0,772218208.484042,0
beta_decouple,ARBUSDT,2026-06-21 20:00:00+00:00,2026-06-21 20:02:00+00:00,LONG,0.08286,0.08348,0.0841029,0.0816171,TIME,0.391879,0.458546,0.106667,0.0,832741504.494694,0
beta_decouple,ARBUSDT,2026-06-21 21:00:00+00:00,2026-06-21 21:02:00+00:00,LONG,0.08228,0.08275,0.0835142,0.0810458,TIME,0.27393,0.340597,0.106667,0.0,878364145.944905,0
beta_decouple,ARBUSDT,2026-06-22 01:00:00+00:00,2026-06-22 01:01:00+00:00,SHORT,0.08461,0.08334085,0.08334085,0.08587915,TP,0.893922,0.960588,0.106667,0.0,1035401866.641943,0
beta_decouple,ARBUSDT,2026-06-22 07:00:00+00:00,2026-06-22 07:02:00+00:00,SHORT,0.08501,0.08417,0.08373485,0.08628515,TIME,0.552463,0.619129,0.106667,0.0,1149806054.158679,0
beta_decouple,ARBUSDT,2026-06-22 11:00:00+00:00,2026-06-22 11:02:00+00:00,SHORT,0.08609,0.08504,0.08479865,0.08738135,TIME,0.706912,0.773579,0.106667,0.0,1312368371.727705,0
beta_decouple,ARBUSDT,2026-06-22 13:00:00+00:00,2026-06-22 13:02:00+00:00,SHORT,0.08674,0.08591,0.0854389,0.0880411,TIME,0.531626,0.598293,0.106667,0.0,1451906189.818421,0
beta_decouple,ARBUSDT,2026-06-22 15:00:00+00:00,2026-06-22 15:02:00+00:00,LONG,0.0846,0.08578,0.085869,0.083331,TIME,0.822654,0.88932,0.106667,0.0,1690789364.576258,0
beta_decouple,ARBUSDT,2026-06-22 19:00:00+00:00,2026-06-22 19:02:00+00:00,LONG,0.08359,0.08397,0.08484385,0.08233615,TIME,0.19623,0.262897,0.106667,0.0,1757146117.573592,0
beta_decouple,ARBUSDT,2026-06-22 22:00:00+00:00,2026-06-22 22:02:00+00:00,LONG,0.08289,0.08382,0.08413335,0.08164665,TIME,0.640876,0.707543,0.106667,0.0,1982368646.753559,0
beta_decouple,ARBUSDT,2026-06-23 04:00:00+00:00,2026-06-23 04:02:00+00:00,LONG,0.08193,0.08276,0.08315895,0.08070105,TIME,0.568314,0.63498,0.106667,0.0,2207690024.864366,0
beta_decouple,ARBUSDT,2026-06-23 05:00:00+00:00,2026-06-23 05:02:00+00:00,LONG,0.08169,0.08188,0.08291535,0.08046465,TIME,0.04831,0.114977,0.106667,0.0,2229020753.082719,0
beta_decouple,ARBUSDT,2026-06-23 06:00:00+00:00,2026-06-23 06:01:00+00:00,LONG,0.07975,0.08094625,0.08094625,0.07855375,TP,0.892746,0.959412,0.106667,0.0,2627010406.742537,0
beta_decouple,ARBUSDT,2026-06-23 08:00:00+00:00,2026-06-23 08:01:00+00:00,LONG,0.07733,0.07885,0.07885,0.07581,TP,0.918009,0.968884,0.0814,0.0,3109334421.891061,0
beta_decouple,ARBUSDT,2026-06-23 11:00:00+00:00,2026-06-23 11:01:00+00:00,SHORT,0.07895,0.07776575,0.07776575,0.08013425,TP,0.893922,0.960588,0.106667,0.0,3665234606.060522,0
beta_decouple,ARBUSDT,2026-06-23 13:00:00+00:00,2026-06-23 13:01:00+00:00,SHORT,0.07982,0.0786227,0.0786227,0.0810173,TP,0.893922,0.960588,0.106667,0.0,4320521016.614622,0
beta_decouple,ARBUSDT,2026-06-23 19:00:00+00:00,2026-06-23 19:02:00+00:00,SHORT,0.07853,0.07821,0.07735205,0.07970795,TIME,0.165143,0.231809,0.106667,0.0,4463221572.491023,0
beta_decouple,ARBUSDT,2026-06-23 20:00:00+00:00,2026-06-23 20:02:00+00:00,SHORT,0.07891,0.07881,0.07772635,0.08009365,TIME,-0.022144,0.044523,0.106667,0.0,4443455275.750999,0
beta_decouple,ARBUSDT,2026-06-23 21:00:00+00:00,2026-06-23 21:02:00+00:00,SHORT,0.07898,0.07894,0.0777953,0.0801647,TIME,-0.072895,-0.006228,0.106667,0.0,4378674511.131911,0
beta_decouple,ARBUSDT,2026-06-24 02:00:00+00:00,2026-06-24 02:02:00+00:00,LONG,0.07804,0.07869,0.0792106,0.0768694,TIME,0.448283,0.51495,0.106667,0.0,4771251640.269006,0
beta_decouple,ARBUSDT,2026-06-24 05:00:00+00:00,2026-06-24 05:02:00+00:00,SHORT,0.07868,0.07838,0.0774998,0.0798602,TIME,0.147668,0.214335,0.106667,0.0,4912163969.697682,0
beta_decouple,ARBUSDT,2026-06-24 10:00:00+00:00,2026-06-24 10:02:00+00:00,LONG,0.07781,0.07825,0.07897715,0.07664285,TIME,0.270106,0.336773,0.106667,0.0,5177524846.515042,0
beta_decouple,ARBUSDT,2026-06-24 13:00:00+00:00,2026-06-24 13:01:00+00:00,LONG,0.07681,0.07796215,0.07796215,0.07565785,TP,0.892746,0.959412,0.106667,0.0,6101967258.112077,0
beta_decouple,ARBUSDT,2026-06-24 15:00:00+00:00,2026-06-24 15:01:00+00:00,LONG,0.07539,0.07652085,0.07652085,0.07425915,TP,0.892746,0.959412,0.106667,0.0,7191468032.091388,0
beta_decouple,ARBUSDT,2026-06-24 16:00:00+00:00,2026-06-24 16:01:00+00:00,LONG,0.07378,0.0748867,0.0748867,0.0726733,TP,0.892746,0.959412,0.106667,0.0,8475498190.823385,0
beta_decouple,ARBUSDT,2026-06-24 20:00:00+00:00,2026-06-24 20:01:00+00:00,SHORT,0.0761,0.0749585,0.0749585,0.0772415,TP,0.893922,0.960588,0.106667,0.0,9990784218.609722,0
beta_decouple,ARBUSDT,2026-06-24 21:00:00+00:00,2026-06-24 21:02:00+00:00,SHORT,0.07642,0.07587,0.0752737,0.0775663,TIME,0.373414,0.440081,0.106667,0.0,10736923733.564203,0
beta_decouple,OPUSDT,2026-05-15 13:00:00+00:00,2026-05-15 13:01:00+00:00,LONG,0.1353,0.1373295,0.1373295,0.1332705,TP,0.892746,0.959412,0.106667,0.0,8.249844,0
beta_decouple,OPUSDT,2026-05-16 00:00:00+00:00,2026-05-16 00:02:00+00:00,SHORT,0.137,0.1365,0.134945,0.139055,TIME,0.136776,0.203443,0.106667,0.0,8.47552,0
beta_decouple,OPUSDT,2026-05-16 01:00:00+00:00,2026-05-16 01:02:00+00:00,SHORT,0.1376,0.137,0.135536,0.139664,TIME,0.184193,0.25086,0.106667,0.0,8.787748,0
beta_decouple,OPUSDT,2026-05-16 02:00:00+00:00,2026-05-16 02:02:00+00:00,SHORT,0.1375,0.1374,0.1354375,0.1395625,TIME,-0.058165,0.008502,0.106667,0.0,8.68552,0
beta_decouple,OPUSDT,2026-05-16 06:00:00+00:00,2026-05-16 06:02:00+00:00,LONG,0.1342,0.1355,0.136213,0.132187,TIME,0.53876,0.605427,0.106667,0.0,9.621403,0
beta_decouple,OPUSDT,2026-05-16 07:00:00+00:00,2026-05-16 07:02:00+00:00,LONG,0.1327,0.1341,0.1346905,0.1307095,TIME,0.596264,0.662931,0.106667,0.0,10.768783,0
beta_decouple,OPUSDT,2026-05-16 12:00:00+00:00,2026-05-16 12:02:00+00:00,SHORT,0.1326,0.1323,0.130611,0.134589,TIME,0.044241,0.110908,0.106667,0.0,10.864068,0
beta_decouple,OPUSDT,2026-05-16 13:00:00+00:00,2026-05-16 13:02:00+00:00,SHORT,0.1329,0.1324,0.1309065,0.1348935,TIME,0.144287,0.210954,0.106667,0.0,11.177577,0
beta_decouple,OPUSDT,2026-05-16 14:00:00+00:00,2026-05-16 14:02:00+00:00,SHORT,0.1335,0.1327,0.1314975,0.1355025,TIME,0.293062,0.359728,0.106667,0.0,11.832721,0
beta_decouple,OPUSDT,2026-05-16 16:00:00+00:00,2026-05-16 16:02:00+00:00,SHORT,0.1344,0.1344,0.132384,0.136416,TIME,-0.106679,-0.040012,0.106667,0.0,11.580261,0
beta_decouple,OPUSDT,2026-05-16 17:00:00+00:00,2026-05-16 17:02:00+00:00,SHORT,0.1348,0.1344,0.132778,0.136822,TIME,0.091264,0.157931,0.106667,0.0,11.791633,0
beta_decouple,OPUSDT,2026-05-17 00:00:00+00:00,2026-05-17 00:02:00+00:00,LONG,0.1323,0.1331,0.1342845,0.1303155,TIME,0.296228,0.362894,0.106667,0.0,12.490235,0
beta_decouple,OPUSDT,2026-05-17 01:00:00+00:00,2026-05-17 01:02:00+00:00,LONG,0.1319,0.1321,0.1338785,0.1299215,TIME,-0.005629,0.061038,0.106667,0.0,12.476174,0
beta_decouple,OPUSDT,2026-05-17 03:00:00+00:00,2026-05-17 03:02:00+00:00,SHORT,0.133,0.1326,0.131005,0.134995,TIME,0.093943,0.16061,0.106667,0.0,12.710584,0
beta_decouple,OPUSDT,2026-05-17 04:00:00+00:00,2026-05-17 04:02:00+00:00,SHORT,0.1334,0.1331,0.131399,0.135401,TIME,0.043336,0.110003,0.106667,0.0,12.82075,0
beta_decouple,OPUSDT,2026-05-17 09:00:00+00:00,2026-05-17 09:02:00+00:00,SHORT,0.1337,0.1331,0.1316945,0.1357055,TIME,0.192678,0.259345,0.106667,0.0,13.314806,0
beta_decouple,OPUSDT,2026-05-17 11:00:00+00:00,2026-05-17 11:02:00+00:00,LONG,0.1324,0.1327,0.134386,0.130414,TIME,0.044312,0.110979,0.106667,0.0,13.432807,0
beta_decouple,OPUSDT,2026-05-17 12:00:00+00:00,2026-05-17 12:02:00+00:00,LONG,0.1321,0.1324,0.1340815,0.1301185,TIME,0.044655,0.111322,0.106667,0.0,13.552775,0
beta_decouple,OPUSDT,2026-05-17 18:00:00+00:00,2026-05-17 18:02:00+00:00,SHORT,0.1313,0.1313,0.1293305,0.1332695,TIME,-0.106679,-0.040012,0.106667,0.0,13.263617,0
beta_decouple,OPUSDT,2026-05-17 22:00:00+00:00,2026-05-17 22:02:00+00:00,LONG,0.1302,0.1303,0.132153,0.128247,TIME,-0.055482,0.011185,0.106667,0.0,13.116438,0
beta_decouple,OPUSDT,2026-05-17 23:00:00+00:00,2026-05-17 23:01:00+00:00,LONG,0.1281,0.1300215,0.1300215,0.1261785,TP,0.892746,0.959412,0.106667,0.0,15.458367,0
beta_decouple,OPUSDT,2026-05-18 04:00:00+00:00,2026-05-18 04:02:00+00:00,SHORT,0.1287,0.1286,0.1267695,0.1306305,TIME,-0.054848,0.011819,0.106667,0.0,15.288796,0
beta_decouple,OPUSDT,2026-05-18 11:00:00+00:00,2026-05-18 11:02:00+00:00,SHORT,0.1276,0.1263,0.125686,0.129514,TIME,0.572935,0.639601,0.106667,0.0,17.040693,0
beta_decouple,OPUSDT,2026-05-18 12:00:00+00:00,2026-05-18 12:02:00+00:00,SHORT,0.1281,0.1279,0.1261785,0.1300215,TIME,-0.002531,0.064136,0.106667,0.0,17.032067,0
beta_decouple,OPUSDT,2026-05-18 19:00:00+00:00,2026-05-18 19:01:00+00:00,SHORT,0.1275,0.1255875,0.1255875,0.1294125,TP,0.893922,0.960588,0.106667,0.0,20.077133,0
beta_decouple,OPUSDT,2026-05-18 20:00:00+00:00,2026-05-18 20:02:00+00:00,SHORT,0.1277,0.1277,0.1257845,0.1296155,TIME,-0.106679,-0.040012,0.106667,0.0,19.648773,0
beta_decouple,OPUSDT,2026-05-18 21:00:00+00:00,2026-05-18 21:02:00+00:00,SHORT,0.1292,0.1275,0.127262,0.131138,TIME,0.771041,0.837707,0.106667,0.0,22.678774,0
beta_decouple,OPUSDT,2026-05-19 02:00:00+00:00,2026-05-19 02:02:00+00:00,LONG,0.1279,0.128,0.1298185,0.1259815,TIME,-0.054562,0.012105,0.106667,0.0,22.431295,0
beta_decouple,OPUSDT,2026-05-19 07:00:00+00:00,2026-05-19 07:02:00+00:00,SHORT,0.1294,0.1288,0.127459,0.131341,TIME,0.202626,0.269293,0.106667,0.0,23.340327,0
beta_decouple,OPUSDT,2026-05-19 08:00:00+00:00,2026-05-19 08:02:00+00:00,SHORT,0.1297,0.1295,0.1277545,0.1316455,TIME,-0.003816,0.062851,0.106667,0.0,23.322515,0
beta_decouple,OPUSDT,2026-05-19 09:00:00+00:00,2026-05-19 09:02:00+00:00,LONG,0.1287,0.1295,0.1306305,0.1267695,TIME,0.307497,0.374164,0.106667,0.0,24.756837,0
beta_decouple,OPUSDT,2026-05-19 10:00:00+00:00,2026-05-19 10:02:00+00:00,LONG,0.1282,0.1284,0.130123,0.126277,TIME,-0.002713,0.063954,0.106667,0.0,24.743404,0
beta_decouple,OPUSDT,2026-05-19 11:00:00+00:00,2026-05-19 11:02:00+00:00,LONG,0.1273,0.1282,0.1292095,0.1253905,TIME,0.36439,0.431057,0.106667,0.0,26.546655,0
beta_decouple,OPUSDT,2026-05-19 14:00:00+00:00,2026-05-19 14:02:00+00:00,LONG,0.1268,0.1271,0.128702,0.124898,TIME,0.050979,0.117646,0.106667,0.0,26.817322,0
beta_decouple,OPUSDT,2026-05-19 22:00:00+00:00,2026-05-19 22:02:00+00:00,LONG,0.1257,0.1264,0.1275855,0.1238145,TIME,0.264377,0.331044,0.106667,0.0,28.235298,0
beta_decouple,OPUSDT,2026-05-20 04:00:00+00:00,2026-05-20 04:02:00+00:00,SHORT,0.1261,0.1256,0.1242085,0.1279915,TIME,0.15782,0.224487,0.106667,0.0,29.12652,0
beta_decouple,OPUSDT,2026-05-20 05:00:00+00:00,2026-05-20 05:02:00+00:00,SHORT,0.1274,0.1261,0.125489,0.129311,TIME,0.574002,0.640668,0.106667,0.0,32.470254,0
beta_decouple,OPUSDT,2026-05-20 06:00:00+00:00,2026-05-20 06:02:00+00:00,SHORT,0.1277,0.1277,0.1257845,0.1296155,TIME,-0.106679,-0.040012,0.106667,0.0,31.777477,0
beta_decouple,OPUSDT,2026-05-20 11:00:00+00:00,2026-05-20 11:02:00+00:00,LONG,0.1266,0.1271,0.128499,0.124701,TIME,0.156484,0.223151,0.106667,0.0,32.77201,0
beta_decouple,OPUSDT,2026-05-20 13:00:00+00:00,2026-05-20 13:02:00+00:00,LONG,0.1255,0.1267,0.1273825,0.1236175,TIME,0.530413,0.59708,0.106667,0.0,36.248551,0
beta_decouple,OPUSDT,2026-05-20 14:00:00+00:00,2026-05-20 14:01:00+00:00,SHORT,0.1278,0.125883,0.125883,0.129717,TP,0.893922,0.960588,0.106667,0.0,42.729223,0
beta_decouple,OPUSDT,2026-05-20 15:00:00+00:00,2026-05-20 15:02:00+00:00,SHORT,0.129,0.1276,0.127065,0.130935,TIME,0.61727,0.683936,0.106667,0.0,48.004315,0
beta_decouple,OPUSDT,2026-05-21 03:00:00+00:00,2026-05-21 03:02:00+00:00,SHORT,0.1311,0.1307,0.1291335,0.1330665,TIME,0.09685,0.163517,0.106667,0.0,48.934163,0
beta_decouple,OPUSDT,2026-05-21 05:00:00+00:00,2026-05-21 05:02:00+00:00,LONG,0.1294,0.1309,0.131341,0.127459,TIME,0.665679,0.732346,0.106667,0.0,55.449055,0
beta_decouple,OPUSDT,2026-05-21 06:00:00+00:00,2026-05-21 06:02:00+00:00,LONG,0.1294,0.1293,0.131341,0.127459,TIME,-0.158144,-0.091477,0.106667,0.0,53.695272,0
beta_decouple,OPUSDT,2026-05-21 10:00:00+00:00,2026-05-21 10:02:00+00:00,LONG,0.1281,0.1295,0.1300215,0.1261785,TIME,0.621506,0.688172,0.106667,0.0,60.369656,0
beta_decouple,OPUSDT,2026-05-21 11:00:00+00:00,2026-05-21 11:02:00+00:00,LONG,0.128,0.1281,0.12992,0.12608,TIME,-0.054603,0.012064,0.106667,0.0,59.710388,0
beta_decouple,OPUSDT,2026-05-21 17:00:00+00:00,2026-05-21 17:01:00+00:00,SHORT,0.1319,0.1299215,0.1299215,0.1338785,TP,0.893922,0.960588,0.106667,0.0,70.385668,0
beta_decouple,OPUSDT,2026-05-22 00:00:00+00:00,2026-05-22 00:02:00+00:00,LONG,0.1311,0.1322,0.1330665,0.1291335,TIME,0.452379,0.519046,0.106667,0.0,76.753872,0
beta_decouple,OPUSDT,2026-05-22 03:00:00+00:00,2026-05-22 03:02:00+00:00,SHORT,0.1337,0.1326,0.1316945,0.1357055,TIME,0.442142,0.508809,0.106667,0.0,83.541096,0
beta_decouple,OPUSDT,2026-05-22 12:00:00+00:00,2026-05-22 12:02:00+00:00,SHORT,0.1365,0.1349,0.1344525,0.1385475,TIME,0.675231,0.741898,0.106667,0.0,94.823006,0
beta_decouple,OPUSDT,2026-05-22 14:00:00+00:00,2026-05-22 14:02:00+00:00,LONG,0.1335,0.135,0.1355025,0.1314975,TIME,0.64196,0.708626,0.106667,0.0,106.997515,0
beta_decouple,OPUSDT,2026-05-22 18:00:00+00:00,2026-05-22 18:01:00+00:00,LONG,0.1307,0.1326605,0.1326605,0.1287395,TP,0.892746,0.959412,0.106667,0.0,126.101826,0
beta_decouple,OPUSDT,2026-05-22 19:00:00+00:00,2026-05-22 19:01:00+00:00,LONG,0.1286,0.130529,0.130529,0.126671,TP,0.892746,0.959412,0.106667,0.0,148.617193,0
beta_decouple,OPUSDT,2026-05-22 23:00:00+00:00,2026-05-22 23:01:00+00:00,LONG,0.1267,0.1286005,0.1286005,0.1247995,TP,0.892746,0.959412,0.106667,0.0,175.15266,0
beta_decouple,OPUSDT,2026-05-23 07:00:00+00:00,2026-05-23 07:01:00+00:00,LONG,0.1227,0.12461146,0.12461146,0.12078854,TP,0.896705,0.960897,0.102707,0.0,206.564706,0
beta_decouple,OPUSDT,2026-05-23 12:00:00+00:00,2026-05-23 12:02:00+00:00,SHORT,0.1222,0.1218,0.120367,0.124033,TIME,0.111674,0.17834,0.106667,0.0,211.178279,0
beta_decouple,OPUSDT,2026-05-23 13:00:00+00:00,2026-05-23 13:02:00+00:00,SHORT,0.1231,0.1225,0.1212535,0.1249465,TIME,0.218455,0.285122,0.106667,0.0,220.404888,0
beta_decouple,OPUSDT,2026-05-23 14:00:00+00:00,2026-05-23 14:01:00+00:00,SHORT,0.1251,0.1232235,0.1232235,0.1269765,TP,0.893922,0.960588,0.106667,0.0,259.809822,0
beta_decouple,OPUSDT,2026-05-23 15:00:00+00:00,2026-05-23 15:02:00+00:00,SHORT,0.126,0.1251,0.12411,0.12789,TIME,0.369798,0.436464,0.106667,0.0,279.025232,0
beta_decouple,OPUSDT,2026-05-23 16:00:00+00:00,2026-05-23 16:02:00+00:00,SHORT,0.1271,0.126,0.1251935,0.1290065,TIME,0.470641,0.537308,0.106667,0.0,305.289382,0
beta_decouple,OPUSDT,2026-05-23 18:00:00+00:00,2026-05-23 18:01:00+00:00,SHORT,0.1302,0.128247,0.128247,0.132153,TP,0.893922,0.960588,0.106667,0.0,359.870331,0
beta_decouple,OPUSDT,2026-05-23 20:00:00+00:00,2026-05-23 20:01:00+00:00,SHORT,0.1336,0.131596,0.131596,0.135604,TP,0.893922,0.960588,0.106667,0.0,424.209496,0
beta_decouple,OPUSDT,2026-05-24 02:00:00+00:00,2026-05-24 02:02:00+00:00,LONG,0.1291,0.1297,0.1310365,0.1271635,TIME,0.202997,0.269663,0.106667,0.0,441.432132,0
beta_decouple,OPUSDT,2026-05-24 03:00:00+00:00,2026-05-24 03:02:00+00:00,LONG,0.1285,0.129,0.1304275,0.1265725,TIME,0.152593,0.21926,0.106667,0.0,454.904032,0
beta_decouple,OPUSDT,2026-05-24 05:00:00+00:00,2026-05-24 05:02:00+00:00,LONG,0.1275,0.128,0.1294125,0.1255875,TIME,0.154626,0.221293,0.106667,0.0,468.972069,0
beta_decouple,OPUSDT,2026-05-24 10:00:00+00:00,2026-05-24 10:02:00+00:00,LONG,0.128,0.1288,0.12992,0.12608,TIME,0.309762,0.376429,0.106667,0.0,498.026021,0
beta_decouple,OPUSDT,2026-05-24 11:00:00+00:00,2026-05-24 11:02:00+00:00,LONG,0.1279,0.1281,0.1298185,0.1259815,TIME,-0.002469,0.064198,0.106667,0.0,497.780086,0
beta_decouple,OPUSDT,2026-05-24 12:00:00+00:00,2026-05-24 12:02:00+00:00,LONG,0.1274,0.1277,0.129311,0.125489,TIME,0.050237,0.116904,0.106667,0.0,502.781486,0
beta_decouple,OPUSDT,2026-05-24 13:00:00+00:00,2026-05-24 13:02:00+00:00,LONG,0.1263,0.1275,0.1281945,0.1244055,TIME,0.526378,0.593045,0.106667,0.0,555.712099,0
beta_decouple,OPUSDT,2026-05-24 21:00:00+00:00,2026-05-24 21:01:00+00:00,LONG,0.1233,0.1251495,0.1251495,0.1214505,TP,0.892746,0.959412,0.106667,0.0,654.933995,0
beta_decouple,OPUSDT,2026-05-25 04:00:00+00:00,2026-05-25 04:02:00+00:00,SHORT,0.1263,0.1249,0.1244055,0.1281945,TIME,0.632746,0.699413,0.106667,0.0,737.815383,0
beta_decouple,OPUSDT,2026-05-25 05:00:00+00:00,2026-05-25 05:02:00+00:00,SHORT,0.127,0.1264,0.125095,0.128905,TIME,0.208471,0.275138,0.106667,0.0,768.578004,0
beta_decouple,OPUSDT,2026-05-25 10:00:00+00:00,2026-05-25 10:02:00+00:00,SHORT,0.1289,0.1277,0.1269665,0.1308335,TIME,0.51433,0.580997,0.106667,0.0,847.638545,0
beta_decouple,OPUSDT,2026-05-25 12:00:00+00:00,2026-05-25 12:02:00+00:00,SHORT,0.1295,0.1283,0.1275575,0.1314425,TIME,0.511453,0.578119,0.106667,0.0,934.343952,0
beta_decouple,OPUSDT,2026-05-25 13:00:00+00:00,2026-05-25 13:02:00+00:00,SHORT,0.1305,0.1297,0.1285425,0.1324575,TIME,0.302251,0.368918,0.106667,0.0,990.825261,0
beta_decouple,OPUSDT,2026-05-25 16:00:00+00:00,2026-05-25 16:02:00+00:00,SHORT,0.1319,0.1306,0.1299215,0.1338785,TIME,0.550779,0.617446,0.106667,0.0,1099.970434,0
beta_decouple,OPUSDT,2026-05-25 20:00:00+00:00,2026-05-25 20:02:00+00:00,LONG,0.1306,0.1313,0.132559,0.128641,TIME,0.250456,0.317123,0.106667,0.0,1155.069309,0
beta_decouple,OPUSDT,2026-05-25 22:00:00+00:00,2026-05-25 22:02:00+00:00,LONG,0.1289,0.1304,0.1308335,0.1269665,TIME,0.668675,0.735342,0.106667,0.0,1309.542545,0
beta_decouple,OPUSDT,2026-05-26 05:00:00+00:00,2026-05-26 05:02:00+00:00,SHORT,0.1301,0.1286,0.1281485,0.1320515,TIME,0.662422,0.729089,0.106667,0.0,1483.036545,0
beta_decouple,OPUSDT,2026-05-26 10:00:00+00:00,2026-05-26 10:01:00+00:00,SHORT,0.1336,0.131596,0.131596,0.135604,TP,0.893922,0.960588,0.106667,0.0,1748.180199,0
beta_decouple,OPUSDT,2026-05-26 15:00:00+00:00,2026-05-26 15:02:00+00:00,LONG,0.1316,0.1323,0.133574,0.129626,TIME,0.247743,0.314409,0.106667,0.0,1834.799925,0
beta_decouple,OPUSDT,2026-05-26 16:00:00+00:00,2026-05-26 16:02:00+00:00,LONG,0.1307,0.1315,0.1326605,0.1287395,TIME,0.30116,0.367826,0.106667,0.0,1945.313498,0
beta_decouple,OPUSDT,2026-05-26 17:00:00+00:00,2026-05-26 17:01:00+00:00,LONG,0.1285,0.1304275,0.1304275,0.1265725,TP,0.892746,0.959412,0.106667,0.0,2292.647476,0
beta_decouple,OPUSDT,2026-05-27 03:00:00+00:00,2026-05-27 03:02:00+00:00,LONG,0.127,0.1275,0.128905,0.125095,TIME,0.155655,0.222322,0.106667,0.0,2364.019925,0
beta_decouple,OPUSDT,2026-05-27 06:00:00+00:00,2026-05-27 06:02:00+00:00,SHORT,0.1285,0.1278,0.1265725,0.1304275,TIME,0.256704,0.323371,0.106667,0.0,2485.390606,0
beta_decouple,OPUSDT,2026-05-27 12:00:00+00:00,2026-05-27 12:02:00+00:00,SHORT,0.128,0.1266,0.12608,0.12992,TIME,0.622926,0.689592,0.106667,0.0,2795.033307,0
beta_decouple,OPUSDT,2026-05-27 15:00:00+00:00,2026-05-27 15:01:00+00:00,SHORT,0.1297,0.1277545,0.1277545,0.1316455,TP,0.893922,0.960588,0.106667,0.0,3294.741385,0
beta_decouple,OPUSDT,2026-05-27 21:00:00+00:00,2026-05-27 21:01:00+00:00,LONG,0.1239,0.1257585,0.1257585,0.1220415,TP,0.892746,0.959412,0.106667,0.0,3883.014501,0
beta_decouple,OPUSDT,2026-05-28 02:00:00+00:00,2026-05-28 02:02:00+00:00,LONG,0.122,0.1223,0.12383,0.12017,TIME,0.057181,0.123848,0.106667,0.0,3927.421761,0
beta_decouple,OPUSDT,2026-05-28 03:00:00+00:00,2026-05-28 03:01:00+00:00,LONG,0.1196,0.121394,0.121394,0.117806,TP,0.892746,0.959412,0.106667,0.0,4628.65939,0
beta_decouple,OPUSDT,2026-05-28 04:00:00+00:00,2026-05-28 04:02:00+00:00,LONG,0.1177,0.1168,0.11972812,0.11567188,TIME,-0.536337,-0.478303,0.092854,0.0,4132.154901,0
beta_decouple,OPUSDT,2026-05-28 05:00:00+00:00,2026-05-28 05:02:00+00:00,LONG,0.1164,0.1178,0.11863542,0.11416458,TIME,0.542602,0.594673,0.083313,0.0,4580.577872,0
beta_decouple,OPUSDT,2026-05-28 09:00:00+00:00,2026-05-28 09:02:00+00:00,SHORT,0.118,0.1175,0.11623,0.11977,TIME,0.175977,0.242643,0.106667,0.0,4741.792912,0
beta_decouple,OPUSDT,2026-05-28 12:00:00+00:00,2026-05-28 12:02:00+00:00,SHORT,0.117,0.1165,0.115245,0.118755,TIME,0.178393,0.245059,0.106667,0.0,4910.973071,0
beta_decouple,OPUSDT,2026-05-28 16:00:00+00:00,2026-05-28 16:01:00+00:00,SHORT,0.117,0.115245,0.115245,0.118755,TP,0.893922,0.960588,0.106667,0.0,5788.977963,0
beta_decouple,OPUSDT,2026-05-28 17:00:00+00:00,2026-05-28 17:01:00+00:00,SHORT,0.1193,0.1175105,0.1175105,0.1210895,TP,0.893922,0.960588,0.106667,0.0,6823.956347,0
beta_decouple,OPUSDT,2026-05-28 18:00:00+00:00,2026-05-28 18:02:00+00:00,SHORT,0.1206,0.1201,0.118791,0.122409,TIME,0.169883,0.23655,0.106667,0.0,7055.811204,0
beta_decouple,OPUSDT,2026-05-29 11:00:00+00:00,2026-05-29 11:02:00+00:00,LONG,0.1171,0.1181,0.1188565,0.1153435,TIME,0.462318,0.528984,0.106667,0.0,7708.216655,0
beta_decouple,OPUSDT,2026-05-29 12:00:00+00:00,2026-05-29 12:02:00+00:00,LONG,0.1162,0.117,0.117943,0.114457,TIME,0.352049,0.418715,0.106667,0.0,8250.950336,0
beta_decouple,OPUSDT,2026-05-29 13:00:00+00:00,2026-05-29 13:02:00+00:00,LONG,0.1155,0.1159,0.1172325,0.1137675,TIME,0.124087,0.190754,0.106667,0.0,8455.717593,0
beta_decouple,OPUSDT,2026-05-29 15:00:00+00:00,2026-05-29 15:01:00+00:00,SHORT,0.1199,0.1181015,0.1181015,0.1216985,TP,0.893922,0.960588,0.106667,0.0,9967.46716,0
beta_decouple,OPUSDT,2026-05-29 16:00:00+00:00,2026-05-29 16:02:00+00:00,SHORT,0.121,0.12,0.119185,0.122815,TIME,0.444616,0.511283,0.106667,0.0,10853.806624,0
beta_decouple,OPUSDT,2026-05-29 21:00:00+00:00,2026-05-29 21:02:00+00:00,LONG,0.1177,0.119,0.1194655,0.1159345,TIME,0.629239,0.695906,0.106667,0.0,12219.734259,0
beta_decouple,OPUSDT,2026-05-31 00:00:00+00:00,2026-05-31 00:02:00+00:00,SHORT,0.1207,0.1203,0.1188895,0.1225105,TIME,0.114387,0.181054,0.106667,0.0,12499.290921,0
beta_decouple,OPUSDT,2026-05-31 05:00:00+00:00,2026-05-31 05:02:00+00:00,LONG,0.1208,0.1216,0.122612,0.118988,TIME,0.334582,0.401248,0.106667,0.0,13335.697502,0
beta_decouple,OPUSDT,2026-05-31 06:00:00+00:00,2026-05-31 06:02:00+00:00,LONG,0.1202,0.1203,0.122003,0.118397,TIME,-0.051225,0.015442,0.106667,0.0,13199.073758,0
beta_decouple,OPUSDT,2026-05-31 07:00:00+00:00,2026-05-31 07:02:00+00:00,LONG,0.1191,0.1199,0.1208865,0.1173135,TIME,0.34088,0.407546,0.106667,0.0,14098.933006,0
beta_decouple,OPUSDT,2026-05-31 14:00:00+00:00,2026-05-31 14:01:00+00:00,LONG,0.1169,0.1186535,0.1186535,0.1151465,TP,0.892746,0.959412,0.106667,0.0,16616.284833,0
beta_decouple,OPUSDT,2026-05-31 16:00:00+00:00,2026-05-31 16:02:00+00:00,LONG,0.1161,0.1174,0.1178415,0.1143585,TIME,0.63938,0.706047,0.106667,0.0,18741.110505,0
beta_decouple,OPUSDT,2026-05-31 19:00:00+00:00,2026-05-31 19:02:00+00:00,LONG,0.1151,0.1158,0.1168265,0.1133735,TIME,0.298547,0.365213,0.106667,0.0,19860.129758,0
beta_decouple,OPUSDT,2026-05-31 21:00:00+00:00,2026-05-31 21:01:00+00:00,SHORT,0.1181,0.1163285,0.1163285,0.1198715,TP,0.893922,0.960588,0.106667,0.0,23410.809193,0
beta_decouple,OPUSDT,2026-05-31 22:00:00+00:00,2026-05-31 22:02:00+00:00,SHORT,0.1186,0.1181,0.116821,0.120379,TIME,0.174547,0.241213,0.106667,0.0,24228.065503,0
beta_decouple,OPUSDT,2026-06-01 02:00:00+00:00,2026-06-01 02:01:00+00:00,SHORT,0.1196,0.117806,0.117806,0.121394,TP,0.893922,0.960588,0.106667,0.0,28559.663281,0
beta_decouple,OPUSDT,2026-06-01 03:00:00+00:00,2026-06-01 03:02:00+00:00,SHORT,0.1204,0.1198,0.118594,0.122206,TIME,0.225747,0.292413,0.106667,0.0,29849.112879,0
beta_decouple,OPUSDT,2026-06-01 07:00:00+00:00,2026-06-01 07:02:00+00:00,LONG,0.1155,0.1162,0.1172325,0.1137675,TIME,0.297143,0.36381,0.106667,0.0,31623.006151,0
beta_decouple,OPUSDT,2026-06-01 16:00:00+00:00,2026-06-01 16:01:00+00:00,SHORT,0.1192,0.117412,0.117412,0.120988,TP,0.893922,0.960588,0.106667,0.0,37276.703231,0
beta_decouple,OPUSDT,2026-06-01 17:00:00+00:00,2026-06-01 17:01:00+00:00,SHORT,0.1227,0.1208595,0.1208595,0.1245405,TP,0.893922,0.960588,0.106667,0.0,43941.192597,0
beta_decouple,OPUSDT,2026-06-02 01:00:00+00:00,2026-06-02 01:01:00+00:00,LONG,0.1206,0.122409,0.122409,0.118791,TP,0.892746,0.959412,0.106667,0.0,51786.853074,0
beta_decouple,OPUSDT,2026-06-02 09:00:00+00:00,2026-06-02 09:02:00+00:00,LONG,0.1217,0.1224,0.1235255,0.1198745,TIME,0.276572,0.343239,0.106667,0.0,54651.410868,0
beta_decouple,OPUSDT,2026-06-02 10:00:00+00:00,2026-06-02 10:01:00+00:00,SHORT,0.1253,0.1234205,0.1234205,0.1271795,TP,0.893922,0.960588,0.106667,0.0,64422.225211,0
beta_decouple,OPUSDT,2026-06-02 14:00:00+00:00,2026-06-02 14:01:00+00:00,LONG,0.1191,0.1208865,0.1208865,0.1173135,TP,0.892746,0.959412,0.106667,0.0,75924.755667,0
beta_decouple,OPUSDT,2026-06-02 15:00:00+00:00,2026-06-02 15:01:00+00:00,LONG,0.1168,0.118552,0.118552,0.115048,TP,0.892746,0.959412,0.106667,0.0,89481.052606,0
beta_decouple,OPUSDT,2026-06-02 22:00:00+00:00,2026-06-02 22:01:00+00:00,LONG,0.1158,0.117537,0.117537,0.114063,TP,0.892746,0.959412,0.106667,0.0,105457.814189,0
beta_decouple,OPUSDT,2026-06-04 00:00:00+00:00,2026-06-04 00:01:00+00:00,SHORT,0.1211,0.1229165,0.1192835,0.1229165,SL,-1.107279,-1.040612,0.106667,0.0,82103.572739,0
beta_decouple,OPUSDT,2026-06-04 07:00:00+00:00,2026-06-04 07:01:00+00:00,LONG,0.1078,0.11011042,0.11011042,0.10548958,TP,0.924755,0.971414,0.074653,0.0,97288.716775,0
beta_decouple,OPUSDT,2026-06-04 12:00:00+00:00,2026-06-04 12:01:00+00:00,SHORT,0.1101,0.1084485,0.1084485,0.1117515,TP,0.893922,0.960588,0.106667,0.0,114682.412092,0
beta_decouple,OPUSDT,2026-06-04 13:00:00+00:00,2026-06-04 13:01:00+00:00,SHORT,0.1115,0.1098275,0.1098275,0.1131725,TP,0.893922,0.960588,0.106667,0.0,135185.827085,0
beta_decouple,OPUSDT,2026-06-04 15:00:00+00:00,2026-06-04 15:01:00+00:00,SHORT,0.1149,0.1131765,0.1131765,0.1166235,TP,0.893922,0.960588,0.106667,0.0,159354.930815,0
beta_decouple,OPUSDT,2026-06-04 18:00:00+00:00,2026-06-04 18:01:00+00:00,SHORT,0.1178,0.116033,0.116033,0.119567,TP,0.893922,0.960588,0.106667,0.0,187845.090884,0
beta_decouple,OPUSDT,2026-06-04 21:00:00+00:00,2026-06-04 21:01:00+00:00,LONG,0.1101,0.1117515,0.1117515,0.1084485,TP,0.892746,0.959412,0.106667,0.0,221384.663165,0
beta_decouple,OPUSDT,2026-06-05 02:00:00+00:00,2026-06-05 02:01:00+00:00,LONG,0.1081,0.1097215,0.1097215,0.1064785,TP,0.892746,0.959412,0.106667,0.0,260912.695955,0
beta_decouple,OPUSDT,2026-06-05 06:00:00+00:00,2026-06-05 06:01:00+00:00,LONG,0.1036,0.1052875,0.1052875,0.1019125,TP,0.901183,0.962576,0.098228,0.0,307938.717301,0
beta_decouple,OPUSDT,2026-06-05 11:00:00+00:00,2026-06-05 11:01:00+00:00,LONG,0.1026,0.10446458,0.10446458,0.10073542,TP,0.911369,0.966395,0.088041,0.0,364067.875271,0
beta_decouple,OPUSDT,2026-06-05 13:00:00+00:00,2026-06-05 13:01:00+00:00,LONG,0.1,0.10231354,0.10231354,0.09768646,TP,0.93025,0.973474,0.069158,0.0,431802.697711,0
beta_decouple,OPUSDT,2026-06-05 18:00:00+00:00,2026-06-05 18:01:00+00:00,LONG,0.0928,0.09606771,0.09606771,0.08953229,TP,0.953967,0.982366,0.045439,0.0,514187.778215,0
beta_decouple,OPUSDT,2026-06-05 20:00:00+00:00,2026-06-05 20:01:00+00:00,SHORT,0.0994,0.097909,0.097909,0.100891,TP,0.893922,0.960588,0.106667,0.0,606116.481218,0
beta_decouple,OPUSDT,2026-06-06 04:00:00+00:00,2026-06-06 04:01:00+00:00,LONG,0.091,0.09326042,0.09326042,0.08873958,TP,0.934995,0.975253,0.064413,0.0,719459.599023,0
beta_decouple,OPUSDT,2026-06-06 17:00:00+00:00,2026-06-06 17:02:00+00:00,LONG,0.0935,0.0945,0.0949025,0.0920975,TIME,0.60593,0.672597,0.106667,0.0,806648.048447,0
beta_decouple,OPUSDT,2026-06-06 19:00:00+00:00,2026-06-06 19:02:00+00:00,LONG,0.0929,0.0942935,0.0942935,0.0915065,TP,0.892746,0.959412,0.106667,0.0,950674.333076,0
beta_decouple,OPUSDT,2026-06-06 23:00:00+00:00,2026-06-06 23:02:00+00:00,SHORT,0.0936,0.0929,0.092196,0.095004,TIME,0.392196,0.458863,0.106667,0.0,1025244.479273,0
beta_decouple,OPUSDT,2026-06-07 01:00:00+00:00,2026-06-07 01:01:00+00:00,SHORT,0.0961,0.0946585,0.0946585,0.0975415,TP,0.893922,0.960588,0.106667,0.0,1208542.097836,0
beta_decouple,OPUSDT,2026-06-07 07:00:00+00:00,2026-06-07 07:02:00+00:00,SHORT,0.0954,0.0956,0.093969,0.096831,TIME,-0.246525,-0.179858,0.106667,0.0,1148954.940146,0
beta_decouple,OPUSDT,2026-06-07 08:00:00+00:00,2026-06-07 08:01:00+00:00,SHORT,0.0971,0.0956435,0.0956435,0.0985565,TP,0.893922,0.960588,0.106667,0.0,1354370.047101,0
beta_decouple,OPUSDT,2026-06-07 12:00:00+00:00,2026-06-07 12:01:00+00:00,LONG,0.0942,0.095613,0.095613,0.092787,TP,0.892746,0.959412,0.106667,0.0,1596191.6027,0
beta_decouple,OPUSDT,2026-06-07 18:00:00+00:00,2026-06-07 18:02:00+00:00,LONG,0.0941,0.0954,0.0955115,0.0926885,TIME,0.813799,0.880466,0.106667,0.0,1855987.401203,0
beta_decouple,OPUSDT,2026-06-07 19:00:00+00:00,2026-06-07 19:01:00+00:00,LONG,0.0923,0.0936845,0.0936845,0.0909155,TP,0.892746,0.959412,0.106667,0.0,2187372.284893,0
beta_decouple,OPUSDT,2026-06-07 22:00:00+00:00,2026-06-07 22:01:00+00:00,SHORT,0.0969,0.0954465,0.0954465,0.0983535,TP,0.893922,0.960588,0.106667,0.0,2578440.111968,0
beta_decouple,OPUSDT,2026-06-08 04:00:00+00:00,2026-06-08 04:01:00+00:00,LONG,0.0952,0.096628,0.096628,0.093772,TP,0.892746,0.959412,0.106667,0.0,3038818.278356,0
beta_decouple,OPUSDT,2026-06-08 09:00:00+00:00,2026-06-08 09:02:00+00:00,SHORT,0.0976,0.096136,0.096136,0.099064,TP,0.893922,0.960588,0.106667,0.0,3582111.283027,0
beta_decouple,OPUSDT,2026-06-08 11:00:00+00:00,2026-06-08 11:02:00+00:00,SHORT,0.0986,0.0973,0.097121,0.100079,TIME,0.772821,0.839488,0.106667,0.0,4135777.555211,0
beta_decouple,OPUSDT,2026-06-08 12:00:00+00:00,2026-06-08 12:01:00+00:00,SHORT,0.0999,0.0984015,0.0984015,0.1013985,TP,0.893922,0.960588,0.106667,0.0,4875189.65847,0
beta_decouple,OPUSDT,2026-06-08 20:00:00+00:00,2026-06-08 20:02:00+00:00,LONG,0.0973,0.0973,0.0987595,0.0958405,TIME,-0.106655,-0.039988,0.106667,0.0,4771197.309369,0
beta_decouple,OPUSDT,2026-06-08 22:00:00+00:00,2026-06-08 22:02:00+00:00,LONG,0.0964,0.0972,0.097846,0.094954,TIME,0.446264,0.51293,0.106667,0.0,5197039.861461,0
beta_decouple,OPUSDT,2026-06-08 23:00:00+00:00,2026-06-08 23:02:00+00:00,LONG,0.0959,0.0965,0.0973385,0.0944615,TIME,0.310196,0.376863,0.106667,0.0,5519460.359437,0
beta_decouple,OPUSDT,2026-06-09 00:00:00+00:00,2026-06-09 00:01:00+00:00,LONG,0.0934,0.094801,0.094801,0.091999,TP,0.892746,0.959412,0.106667,0.0,6504955.049786,0
beta_decouple,OPUSDT,2026-06-09 05:00:00+00:00,2026-06-09 05:02:00+00:00,SHORT,0.0957,0.0953,0.0942645,0.0971355,TIME,0.172137,0.238804,0.106667,0.0,6728903.900001,0
beta_decouple,OPUSDT,2026-06-09 09:00:00+00:00,2026-06-09 09:02:00+00:00,LONG,0.0947,0.0958,0.0961205,0.0932795,TIME,0.667256,0.733923,0.106667,0.0,7626884.286191,0
beta_decouple,OPUSDT,2026-06-09 15:00:00+00:00,2026-06-09 15:02:00+00:00,LONG,0.0932,0.0944,0.094598,0.091802,TIME,0.7512,0.817866,0.106667,0.0,8772746.712391,0
beta_decouple,OPUSDT,2026-06-09 19:00:00+00:00,2026-06-09 19:02:00+00:00,SHORT,0.0959,0.0953,0.0944615,0.0973385,TIME,0.310673,0.377339,0.106667,0.0,9317837.491376,0
beta_decouple,OPUSDT,2026-06-09 20:00:00+00:00,2026-06-09 20:02:00+00:00,SHORT,0.097,0.096,0.095545,0.098455,TIME,0.581019,0.647686,0.106667,0.0,10400605.705074,0
beta_decouple,OPUSDT,2026-06-10 00:00:00+00:00,2026-06-10 00:02:00+00:00,SHORT,0.0974,0.0971,0.095939,0.098861,TIME,0.098783,0.16545,0.106667,0.0,10606087.100164,0
beta_decouple,OPUSDT,2026-06-10 02:00:00+00:00,2026-06-10 02:02:00+00:00,LONG,0.0957,0.0971355,0.0971355,0.0942645,TP,0.892746,0.959412,0.106667,0.0,12499794.426955,0
beta_decouple,OPUSDT,2026-06-10 05:00:00+00:00,2026-06-10 05:02:00+00:00,LONG,0.0947,0.0955,0.0961205,0.0932795,TIME,0.45619,0.522856,0.106667,0.0,13640249.421068,0
beta_decouple,OPUSDT,2026-06-10 11:00:00+00:00,2026-06-10 11:02:00+00:00,LONG,0.0936,0.0948,0.095004,0.092196,TIME,0.747534,0.8142,0.106667,0.0,15679558.147537,0
beta_decouple,OPUSDT,2026-06-10 17:00:00+00:00,2026-06-10 17:02:00+00:00,LONG,0.0936,0.0945,0.095004,0.092196,TIME,0.533986,0.600653,0.106667,0.0,17354092.531084,0
beta_decouple,OPUSDT,2026-06-10 19:00:00+00:00,2026-06-10 19:01:00+00:00,LONG,0.0917,0.0930755,0.0930755,0.0903245,TP,0.892746,0.959412,0.106667,0.0,20452650.167425,0
beta_decouple,OPUSDT,2026-06-10 20:00:00+00:00,2026-06-10 20:02:00+00:00,LONG,0.0908,0.0916,0.092162,0.089438,TIME,0.480365,0.547031,0.106667,0.0,22417595.683974,0
beta_decouple,OPUSDT,2026-06-10 21:00:00+00:00,2026-06-10 21:02:00+00:00,LONG,0.0899,0.0905,0.0912485,0.0885515,TIME,0.338017,0.404684,0.106667,0.0,23933102.571014,0
beta_decouple,OPUSDT,2026-06-11 00:00:00+00:00,2026-06-11 00:02:00+00:00,SHORT,0.0915,0.0911,0.0901275,0.0928725,TIME,0.184935,0.251602,0.106667,0.0,24818317.315471,0
beta_decouple,OPUSDT,2026-06-11 01:00:00+00:00,2026-06-11 01:02:00+00:00,SHORT,0.0925,0.0919,0.0911125,0.0938875,TIME,0.326013,0.39268,0.106667,0.0,26436537.618609,0
beta_decouple,OPUSDT,2026-06-11 04:00:00+00:00,2026-06-11 04:02:00+00:00,SHORT,0.0942,0.0929,0.092787,0.095613,TIME,0.813902,0.880568,0.106667,0.0,30739886.840013,0
beta_decouple,OPUSDT,2026-06-11 11:00:00+00:00,2026-06-11 11:02:00+00:00,SHORT,0.0946,0.0936,0.093181,0.096019,TIME,0.598466,0.665133,0.106667,0.0,34419241.7997,0
beta_decouple,OPUSDT,2026-06-11 16:00:00+00:00,2026-06-11 16:02:00+00:00,LONG,0.0929,0.0937,0.0942935,0.0915065,TIME,0.467095,0.533762,0.106667,0.0,37634652.842889,0
beta_decouple,OPUSDT,2026-06-11 17:00:00+00:00,2026-06-11 17:01:00+00:00,SHORT,0.096,0.09456,0.09456,0.09744,TP,0.893922,0.960588,0.106667,0.0,44363137.980808,0
beta_decouple,OPUSDT,2026-06-11 22:00:00+00:00,2026-06-11 22:02:00+00:00,LONG,0.0947,0.0954,0.0961205,0.0932795,TIME,0.385834,0.452501,0.106667,0.0,47786499.188424,0
beta_decouple,OPUSDT,2026-06-12 03:00:00+00:00,2026-06-12 03:02:00+00:00,SHORT,0.0966,0.0961,0.095151,0.098049,TIME,0.238594,0.305261,0.106667,0.0,50066813.525275,0
beta_decouple,OPUSDT,2026-06-12 04:00:00+00:00,2026-06-12 04:02:00+00:00,SHORT,0.0972,0.0965,0.095742,0.098658,TIME,0.373719,0.440386,0.106667,0.0,53808999.63891,0
beta_decouple,OPUSDT,2026-06-12 06:00:00+00:00,2026-06-12 06:02:00+00:00,LONG,0.095,0.0962,0.096425,0.093575,TIME,0.734945,0.801612,0.106667,0.0,61718335.866142,0
beta_decouple,OPUSDT,2026-06-12 13:00:00+00:00,2026-06-12 13:02:00+00:00,LONG,0.0984,0.0991,0.099876,0.096924,TIME,0.367316,0.433982,0.106667,0.0,66252357.439037,0
beta_decouple,OPUSDT,2026-06-12 15:00:00+00:00,2026-06-12 15:01:00+00:00,LONG,0.0987,0.1001805,0.1001805,0.0972195,TP,0.892746,0.959412,0.106667,0.0,78081656.360926,0
beta_decouple,OPUSDT,2026-06-12 21:00:00+00:00,2026-06-12 21:02:00+00:00,LONG,0.0993,0.1003,0.1007895,0.0978105,TIME,0.564309,0.630976,0.106667,0.0,86894090.475452,0
beta_decouple,OPUSDT,2026-06-13 05:00:00+00:00,2026-06-13 05:02:00+00:00,SHORT,0.1021,0.1013,0.1005685,0.1036315,TIME,0.415999,0.482665,0.106667,0.0,94123653.390425,0
beta_decouple,OPUSDT,2026-06-13 06:00:00+00:00,2026-06-13 06:01:00+00:00,SHORT,0.1039,0.1023415,0.1023415,0.1054585,TP,0.893922,0.960588,0.106667,0.0,110951485.059498,0
beta_decouple,OPUSDT,2026-06-13 07:00:00+00:00,2026-06-13 07:01:00+00:00,SHORT,0.1057,0.1041145,0.1041145,0.1072855,TP,0.893922,0.960588,0.106667,0.0,130787868.866982,0
beta_decouple,OPUSDT,2026-06-13 08:00:00+00:00,2026-06-13 08:02:00+00:00,SHORT,0.1068,0.1061,0.105198,0.108402,TIME,0.330537,0.397204,0.106667,0.0,139433924.989771,0
beta_decouple,OPUSDT,2026-06-13 13:00:00+00:00,2026-06-13 13:01:00+00:00,SHORT,0.1101,0.10820937,0.10820937,0.11199063,TP,0.907414,0.965649,0.093176,0.0,164738788.503247,0
beta_decouple,OPUSDT,2026-06-13 14:00:00+00:00,2026-06-13 14:01:00+00:00,LONG,0.1078,0.109417,0.109417,0.106183,TP,0.892746,0.959412,0.106667,0.0,194152751.244541,0
beta_decouple,OPUSDT,2026-06-13 19:00:00+00:00,2026-06-13 19:02:00+00:00,LONG,0.1081,0.1082,0.1097215,0.1064785,TIME,-0.04502,0.021646,0.106667,0.0,192404585.507761,0
beta_decouple,OPUSDT,2026-06-13 20:00:00+00:00,2026-06-13 20:02:00+00:00,LONG,0.1077,0.1085,0.1093155,0.1060845,TIME,0.388251,0.454918,0.106667,0.0,207344840.85472,0
beta_decouple,OPUSDT,2026-06-13 22:00:00+00:00,2026-06-13 22:02:00+00:00,LONG,0.1072,0.1082,0.108808,0.105592,TIME,0.514863,0.58153,0.106667,0.0,228695672.183553,0
beta_decouple,OPUSDT,2026-06-13 23:00:00+00:00,2026-06-13 23:02:00+00:00,LONG,0.1069,0.1072,0.1085035,0.1052965,TIME,0.080324,0.146991,0.106667,0.0,232369615.464128,0
beta_decouple,OPUSDT,2026-06-14 00:00:00+00:00,2026-06-14 00:02:00+00:00,LONG,0.1061,0.107,0.1076915,0.1045085,TIME,0.45851,0.525177,0.106667,0.0,253678391.147539,0
beta_decouple,OPUSDT,2026-06-14 04:00:00+00:00,2026-06-14 04:02:00+00:00,LONG,0.105,0.1059,0.106575,0.103425,TIME,0.464431,0.531098,0.106667,0.0,277241620.373701,0
beta_decouple,OPUSDT,2026-06-14 09:00:00+00:00,2026-06-14 09:02:00+00:00,SHORT,0.1067,0.1062,0.1050995,0.1083005,TIME,0.205911,0.272578,0.106667,0.0,288659051.414194,0
beta_decouple,OPUSDT,2026-06-14 10:00:00+00:00,2026-06-14 10:02:00+00:00,SHORT,0.107,0.1066,0.105395,0.108605,TIME,0.142692,0.209359,0.106667,0.0,296896924.14739,0
beta_decouple,OPUSDT,2026-06-14 20:00:00+00:00,2026-06-14 20:02:00+00:00,SHORT,0.1057,0.1055,0.1041145,0.1072855,TIME,0.01954,0.086207,0.106667,0.0,298057209.84705,0
beta_decouple,OPUSDT,2026-06-14 21:00:00+00:00,2026-06-14 21:01:00+00:00,SHORT,0.1083,0.1066755,0.1066755,0.1099245,TP,0.893922,0.960588,0.106667,0.0,351345160.052882,0
beta_decouple,OPUSDT,2026-06-15 02:00:00+00:00,2026-06-15 02:02:00+00:00,SHORT,0.1104,0.1101,0.108744,0.112056,TIME,0.074589,0.141256,0.106667,0.0,356586490.490689,0
beta_decouple,OPUSDT,2026-06-15 06:00:00+00:00,2026-06-15 06:02:00+00:00,LONG,0.1099,0.1106,0.1115485,0.1082515,TIME,0.317719,0.384386,0.106667,0.0,379245356.772086,0
beta_decouple,OPUSDT,2026-06-15 07:00:00+00:00,2026-06-15 07:02:00+00:00,LONG,0.1098,0.1099,0.111447,0.108153,TIME,-0.045975,0.020692,0.106667,0.0,375758223.397434,0
beta_decouple,OPUSDT,2026-06-15 12:00:00+00:00,2026-06-15 12:02:00+00:00,SHORT,0.1114,0.1104,0.109729,0.113071,TIME,0.492125,0.558791,0.106667,0.0,412742192.67151,0
beta_decouple,OPUSDT,2026-06-15 15:00:00+00:00,2026-06-15 15:02:00+00:00,LONG,0.1109,0.1114,0.1125635,0.1092365,TIME,0.193736,0.260403,0.106667,0.0,428734807.37961,0
beta_decouple,OPUSDT,2026-06-15 16:00:00+00:00,2026-06-15 16:02:00+00:00,LONG,0.1106,0.1107,0.112259,0.108941,TIME,-0.046414,0.020253,0.106667,0.0,424754986.468613,0
beta_decouple,OPUSDT,2026-06-15 19:00:00+00:00,2026-06-15 19:02:00+00:00,LONG,0.1099,0.1109,0.1115485,0.1082515,TIME,0.499594,0.56626,0.106667,0.0,467195956.207431,0
beta_decouple,OPUSDT,2026-06-15 20:00:00+00:00,2026-06-15 20:02:00+00:00,LONG,0.1094,0.1101,0.111041,0.107759,TIME,0.319659,0.386325,0.106667,0.0,497064600.080884,0
beta_decouple,OPUSDT,2026-06-15 22:00:00+00:00,2026-06-15 22:02:00+00:00,LONG,0.1081,0.1095,0.1097215,0.1064785,TIME,0.756226,0.822892,0.106667,0.0,572243188.650009,0
beta_decouple,OPUSDT,2026-06-16 04:00:00+00:00,2026-06-16 04:02:00+00:00,LONG,0.1073,0.1084,0.1089095,0.1056905,TIME,0.576377,0.643044,0.106667,0.0,638208802.647336,0
beta_decouple,OPUSDT,2026-06-16 08:00:00+00:00,2026-06-16 08:01:00+00:00,SHORT,0.1088,0.107168,0.107168,0.110432,TP,0.893922,0.960588,0.106667,0.0,752310517.931614,0
beta_decouple,OPUSDT,2026-06-16 18:00:00+00:00,2026-06-16 18:02:00+00:00,SHORT,0.1081,0.1082,0.1064785,0.1097215,TIME,-0.168387,-0.10172,0.106667,0.0,726974659.281937,0
beta_decouple,OPUSDT,2026-06-16 20:00:00+00:00,2026-06-16 20:01:00+00:00,SHORT,0.11,0.10835,0.10835,0.11165,TP,0.893922,0.960588,0.106667,0.0,856946316.282271,0
beta_decouple,OPUSDT,2026-06-17 01:00:00+00:00,2026-06-17 01:01:00+00:00,SHORT,0.1112,0.109532,0.109532,0.112868,TP,0.893922,0.960588,0.106667,0.0,1010154865.253639,0
beta_decouple,OPUSDT,2026-06-17 06:00:00+00:00,2026-06-17 06:02:00+00:00,LONG,0.1084,0.109,0.110026,0.106774,TIME,0.262128,0.328794,0.106667,0.0,1063112776.307216,0
beta_decouple,OPUSDT,2026-06-17 08:00:00+00:00,2026-06-17 08:02:00+00:00,LONG,0.1074,0.1084,0.109011,0.105789,TIME,0.513705,0.580372,0.106667,0.0,1172338145.195624,0
beta_decouple,OPUSDT,2026-06-17 14:00:00+00:00,2026-06-17 14:02:00+00:00,LONG,0.1064,0.1067,0.107996,0.104804,TIME,0.081203,0.147869,0.106667,0.0,1191377504.347019,0
beta_decouple,OPUSDT,2026-06-17 15:00:00+00:00,2026-06-17 15:01:00+00:00,SHORT,0.1091,0.1074635,0.1074635,0.1107365,TP,0.893922,0.960588,0.106667,0.0,1404377099.829278,0
beta_decouple,OPUSDT,2026-06-17 17:00:00+00:00,2026-06-17 17:02:00+00:00,SHORT,0.1105,0.1092,0.1088425,0.1121575,TIME,0.678106,0.744772,0.106667,0.0,1594840346.881589,0
beta_decouple,OPUSDT,2026-06-17 19:00:00+00:00,2026-06-17 19:01:00+00:00,LONG,0.1061,0.1076915,0.1076915,0.1045085,TP,0.892746,0.959412,0.106667,0.0,1879597658.548734,0
beta_decouple,OPUSDT,2026-06-18 03:00:00+00:00,2026-06-18 03:01:00+00:00,LONG,0.107,0.108605,0.108605,0.105395,TP,0.892746,0.959412,0.106667,0.0,2215198132.483785,0
beta_decouple,OPUSDT,2026-06-18 04:00:00+00:00,2026-06-18 04:01:00+00:00,LONG,0.1048,0.106372,0.106372,0.103228,TP,0.892746,0.959412,0.106667,0.0,2610719769.649264,0
beta_decouple,OPUSDT,2026-06-18 05:00:00+00:00,2026-06-18 05:02:00+00:00,LONG,0.1042,0.1044,0.105763,0.102637,TIME,0.021228,0.087894,0.106667,0.0,2621803648.535219,0
beta_decouple,OPUSDT,2026-06-18 08:00:00+00:00,2026-06-18 08:02:00+00:00,SHORT,0.1074,0.1061,0.105789,0.109011,TIME,0.700758,0.767425,0.106667,0.0,2989253546.082754,0
beta_decouple,OPUSDT,2026-06-18 09:00:00+00:00,2026-06-18 09:01:00+00:00,SHORT,0.1091,0.1074635,0.1074635,0.1107365,TP,0.893922,0.960588,0.106667,0.0,3523685154.69241,0
beta_decouple,OPUSDT,2026-06-18 15:00:00+00:00,2026-06-18 15:01:00+00:00,LONG,0.1038,0.105357,0.105357,0.102243,TP,0.892746,0.959412,0.106667,0.0,4152835974.568259,0
beta_decouple,OPUSDT,2026-06-19 00:00:00+00:00,2026-06-19 00:02:00+00:00,SHORT,0.1101,0.1092,0.1084485,0.1117515,TIME,0.438608,0.505274,0.106667,0.0,4517129001.588315,0
beta_decouple,OPUSDT,2026-06-19 01:00:00+00:00,2026-06-19 01:01:00+00:00,LONG,0.1059,0.1074885,0.1074885,0.1043115,TP,0.892746,0.959412,0.106667,0.0,5323658328.151362,0
beta_decouple,OPUSDT,2026-06-19 02:00:00+00:00,2026-06-19 02:02:00+00:00,LONG,0.1049,0.106,0.1064735,0.1033265,TIME,0.592004,0.658671,0.106667,0.0,5953984261.117421,0
beta_decouple,OPUSDT,2026-06-19 03:00:00+00:00,2026-06-19 03:01:00+00:00,LONG,0.1027,0.1042405,0.1042405,0.1011595,TP,0.892746,0.959412,0.106667,0.0,7017062803.881535,0
beta_decouple,OPUSDT,2026-06-19 04:00:00+00:00,2026-06-19 04:01:00+00:00,LONG,0.1005,0.10203438,0.10203438,0.09896563,TP,0.894614,0.960113,0.104798,0.0,8272574760.924313,0
beta_decouple,OPUSDT,2026-06-19 12:00:00+00:00,2026-06-19 12:01:00+00:00,SHORT,0.1027,0.1011595,0.1011595,0.1042405,TP,0.893922,0.960588,0.106667,0.0,9751581264.94537,0
beta_decouple,OPUSDT,2026-06-19 13:00:00+00:00,2026-06-19 13:01:00+00:00,SHORT,0.105,0.103425,0.103425,0.106575,TP,0.893922,0.960588,0.106667,0.0,11495010914.37807,0
beta_decouple,OPUSDT,2026-06-19 21:00:00+00:00,2026-06-19 21:02:00+00:00,SHORT,0.1023,0.1015,0.1007655,0.1038345,TIME,0.414977,0.481643,0.106667,0.0,12449043221.110355,0
beta_decouple,OPUSDT,2026-06-19 22:00:00+00:00,2026-06-19 22:02:00+00:00,SHORT,0.1028,0.1023,0.101258,0.104342,TIME,0.21777,0.284437,0.106667,0.0,12991249237.847046,0
beta_decouple,OPUSDT,2026-06-19 23:00:00+00:00,2026-06-19 23:02:00+00:00,SHORT,0.1039,0.1029,0.1023415,0.1054585,TIME,0.535349,0.602016,0.106667,0.0,14382219788.756617,0
beta_decouple,OPUSDT,2026-06-20 05:00:00+00:00,2026-06-20 05:01:00+00:00,SHORT,0.1045,0.1029325,0.1029325,0.1060675,TP,0.893922,0.960588,0.106667,0.0,16953534914.28529,0
beta_decouple,OPUSDT,2026-06-20 11:00:00+00:00,2026-06-20 11:02:00+00:00,LONG,0.1021,0.1033,0.1036315,0.1005685,TIME,0.676421,0.743088,0.106667,0.0,19247079939.1489,0
beta_decouple,OPUSDT,2026-06-20 12:00:00+00:00,2026-06-20 12:02:00+00:00,LONG,0.1013,0.1011,0.1028195,0.0997805,TIME,-0.238198,-0.171531,0.106667,0.0,18330156885.320744,0
beta_decouple,OPUSDT,2026-06-20 13:00:00+00:00,2026-06-20 13:02:00+00:00,LONG,0.1005,0.1012,0.1020075,0.0989925,TIME,0.357412,0.424078,0.106667,0.0,19640439569.05812,0
beta_decouple,OPUSDT,2026-06-20 19:00:00+00:00,2026-06-20 19:02:00+00:00,SHORT,0.1014,0.1009,0.099879,0.102921,TIME,0.22225,0.288916,0.106667,0.0,20513456029.80859,0
beta_decouple,OPUSDT,2026-06-20 20:00:00+00:00,2026-06-20 20:02:00+00:00,SHORT,0.1017,0.1015,0.1001745,0.1032255,TIME,0.024505,0.091171,0.106667,0.0,20613990721.674213,0
beta_decouple,OPUSDT,2026-06-20 21:00:00+00:00,2026-06-20 21:02:00+00:00,SHORT,0.1026,0.1018,0.101061,0.104139,TIME,0.413451,0.480118,0.106667,0.0,22318567295.020103,0
beta_decouple,OPUSDT,2026-06-20 22:00:00+00:00,2026-06-20 22:01:00+00:00,SHORT,0.1047,0.1031295,0.1031295,0.1062705,TP,0.893922,0.960588,0.106667,0.0,26308776769.546295,0
beta_decouple,OPUSDT,2026-06-21 08:00:00+00:00,2026-06-21 08:02:00+00:00,LONG,0.1026,0.1031,0.104139,0.101061,TIME,0.218037,0.284703,0.106667,0.0,27456032786.32414,0
beta_decouple,OPUSDT,2026-06-21 13:00:00+00:00,2026-06-21 13:02:00+00:00,SHORT,0.1034,0.1025,0.101849,0.104951,TIME,0.47394,0.540607,0.106667,0.0,30058537362.13431,0
beta_decouple,OPUSDT,2026-06-21 16:00:00+00:00,2026-06-21 16:02:00+00:00,LONG,0.1021,0.1031,0.1036315,0.1005685,TIME,0.545908,0.612575,0.106667,0.0,33340378333.114098,0
beta_decouple,OPUSDT,2026-06-21 17:00:00+00:00,2026-06-21 17:02:00+00:00,LONG,0.1014,0.102,0.102921,0.099879,TIME,0.287586,0.354253,0.106667,0.0,35258023754.37201,0
beta_decouple,OPUSDT,2026-06-21 21:00:00+00:00,2026-06-21 21:02:00+00:00,LONG,0.1006,0.1009,0.102109,0.099091,TIME,0.092033,0.1587,0.106667,0.0,35907005774.61203,0
beta_decouple,OPUSDT,2026-06-21 23:00:00+00:00,2026-06-21 23:02:00+00:00,LONG,0.0996,0.1004,0.101094,0.098106,TIME,0.428499,0.495166,0.106667,0.0,38984231682.70704,0
beta_decouple,OPUSDT,2026-06-22 01:00:00+00:00,2026-06-22 01:02:00+00:00,SHORT,0.1021,0.1016,0.1005685,0.1036315,TIME,0.219995,0.286661,0.106667,0.0,40699495654.70775,0
beta_decouple,OPUSDT,2026-06-22 07:00:00+00:00,2026-06-22 07:01:00+00:00,SHORT,0.103,0.101455,0.101455,0.104545,TP,0.893922,0.960588,0.106667,0.0,47975926575.346985,0
beta_decouple,OPUSDT,2026-06-22 13:00:00+00:00,2026-06-22 13:02:00+00:00,SHORT,0.1042,0.1032,0.102637,0.105763,TIME,0.533501,0.600167,0.106667,0.0,53094963579.108795,0
beta_decouple,OPUSDT,2026-06-22 21:00:00+00:00,2026-06-22 21:02:00+00:00,LONG,0.1009,0.1013,0.1024135,0.0993865,TIME,0.157475,0.224142,0.106667,0.0,54767188166.27583,0
beta_decouple,OPUSDT,2026-06-22 22:00:00+00:00,2026-06-22 22:02:00+00:00,LONG,0.1,0.1012,0.1015,0.0985,TIME,0.692865,0.759532,0.106667,0.0,62356446920.58845,0
beta_decouple,OPUSDT,2026-06-23 06:00:00+00:00,2026-06-23 06:01:00+00:00,LONG,0.0985,0.0999775,0.0999775,0.0970225,TP,0.892746,0.959412,0.106667,0.0,73490134518.18471,0
beta_decouple,OPUSDT,2026-06-23 08:00:00+00:00,2026-06-23 08:01:00+00:00,LONG,0.0963,0.0977445,0.0977445,0.0948555,TP,0.892746,0.959412,0.106667,0.0,86611732037.56871,0
beta_decouple,OPUSDT,2026-06-23 12:00:00+00:00,2026-06-23 12:02:00+00:00,SHORT,0.0982,0.0979,0.096727,0.099673,TIME,0.09711,0.163776,0.106667,0.0,88293897367.55289,0
beta_decouple,OPUSDT,2026-06-23 13:00:00+00:00,2026-06-23 13:01:00+00:00,SHORT,0.0997,0.0982045,0.0982045,0.1011955,TP,0.893922,0.960588,0.106667,0.0,104079460175.49637,0
beta_decouple,OPUSDT,2026-06-23 14:00:00+00:00,2026-06-23 14:02:00+00:00,SHORT,0.1001,0.0998,0.0985985,0.1016015,TIME,0.093241,0.159908,0.106667,0.0,106020364040.86797,0
beta_decouple,OPUSDT,2026-06-23 21:00:00+00:00,2026-06-23 21:02:00+00:00,SHORT,0.0992,0.0984,0.097712,0.100688,TIME,0.431278,0.497945,0.106667,0.0,115165222969.72038,0
beta_decouple,OPUSDT,2026-06-23 22:00:00+00:00,2026-06-23 22:02:00+00:00,SHORT,0.1002,0.0991,0.098697,0.101703,TIME,0.62563,0.692297,0.106667,0.0,129575390745.3186,0
beta_decouple,OPUSDT,2026-06-23 23:00:00+00:00,2026-06-23 23:02:00+00:00,SHORT,0.1012,0.1004,0.099682,0.102718,TIME,0.420647,0.487314,0.106667,0.0,140476486809.23862,0
beta_decouple,OPUSDT,2026-06-24 00:00:00+00:00,2026-06-24 00:02:00+00:00,SHORT,0.1019,0.1015,0.1003715,0.1034285,TIME,0.155173,0.22184,0.106667,0.0,144836114600.6099,0
beta_decouple,OPUSDT,2026-06-24 04:00:00+00:00,2026-06-24 04:02:00+00:00,LONG,0.1004,0.1009,0.101906,0.098894,TIME,0.225151,0.291818,0.106667,0.0,151358128244.84363,0
beta_decouple,OPUSDT,2026-06-24 11:00:00+00:00,2026-06-24 11:02:00+00:00,LONG,0.1019,0.1021,0.1034285,0.1003715,TIME,0.024114,0.090781,0.106667,0.0,152088100671.40228,0
beta_decouple,OPUSDT,2026-06-24 12:00:00+00:00,2026-06-24 12:02:00+00:00,LONG,0.1016,0.1019,0.103124,0.100076,TIME,0.090078,0.156744,0.106667,0.0,154828048369.75827,0
beta_decouple,OPUSDT,2026-06-24 13:00:00+00:00,2026-06-24 13:01:00+00:00,LONG,0.0995,0.1009925,0.1009925,0.0980075,TP,0.892746,0.959412,0.106667,0.0,182472457360.69568,0
beta_decouple,OPUSDT,2026-06-24 15:00:00+00:00,2026-06-24 15:01:00+00:00,LONG,0.0985,0.0999775,0.0999775,0.0970225,TP,0.892746,0.959412,0.106667,0.0,215052750750.5186,0
beta_decouple,OPUSDT,2026-06-24 16:00:00+00:00,2026-06-24 16:01:00+00:00,LONG,0.0964,0.097846,0.097846,0.094954,TP,0.892746,0.959412,0.106667,0.0,253450226265.90875,0
beta_decouple,OPUSDT,2026-06-24 17:00:00+00:00,2026-06-24 17:01:00+00:00,LONG,0.0953,0.0967295,0.0967295,0.0938705,TP,0.892746,0.959412,0.106667,0.0,298703536551.18494,0
beta_decouple,OPUSDT,2026-06-24 20:00:00+00:00,2026-06-24 20:01:00+00:00,SHORT,0.1024,0.100864,0.100864,0.103936,TP,0.893922,0.960588,0.106667,0.0,352107039825.6519,0
beta_decouple,APTUSDT,2026-05-15 05:00:00+00:00,2026-05-15 05:01:00+00:00,LONG,1.0101,1.0252515,1.0252515,0.9949485,TP,0.892746,0.959412,0.106667,0.0,8.249844,0
beta_decouple,APTUSDT,2026-05-15 13:00:00+00:00,2026-05-15 13:01:00+00:00,LONG,0.9744,0.989016,0.989016,0.959784,TP,0.892746,0.959412,0.106667,0.0,9.722846,0
beta_decouple,APTUSDT,2026-05-16 00:00:00+00:00,2026-05-16 00:02:00+00:00,SHORT,0.9885,0.9869,0.9736725,1.0033275,TIME,0.001294,0.06796,0.106667,0.0,9.725362,0
beta_decouple,APTUSDT,2026-05-16 01:00:00+00:00,2026-05-16 01:02:00+00:00,SHORT,0.9905,0.9879,0.9756425,1.0053575,TIME,0.068422,0.135089,0.106667,0.0,9.858448,0
beta_decouple,APTUSDT,2026-05-16 02:00:00+00:00,2026-05-16 02:02:00+00:00,SHORT,0.9905,0.99,0.9756425,1.0053575,TIME,-0.073005,-0.006339,0.106667,0.0,9.714504,0
beta_decouple,APTUSDT,2026-05-16 06:00:00+00:00,2026-05-16 06:02:00+00:00,LONG,0.9651,0.9775,0.9795765,0.9506235,TIME,0.749392,0.816059,0.106667,0.0,11.170498,0
beta_decouple,APTUSDT,2026-05-16 07:00:00+00:00,2026-05-16 07:02:00+00:00,LONG,0.9582,0.9639,0.972573,0.943827,TIME,0.289684,0.356351,0.106667,0.0,11.817682,0
beta_decouple,APTUSDT,2026-05-16 12:00:00+00:00,2026-05-16 12:02:00+00:00,SHORT,0.9493,0.9467,0.9350605,0.9635395,TIME,0.076022,0.142688,0.106667,0.0,11.997362,0
beta_decouple,APTUSDT,2026-05-16 14:00:00+00:00,2026-05-16 14:02:00+00:00,SHORT,0.9543,0.9488,0.9399855,0.9686145,TIME,0.277778,0.344444,0.106667,0.0,12.663882,0
beta_decouple,APTUSDT,2026-05-16 15:00:00+00:00,2026-05-16 15:02:00+00:00,SHORT,0.9571,0.9572,0.9427435,0.9714565,TIME,-0.113648,-0.046982,0.106667,0.0,12.376036,0
beta_decouple,APTUSDT,2026-05-17 00:00:00+00:00,2026-05-17 00:02:00+00:00,LONG,0.9401,0.9457,0.9542015,0.9259985,TIME,0.290228,0.356895,0.106667,0.0,13.09441,0
beta_decouple,APTUSDT,2026-05-17 01:00:00+00:00,2026-05-17 01:02:00+00:00,LONG,0.9344,0.9382,0.948416,0.920384,TIME,0.164301,0.230968,0.106667,0.0,13.524696,0
beta_decouple,APTUSDT,2026-05-17 03:00:00+00:00,2026-05-17 03:02:00+00:00,SHORT,0.9421,0.9391,0.9279685,0.9562315,TIME,0.10574,0.172407,0.106667,0.0,13.810718,0
beta_decouple,APTUSDT,2026-05-17 04:00:00+00:00,2026-05-17 04:02:00+00:00,SHORT,0.9451,0.9428,0.9309235,0.9592765,TIME,0.055659,0.122326,0.106667,0.0,13.964456,0
beta_decouple,APTUSDT,2026-05-17 05:00:00+00:00,2026-05-17 05:02:00+00:00,SHORT,0.9494,0.9451,0.935159,0.963641,TIME,0.195448,0.262114,0.106667,0.0,14.51032,0
beta_decouple,APTUSDT,2026-05-17 07:00:00+00:00,2026-05-17 07:02:00+00:00,SHORT,0.9562,0.949,0.941857,0.970543,TIME,0.39561,0.462276,0.106667,0.0,15.658405,0
beta_decouple,APTUSDT,2026-05-17 10:00:00+00:00,2026-05-17 10:02:00+00:00,SHORT,0.963,0.9595,0.948555,0.977445,TIME,0.135765,0.202432,0.106667,0.0,16.083578,0
beta_decouple,APTUSDT,2026-05-17 13:00:00+00:00,2026-05-17 13:01:00+00:00,LONG,0.9441,0.9582615,0.9582615,0.9299385,TP,0.892746,0.959412,0.106667,0.0,18.955286,0
beta_decouple,APTUSDT,2026-05-17 14:00:00+00:00,2026-05-17 14:02:00+00:00,LONG,0.9418,0.9428,0.955927,0.927673,TIME,-0.035911,0.030756,0.106667,0.0,18.819146,0
beta_decouple,APTUSDT,2026-05-17 19:00:00+00:00,2026-05-17 19:02:00+00:00,SHORT,0.9457,0.9424,0.9315145,0.9598855,TIME,0.126093,0.19276,0.106667,0.0,19.293738,0
beta_decouple,APTUSDT,2026-05-17 21:00:00+00:00,2026-05-17 21:02:00+00:00,SHORT,0.9498,0.9441,0.935553,0.964047,TIME,0.293646,0.360312,0.106667,0.0,20.426843,0
beta_decouple,APTUSDT,2026-05-17 23:00:00+00:00,2026-05-17 23:02:00+00:00,LONG,0.9292,0.9384,0.943138,0.915262,TIME,0.553015,0.619682,0.106667,0.0,22.686115,0
beta_decouple,APTUSDT,2026-05-18 04:00:00+00:00,2026-05-18 04:02:00+00:00,SHORT,0.9354,0.9341,0.921369,0.949431,TIME,-0.013971,0.052696,0.106667,0.0,22.622725,0
beta_decouple,APTUSDT,2026-05-18 06:00:00+00:00,2026-05-18 06:02:00+00:00,LONG,0.923,0.9285,0.936845,0.909155,TIME,0.290362,0.357029,0.106667,0.0,23.936483,0
beta_decouple,APTUSDT,2026-05-18 11:00:00+00:00,2026-05-18 11:02:00+00:00,SHORT,0.9293,0.9183,0.9153605,0.9432395,TIME,0.682919,0.749586,0.106667,0.0,27.20582,0
beta_decouple,APTUSDT,2026-05-18 12:00:00+00:00,2026-05-18 12:02:00+00:00,SHORT,0.9371,0.9325,0.9230435,0.9511565,TIME,0.220768,0.287435,0.106667,0.0,28.407058,0
beta_decouple,APTUSDT,2026-05-18 19:00:00+00:00,2026-05-18 19:01:00+00:00,SHORT,0.9382,0.924127,0.924127,0.952273,TP,0.893922,0.960588,0.106667,0.0,33.485794,0
beta_decouple,APTUSDT,2026-05-19 02:00:00+00:00,2026-05-19 02:02:00+00:00,LONG,0.9411,0.9426,0.9552165,0.9269835,TIME,-0.00046,0.066207,0.106667,0.0,33.482714,0
beta_decouple,APTUSDT,2026-05-19 06:00:00+00:00,2026-05-19 06:02:00+00:00,SHORT,0.9499,0.9458,0.9356515,0.9641485,TIME,0.181244,0.24791,0.106667,0.0,34.69642,0
beta_decouple,APTUSDT,2026-05-19 09:00:00+00:00,2026-05-19 09:02:00+00:00,LONG,0.943,0.9484,0.957145,0.928855,TIME,0.274877,0.341543,0.106667,0.0,36.603867,0
beta_decouple,APTUSDT,2026-05-19 10:00:00+00:00,2026-05-19 10:02:00+00:00,LONG,0.9409,0.9414,0.9550135,0.9267865,TIME,-0.071249,-0.004582,0.106667,0.0,36.082271,0
beta_decouple,APTUSDT,2026-05-19 11:00:00+00:00,2026-05-19 11:02:00+00:00,LONG,0.9342,0.9404,0.948213,0.920187,TIME,0.335526,0.402193,0.106667,0.0,38.503581,0
beta_decouple,APTUSDT,2026-05-19 14:00:00+00:00,2026-05-19 14:02:00+00:00,LONG,0.9335,0.9392,0.9475025,0.9194975,TIME,0.300171,0.366838,0.106667,0.0,40.815115,0
beta_decouple,APTUSDT,2026-05-19 22:00:00+00:00,2026-05-19 22:02:00+00:00,LONG,0.9278,0.9309,0.941717,0.913883,TIME,0.115961,0.182628,0.106667,0.0,41.761706,0
beta_decouple,APTUSDT,2026-05-20 04:00:00+00:00,2026-05-20 04:02:00+00:00,SHORT,0.937,0.9331,0.922945,0.951055,TIME,0.170969,0.237636,0.106667,0.0,43.189699,0
beta_decouple,APTUSDT,2026-05-20 05:00:00+00:00,2026-05-20 05:02:00+00:00,SHORT,0.9446,0.9377,0.930431,0.958769,TIME,0.380592,0.447259,0.106667,0.0,46.477232,0
beta_decouple,APTUSDT,2026-05-20 11:00:00+00:00,2026-05-20 11:02:00+00:00,LONG,0.936,0.9418,0.95004,0.92196,TIME,0.306203,0.37287,0.106667,0.0,49.323525,0
beta_decouple,APTUSDT,2026-05-20 14:00:00+00:00,2026-05-20 14:02:00+00:00,SHORT,0.9498,0.9359,0.935553,0.964047,TIME,0.869551,0.936218,0.106667,0.0,57.901388,0
beta_decouple,APTUSDT,2026-05-20 15:00:00+00:00,2026-05-20 15:02:00+00:00,SHORT,0.955,0.9494,0.940675,0.969325,TIME,0.284481,0.351148,0.106667,0.0,61.195756,0
beta_decouple,APTUSDT,2026-05-20 21:00:00+00:00,2026-05-20 21:02:00+00:00,LONG,0.95,0.9569,0.96425,0.93575,TIME,0.377265,0.443932,0.106667,0.0,65.813164,0
beta_decouple,APTUSDT,2026-05-21 03:00:00+00:00,2026-05-21 03:02:00+00:00,SHORT,0.9663,0.9603,0.9518055,0.9807945,TIME,0.30752,0.374187,0.106667,0.0,69.860936,0
beta_decouple,APTUSDT,2026-05-21 05:00:00+00:00,2026-05-21 05:02:00+00:00,LONG,0.9594,0.9675,0.973791,0.945009,TIME,0.45586,0.522526,0.106667,0.0,76.23029,0
beta_decouple,APTUSDT,2026-05-21 06:00:00+00:00,2026-05-21 06:02:00+00:00,LONG,0.9572,0.9592,0.971558,0.942842,TIME,0.032557,0.099224,0.106667,0.0,76.726655,0
beta_decouple,APTUSDT,2026-05-21 10:00:00+00:00,2026-05-21 10:02:00+00:00,LONG,0.9482,0.9585,0.962423,0.933977,TIME,0.61709,0.683757,0.106667,0.0,86.196107,0
beta_decouple,APTUSDT,2026-05-21 15:00:00+00:00,2026-05-21 15:02:00+00:00,SHORT,0.9577,0.9529,0.9433345,0.9720655,TIME,0.227656,0.294322,0.106667,0.0,90.120714,0
beta_decouple,APTUSDT,2026-05-21 17:00:00+00:00,2026-05-21 17:01:00+00:00,SHORT,0.9741,0.9594885,0.9594885,0.9887115,TP,0.893922,0.960588,0.106667,0.0,106.232883,0
beta_decouple,APTUSDT,2026-05-21 22:00:00+00:00,2026-05-21 22:02:00+00:00,LONG,0.9731,0.9746,0.9876965,0.9585035,TIME,-0.003952,0.062715,0.106667,0.0,106.148918,0
beta_decouple,APTUSDT,2026-05-22 00:00:00+00:00,2026-05-22 00:02:00+00:00,LONG,0.9638,0.9723,0.978257,0.949343,TIME,0.480943,0.54761,0.106667,0.0,116.359237,0
beta_decouple,APTUSDT,2026-05-22 03:00:00+00:00,2026-05-22 03:02:00+00:00,SHORT,0.9802,0.9755,0.965497,0.994903,TIME,0.213176,0.279843,0.106667,0.0,121.320232,0
beta_decouple,APTUSDT,2026-05-22 04:00:00+00:00,2026-05-22 04:02:00+00:00,SHORT,0.9837,0.9823,0.9689445,0.9984555,TIME,-0.011742,0.054925,0.106667,0.0,121.035328,0
beta_decouple,APTUSDT,2026-05-22 11:00:00+00:00,2026-05-22 11:02:00+00:00,SHORT,0.9909,0.9864,0.9760365,1.0057635,TIME,0.196258,0.262925,0.106667,0.0,125.78616,0
beta_decouple,APTUSDT,2026-05-22 12:00:00+00:00,2026-05-22 12:02:00+00:00,SHORT,1.0003,0.992,0.9852955,1.0153045,TIME,0.446821,0.513487,0.106667,0.0,137.026933,0
beta_decouple,APTUSDT,2026-05-22 14:00:00+00:00,2026-05-22 14:01:00+00:00,LONG,0.9757,0.9903355,0.9903355,0.9610645,TP,0.892746,0.959412,0.106667,0.0,161.492969,0
beta_decouple,APTUSDT,2026-05-22 18:00:00+00:00,2026-05-22 18:01:00+00:00,LONG,0.9603,0.9747045,0.9747045,0.9458955,TP,0.892746,0.959412,0.106667,0.0,190.327393,0
beta_decouple,APTUSDT,2026-05-22 19:00:00+00:00,2026-05-22 19:01:00+00:00,LONG,0.9449,0.9590735,0.9590735,0.9307265,TP,0.892746,0.959412,0.106667,0.0,224.310178,0
beta_decouple,APTUSDT,2026-05-22 23:00:00+00:00,2026-05-22 23:01:00+00:00,LONG,0.9393,0.9533895,0.9533895,0.9252105,TP,0.892746,0.959412,0.106667,0.0,264.360559,0
beta_decouple,APTUSDT,2026-05-23 07:00:00+00:00,2026-05-23 07:01:00+00:00,LONG,0.9117,0.9253755,0.9253755,0.8980245,TP,0.892746,0.959412,0.106667,0.0,311.5619,0
beta_decouple,APTUSDT,2026-05-23 12:00:00+00:00,2026-05-23 12:02:00+00:00,SHORT,0.915,0.9076,0.901275,0.928725,TIME,0.432807,0.499474,0.106667,0.0,338.531136,0
beta_decouple,APTUSDT,2026-05-23 13:00:00+00:00,2026-05-23 13:02:00+00:00,SHORT,0.9272,0.9187,0.913292,0.941108,TIME,0.504847,0.571514,0.106667,0.0,372.712434,0
beta_decouple,APTUSDT,2026-05-23 14:00:00+00:00,2026-05-23 14:02:00+00:00,SHORT,0.9379,0.9253,0.9238315,0.9519685,TIME,0.789477,0.856143,0.106667,0.0,431.561993,0
beta_decouple,APTUSDT,2026-05-23 15:00:00+00:00,2026-05-23 15:02:00+00:00,SHORT,0.9428,0.9377,0.928658,0.956942,TIME,0.254166,0.320832,0.106667,0.0,453.499643,0
beta_decouple,APTUSDT,2026-05-23 18:00:00+00:00,2026-05-23 18:02:00+00:00,SHORT,0.9645,0.9500325,0.9500325,0.9789675,TP,0.893922,0.960588,0.106667,0.0,534.57826,0
beta_decouple,APTUSDT,2026-05-23 20:00:00+00:00,2026-05-23 20:01:00+00:00,SHORT,0.9971,0.9821435,0.9821435,1.0120565,TP,0.893922,0.960588,0.106667,0.0,630.152461,0
beta_decouple,APTUSDT,2026-05-24 03:00:00+00:00,2026-05-24 03:02:00+00:00,LONG,0.9604,0.9631,0.974806,0.945994,TIME,0.080655,0.147321,0.106667,0.0,640.317428,0
beta_decouple,APTUSDT,2026-05-24 05:00:00+00:00,2026-05-24 05:02:00+00:00,LONG,0.9556,0.9581,0.969934,0.941266,TIME,0.067651,0.134318,0.106667,0.0,648.981077,0
beta_decouple,APTUSDT,2026-05-24 10:00:00+00:00,2026-05-24 10:02:00+00:00,LONG,0.9608,0.9635,0.975212,0.946388,TIME,0.080577,0.147244,0.106667,0.0,659.439646,0
beta_decouple,APTUSDT,2026-05-24 11:00:00+00:00,2026-05-24 11:02:00+00:00,LONG,0.9603,0.9611,0.9747045,0.9458955,TIME,-0.05115,0.015517,0.106667,0.0,652.693607,0
beta_decouple,APTUSDT,2026-05-24 12:00:00+00:00,2026-05-24 12:02:00+00:00,LONG,0.9558,0.9595,0.970137,0.941463,TIME,0.151264,0.217931,0.106667,0.0,672.439422,0
beta_decouple,APTUSDT,2026-05-24 13:00:00+00:00,2026-05-24 13:02:00+00:00,LONG,0.9503,0.9563,0.9645545,0.9360455,TIME,0.314013,0.380679,0.106667,0.0,714.670307,0
beta_decouple,APTUSDT,2026-05-24 18:00:00+00:00,2026-05-24 18:02:00+00:00,LONG,0.9465,0.95,0.9606975,0.9323025,TIME,0.13972,0.206386,0.106667,0.0,734.641017,0
beta_decouple,APTUSDT,2026-05-24 21:00:00+00:00,2026-05-24 21:01:00+00:00,LONG,0.9276,0.941514,0.941514,0.913686,TP,0.892746,0.959412,0.106667,0.0,865.81051,0
beta_decouple,APTUSDT,2026-05-25 04:00:00+00:00,2026-05-25 04:02:00+00:00,SHORT,0.9494,0.9407,0.935159,0.963641,TIME,0.5046,0.571267,0.106667,0.0,953.188132,0
beta_decouple,APTUSDT,2026-05-25 05:00:00+00:00,2026-05-25 05:02:00+00:00,SHORT,0.9564,0.9505,0.942054,0.970746,TIME,0.304833,0.371499,0.106667,0.0,1011.3007,0
beta_decouple,APTUSDT,2026-05-25 06:00:00+00:00,2026-05-25 06:02:00+00:00,SHORT,0.9603,0.957,0.9458955,0.9747045,TIME,0.122554,0.189221,0.106667,0.0,1036.088469,0
beta_decouple,APTUSDT,2026-05-25 10:00:00+00:00,2026-05-25 10:02:00+00:00,SHORT,0.9676,0.9622,0.953086,0.982114,TIME,0.265599,0.332266,0.106667,0.0,1091.125323,0
beta_decouple,APTUSDT,2026-05-25 14:00:00+00:00,2026-05-25 14:02:00+00:00,SHORT,0.9772,0.9702,0.962542,0.991858,TIME,0.371163,0.43783,0.106667,0.0,1172.122363,0
beta_decouple,APTUSDT,2026-05-25 19:00:00+00:00,2026-05-25 19:02:00+00:00,LONG,0.9784,0.9771,0.993076,0.963724,TIME,-0.195182,-0.128515,0.106667,0.0,1126.367036,0
beta_decouple,APTUSDT,2026-05-25 20:00:00+00:00,2026-05-25 20:02:00+00:00,LONG,0.974,0.9802,0.98861,0.95939,TIME,0.317458,0.384124,0.106667,0.0,1197.881804,0
beta_decouple,APTUSDT,2026-05-25 22:00:00+00:00,2026-05-25 22:02:00+00:00,LONG,0.962,0.9732,0.97643,0.94757,TIME,0.669041,0.735707,0.106667,0.0,1358.168104,0
beta_decouple,APTUSDT,2026-05-26 01:00:00+00:00,2026-05-26 01:02:00+00:00,LONG,0.954,0.9558,0.96831,0.93969,TIME,0.019056,0.085723,0.106667,0.0,1363.344366,0
beta_decouple,APTUSDT,2026-05-26 05:00:00+00:00,2026-05-26 05:02:00+00:00,SHORT,0.9778,0.963133,0.963133,0.992467,TP,0.893922,0.960588,0.106667,0.0,1607.088937,0
beta_decouple,APTUSDT,2026-05-26 06:00:00+00:00,2026-05-26 06:02:00+00:00,SHORT,0.9828,0.9757,0.968058,0.997542,TIME,0.375228,0.441894,0.106667,0.0,1727.693741,0
beta_decouple,APTUSDT,2026-05-26 10:00:00+00:00,2026-05-26 10:01:00+00:00,SHORT,0.9928,0.977908,0.977908,1.007692,TP,0.893922,0.960588,0.106667,0.0,2036.57826,0
beta_decouple,APTUSDT,2026-05-26 15:00:00+00:00,2026-05-26 15:02:00+00:00,LONG,0.9888,0.9889,1.003632,0.973968,TIME,-0.099917,-0.03325,0.106667,0.0,1995.880692,0
beta_decouple,APTUSDT,2026-05-26 16:00:00+00:00,2026-05-26 16:02:00+00:00,LONG,0.9821,0.9885,0.9968315,0.9673685,TIME,0.327528,0.394195,0.106667,0.0,2126.622031,0
beta_decouple,APTUSDT,2026-05-26 17:00:00+00:00,2026-05-26 17:02:00+00:00,LONG,0.9697,0.9842455,0.9842455,0.9551545,TP,0.892746,0.959412,0.106667,0.0,2506.328484,0
beta_decouple,APTUSDT,2026-05-27 00:00:00+00:00,2026-05-27 00:02:00+00:00,SHORT,0.9795,0.9742,0.9648075,0.9941925,TIME,0.254266,0.320933,0.106667,0.0,2633.783355,0
beta_decouple,APTUSDT,2026-05-27 06:00:00+00:00,2026-05-27 06:02:00+00:00,SHORT,0.98,0.9706,0.9653,0.9947,TIME,0.533161,0.599828,0.106667,0.0,2914.629416,0
beta_decouple,APTUSDT,2026-05-27 15:00:00+00:00,2026-05-27 15:01:00+00:00,SHORT,0.9963,0.9813555,0.9813555,1.0112445,TP,0.893922,0.960588,0.106667,0.0,3435.719402,0
beta_decouple,APTUSDT,2026-05-27 21:00:00+00:00,2026-05-27 21:01:00+00:00,LONG,0.9494,0.963641,0.963641,0.935159,TP,0.892746,0.959412,0.106667,0.0,4049.164016,0
beta_decouple,APTUSDT,2026-05-27 22:00:00+00:00,2026-05-27 22:02:00+00:00,LONG,0.9469,0.9506,0.9611035,0.9326965,TIME,0.153688,0.220355,0.106667,0.0,4173.625802,0
beta_decouple,APTUSDT,2026-05-28 03:00:00+00:00,2026-05-28 03:01:00+00:00,LONG,0.9157,0.9294355,0.9294355,0.9019645,TP,0.892746,0.959412,0.106667,0.0,4918.822941,0
beta_decouple,APTUSDT,2026-05-28 04:00:00+00:00,2026-05-28 04:02:00+00:00,LONG,0.9119,0.9051,0.9255785,0.8982215,TIME,-0.603487,-0.53682,0.106667,0.0,4325.133786,0
beta_decouple,APTUSDT,2026-05-28 09:00:00+00:00,2026-05-28 09:02:00+00:00,SHORT,0.9275,0.9186,0.9135875,0.9414125,TIME,0.533418,0.600084,0.106667,0.0,4786.554423,0
beta_decouple,APTUSDT,2026-05-28 12:00:00+00:00,2026-05-28 12:02:00+00:00,SHORT,0.9373,0.9257,0.9232405,0.9513595,TIME,0.718881,0.785548,0.106667,0.0,5474.747431,0
beta_decouple,APTUSDT,2026-05-28 16:00:00+00:00,2026-05-28 16:01:00+00:00,SHORT,0.9318,0.917823,0.917823,0.945777,TP,0.893922,0.960588,0.106667,0.0,6453.546328,0
beta_decouple,APTUSDT,2026-05-28 17:00:00+00:00,2026-05-28 17:02:00+00:00,SHORT,0.9361,0.9287,0.9220585,0.9501415,TIME,0.420647,0.487314,0.106667,0.0,6996.479119,0
beta_decouple,APTUSDT,2026-05-28 18:00:00+00:00,2026-05-28 18:02:00+00:00,SHORT,0.942,0.9462,0.92787,0.95613,TIME,-0.404097,-0.33743,0.106667,0.0,6431.027898,0
beta_decouple,APTUSDT,2026-05-29 00:00:00+00:00,2026-05-29 00:02:00+00:00,SHORT,0.9472,0.9421,0.932992,0.961408,TIME,0.252489,0.319156,0.106667,0.0,6755.781262,0
beta_decouple,APTUSDT,2026-05-29 03:00:00+00:00,2026-05-29 03:02:00+00:00,LONG,0.9251,0.9334,0.9389765,0.9112235,TIME,0.49112,0.557787,0.106667,0.0,7419.361245,0
beta_decouple,APTUSDT,2026-05-29 07:00:00+00:00,2026-05-29 07:02:00+00:00,LONG,0.9245,0.9282,0.9383675,0.9106325,TIME,0.159996,0.226663,0.106667,0.0,7656.775137,0
beta_decouple,APTUSDT,2026-05-29 08:00:00+00:00,2026-05-29 08:02:00+00:00,LONG,0.9222,0.9253,0.936033,0.908367,TIME,0.117313,0.183979,0.106667,0.0,7836.422521,0
beta_decouple,APTUSDT,2026-05-29 11:00:00+00:00,2026-05-29 11:02:00+00:00,LONG,0.914,0.9205,0.92771,0.90029,TIME,0.367167,0.433834,0.106667,0.0,8411.878365,0
beta_decouple,APTUSDT,2026-05-29 12:00:00+00:00,2026-05-29 12:02:00+00:00,LONG,0.9055,0.9126,0.9190825,0.8919175,TIME,0.415763,0.48243,0.106667,0.0,9111.348327,0
beta_decouple,APTUSDT,2026-05-29 15:00:00+00:00,2026-05-29 15:01:00+00:00,SHORT,0.942,0.92787,0.92787,0.95613,TP,0.893922,0.960588,0.106667,0.0,10740.314377,0
beta_decouple,APTUSDT,2026-05-29 21:00:00+00:00,2026-05-29 21:02:00+00:00,LONG,0.9241,0.9323,0.9379615,0.9102385,TIME,0.484557,0.551224,0.106667,0.0,11781.173421,0
beta_decouple,APTUSDT,2026-05-30 00:00:00+00:00,2026-05-30 00:02:00+00:00,SHORT,0.9428,0.9357,0.928658,0.956942,TIME,0.395673,0.46234,0.106667,0.0,12713.472526,0
beta_decouple,APTUSDT,2026-05-30 01:00:00+00:00,2026-05-30 01:01:00+00:00,SHORT,0.9563,0.9419555,0.9419555,0.9706445,TP,0.893922,0.960588,0.106667,0.0,14986.441838,0
beta_decouple,APTUSDT,2026-05-30 02:00:00+00:00,2026-05-30 02:01:00+00:00,SHORT,0.9719,0.9573215,0.9573215,0.9864785,TP,0.893922,0.960588,0.106667,0.0,17665.78238,0
beta_decouple,APTUSDT,2026-05-30 09:00:00+00:00,2026-05-30 09:02:00+00:00,LONG,0.938,0.939,0.95207,0.92393,TIME,-0.035624,0.031043,0.106667,0.0,17539.916875,0
beta_decouple,APTUSDT,2026-05-30 15:00:00+00:00,2026-05-30 15:02:00+00:00,LONG,0.9398,0.9448,0.953897,0.925703,TIME,0.247818,0.314485,0.106667,0.0,18409.258216,0
beta_decouple,APTUSDT,2026-05-30 22:00:00+00:00,2026-05-30 22:02:00+00:00,LONG,0.9382,0.9426,0.952273,0.924127,TIME,0.205813,0.27248,0.106667,0.0,19167.032003,0
beta_decouple,APTUSDT,2026-05-31 02:00:00+00:00,2026-05-31 02:02:00+00:00,SHORT,0.95,0.9433,0.93575,0.96425,TIME,0.363779,0.430446,0.106667,0.0,20561.54459,0
beta_decouple,APTUSDT,2026-05-31 07:00:00+00:00,2026-05-31 07:02:00+00:00,LONG,0.9384,0.9421,0.952476,0.924324,TIME,0.156046,0.222713,0.106667,0.0,21203.25571,0
beta_decouple,APTUSDT,2026-05-31 14:00:00+00:00,2026-05-31 14:01:00+00:00,LONG,0.92,0.9338,0.9338,0.9062,TP,0.892746,0.959412,0.106667,0.0,24989.077975,0
beta_decouple,APTUSDT,2026-05-31 20:00:00+00:00,2026-05-31 20:02:00+00:00,SHORT,0.9284,0.9223,0.914474,0.942326,TIME,0.331614,0.39828,0.106667,0.0,26646.422652,0
beta_decouple,APTUSDT,2026-05-31 21:00:00+00:00,2026-05-31 21:02:00+00:00,SHORT,0.9412,0.9274,0.927082,0.955318,TIME,0.871384,0.93805,0.106667,0.0,31290.273548,0
beta_decouple,APTUSDT,2026-05-31 22:00:00+00:00,2026-05-31 22:02:00+00:00,SHORT,0.9473,0.9393,0.9330905,0.9615095,TIME,0.456663,0.52333,0.106667,0.0,34148.094694,0
beta_decouple,APTUSDT,2026-06-01 07:00:00+00:00,2026-06-01 07:02:00+00:00,LONG,0.9182,0.9265,0.931973,0.904427,TIME,0.495612,0.562279,0.106667,0.0,37532.937107,0
beta_decouple,APTUSDT,2026-06-01 13:00:00+00:00,2026-06-01 13:02:00+00:00,LONG,0.9099,0.9174,0.9235485,0.8962515,TIME,0.442527,0.509193,0.106667,0.0,40854.802147,0
beta_decouple,APTUSDT,2026-06-01 16:00:00+00:00,2026-06-01 16:01:00+00:00,SHORT,0.9283,0.9143755,0.9143755,0.9422245,TP,0.893922,0.960588,0.106667,0.0,48158.99943,0
beta_decouple,APTUSDT,2026-06-01 17:00:00+00:00,2026-06-01 17:02:00+00:00,SHORT,0.9401,0.9299,0.9259985,0.9542015,TIME,0.617083,0.683749,0.106667,0.0,54102.617106,0
beta_decouple,APTUSDT,2026-06-04 00:00:00+00:00,2026-06-04 00:02:00+00:00,LONG,0.8007,0.817,0.83191042,0.76948958,TIME,0.480905,0.50656,0.041048,0.0,59306.261473,0
beta_decouple,APTUSDT,2026-06-04 01:00:00+00:00,2026-06-04 01:02:00+00:00,LONG,0.7706,0.803,0.80753125,0.73366875,TIME,0.843398,0.864264,0.033385,0.0,69310.018613,0
beta_decouple,APTUSDT,2026-06-04 10:00:00+00:00,2026-06-04 10:02:00+00:00,LONG,0.7335,0.7493,0.76505729,0.70194271,TIME,0.463191,0.486434,0.03719,0.0,75730.774572,0
beta_decouple,APTUSDT,2026-06-04 12:00:00+00:00,2026-06-04 12:01:00+00:00,SHORT,0.7653,0.74491354,0.74491354,0.78568646,TP,0.94053,0.97807,0.060063,0.0,89976.187971,0
beta_decouple,APTUSDT,2026-06-04 13:00:00+00:00,2026-06-04 13:02:00+00:00,SHORT,0.7644,0.7648,0.74549583,0.78330417,TIME,-0.085876,-0.045441,0.064697,0.0,88430.825627,0
beta_decouple,APTUSDT,2026-06-04 18:00:00+00:00,2026-06-04 18:02:00+00:00,SHORT,0.775,0.7657,0.763375,0.786625,TIME,0.693801,0.760468,0.106667,0.0,100701.513056,0
beta_decouple,APTUSDT,2026-06-04 23:00:00+00:00,2026-06-04 23:02:00+00:00,SHORT,0.7537,0.7485,0.7423945,0.7650055,TIME,0.353551,0.420217,0.106667,0.0,107822.127207,0
beta_decouple,APTUSDT,2026-06-05 06:00:00+00:00,2026-06-05 06:01:00+00:00,LONG,0.6981,0.71105521,0.71105521,0.68514479,TP,0.913193,0.967078,0.086217,0.0,127514.605568,0
beta_decouple,APTUSDT,2026-06-05 13:00:00+00:00,2026-06-05 13:01:00+00:00,LONG,0.6729,0.68785417,0.68785417,0.65794583,TP,0.927412,0.97241,0.071996,0.0,151166.328022,0
beta_decouple,APTUSDT,2026-06-05 20:00:00+00:00,2026-06-05 20:01:00+00:00,SHORT,0.6768,0.666648,0.666648,0.686952,TP,0.893922,0.960588,0.106667,0.0,178192.494457,0
beta_decouple,APTUSDT,2026-06-06 04:00:00+00:00,2026-06-06 04:01:00+00:00,LONG,0.6231,0.63664271,0.63664271,0.60955729,TP,0.925792,0.971802,0.073616,0.0,211186.348034,0
beta_decouple,APTUSDT,2026-06-06 12:00:00+00:00,2026-06-06 12:02:00+00:00,SHORT,0.6604,0.6547,0.650494,0.670306,TIME,0.469076,0.535742,0.106667,0.0,230998.817313,0
beta_decouple,APTUSDT,2026-06-06 13:00:00+00:00,2026-06-06 13:02:00+00:00,SHORT,0.6673,0.6598,0.6572905,0.6773095,TIME,0.643059,0.709726,0.106667,0.0,260708.000882,0
beta_decouple,APTUSDT,2026-06-06 17:00:00+00:00,2026-06-06 17:02:00+00:00,LONG,0.6462,0.6519,0.655893,0.636507,TIME,0.481046,0.547713,0.106667,0.0,285790.500629,0
beta_decouple,APTUSDT,2026-06-06 21:00:00+00:00,2026-06-06 21:02:00+00:00,SHORT,0.6522,0.65,0.642417,0.661983,TIME,0.118336,0.185003,0.106667,0.0,292554.372531,0
beta_decouple,APTUSDT,2026-06-06 23:00:00+00:00,2026-06-06 23:02:00+00:00,SHORT,0.6555,0.6526,0.6456675,0.6653325,TIME,0.188439,0.255105,0.106667,0.0,303580.079583,0
beta_decouple,APTUSDT,2026-06-07 00:00:00+00:00,2026-06-07 00:02:00+00:00,SHORT,0.6571,0.6575,0.6472435,0.6669565,TIME,-0.147285,-0.080619,0.106667,0.0,294637.497876,0
beta_decouple,APTUSDT,2026-06-07 01:00:00+00:00,2026-06-07 01:01:00+00:00,SHORT,0.6751,0.6649735,0.6649735,0.6852265,TP,0.893922,0.960588,0.106667,0.0,347314.057264,0
beta_decouple,APTUSDT,2026-06-07 08:00:00+00:00,2026-06-07 08:02:00+00:00,SHORT,0.6848,0.6784,0.674528,0.695072,TIME,0.516748,0.583415,0.106667,0.0,383208.842355,0
beta_decouple,APTUSDT,2026-06-07 09:00:00+00:00,2026-06-07 09:02:00+00:00,LONG,0.6758,0.685937,0.685937,0.665663,TP,0.892746,0.959412,0.106667,0.0,451630.437011,0
beta_decouple,APTUSDT,2026-06-07 10:00:00+00:00,2026-06-07 10:02:00+00:00,LONG,0.6723,0.6719,0.6823845,0.6622155,TIME,-0.146296,-0.079629,0.106667,0.0,438416.117862,0
beta_decouple,APTUSDT,2026-06-07 12:00:00+00:00,2026-06-07 12:01:00+00:00,LONG,0.6609,0.6708135,0.6708135,0.6509865,TP,0.892746,0.959412,0.106667,0.0,516694.921981,0
beta_decouple,APTUSDT,2026-06-07 18:00:00+00:00,2026-06-07 18:02:00+00:00,LONG,0.6629,0.6705,0.6728435,0.6529565,TIME,0.657205,0.723872,0.106667,0.0,584609.847659,0
beta_decouple,APTUSDT,2026-06-07 19:00:00+00:00,2026-06-07 19:01:00+00:00,LONG,0.6496,0.659344,0.659344,0.639856,TP,0.892746,0.959412,0.106667,0.0,688991.410941,0
beta_decouple,APTUSDT,2026-06-08 04:00:00+00:00,2026-06-08 04:01:00+00:00,LONG,0.657,0.666855,0.666855,0.647145,TP,0.892746,0.959412,0.106667,0.0,812010.208606,0
beta_decouple,APTUSDT,2026-06-08 09:00:00+00:00,2026-06-08 09:02:00+00:00,SHORT,0.6696,0.6611,0.659556,0.679644,TIME,0.740106,0.806772,0.106667,0.0,932204.874308,0
beta_decouple,APTUSDT,2026-06-08 11:00:00+00:00,2026-06-08 11:01:00+00:00,SHORT,0.6805,0.6702925,0.6702925,0.6907075,TP,0.893922,0.960588,0.106667,0.0,1098868.472042,0
beta_decouple,APTUSDT,2026-06-08 12:00:00+00:00,2026-06-08 12:02:00+00:00,SHORT,0.6835,0.6775,0.6732475,0.6937525,TIME,0.478896,0.545562,0.106667,0.0,1204117.146034,0
beta_decouple,APTUSDT,2026-06-08 21:00:00+00:00,2026-06-08 21:02:00+00:00,LONG,0.6786,0.6812,0.688779,0.668421,TIME,0.14862,0.215287,0.106667,0.0,1239908.314601,0
beta_decouple,APTUSDT,2026-06-08 22:00:00+00:00,2026-06-08 22:02:00+00:00,LONG,0.6758,0.6781,0.685937,0.665663,TIME,0.120101,0.186767,0.106667,0.0,1269691.115884,0
beta_decouple,APTUSDT,2026-06-08 23:00:00+00:00,2026-06-08 23:02:00+00:00,LONG,0.6719,0.6759,0.6819785,0.6618215,TIME,0.289992,0.356658,0.106667,0.0,1343331.099899,0
beta_decouple,APTUSDT,2026-06-09 00:00:00+00:00,2026-06-09 00:01:00+00:00,LONG,0.6483,0.6580245,0.6580245,0.6385755,TP,0.892746,0.959412,0.106667,0.0,1583181.661389,0
beta_decouple,APTUSDT,2026-06-09 05:00:00+00:00,2026-06-09 05:02:00+00:00,SHORT,0.6661,0.6616,0.6561085,0.6760915,TIME,0.343974,0.410641,0.106667,0.0,1692096.474675,0
beta_decouple,APTUSDT,2026-06-09 12:00:00+00:00,2026-06-09 12:02:00+00:00,SHORT,0.6736,0.6698,0.663496,0.683704,TIME,0.269636,0.336302,0.106667,0.0,1783346.407772,0
beta_decouple,APTUSDT,2026-06-09 15:00:00+00:00,2026-06-09 15:01:00+00:00,LONG,0.6519,0.6616785,0.6616785,0.6421215,TP,0.892746,0.959412,0.106667,0.0,2101761.307321,0
beta_decouple,APTUSDT,2026-06-09 16:00:00+00:00,2026-06-09 16:02:00+00:00,LONG,0.6471,0.6506,0.6568065,0.6373935,TIME,0.253712,0.320379,0.106667,0.0,2208409.787184,0
beta_decouple,APTUSDT,2026-06-09 20:00:00+00:00,2026-06-09 20:02:00+00:00,SHORT,0.6674,0.6629,0.657389,0.677411,TIME,0.343097,0.409763,0.106667,0.0,2359949.390634,0
beta_decouple,APTUSDT,2026-06-10 00:00:00+00:00,2026-06-10 00:02:00+00:00,SHORT,0.6692,0.6657,0.659162,0.679238,TIME,0.242206,0.308872,0.106667,0.0,2474267.997552,0
beta_decouple,APTUSDT,2026-06-10 02:00:00+00:00,2026-06-10 02:02:00+00:00,LONG,0.6578,0.6651,0.667667,0.647933,TIME,0.632741,0.699408,0.106667,0.0,2787382.37136,0
beta_decouple,APTUSDT,2026-06-10 08:00:00+00:00,2026-06-10 08:02:00+00:00,LONG,0.6469,0.6538,0.6566035,0.6371965,TIME,0.604002,0.670669,0.106667,0.0,3124099.520464,0
beta_decouple,APTUSDT,2026-06-10 11:00:00+00:00,2026-06-10 11:02:00+00:00,LONG,0.637,0.6446,0.646555,0.627445,TIME,0.688263,0.75493,0.106667,0.0,3554140.140135,0
beta_decouple,APTUSDT,2026-06-10 13:00:00+00:00,2026-06-10 13:02:00+00:00,SHORT,0.6552,0.6462,0.645372,0.665028,TIME,0.809622,0.876289,0.106667,0.0,4129642.050978,0
beta_decouple,APTUSDT,2026-06-10 17:00:00+00:00,2026-06-10 17:02:00+00:00,LONG,0.6392,0.6473,0.648788,0.629612,TIME,0.737645,0.804311,0.106667,0.0,4738883.687419,0
beta_decouple,APTUSDT,2026-06-10 19:00:00+00:00,2026-06-10 19:01:00+00:00,LONG,0.6309,0.6403635,0.6403635,0.6214365,TP,0.892746,0.959412,0.106667,0.0,5585007.113987,0
beta_decouple,APTUSDT,2026-06-10 20:00:00+00:00,2026-06-10 20:02:00+00:00,LONG,0.6236,0.6309,0.632954,0.614246,TIME,0.673292,0.739959,0.106667,0.0,6337075.255045,0
beta_decouple,APTUSDT,2026-06-10 21:00:00+00:00,2026-06-10 21:01:00+00:00,LONG,0.6118,0.620977,0.620977,0.602623,TP,0.892746,0.959412,0.106667,0.0,7468554.350734,0
beta_decouple,APTUSDT,2026-06-12 00:00:00+00:00,2026-06-12 00:02:00+00:00,SHORT,0.6447,0.6444,0.6350295,0.6543705,TIME,-0.075638,-0.008971,0.106667,0.0,7355573.241352,0
beta_decouple,APTUSDT,2026-06-12 01:00:00+00:00,2026-06-12 01:02:00+00:00,SHORT,0.6457,0.6431,0.6360145,0.6553855,TIME,0.161925,0.228592,0.106667,0.0,7593783.42302,0
beta_decouple,APTUSDT,2026-06-12 06:00:00+00:00,2026-06-12 06:01:00+00:00,LONG,0.6347,0.6442205,0.6442205,0.6251795,TP,0.892746,0.959412,0.106667,0.0,8949646.633497,0
beta_decouple,APTUSDT,2026-06-12 09:00:00+00:00,2026-06-12 09:01:00+00:00,SHORT,0.6635,0.6535475,0.6535475,0.6734525,TP,0.893922,0.960588,0.106667,0.0,10549702.959631,0
beta_decouple,APTUSDT,2026-06-12 15:00:00+00:00,2026-06-12 15:01:00+00:00,LONG,0.6426,0.652239,0.652239,0.632961,TP,0.892746,0.959412,0.106667,0.0,12433342.948766,0
beta_decouple,APTUSDT,2026-06-13 01:00:00+00:00,2026-06-13 01:02:00+00:00,SHORT,0.6503,0.6444,0.6405455,0.6600545,TIME,0.498533,0.5652,0.106667,0.0,13673030.275832,0
beta_decouple,APTUSDT,2026-06-13 02:00:00+00:00,2026-06-13 02:02:00+00:00,SHORT,0.6509,0.6497,0.6411365,0.6606635,TIME,0.016302,0.082969,0.106667,0.0,13717609.387345,0
beta_decouple,APTUSDT,2026-06-13 03:00:00+00:00,2026-06-13 03:02:00+00:00,SHORT,0.6546,0.6519,0.644781,0.664419,TIME,0.168463,0.23513,0.106667,0.0,14179792.549996,0
beta_decouple,APTUSDT,2026-06-13 06:00:00+00:00,2026-06-13 06:02:00+00:00,SHORT,0.6633,0.6533505,0.6533505,0.6732495,TP,0.893922,0.960588,0.106667,0.0,16714916.862946,0
beta_decouple,APTUSDT,2026-06-13 07:00:00+00:00,2026-06-13 07:02:00+00:00,SHORT,0.6681,0.664,0.6580785,0.6781215,TIME,0.302687,0.369354,0.106667,0.0,17726795.362918,0
beta_decouple,APTUSDT,2026-06-13 11:00:00+00:00,2026-06-13 11:02:00+00:00,SHORT,0.6719,0.6643,0.6618215,0.6819785,TIME,0.647854,0.714521,0.106667,0.0,20023671.774253,0
beta_decouple,APTUSDT,2026-06-13 12:00:00+00:00,2026-06-13 12:02:00+00:00,SHORT,0.6735,0.6724,0.6633975,0.6836025,TIME,0.002271,0.068937,0.106667,0.0,20032765.00145,0
beta_decouple,APTUSDT,2026-06-13 16:00:00+00:00,2026-06-13 16:02:00+00:00,LONG,0.6734,0.6781,0.683501,0.663299,TIME,0.358367,0.425033,0.106667,0.0,21468580.172468,0
beta_decouple,APTUSDT,2026-06-13 17:00:00+00:00,2026-06-13 17:02:00+00:00,LONG,0.6733,0.6711,0.6833995,0.6632005,TIME,-0.324357,-0.25769,0.106667,0.0,20075885.141664,0
beta_decouple,APTUSDT,2026-06-13 18:00:00+00:00,2026-06-13 18:02:00+00:00,LONG,0.6711,0.6737,0.6811665,0.6610335,TIME,0.151473,0.218139,0.106667,0.0,20684075.363686,0
beta_decouple,APTUSDT,2026-06-13 22:00:00+00:00,2026-06-13 22:02:00+00:00,LONG,0.6688,0.6727,0.678832,0.658768,TIME,0.281868,0.348535,0.106667,0.0,21850111.679828,0
beta_decouple,APTUSDT,2026-06-14 00:00:00+00:00,2026-06-14 00:02:00+00:00,LONG,0.6695,0.6704,0.6795425,0.6594575,TIME,-0.017089,0.049577,0.106667,0.0,21775431.027122,0
beta_decouple,APTUSDT,2026-06-14 02:00:00+00:00,2026-06-14 02:02:00+00:00,LONG,0.6671,0.6693,0.6771065,0.6570935,TIME,0.113071,0.179737,0.106667,0.0,22267863.010655,0
beta_decouple,APTUSDT,2026-06-14 03:00:00+00:00,2026-06-14 03:02:00+00:00,LONG,0.667,0.6674,0.677005,0.656995,TIME,-0.066699,-3.2e-05,0.106667,0.0,21970815.770131,0
beta_decouple,APTUSDT,2026-06-14 04:00:00+00:00,2026-06-14 04:02:00+00:00,LONG,0.6631,0.6663,0.6730465,0.6531535,TIME,0.214874,0.28154,0.106667,0.0,22915005.265053,0
beta_decouple,APTUSDT,2026-06-14 09:00:00+00:00,2026-06-14 09:02:00+00:00,SHORT,0.6659,0.6641,0.6559115,0.6758885,TIME,0.073637,0.140303,0.106667,0.0,23252482.452564,0
beta_decouple,APTUSDT,2026-06-14 12:00:00+00:00,2026-06-14 12:02:00+00:00,LONG,0.6572,0.6624,0.667058,0.647342,TIME,0.420519,0.487186,0.106667,0.0,25208105.951612,0
beta_decouple,APTUSDT,2026-06-14 13:00:00+00:00,2026-06-14 13:02:00+00:00,LONG,0.6555,0.6572,0.6653325,0.6456675,TIME,0.066138,0.132804,0.106667,0.0,25541546.835444,0
beta_decouple,APTUSDT,2026-06-14 14:00:00+00:00,2026-06-14 14:02:00+00:00,LONG,0.6495,0.654,0.6592425,0.6397575,TIME,0.354962,0.421629,0.106667,0.0,27354802.754577,0
beta_decouple,APTUSDT,2026-06-14 20:00:00+00:00,2026-06-14 20:02:00+00:00,SHORT,0.6527,0.6483,0.6429095,0.6624905,TIME,0.343006,0.409673,0.106667,0.0,29231376.741349,0
beta_decouple,APTUSDT,2026-06-14 21:00:00+00:00,2026-06-14 21:01:00+00:00,SHORT,0.6791,0.6689135,0.6689135,0.6892865,TP,0.893922,0.960588,0.106667,0.0,34457488.027301,0
beta_decouple,APTUSDT,2026-06-15 05:00:00+00:00,2026-06-15 05:02:00+00:00,SHORT,0.6864,0.6798,0.676104,0.696696,TIME,0.534732,0.601398,0.106667,0.0,38142590.268178,0
beta_decouple,APTUSDT,2026-06-15 07:00:00+00:00,2026-06-15 07:02:00+00:00,LONG,0.6821,0.6837,0.6923315,0.6718685,TIME,0.049631,0.116298,0.106667,0.0,38521203.82192,0
beta_decouple,APTUSDT,2026-06-15 08:00:00+00:00,2026-06-15 08:02:00+00:00,LONG,0.6811,0.6822,0.6913165,0.6708835,TIME,0.00095,0.067616,0.106667,0.0,38528520.651827,0
beta_decouple,APTUSDT,2026-06-15 11:00:00+00:00,2026-06-15 11:02:00+00:00,SHORT,0.6924,0.6826,0.682014,0.702786,TIME,0.837466,0.904132,0.106667,0.0,44981782.319986,0
beta_decouple,APTUSDT,2026-06-15 12:00:00+00:00,2026-06-15 12:02:00+00:00,SHORT,0.6986,0.692,0.688121,0.709079,TIME,0.52353,0.590197,0.106667,0.0,49691648.710896,0
beta_decouple,APTUSDT,2026-06-15 13:00:00+00:00,2026-06-15 13:01:00+00:00,SHORT,0.71,0.69935,0.69935,0.72065,TP,0.893922,0.960588,0.106667,0.0,58575735.438779,0
beta_decouple,APTUSDT,2026-06-15 17:00:00+00:00,2026-06-15 17:02:00+00:00,LONG,0.7004,0.7023,0.710906,0.689894,TIME,0.074086,0.140753,0.106667,0.0,59443662.554816,0
beta_decouple,APTUSDT,2026-06-15 18:00:00+00:00,2026-06-15 18:02:00+00:00,LONG,0.6945,0.7001,0.7049175,0.6840825,TIME,0.43058,0.497247,0.106667,0.0,64562711.664386,0
beta_decouple,APTUSDT,2026-06-15 19:00:00+00:00,2026-06-15 19:01:00+00:00,LONG,0.6827,0.6929405,0.6929405,0.6724595,TP,0.892746,0.959412,0.106667,0.0,76090325.85062,0
beta_decouple,APTUSDT,2026-06-15 22:00:00+00:00,2026-06-15 22:01:00+00:00,LONG,0.6732,0.683298,0.683298,0.663102,TP,0.892746,0.959412,0.106667,0.0,89676185.197273,0
beta_decouple,APTUSDT,2026-06-16 02:00:00+00:00,2026-06-16 02:02:00+00:00,LONG,0.6658,0.6727,0.675787,0.655813,TIME,0.583829,0.650496,0.106667,0.0,100147298.18739,0
beta_decouple,APTUSDT,2026-06-16 06:00:00+00:00,2026-06-16 06:02:00+00:00,SHORT,0.6792,0.6766,0.669012,0.689388,TIME,0.148677,0.215343,0.106667,0.0,103125212.06228,0
beta_decouple,APTUSDT,2026-06-16 07:00:00+00:00,2026-06-16 07:02:00+00:00,SHORT,0.6835,0.6783,0.6732475,0.6937525,TIME,0.400819,0.467486,0.106667,0.0,111392123.09327,0
beta_decouple,APTUSDT,2026-06-16 08:00:00+00:00,2026-06-16 08:01:00+00:00,SHORT,0.6941,0.6836885,0.6836885,0.7045115,TP,0.893922,0.960588,0.106667,0.0,131307286.064037,0
beta_decouple,APTUSDT,2026-06-16 13:00:00+00:00,2026-06-16 13:01:00+00:00,LONG,0.6732,0.683298,0.683298,0.663102,TP,0.892746,0.959412,0.106667,0.0,154752084.068436,0
beta_decouple,APTUSDT,2026-06-16 14:00:00+00:00,2026-06-16 14:01:00+00:00,LONG,0.6586,0.668479,0.668479,0.648721,TP,0.892746,0.959412,0.106667,0.0,182382929.701593,0
beta_decouple,APTUSDT,2026-06-17 01:00:00+00:00,2026-06-17 01:01:00+00:00,SHORT,0.6816,0.671376,0.671376,0.691824,TP,0.893922,0.960588,0.106667,0.0,214990134.477211,0
beta_decouple,APTUSDT,2026-06-17 02:00:00+00:00,2026-06-17 02:02:00+00:00,SHORT,0.6853,0.6829,0.6750205,0.6955795,TIME,0.126936,0.193603,0.106667,0.0,220448125.44836,0
beta_decouple,APTUSDT,2026-06-17 08:00:00+00:00,2026-06-17 08:02:00+00:00,LONG,0.6571,0.664,0.6669565,0.6472435,TIME,0.592971,0.659638,0.106667,0.0,246591998.207268,0
beta_decouple,APTUSDT,2026-06-17 12:00:00+00:00,2026-06-17 12:02:00+00:00,SHORT,0.6664,0.6596,0.656404,0.676396,TIME,0.574002,0.640668,0.106667,0.0,274900844.642502,0
beta_decouple,APTUSDT,2026-06-17 15:00:00+00:00,2026-06-17 15:01:00+00:00,SHORT,0.6914,0.681029,0.681029,0.701771,TP,0.893922,0.960588,0.106667,0.0,324048800.259371,0
beta_decouple,APTUSDT,2026-06-17 19:00:00+00:00,2026-06-17 19:01:00+00:00,LONG,0.6573,0.6671595,0.6671595,0.6474405,TP,0.892746,0.959412,0.106667,0.0,381907422.529148,0
beta_decouple,APTUSDT,2026-06-18 03:00:00+00:00,2026-06-18 03:01:00+00:00,LONG,0.6572,0.667058,0.667058,0.647342,TP,0.892746,0.959412,0.106667,0.0,450096649.844452,0
beta_decouple,APTUSDT,2026-06-18 04:00:00+00:00,2026-06-18 04:01:00+00:00,LONG,0.6417,0.6513255,0.6513255,0.6320745,TP,0.892746,0.959412,0.106667,0.0,530461002.45862,0
beta_decouple,APTUSDT,2026-06-18 09:00:00+00:00,2026-06-18 09:02:00+00:00,SHORT,0.6577,0.6534,0.6478345,0.6675655,TIME,0.329445,0.396112,0.106667,0.0,565412576.54102,0
beta_decouple,APTUSDT,2026-06-18 15:00:00+00:00,2026-06-18 15:01:00+00:00,LONG,0.6206,0.63015938,0.63015938,0.61104063,TP,0.895539,0.96046,0.103873,0.0,666682374.977265,0
beta_decouple,APTUSDT,2026-06-18 20:00:00+00:00,2026-06-18 20:02:00+00:00,SHORT,0.6402,0.6373,0.630597,0.649803,TIME,0.195492,0.262158,0.106667,0.0,692748527.714486,0
beta_decouple,APTUSDT,2026-06-19 00:00:00+00:00,2026-06-19 00:02:00+00:00,SHORT,0.6452,0.6403,0.635522,0.654878,TIME,0.399928,0.466595,0.106667,0.0,748158456.219213,0
beta_decouple,APTUSDT,2026-06-19 01:00:00+00:00,2026-06-19 01:02:00+00:00,SHORT,0.6478,0.6455,0.638083,0.657517,TIME,0.130162,0.196829,0.106667,0.0,767634810.580732,0
beta_decouple,APTUSDT,2026-06-19 04:00:00+00:00,2026-06-19 04:01:00+00:00,LONG,0.6211,0.6304165,0.6304165,0.6117835,TP,0.892746,0.959412,0.106667,0.0,904695316.624799,0
beta_decouple,APTUSDT,2026-06-19 11:00:00+00:00,2026-06-19 11:02:00+00:00,SHORT,0.6233,0.6227,0.6139505,0.6326495,TIME,-0.042466,0.024201,0.106667,0.0,897011630.883652,0
beta_decouple,APTUSDT,2026-06-19 12:00:00+00:00,2026-06-19 12:02:00+00:00,SHORT,0.6287,0.6249,0.6192695,0.6381305,TIME,0.296511,0.363178,0.106667,0.0,950206403.508586,0
beta_decouple,APTUSDT,2026-06-19 13:00:00+00:00,2026-06-19 13:01:00+00:00,SHORT,0.6366,0.627051,0.627051,0.646149,TP,0.893922,0.960588,0.106667,0.0,1120088392.075183,0
beta_decouple,APTUSDT,2026-06-19 18:00:00+00:00,2026-06-19 18:02:00+00:00,LONG,0.6316,0.6363,0.641074,0.622126,TIME,0.389142,0.455809,0.106667,0.0,1207263154.957201,0
beta_decouple,APTUSDT,2026-06-19 19:00:00+00:00,2026-06-19 19:02:00+00:00,LONG,0.6267,0.6302,0.6361005,0.6172995,TIME,0.265443,0.332109,0.106667,0.0,1271354975.286279,0
beta_decouple,APTUSDT,2026-06-19 23:00:00+00:00,2026-06-19 23:02:00+00:00,SHORT,0.6336,0.6296,0.624096,0.643104,TIME,0.314449,0.381116,0.106667,0.0,1351310324.823023,0
beta_decouple,APTUSDT,2026-06-20 05:00:00+00:00,2026-06-20 05:02:00+00:00,SHORT,0.6346,0.6301,0.625081,0.644119,TIME,0.366344,0.43301,0.106667,0.0,1450319154.3064,0
beta_decouple,APTUSDT,2026-06-20 09:00:00+00:00,2026-06-20 09:02:00+00:00,SHORT,0.6404,0.6367,0.630794,0.650006,TIME,0.278728,0.345395,0.106667,0.0,1531168192.324952,0
beta_decouple,APTUSDT,2026-06-20 13:00:00+00:00,2026-06-20 13:02:00+00:00,LONG,0.632,0.6365,0.64148,0.62252,TIME,0.367744,0.434411,0.106667,0.0,1643783821.198194,0
beta_decouple,APTUSDT,2026-06-20 21:00:00+00:00,2026-06-20 21:02:00+00:00,SHORT,0.6368,0.6346,0.627248,0.646352,TIME,0.123778,0.190444,0.106667,0.0,1684476616.823247,0
beta_decouple,APTUSDT,2026-06-20 22:00:00+00:00,2026-06-20 22:02:00+00:00,SHORT,0.6442,0.6363,0.634537,0.653863,TIME,0.711363,0.77803,0.106667,0.0,1924131650.784427,0
beta_decouple,APTUSDT,2026-06-20 23:00:00+00:00,2026-06-20 23:02:00+00:00,SHORT,0.6455,0.6447,0.6358175,0.6551825,TIME,-0.024006,0.042661,0.106667,0.0,1914893589.955133,0
beta_decouple,APTUSDT,2026-06-21 00:00:00+00:00,2026-06-21 00:02:00+00:00,SHORT,0.65,0.6449,0.64025,0.65975,TIME,0.416712,0.483379,0.106667,0.0,2074485491.457082,0
beta_decouple,APTUSDT,2026-06-21 04:00:00+00:00,2026-06-21 04:02:00+00:00,LONG,0.6478,0.6541,0.657517,0.638083,TIME,0.541305,0.607971,0.106667,0.0,2299071237.908816,0
beta_decouple,APTUSDT,2026-06-21 05:00:00+00:00,2026-06-21 05:02:00+00:00,LONG,0.6469,0.6469,0.6566035,0.6371965,TIME,-0.106655,-0.039988,0.106667,0.0,2250029900.949571,0
beta_decouple,APTUSDT,2026-06-21 08:00:00+00:00,2026-06-21 08:02:00+00:00,SHORT,0.6606,0.6538,0.650691,0.670509,TIME,0.579978,0.646645,0.106667,0.0,2511023481.984283,0
beta_decouple,APTUSDT,2026-06-21 09:00:00+00:00,2026-06-21 09:02:00+00:00,SHORT,0.6647,0.6593,0.6547295,0.6746705,TIME,0.435244,0.501911,0.106667,0.0,2729605112.646964,0
beta_decouple,APTUSDT,2026-06-21 11:00:00+00:00,2026-06-21 11:02:00+00:00,LONG,0.6525,0.6566,0.6622875,0.6427125,TIME,0.311996,0.378662,0.106667,0.0,2899930137.535614,0
beta_decouple,APTUSDT,2026-06-21 17:00:00+00:00,2026-06-21 17:02:00+00:00,LONG,0.6551,0.6575,0.6649265,0.6452735,TIME,0.137436,0.204103,0.106667,0.0,2979641301.460285,0
beta_decouple,APTUSDT,2026-06-21 20:00:00+00:00,2026-06-21 20:02:00+00:00,LONG,0.6554,0.6595,0.665231,0.645569,TIME,0.310143,0.37681,0.106667,0.0,3164464452.129783,0
beta_decouple,APTUSDT,2026-06-21 21:00:00+00:00,2026-06-21 21:02:00+00:00,LONG,0.6543,0.6548,0.6641145,0.6444855,TIME,-0.05574,0.010926,0.106667,0.0,3129186877.228622,0
beta_decouple,APTUSDT,2026-06-21 22:00:00+00:00,2026-06-21 22:02:00+00:00,LONG,0.6529,0.6553,0.6626935,0.6431065,TIME,0.138259,0.204926,0.106667,0.0,3215714424.810785,0
beta_decouple,APTUSDT,2026-06-21 23:00:00+00:00,2026-06-21 23:02:00+00:00,LONG,0.6474,0.6502,0.657111,0.637689,TIME,0.181505,0.248172,0.106667,0.0,3332448203.019443,0
beta_decouple,APTUSDT,2026-06-22 00:00:00+00:00,2026-06-22 00:01:00+00:00,SHORT,0.6676,0.657586,0.657586,0.677614,TP,0.893922,0.960588,0.106667,0.0,3928237628.804986,0
beta_decouple,APTUSDT,2026-06-22 07:00:00+00:00,2026-06-22 07:02:00+00:00,SHORT,0.6725,0.6668,0.6624125,0.6825875,TIME,0.458716,0.525383,0.106667,0.0,4288626897.583268,0
beta_decouple,APTUSDT,2026-06-22 11:00:00+00:00,2026-06-22 11:01:00+00:00,SHORT,0.6811,0.6708835,0.6708835,0.6913165,TP,0.893922,0.960588,0.106667,0.0,5055366063.822802,0
beta_decouple,APTUSDT,2026-06-22 15:00:00+00:00,2026-06-22 15:02:00+00:00,LONG,0.6678,0.6764,0.677817,0.657783,TIME,0.751371,0.818038,0.106667,0.0,5815056994.130237,0
beta_decouple,APTUSDT,2026-06-22 18:00:00+00:00,2026-06-22 18:02:00+00:00,LONG,0.6621,0.6697,0.6720315,0.6521685,TIME,0.658128,0.724795,0.106667,0.0,6580467626.760223,0
beta_decouple,APTUSDT,2026-06-22 22:00:00+00:00,2026-06-22 22:02:00+00:00,LONG,0.6563,0.6633,0.6661445,0.6464555,TIME,0.603976,0.670642,0.106667,0.0,7375356212.478189,0
beta_decouple,APTUSDT,2026-06-23 04:00:00+00:00,2026-06-23 04:02:00+00:00,LONG,0.6518,0.6586,0.661577,0.642023,TIME,0.588438,0.655105,0.106667,0.0,8243344212.399258,0
beta_decouple,APTUSDT,2026-06-23 06:00:00+00:00,2026-06-23 06:01:00+00:00,LONG,0.6382,0.647773,0.647773,0.628627,TP,0.892746,0.959412,0.106667,0.0,9715185918.473179,0
beta_decouple,APTUSDT,2026-06-23 08:00:00+00:00,2026-06-23 08:01:00+00:00,LONG,0.623,0.63240833,0.63240833,0.61359167,TP,0.893463,0.959681,0.105949,0.0,11451218660.018625,0
beta_decouple,APTUSDT,2026-06-23 13:00:00+00:00,2026-06-23 13:02:00+00:00,SHORT,0.637,0.6283,0.627445,0.646555,TIME,0.804386,0.871053,0.106667,0.0,13293458329.145119,0
beta_decouple,APTUSDT,2026-06-23 18:00:00+00:00,2026-06-23 18:02:00+00:00,SHORT,0.633,0.6327,0.623505,0.642495,TIME,-0.075064,-0.008397,0.106667,0.0,13093885950.680075,0
beta_decouple,APTUSDT,2026-06-23 19:00:00+00:00,2026-06-23 19:02:00+00:00,SHORT,0.6374,0.634,0.627839,0.646961,TIME,0.249146,0.315813,0.106667,0.0,13746344069.894138,0
beta_decouple,APTUSDT,2026-06-23 20:00:00+00:00,2026-06-23 20:02:00+00:00,SHORT,0.6466,0.641,0.636901,0.656299,TIME,0.471047,0.537714,0.106667,0.0,15041378821.051874,0
beta_decouple,APTUSDT,2026-06-24 03:00:00+00:00,2026-06-24 03:02:00+00:00,LONG,0.6412,0.6432,0.650818,0.631582,TIME,0.101164,0.167831,0.106667,0.0,15345708152.218988,0
beta_decouple,APTUSDT,2026-06-24 09:00:00+00:00,2026-06-24 09:02:00+00:00,LONG,0.6421,0.6464,0.6517315,0.6324685,TIME,0.339529,0.406196,0.106667,0.0,16387771618.316467,0
beta_decouple,APTUSDT,2026-06-24 10:00:00+00:00,2026-06-24 10:02:00+00:00,LONG,0.6356,0.6411,0.645134,0.626066,TIME,0.469882,0.536549,0.106667,0.0,17927835528.078186,0
beta_decouple,APTUSDT,2026-06-24 13:00:00+00:00,2026-06-24 13:01:00+00:00,LONG,0.6241,0.6334615,0.6334615,0.6147385,TP,0.892746,0.959412,0.106667,0.0,21128834461.274414,0
beta_decouple,APTUSDT,2026-06-24 15:00:00+00:00,2026-06-24 15:01:00+00:00,LONG,0.6146,0.623819,0.623819,0.605381,TP,0.892746,0.959412,0.106667,0.0,24901368879.291187,0
beta_decouple,APTUSDT,2026-06-24 16:00:00+00:00,2026-06-24 16:01:00+00:00,LONG,0.6008,0.61029375,0.61029375,0.59130625,TP,0.898158,0.961441,0.101254,0.0,29374439545.057003,0
beta_decouple,APTUSDT,2026-06-24 17:00:00+00:00,2026-06-24 17:01:00+00:00,LONG,0.5912,0.60268125,0.60268125,0.57971875,TP,0.917021,0.968514,0.082388,0.0,34761836329.59563,0
beta_decouple,APTUSDT,2026-06-24 20:00:00+00:00,2026-06-24 20:01:00+00:00,SHORT,0.6289,0.6194665,0.6194665,0.6383335,TP,0.893922,0.960588,0.106667,0.0,40976706972.53469,0
beta_decouple,APTUSDT,2026-06-24 21:00:00+00:00,2026-06-24 21:02:00+00:00,SHORT,0.6342,0.6267,0.624687,0.643713,TIME,0.682189,0.748856,0.106667,0.0,46567481482.58757,0
beta_decouple,SUIUSDT,2026-05-15 05:00:00+00:00,2026-05-15 05:01:00+00:00,LONG,1.15,1.16725,1.16725,1.13275,TP,0.892746,0.959412,0.106667,0.0,8.249844,0
beta_decouple,SUIUSDT,2026-05-15 09:00:00+00:00,2026-05-15 09:02:00+00:00,LONG,1.136,1.1454,1.15304,1.11896,TIME,0.444658,0.511324,0.106667,0.0,8.983515,0
beta_decouple,SUIUSDT,2026-05-15 13:00:00+00:00,2026-05-15 13:01:00+00:00,LONG,1.0955,1.1119325,1.1119325,1.0790675,TP,0.892746,0.959412,0.106667,0.0,10.587513,0
beta_decouple,SUIUSDT,2026-05-15 14:00:00+00:00,2026-05-15 14:02:00+00:00,LONG,1.0868,1.0982,1.103102,1.070498,TIME,0.592227,0.658893,0.106667,0.0,11.841555,0
beta_decouple,SUIUSDT,2026-05-15 23:00:00+00:00,2026-05-15 23:02:00+00:00,SHORT,1.0988,1.0985,1.082318,1.115282,TIME,-0.088466,-0.021799,0.106667,0.0,11.63204,0
beta_decouple,SUIUSDT,2026-05-16 01:00:00+00:00,2026-05-16 01:02:00+00:00,SHORT,1.0947,1.09,1.0782795,1.1111205,TIME,0.179721,0.246387,0.106667,0.0,12.050143,0
beta_decouple,SUIUSDT,2026-05-16 02:00:00+00:00,2026-05-16 02:02:00+00:00,SHORT,1.0939,1.096,1.0774915,1.1103085,TIME,-0.234738,-0.168071,0.106667,0.0,11.484418,0
beta_decouple,SUIUSDT,2026-05-16 03:00:00+00:00,2026-05-16 03:02:00+00:00,SHORT,1.0927,1.0935,1.0763095,1.1090905,TIME,-0.155517,-0.08885,0.106667,0.0,11.127214,0
beta_decouple,SUIUSDT,2026-05-16 06:00:00+00:00,2026-05-16 06:02:00+00:00,LONG,1.0655,1.0788,1.0814825,1.0495175,TIME,0.725006,0.791673,0.106667,0.0,12.740675,0
beta_decouple,SUIUSDT,2026-05-16 09:00:00+00:00,2026-05-16 09:01:00+00:00,LONG,1.0513,1.0670695,1.0670695,1.0355305,TP,0.892746,0.959412,0.106667,0.0,15.015511,0
beta_decouple,SUIUSDT,2026-05-16 14:00:00+00:00,2026-05-16 14:02:00+00:00,SHORT,1.0528,1.0466,1.037008,1.068592,TIME,0.286161,0.352827,0.106667,0.0,15.874881,0
beta_decouple,SUIUSDT,2026-05-16 15:00:00+00:00,2026-05-16 15:02:00+00:00,SHORT,1.0662,1.0579,1.050207,1.082193,TIME,0.41261,0.479277,0.106667,0.0,17.184907,0
beta_decouple,SUIUSDT,2026-05-16 21:00:00+00:00,2026-05-16 21:02:00+00:00,SHORT,1.0666,1.0658,1.050601,1.082599,TIME,-0.056646,0.010021,0.106667,0.0,16.990218,0
beta_decouple,SUIUSDT,2026-05-17 01:00:00+00:00,2026-05-17 01:02:00+00:00,LONG,1.0471,1.0525,1.0628065,1.0313935,TIME,0.236946,0.303612,0.106667,0.0,17.79537,0
beta_decouple,SUIUSDT,2026-05-17 04:00:00+00:00,2026-05-17 04:02:00+00:00,SHORT,1.0644,1.0605,1.048434,1.080366,TIME,0.137737,0.204404,0.106667,0.0,18.285586,0
beta_decouple,SUIUSDT,2026-05-17 07:00:00+00:00,2026-05-17 07:02:00+00:00,SHORT,1.0724,1.0637,1.056314,1.088486,TIME,0.434489,0.501156,0.106667,0.0,19.874563,0
beta_decouple,SUIUSDT,2026-05-17 09:00:00+00:00,2026-05-17 09:02:00+00:00,SHORT,1.0785,1.0682,1.0623225,1.0946775,TIME,0.53039,0.597057,0.106667,0.0,21.982817,0
beta_decouple,SUIUSDT,2026-05-17 12:00:00+00:00,2026-05-17 12:02:00+00:00,LONG,1.0684,1.0719,1.084426,1.052374,TIME,0.111609,0.178276,0.106667,0.0,22.473515,0
beta_decouple,SUIUSDT,2026-05-17 19:00:00+00:00,2026-05-17 19:02:00+00:00,SHORT,1.0728,1.0646,1.056708,1.088892,TIME,0.403197,0.469864,0.106667,0.0,24.285767,0
beta_decouple,SUIUSDT,2026-05-17 23:00:00+00:00,2026-05-17 23:01:00+00:00,LONG,1.0436,1.059254,1.059254,1.027946,TP,0.892746,0.959412,0.106667,0.0,28.621969,0
beta_decouple,SUIUSDT,2026-05-18 11:00:00+00:00,2026-05-18 11:02:00+00:00,SHORT,1.0436,1.0309,1.027946,1.059254,TIME,0.705102,0.771769,0.106667,0.0,32.658253,0
beta_decouple,SUIUSDT,2026-05-18 12:00:00+00:00,2026-05-18 12:02:00+00:00,SHORT,1.0546,1.0473,1.038781,1.070419,TIME,0.355069,0.421735,0.106667,0.0,34.977437,0
beta_decouple,SUIUSDT,2026-05-18 19:00:00+00:00,2026-05-18 19:01:00+00:00,SHORT,1.0511,1.0353335,1.0353335,1.0668665,TP,0.893922,0.960588,0.106667,0.0,41.230854,0
beta_decouple,SUIUSDT,2026-05-19 06:00:00+00:00,2026-05-19 06:02:00+00:00,SHORT,1.0796,1.0678,1.063406,1.095794,TIME,0.622424,0.68909,0.106667,0.0,46.363466,0
beta_decouple,SUIUSDT,2026-05-19 07:00:00+00:00,2026-05-19 07:02:00+00:00,SHORT,1.0863,1.0711,1.0700055,1.1025945,TIME,0.826711,0.893378,0.106667,0.0,54.029306,0
beta_decouple,SUIUSDT,2026-05-19 14:00:00+00:00,2026-05-19 14:02:00+00:00,LONG,1.0568,1.069,1.072652,1.040948,TIME,0.662503,0.729169,0.106667,0.0,61.188218,0
beta_decouple,SUIUSDT,2026-05-19 22:00:00+00:00,2026-05-19 22:02:00+00:00,LONG,1.0499,1.0572,1.0656485,1.0341515,TIME,0.356604,0.42327,0.106667,0.0,65.552204,0
beta_decouple,SUIUSDT,2026-05-20 00:00:00+00:00,2026-05-20 00:01:00+00:00,LONG,1.0348,1.050322,1.050322,1.019278,TP,0.892746,0.959412,0.106667,0.0,77.256491,0
beta_decouple,SUIUSDT,2026-05-20 05:00:00+00:00,2026-05-20 05:02:00+00:00,SHORT,1.051,1.0394,1.035235,1.066765,TIME,0.62957,0.696237,0.106667,0.0,86.984167,0
beta_decouple,SUIUSDT,2026-05-20 06:00:00+00:00,2026-05-20 06:02:00+00:00,SHORT,1.0556,1.0516,1.039766,1.071434,TIME,0.146094,0.212761,0.106667,0.0,89.525738,0
beta_decouple,SUIUSDT,2026-05-20 13:00:00+00:00,2026-05-20 13:02:00+00:00,LONG,1.0467,1.0589,1.0624005,1.0309995,TIME,0.669925,0.736591,0.106667,0.0,101.520836,0
beta_decouple,SUIUSDT,2026-05-20 14:00:00+00:00,2026-05-20 14:01:00+00:00,SHORT,1.0705,1.0544425,1.0544425,1.0865575,TP,0.893922,0.960588,0.106667,0.0,119.671168,0
beta_decouple,SUIUSDT,2026-05-20 23:00:00+00:00,2026-05-20 23:02:00+00:00,SHORT,1.0792,1.0718,1.063012,1.095388,TIME,0.350724,0.417391,0.106667,0.0,128.065488,0
beta_decouple,SUIUSDT,2026-05-21 00:00:00+00:00,2026-05-21 00:01:00+00:00,SHORT,1.1215,1.1046775,1.1046775,1.1383225,TP,0.893922,0.960588,0.106667,0.0,150.961587,0
beta_decouple,SUIUSDT,2026-05-21 06:00:00+00:00,2026-05-21 06:02:00+00:00,LONG,1.1039,1.1146,1.1204585,1.0873415,TIME,0.539152,0.605818,0.106667,0.0,167.239821,0
beta_decouple,SUIUSDT,2026-05-21 09:00:00+00:00,2026-05-21 09:02:00+00:00,LONG,1.1043,1.1191,1.1208645,1.0877355,TIME,0.786286,0.852953,0.106667,0.0,193.539501,0
beta_decouple,SUIUSDT,2026-05-21 10:00:00+00:00,2026-05-21 10:02:00+00:00,LONG,1.0916,1.107,1.107974,1.075226,TIME,0.833297,0.899963,0.106667,0.0,225.794664,0
beta_decouple,SUIUSDT,2026-05-21 11:00:00+00:00,2026-05-21 11:02:00+00:00,LONG,1.0856,1.0901,1.101884,1.069316,TIME,0.169524,0.236191,0.106667,0.0,233.450208,0
beta_decouple,SUIUSDT,2026-05-21 15:00:00+00:00,2026-05-21 15:02:00+00:00,SHORT,1.1086,1.105,1.091971,1.125229,TIME,0.109941,0.176607,0.106667,0.0,238.583335,0
beta_decouple,SUIUSDT,2026-05-21 17:00:00+00:00,2026-05-21 17:01:00+00:00,SHORT,1.1442,1.127037,1.127037,1.161363,TP,0.893922,0.960588,0.106667,0.0,281.23829,0
beta_decouple,SUIUSDT,2026-05-21 18:00:00+00:00,2026-05-21 18:02:00+00:00,SHORT,1.1532,1.1393,1.135902,1.170498,TIME,0.697365,0.764031,0.106667,0.0,320.463423,0
beta_decouple,SUIUSDT,2026-05-22 00:00:00+00:00,2026-05-22 00:01:00+00:00,LONG,1.0963,1.1127445,1.1127445,1.0798555,TP,0.892746,0.959412,0.106667,0.0,377.681879,0
beta_decouple,SUIUSDT,2026-05-22 12:00:00+00:00,2026-05-22 12:01:00+00:00,SHORT,1.1289,1.1119665,1.1119665,1.1458335,TP,0.893922,0.960588,0.106667,0.0,445.20547,0
beta_decouple,SUIUSDT,2026-05-22 14:00:00+00:00,2026-05-22 14:01:00+00:00,LONG,1.0925,1.1088875,1.1088875,1.0761125,TP,0.892746,0.959412,0.106667,0.0,524.696507,0
beta_decouple,SUIUSDT,2026-05-22 19:00:00+00:00,2026-05-22 19:01:00+00:00,LONG,1.0561,1.0719415,1.0719415,1.0402585,TP,0.892746,0.959412,0.106667,0.0,618.380597,0
beta_decouple,SUIUSDT,2026-05-23 07:00:00+00:00,2026-05-23 07:01:00+00:00,LONG,0.9953,1.01397917,1.01397917,0.97662083,TP,0.914155,0.967439,0.085254,0.0,731.439793,0
beta_decouple,SUIUSDT,2026-05-23 13:00:00+00:00,2026-05-23 13:02:00+00:00,SHORT,1.0199,1.0087,1.0046015,1.0351985,TIME,0.625859,0.692525,0.106667,0.0,822.995376,0
beta_decouple,SUIUSDT,2026-05-23 14:00:00+00:00,2026-05-23 14:01:00+00:00,SHORT,1.0382,1.022627,1.022627,1.053773,TP,0.893922,0.960588,0.106667,0.0,970.134029,0
beta_decouple,SUIUSDT,2026-05-23 19:00:00+00:00,2026-05-23 19:02:00+00:00,SHORT,1.0547,1.0491,1.0388795,1.0705205,TIME,0.247505,0.314172,0.106667,0.0,1018.156612,0
beta_decouple,SUIUSDT,2026-05-23 20:00:00+00:00,2026-05-23 20:01:00+00:00,SHORT,1.098,1.08153,1.08153,1.11447,TP,0.893922,0.960588,0.106667,0.0,1200.187032,0
beta_decouple,SUIUSDT,2026-05-24 03:00:00+00:00,2026-05-24 03:02:00+00:00,LONG,1.0623,1.0653,1.0782345,1.0463655,TIME,0.081503,0.14817,0.106667,0.0,1219.750833,0
beta_decouple,SUIUSDT,2026-05-24 04:00:00+00:00,2026-05-24 04:02:00+00:00,LONG,1.0616,1.0658,1.077524,1.045676,TIME,0.15694,0.223607,0.106667,0.0,1258.03636,0
beta_decouple,SUIUSDT,2026-05-24 05:00:00+00:00,2026-05-24 05:02:00+00:00,LONG,1.0574,1.0606,1.073261,1.041539,TIME,0.094977,0.161644,0.106667,0.0,1281.933274,0
beta_decouple,SUIUSDT,2026-05-24 07:00:00+00:00,2026-05-24 07:02:00+00:00,LONG,1.0566,1.0656,1.072449,1.040751,TIME,0.460864,0.527531,0.106667,0.0,1400.092625,0
beta_decouple,SUIUSDT,2026-05-24 12:00:00+00:00,2026-05-24 12:02:00+00:00,LONG,1.0573,1.0627,1.0731595,1.0414405,TIME,0.233631,0.300298,0.106667,0.0,1465.513639,0
beta_decouple,SUIUSDT,2026-05-24 13:00:00+00:00,2026-05-24 13:02:00+00:00,LONG,1.048,1.0574,1.06372,1.03228,TIME,0.490951,0.557618,0.106667,0.0,1609.412727,0
beta_decouple,SUIUSDT,2026-05-24 14:00:00+00:00,2026-05-24 14:02:00+00:00,LONG,1.0432,1.0468,1.058848,1.027552,TIME,0.123269,0.189935,0.106667,0.0,1649.090765,0
beta_decouple,SUIUSDT,2026-05-24 18:00:00+00:00,2026-05-24 18:02:00+00:00,LONG,1.0393,1.0436,1.0548895,1.0237105,TIME,0.169007,0.235673,0.106667,0.0,1704.832197,0
beta_decouple,SUIUSDT,2026-05-24 20:00:00+00:00,2026-05-24 20:02:00+00:00,LONG,1.0272,1.0374,1.042608,1.011792,TIME,0.554942,0.621609,0.106667,0.0,1894.048802,0
beta_decouple,SUIUSDT,2026-05-24 21:00:00+00:00,2026-05-24 21:01:00+00:00,LONG,1.0101,1.0252515,1.0252515,0.9949485,TP,0.892746,0.959412,0.106667,0.0,2232.229515,0
beta_decouple,SUIUSDT,2026-05-25 04:00:00+00:00,2026-05-25 04:02:00+00:00,SHORT,1.0357,1.0234,1.0201645,1.0512355,TIME,0.685532,0.752198,0.106667,0.0,2538.282276,0
beta_decouple,SUIUSDT,2026-05-25 05:00:00+00:00,2026-05-25 05:02:00+00:00,SHORT,1.0453,1.0352,1.0296205,1.0609795,TIME,0.537861,0.604528,0.106667,0.0,2811.330952,0
beta_decouple,SUIUSDT,2026-05-25 10:00:00+00:00,2026-05-25 10:02:00+00:00,SHORT,1.047,1.0389,1.031295,1.062705,TIME,0.40939,0.476057,0.106667,0.0,3041.517215,0
beta_decouple,SUIUSDT,2026-05-25 13:00:00+00:00,2026-05-25 13:02:00+00:00,SHORT,1.0506,1.0454,1.034841,1.066359,TIME,0.22349,0.290156,0.106667,0.0,3177.466676,0
beta_decouple,SUIUSDT,2026-05-25 14:00:00+00:00,2026-05-25 14:02:00+00:00,SHORT,1.0564,1.0527,1.040554,1.072246,TIME,0.126959,0.193626,0.106667,0.0,3258.148199,0
beta_decouple,SUIUSDT,2026-05-25 20:00:00+00:00,2026-05-25 20:02:00+00:00,LONG,1.0447,1.0563,1.0603705,1.0290295,TIME,0.633146,0.699812,0.106667,0.0,3670.72472,0
beta_decouple,SUIUSDT,2026-05-25 22:00:00+00:00,2026-05-25 22:02:00+00:00,LONG,1.0354,1.0458,1.050931,1.019869,TIME,0.562572,0.629239,0.106667,0.0,4083.734225,0
beta_decouple,SUIUSDT,2026-05-26 01:00:00+00:00,2026-05-26 01:02:00+00:00,LONG,1.0233,1.0283,1.0386495,1.0079505,TIME,0.218893,0.28556,0.106667,0.0,4262.514762,0
beta_decouple,SUIUSDT,2026-05-26 05:00:00+00:00,2026-05-26 05:02:00+00:00,SHORT,1.0397,1.0299,1.0241045,1.0552955,TIME,0.522085,0.588752,0.106667,0.0,4707.593653,0
beta_decouple,SUIUSDT,2026-05-26 10:00:00+00:00,2026-05-26 10:01:00+00:00,SHORT,1.0495,1.0337575,1.0337575,1.0652425,TP,0.893922,0.960588,0.106667,0.0,5549.237498,0
beta_decouple,SUIUSDT,2026-05-26 15:00:00+00:00,2026-05-26 15:02:00+00:00,LONG,1.028,1.0328,1.04342,1.01258,TIME,0.204443,0.271109,0.106667,0.0,5776.137675,0
beta_decouple,SUIUSDT,2026-05-26 16:00:00+00:00,2026-05-26 16:02:00+00:00,LONG,1.0234,1.0285,1.038751,1.008049,TIME,0.225372,0.292039,0.106667,0.0,6036.493578,0
beta_decouple,SUIUSDT,2026-05-26 17:00:00+00:00,2026-05-26 17:02:00+00:00,LONG,1.0102,1.0246,1.025353,0.995047,TIME,0.843082,0.909749,0.106667,0.0,7054.345619,0
beta_decouple,SUIUSDT,2026-05-27 00:00:00+00:00,2026-05-27 00:02:00+00:00,SHORT,1.0119,1.0035,0.9967215,1.0270785,TIME,0.447068,0.513735,0.106667,0.0,7685.099841,0
beta_decouple,SUIUSDT,2026-05-27 06:00:00+00:00,2026-05-27 06:02:00+00:00,SHORT,1.0047,1.0025,0.9896295,1.0197705,TIME,0.03939,0.106056,0.106667,0.0,7745.642292,0
beta_decouple,SUIUSDT,2026-05-27 12:00:00+00:00,2026-05-27 12:02:00+00:00,SHORT,1.0048,0.9971,0.989728,1.019872,TIME,0.404509,0.471176,0.106667,0.0,8372.27878,0
beta_decouple,SUIUSDT,2026-05-27 15:00:00+00:00,2026-05-27 15:02:00+00:00,SHORT,1.0047,0.9985,0.9896295,1.0197705,TIME,0.304968,0.371635,0.106667,0.0,8882.9342,0
beta_decouple,SUIUSDT,2026-05-27 17:00:00+00:00,2026-05-27 17:01:00+00:00,LONG,0.9738,0.988407,0.988407,0.959193,TP,0.892746,0.959412,0.106667,0.0,10468.974124,0
beta_decouple,SUIUSDT,2026-05-27 21:00:00+00:00,2026-05-27 21:01:00+00:00,LONG,0.9626,0.977039,0.977039,0.948161,TP,0.892746,0.959412,0.106667,0.0,12338.200052,0
beta_decouple,SUIUSDT,2026-05-28 03:00:00+00:00,2026-05-28 03:01:00+00:00,LONG,0.922,0.93720417,0.93720417,0.90679583,TP,0.902385,0.963026,0.097026,0.0,14564.961525,0
beta_decouple,SUIUSDT,2026-05-28 12:00:00+00:00,2026-05-28 12:02:00+00:00,SHORT,0.9181,0.9115,0.9043285,0.9318715,TIME,0.37286,0.439526,0.106667,0.0,15651.09865,0
beta_decouple,SUIUSDT,2026-05-28 14:00:00+00:00,2026-05-28 14:02:00+00:00,SHORT,0.9202,0.906397,0.906397,0.934003,TP,0.893922,0.960588,0.106667,0.0,18449.269396,0
beta_decouple,SUIUSDT,2026-05-28 16:00:00+00:00,2026-05-28 16:02:00+00:00,SHORT,0.926,0.9156,0.91211,0.93989,TIME,0.642511,0.709177,0.106667,0.0,20820.040399,0
beta_decouple,SUIUSDT,2026-05-28 17:00:00+00:00,2026-05-28 17:02:00+00:00,SHORT,0.9356,0.9234,0.921566,0.949634,TIME,0.76316,0.829827,0.106667,0.0,23997.846674,0
beta_decouple,SUIUSDT,2026-05-29 02:00:00+00:00,2026-05-29 02:02:00+00:00,LONG,0.9207,0.9297,0.9345105,0.9068895,TIME,0.544633,0.611299,0.106667,0.0,26611.848173,0
beta_decouple,SUIUSDT,2026-05-29 10:00:00+00:00,2026-05-29 10:02:00+00:00,LONG,0.9177,0.9229,0.9314655,0.9039345,TIME,0.270875,0.337541,0.106667,0.0,28053.543602,0
beta_decouple,SUIUSDT,2026-05-29 11:00:00+00:00,2026-05-29 11:02:00+00:00,LONG,0.91,0.9174,0.92365,0.89635,TIME,0.435145,0.501811,0.106667,0.0,30495.013735,0
beta_decouple,SUIUSDT,2026-05-29 12:00:00+00:00,2026-05-29 12:02:00+00:00,LONG,0.9041,0.9082,0.9176615,0.8905385,TIME,0.19549,0.262157,0.106667,0.0,31687.310387,0
beta_decouple,SUIUSDT,2026-05-29 15:00:00+00:00,2026-05-29 15:01:00+00:00,SHORT,0.9237,0.9098445,0.9098445,0.9375555,TP,0.893922,0.960588,0.106667,0.0,37352.504055,0
beta_decouple,SUIUSDT,2026-05-29 16:00:00+00:00,2026-05-29 16:02:00+00:00,SHORT,0.9259,0.9239,0.9120115,0.9397885,TIME,0.037412,0.104078,0.106667,0.0,37631.988864,0
beta_decouple,SUIUSDT,2026-05-29 23:00:00+00:00,2026-05-29 23:02:00+00:00,SHORT,0.9046,0.9019,0.891031,0.918169,TIME,0.092424,0.15909,0.106667,0.0,38327.606629,0
beta_decouple,SUIUSDT,2026-05-30 00:00:00+00:00,2026-05-30 00:02:00+00:00,SHORT,0.9082,0.9035,0.894577,0.921823,TIME,0.238533,0.3052,0.106667,0.0,40156.087701,0
beta_decouple,SUIUSDT,2026-05-30 01:00:00+00:00,2026-05-30 01:02:00+00:00,SHORT,0.9161,0.9077,0.9023585,0.9298415,TIME,0.504975,0.571642,0.106667,0.0,44211.653299,0
beta_decouple,SUIUSDT,2026-05-30 12:00:00+00:00,2026-05-30 12:02:00+00:00,SHORT,0.901,0.8981,0.887485,0.914515,TIME,0.108027,0.174693,0.106667,0.0,45166.859427,0
beta_decouple,SUIUSDT,2026-05-30 13:00:00+00:00,2026-05-30 13:02:00+00:00,SHORT,0.902,0.9025,0.88847,0.91553,TIME,-0.143656,-0.076989,0.106667,0.0,43869.16348,0
beta_decouple,SUIUSDT,2026-05-30 14:00:00+00:00,2026-05-30 14:02:00+00:00,SHORT,0.9069,0.9022,0.8932965,0.9205035,TIME,0.239028,0.305695,0.106667,0.0,45966.355263,0
beta_decouple,SUIUSDT,2026-05-30 15:00:00+00:00,2026-05-30 15:02:00+00:00,SHORT,0.9091,0.9062,0.8954635,0.9227365,TIME,0.106114,0.17278,0.106667,0.0,46941.885493,0
beta_decouple,SUIUSDT,2026-05-30 22:00:00+00:00,2026-05-30 22:02:00+00:00,LONG,0.9045,0.9084,0.9180675,0.8909325,TIME,0.180625,0.247291,0.106667,0.0,48637.656799,0
beta_decouple,SUIUSDT,2026-05-31 05:00:00+00:00,2026-05-31 05:02:00+00:00,LONG,0.9132,0.9196,0.926898,0.899502,TIME,0.360287,0.426953,0.106667,0.0,52142.355738,0
beta_decouple,SUIUSDT,2026-05-31 06:00:00+00:00,2026-05-31 06:02:00+00:00,LONG,0.9086,0.9101,0.922229,0.894971,TIME,0.003339,0.070005,0.106667,0.0,52177.173754,0
beta_decouple,SUIUSDT,2026-05-31 07:00:00+00:00,2026-05-31 07:02:00+00:00,LONG,0.9033,0.9074,0.9168495,0.8897505,TIME,0.195758,0.262425,0.106667,0.0,54219.993791,0
beta_decouple,SUIUSDT,2026-05-31 14:00:00+00:00,2026-05-31 14:01:00+00:00,LONG,0.8761,0.8892415,0.8892415,0.8629585,TP,0.892746,0.959412,0.106667,0.0,63900.92499,0
beta_decouple,SUIUSDT,2026-05-31 20:00:00+00:00,2026-05-31 20:02:00+00:00,SHORT,0.8821,0.8782,0.8688685,0.8953315,TIME,0.188249,0.254916,0.106667,0.0,66306.78709,0
beta_decouple,SUIUSDT,2026-05-31 21:00:00+00:00,2026-05-31 21:02:00+00:00,SHORT,0.8944,0.880984,0.880984,0.907816,TP,0.893922,0.960588,0.106667,0.0,78161.399735,0
beta_decouple,SUIUSDT,2026-05-31 22:00:00+00:00,2026-05-31 22:02:00+00:00,SHORT,0.8982,0.8926,0.884727,0.911673,TIME,0.309217,0.375884,0.106667,0.0,82995.164869,0
beta_decouple,SUIUSDT,2026-06-01 07:00:00+00:00,2026-06-01 07:02:00+00:00,LONG,0.8741,0.8791,0.8872115,0.8609885,TIME,0.274461,0.341128,0.106667,0.0,87550.955588,0
beta_decouple,SUIUSDT,2026-06-01 13:00:00+00:00,2026-06-01 13:02:00+00:00,LONG,0.8646,0.8722,0.877569,0.851631,TIME,0.479007,0.545673,0.106667,0.0,95938.453178,0
beta_decouple,SUIUSDT,2026-06-01 16:00:00+00:00,2026-06-01 16:01:00+00:00,SHORT,0.8786,0.865421,0.865421,0.891779,TP,0.893922,0.960588,0.106667,0.0,113090.742561,0
beta_decouple,SUIUSDT,2026-06-01 21:00:00+00:00,2026-06-01 21:02:00+00:00,LONG,0.8691,0.8792,0.8821365,0.8560635,TIME,0.667628,0.734295,0.106667,0.0,128191.261855,0
beta_decouple,SUIUSDT,2026-06-02 01:00:00+00:00,2026-06-02 01:02:00+00:00,LONG,0.8618,0.874727,0.874727,0.848873,TP,0.892746,0.959412,0.106667,0.0,151079.696535,0
beta_decouple,SUIUSDT,2026-06-02 05:00:00+00:00,2026-06-02 05:01:00+00:00,LONG,0.8524,0.865186,0.865186,0.839614,TP,0.892746,0.959412,0.106667,0.0,178054.840673,0
beta_decouple,SUIUSDT,2026-06-02 09:00:00+00:00,2026-06-02 09:02:00+00:00,LONG,0.8398,0.8449,0.852397,0.827203,TIME,0.297961,0.364627,0.106667,0.0,188665.512771,0
beta_decouple,SUIUSDT,2026-06-02 15:00:00+00:00,2026-06-02 15:02:00+00:00,LONG,0.8217,0.8305,0.8340255,0.8093745,TIME,0.606884,0.673551,0.106667,0.0,211565.131134,0
beta_decouple,SUIUSDT,2026-06-02 22:00:00+00:00,2026-06-02 22:01:00+00:00,LONG,0.8041,0.8161615,0.8161615,0.7920385,TP,0.892746,0.959412,0.106667,0.0,249339.895299,0
beta_decouple,SUIUSDT,2026-06-04 00:00:00+00:00,2026-06-04 00:01:00+00:00,SHORT,0.8153,0.8275295,0.8030705,0.8275295,SL,-1.107279,-1.040612,0.106667,0.0,194122.136778,0
beta_decouple,SUIUSDT,2026-06-04 03:00:00+00:00,2026-06-04 03:01:00+00:00,SHORT,0.8134,0.801199,0.801199,0.825601,TP,0.893922,0.960588,0.106667,0.0,228828.127496,0
beta_decouple,SUIUSDT,2026-06-04 10:00:00+00:00,2026-06-04 10:01:00+00:00,LONG,0.7628,0.774242,0.774242,0.751358,TP,0.892746,0.959412,0.106667,0.0,269685.184159,0
beta_decouple,SUIUSDT,2026-06-04 12:00:00+00:00,2026-06-04 12:01:00+00:00,SHORT,0.793,0.781105,0.781105,0.804895,TP,0.893922,0.960588,0.106667,0.0,317900.661556,0
beta_decouple,SUIUSDT,2026-06-04 13:00:00+00:00,2026-06-04 13:02:00+00:00,SHORT,0.7979,0.7916,0.7859315,0.8098685,TIME,0.420019,0.486686,0.106667,0.0,344605.52551,0
beta_decouple,SUIUSDT,2026-06-04 17:00:00+00:00,2026-06-04 17:02:00+00:00,LONG,0.7812,0.7854,0.792918,0.769482,TIME,0.251553,0.31822,0.106667,0.0,361942.855527,0
beta_decouple,SUIUSDT,2026-06-04 21:00:00+00:00,2026-06-04 21:01:00+00:00,LONG,0.7592,0.770588,0.770588,0.747812,TP,0.892746,0.959412,0.106667,0.0,426567.427334,0
beta_decouple,SUIUSDT,2026-06-06 00:00:00+00:00,2026-06-06 00:01:00+00:00,LONG,0.727,0.71415417,0.73984583,0.71415417,SL,-1.089941,-1.033347,0.090551,0.0,333580.782292,0
beta_decouple,SUIUSDT,2026-06-06 01:00:00+00:00,2026-06-06 01:01:00+00:00,LONG,0.7054,0.72261771,0.72261771,0.68818229,TP,0.933856,0.974826,0.065551,0.0,395884.094387,0
beta_decouple,SUIUSDT,2026-06-06 07:00:00+00:00,2026-06-06 07:02:00+00:00,SHORT,0.7029,0.6951,0.69080625,0.71499375,TIME,0.552344,0.610465,0.092993,0.0,439616.965313,0
beta_decouple,SUIUSDT,2026-06-06 08:00:00+00:00,2026-06-06 08:02:00+00:00,SHORT,0.7104,0.7008,0.699744,0.721056,TIME,0.794763,0.86143,0.106667,0.0,509495.219096,0
beta_decouple,SUIUSDT,2026-06-06 12:00:00+00:00,2026-06-06 12:01:00+00:00,SHORT,0.718,0.70723,0.70723,0.72877,TP,0.893922,0.960588,0.106667,0.0,600584.966193,0
beta_decouple,SUIUSDT,2026-06-06 13:00:00+00:00,2026-06-06 13:02:00+00:00,SHORT,0.7182,0.7172,0.707427,0.728973,TIME,-0.013798,0.052868,0.106667,0.0,598927.55534,0
beta_decouple,SUIUSDT,2026-06-06 21:00:00+00:00,2026-06-06 21:02:00+00:00,SHORT,0.7088,0.7074,0.698168,0.719432,TIME,0.025078,0.091745,0.106667,0.0,601931.573947,0
beta_decouple,SUIUSDT,2026-06-06 22:00:00+00:00,2026-06-06 22:02:00+00:00,SHORT,0.7107,0.7097,0.7000395,0.7213605,TIME,-0.012818,0.053849,0.106667,0.0,600388.445278,0
beta_decouple,SUIUSDT,2026-06-06 23:00:00+00:00,2026-06-06 23:02:00+00:00,SHORT,0.7176,0.7136,0.706836,0.728364,TIME,0.265153,0.33182,0.106667,0.0,632227.456319,0
beta_decouple,SUIUSDT,2026-06-07 01:00:00+00:00,2026-06-07 01:01:00+00:00,SHORT,0.7497,0.7384545,0.7384545,0.7609455,TP,0.893922,0.960588,0.106667,0.0,745259.800775,0
beta_decouple,SUIUSDT,2026-06-07 10:00:00+00:00,2026-06-07 10:02:00+00:00,LONG,0.7473,0.7511,0.7585095,0.7360905,TIME,0.23214,0.298807,0.106667,0.0,779860.747105,0
beta_decouple,SUIUSDT,2026-06-07 12:00:00+00:00,2026-06-07 12:01:00+00:00,LONG,0.7402,0.751303,0.751303,0.729097,TP,0.892746,0.959412,0.106667,0.0,919104.183135,0
beta_decouple,SUIUSDT,2026-06-07 18:00:00+00:00,2026-06-07 18:02:00+00:00,LONG,0.7412,0.7495,0.752318,0.730082,TIME,0.639435,0.706101,0.106667,0.0,1036645.60259,0
beta_decouple,SUIUSDT,2026-06-07 19:00:00+00:00,2026-06-07 19:02:00+00:00,LONG,0.7311,0.7372,0.7420665,0.7201335,TIME,0.449251,0.515918,0.106667,0.0,1129788.446894,0
beta_decouple,SUIUSDT,2026-06-09 00:00:00+00:00,2026-06-09 00:01:00+00:00,LONG,0.7327,0.7436905,0.7436905,0.7217095,TP,0.892746,0.959412,0.106667,0.0,1331511.159464,0
beta_decouple,SUIUSDT,2026-06-09 09:00:00+00:00,2026-06-09 09:02:00+00:00,LONG,0.7451,0.7484,0.7562765,0.7339235,TIME,0.188431,0.255097,0.106667,0.0,1381690.650486,0
beta_decouple,SUIUSDT,2026-06-09 14:00:00+00:00,2026-06-09 14:02:00+00:00,LONG,0.7437,0.7528,0.7548555,0.7325445,TIME,0.708597,0.775264,0.106667,0.0,1577503.060832,0
beta_decouple,SUIUSDT,2026-06-09 15:00:00+00:00,2026-06-09 15:02:00+00:00,LONG,0.7352,0.7404,0.746228,0.724172,TIME,0.36459,0.431256,0.106667,0.0,1692531.277738,0
beta_decouple,SUIUSDT,2026-06-09 22:00:00+00:00,2026-06-09 22:02:00+00:00,LONG,0.7454,0.7478,0.756581,0.734219,TIME,0.107866,0.174533,0.106667,0.0,1729044.739353,0
beta_decouple,SUIUSDT,2026-06-12 00:00:00+00:00,2026-06-12 00:02:00+00:00,SHORT,0.7526,0.7537,0.741311,0.763889,TIME,-0.204177,-0.13751,0.106667,0.0,1658438.45821,0
beta_decouple,SUIUSDT,2026-06-12 02:00:00+00:00,2026-06-12 02:02:00+00:00,SHORT,0.7572,0.752,0.745842,0.768558,TIME,0.351423,0.41809,0.106667,0.0,1775001.205106,0
beta_decouple,SUIUSDT,2026-06-12 06:00:00+00:00,2026-06-12 06:02:00+00:00,LONG,0.7477,0.7528,0.7589155,0.7364845,TIME,0.3478,0.414467,0.106667,0.0,1898470.433375,0
beta_decouple,SUIUSDT,2026-06-12 13:00:00+00:00,2026-06-12 13:02:00+00:00,LONG,0.7514,0.755,0.762671,0.740129,TIME,0.212558,0.279224,0.106667,0.0,1979177.268526,0
beta_decouple,SUIUSDT,2026-06-12 15:00:00+00:00,2026-06-12 15:01:00+00:00,LONG,0.7471,0.7583065,0.7583065,0.7358935,TP,0.892746,0.959412,0.106667,0.0,2332557.592394,0
beta_decouple,SUIUSDT,2026-06-12 23:00:00+00:00,2026-06-12 23:02:00+00:00,SHORT,0.7507,0.7458,0.7394395,0.7619605,TIME,0.328732,0.395399,0.106667,0.0,2485914.816689,0
beta_decouple,SUIUSDT,2026-06-13 00:00:00+00:00,2026-06-13 00:02:00+00:00,SHORT,0.7512,0.7507,0.739932,0.762468,TIME,-0.062279,0.004388,0.106667,0.0,2454950.962123,0
beta_decouple,SUIUSDT,2026-06-13 01:00:00+00:00,2026-06-13 01:02:00+00:00,SHORT,0.7566,0.7515,0.745251,0.767949,TIME,0.34297,0.409637,0.106667,0.0,2623345.78879,0
beta_decouple,SUIUSDT,2026-06-13 07:00:00+00:00,2026-06-13 07:02:00+00:00,SHORT,0.7619,0.7531,0.7504715,0.7733285,TIME,0.663788,0.730455,0.106667,0.0,2971615.028577,0
beta_decouple,SUIUSDT,2026-06-13 12:00:00+00:00,2026-06-13 12:02:00+00:00,SHORT,0.7743,0.7679,0.7626855,0.7859145,TIME,0.444687,0.511354,0.106667,0.0,3235902.977127,0
beta_decouple,SUIUSDT,2026-06-13 16:00:00+00:00,2026-06-13 16:02:00+00:00,LONG,0.7671,0.7728,0.7786065,0.7555935,TIME,0.38842,0.455087,0.106667,0.0,3487281.10767,0
beta_decouple,SUIUSDT,2026-06-13 22:00:00+00:00,2026-06-13 22:02:00+00:00,LONG,0.7652,0.7688,0.776678,0.753722,TIME,0.206801,0.273467,0.106667,0.0,3631515.536906,0
beta_decouple,SUIUSDT,2026-06-14 00:00:00+00:00,2026-06-14 00:02:00+00:00,LONG,0.7651,0.7674,0.7765765,0.7536235,TIME,0.093635,0.160301,0.106667,0.0,3699522.676049,0
beta_decouple,SUIUSDT,2026-06-14 04:00:00+00:00,2026-06-14 04:02:00+00:00,LONG,0.762,0.7678,0.77343,0.75057,TIME,0.400478,0.467144,0.106667,0.0,3995837.816399,0
beta_decouple,SUIUSDT,2026-06-14 05:00:00+00:00,2026-06-14 05:02:00+00:00,LONG,0.762,0.7621,0.77343,0.75057,TIME,-0.097911,-0.031244,0.106667,0.0,3917590.511802,0
beta_decouple,SUIUSDT,2026-06-14 06:00:00+00:00,2026-06-14 06:02:00+00:00,LONG,0.7595,0.7638,0.7708925,0.7481075,TIME,0.27056,0.337227,0.106667,0.0,4129579.351332,0
beta_decouple,SUIUSDT,2026-06-14 13:00:00+00:00,2026-06-14 13:02:00+00:00,LONG,0.7544,0.7561,0.765716,0.743084,TIME,0.043485,0.110152,0.106667,0.0,4165494.288148,0
beta_decouple,SUIUSDT,2026-06-14 14:00:00+00:00,2026-06-14 14:02:00+00:00,LONG,0.7475,0.7531,0.7587125,0.7362875,TIME,0.392488,0.459155,0.106667,0.0,4492475.876213,0
beta_decouple,SUIUSDT,2026-06-14 19:00:00+00:00,2026-06-14 19:02:00+00:00,SHORT,0.7491,0.7477,0.7378635,0.7603365,TIME,0.01799,0.084657,0.106667,0.0,4508639.863477,0
beta_decouple,SUIUSDT,2026-06-14 20:00:00+00:00,2026-06-14 20:02:00+00:00,SHORT,0.7513,0.7489,0.7400305,0.7625695,TIME,0.106413,0.17308,0.106667,0.0,4604595.750617,0
beta_decouple,SUIUSDT,2026-06-14 21:00:00+00:00,2026-06-14 21:01:00+00:00,SHORT,0.7848,0.773028,0.773028,0.796572,TP,0.893922,0.960588,0.106667,0.0,5427825.187686,0
beta_decouple,SUIUSDT,2026-06-14 23:00:00+00:00,2026-06-14 23:01:00+00:00,SHORT,0.8028,0.790758,0.790758,0.814842,TP,0.893922,0.960588,0.106667,0.0,6398235.125012,0
beta_decouple,SUIUSDT,2026-06-15 07:00:00+00:00,2026-06-15 07:02:00+00:00,LONG,0.7938,0.7967,0.805707,0.781893,TIME,0.136753,0.20342,0.106667,0.0,6573231.274101,0
beta_decouple,SUIUSDT,2026-06-15 13:00:00+00:00,2026-06-15 13:01:00+00:00,SHORT,0.8255,0.8131175,0.8131175,0.8378825,TP,0.893922,0.960588,0.106667,0.0,7748421.839044,0
beta_decouple,SUIUSDT,2026-06-15 17:00:00+00:00,2026-06-15 17:02:00+00:00,LONG,0.8139,0.8155,0.8261085,0.8016915,TIME,0.024323,0.09099,0.106667,0.0,7786114.735822,0
beta_decouple,SUIUSDT,2026-06-15 18:00:00+00:00,2026-06-15 18:02:00+00:00,LONG,0.8084,0.8135,0.820526,0.796274,TIME,0.313677,0.380344,0.106667,0.0,8274579.640598,0
beta_decouple,SUIUSDT,2026-06-15 19:00:00+00:00,2026-06-15 19:02:00+00:00,LONG,0.8031,0.8105,0.8151465,0.7910535,TIME,0.507263,0.57393,0.106667,0.0,9114057.549836,0
beta_decouple,SUIUSDT,2026-06-15 22:00:00+00:00,2026-06-15 22:02:00+00:00,LONG,0.7894,0.7984,0.801241,0.777559,TIME,0.65296,0.719627,0.106667,0.0,10304281.216699,0
beta_decouple,SUIUSDT,2026-06-16 02:00:00+00:00,2026-06-16 02:02:00+00:00,LONG,0.7787,0.7903805,0.7903805,0.7670195,TP,0.892746,0.959412,0.106667,0.0,12144101.374038,0
beta_decouple,SUIUSDT,2026-06-16 08:00:00+00:00,2026-06-16 08:01:00+00:00,SHORT,0.8072,0.795092,0.795092,0.819308,TP,0.893922,0.960588,0.106667,0.0,14315276.061094,0
beta_decouple,SUIUSDT,2026-06-16 13:00:00+00:00,2026-06-16 13:01:00+00:00,LONG,0.7873,0.7991095,0.7991095,0.7754905,TP,0.892746,0.959412,0.106667,0.0,16871255.745769,0
beta_decouple,SUIUSDT,2026-06-16 14:00:00+00:00,2026-06-16 14:02:00+00:00,LONG,0.7801,0.7898,0.7918015,0.7683985,TIME,0.721802,0.788468,0.106667,0.0,19306795.825584,0
beta_decouple,SUIUSDT,2026-06-16 18:00:00+00:00,2026-06-16 18:02:00+00:00,SHORT,0.7942,0.7963,0.782287,0.806113,TIME,-0.283062,-0.216396,0.106667,0.0,18213789.90703,0
beta_decouple,SUIUSDT,2026-06-16 20:00:00+00:00,2026-06-16 20:01:00+00:00,SHORT,0.804,0.79194,0.79194,0.81606,TP,0.893922,0.960588,0.106667,0.0,21470129.621554,0
beta_decouple,SUIUSDT,2026-06-17 01:00:00+00:00,2026-06-17 01:02:00+00:00,SHORT,0.8126,0.8037,0.800411,0.824789,TIME,0.623926,0.690593,0.106667,0.0,24149284.49013,0
beta_decouple,SUIUSDT,2026-06-17 02:00:00+00:00,2026-06-17 02:02:00+00:00,SHORT,0.8151,0.8119,0.8028735,0.8273265,TIME,0.155205,0.221872,0.106667,0.0,24898902.383234,0
beta_decouple,SUIUSDT,2026-06-17 06:00:00+00:00,2026-06-17 06:02:00+00:00,LONG,0.8013,0.8052,0.8133195,0.7892805,TIME,0.217623,0.28429,0.106667,0.0,25982619.322551,0
beta_decouple,SUIUSDT,2026-06-17 08:00:00+00:00,2026-06-17 08:02:00+00:00,LONG,0.7891,0.7988,0.8009365,0.7772635,TIME,0.712353,0.779019,0.106667,0.0,29684377.570291,0
beta_decouple,SUIUSDT,2026-06-17 15:00:00+00:00,2026-06-17 15:01:00+00:00,SHORT,0.8049,0.7928265,0.7928265,0.8169735,TP,0.893922,0.960588,0.106667,0.0,34991478.293231,0
beta_decouple,SUIUSDT,2026-06-17 19:00:00+00:00,2026-06-17 19:01:00+00:00,LONG,0.7733,0.7848995,0.7848995,0.7617005,TP,0.892746,0.959412,0.106667,0.0,41239175.317904,0
beta_decouple,SUIUSDT,2026-06-18 02:00:00+00:00,2026-06-18 02:02:00+00:00,SHORT,0.7691,0.7629,0.7575635,0.7806365,TIME,0.431069,0.497735,0.106667,0.0,44794557.840827,0
beta_decouple,SUIUSDT,2026-06-18 04:00:00+00:00,2026-06-18 04:01:00+00:00,LONG,0.7458,0.756987,0.756987,0.734613,TP,0.892746,0.959412,0.106667,0.0,52792585.914931,0
beta_decouple,SUIUSDT,2026-06-18 12:00:00+00:00,2026-06-18 12:02:00+00:00,SHORT,0.7496,0.7462,0.738356,0.760844,TIME,0.195886,0.262553,0.106667,0.0,54860854.860613,0
beta_decouple,SUIUSDT,2026-06-18 13:00:00+00:00,2026-06-18 13:01:00+00:00,LONG,0.7376,0.748664,0.748664,0.726536,TP,0.892746,0.959412,0.106667,0.0,64656211.227421,0
beta_decouple,SUIUSDT,2026-06-18 15:00:00+00:00,2026-06-18 15:01:00+00:00,LONG,0.7091,0.72194687,0.72194687,0.69625312,TP,0.911096,0.966292,0.088314,0.0,76437814.676151,0
beta_decouple,SUIUSDT,2026-06-18 20:00:00+00:00,2026-06-18 20:02:00+00:00,SHORT,0.7245,0.7228,0.7136325,0.7353675,TIME,0.049845,0.116512,0.106667,0.0,77199822.293322,0
beta_decouple,SUIUSDT,2026-06-18 23:00:00+00:00,2026-06-18 23:02:00+00:00,SHORT,0.7291,0.7252,0.7181635,0.7400365,TIME,0.250139,0.316806,0.106667,0.0,81061965.565,0
beta_decouple,SUIUSDT,2026-06-19 04:00:00+00:00,2026-06-19 04:02:00+00:00,LONG,0.7087,0.7156,0.7193305,0.6980695,TIME,0.542032,0.608698,0.106667,0.0,89849597.758514,0
beta_decouple,SUIUSDT,2026-06-19 12:00:00+00:00,2026-06-19 12:02:00+00:00,SHORT,0.7109,0.7115,0.7002365,0.7215635,TIME,-0.162979,-0.096312,0.106667,0.0,86920875.641463,0
beta_decouple,SUIUSDT,2026-06-19 13:00:00+00:00,2026-06-19 13:02:00+00:00,SHORT,0.7163,0.71,0.7055555,0.7270445,TIME,0.48002,0.546686,0.106667,0.0,95265622.972182,0
beta_decouple,SUIUSDT,2026-06-19 23:00:00+00:00,2026-06-19 23:02:00+00:00,SHORT,0.7163,0.7122,0.7055555,0.7270445,TIME,0.275141,0.341808,0.106667,0.0,100507917.469009,0
beta_decouple,SUIUSDT,2026-06-20 05:00:00+00:00,2026-06-20 05:02:00+00:00,SHORT,0.7192,0.714,0.708412,0.729988,TIME,0.375628,0.442294,0.106667,0.0,108058628.696252,0
beta_decouple,SUIUSDT,2026-06-20 13:00:00+00:00,2026-06-20 13:02:00+00:00,LONG,0.7094,0.7151,0.720041,0.698759,TIME,0.428688,0.495355,0.106667,0.0,117323315.51257,0
beta_decouple,SUIUSDT,2026-06-20 17:00:00+00:00,2026-06-20 17:02:00+00:00,LONG,0.7038,0.707,0.714357,0.693243,TIME,0.19628,0.262947,0.106667,0.0,121928957.945636,0
beta_decouple,SUIUSDT,2026-06-20 18:00:00+00:00,2026-06-20 18:02:00+00:00,LONG,0.7026,0.7052,0.713139,0.692061,TIME,0.1399,0.206567,0.106667,0.0,125340532.035256,0
beta_decouple,SUIUSDT,2026-06-20 22:00:00+00:00,2026-06-20 22:02:00+00:00,SHORT,0.7135,0.7059,0.7027975,0.7242025,TIME,0.603862,0.670529,0.106667,0.0,140478208.543075,0
beta_decouple,SUIUSDT,2026-06-21 04:00:00+00:00,2026-06-21 04:02:00+00:00,LONG,0.7075,0.7116,0.7181125,0.6968875,TIME,0.27945,0.346117,0.106667,0.0,148329548.655945,0
beta_decouple,SUIUSDT,2026-06-21 05:00:00+00:00,2026-06-21 05:02:00+00:00,LONG,0.7062,0.7064,0.716793,0.695607,TIME,-0.087786,-0.021119,0.106667,0.0,145725308.899698,0
beta_decouple,SUIUSDT,2026-06-21 09:00:00+00:00,2026-06-21 09:02:00+00:00,SHORT,0.7111,0.7074,0.7004335,0.7217665,TIME,0.24041,0.307077,0.106667,0.0,152732071.466567,0
beta_decouple,SUIUSDT,2026-06-21 11:00:00+00:00,2026-06-21 11:02:00+00:00,LONG,0.7048,0.7089,0.715372,0.694228,TIME,0.28093,0.347596,0.106667,0.0,161313462.931542,0
beta_decouple,SUIUSDT,2026-06-21 13:00:00+00:00,2026-06-21 13:02:00+00:00,SHORT,0.7129,0.7077,0.7022065,0.7235935,TIME,0.37989,0.446557,0.106667,0.0,173569733.781063,0
beta_decouple,SUIUSDT,2026-06-21 20:00:00+00:00,2026-06-21 20:02:00+00:00,LONG,0.7067,0.7104,0.7173005,0.6960995,TIME,0.242176,0.308843,0.106667,0.0,181976622.302409,0
beta_decouple,SUIUSDT,2026-06-21 21:00:00+00:00,2026-06-21 21:02:00+00:00,LONG,0.7017,0.706,0.7122255,0.6911745,TIME,0.301632,0.368299,0.106667,0.0,192954614.824893,0
beta_decouple,SUIUSDT,2026-06-21 22:00:00+00:00,2026-06-21 22:02:00+00:00,LONG,0.6975,0.7021,0.7079625,0.6870375,TIME,0.332747,0.399414,0.106667,0.0,205795631.813528,0
beta_decouple,SUIUSDT,2026-06-21 23:00:00+00:00,2026-06-21 23:02:00+00:00,LONG,0.693,0.695,0.703395,0.682605,TIME,0.08563,0.152297,0.106667,0.0,209320092.604801,0
beta_decouple,SUIUSDT,2026-06-22 01:00:00+00:00,2026-06-22 01:02:00+00:00,SHORT,0.7109,0.7069,0.7002365,0.7215635,TIME,0.268658,0.335324,0.106667,0.0,220567188.777899,0
beta_decouple,SUIUSDT,2026-06-22 07:00:00+00:00,2026-06-22 07:02:00+00:00,SHORT,0.7103,0.7051,0.6996455,0.7209545,TIME,0.381671,0.448338,0.106667,0.0,237404006.089356,0
beta_decouple,SUIUSDT,2026-06-22 11:00:00+00:00,2026-06-22 11:01:00+00:00,SHORT,0.7384,0.727324,0.727324,0.749476,TP,0.893922,0.960588,0.106667,0.0,279848115.599897,0
beta_decouple,SUIUSDT,2026-06-22 22:00:00+00:00,2026-06-22 22:02:00+00:00,LONG,0.716,0.7246,0.72674,0.70526,TIME,0.69361,0.760277,0.106667,0.0,318669200.62289,0
beta_decouple,SUIUSDT,2026-06-23 03:00:00+00:00,2026-06-23 03:02:00+00:00,SHORT,0.7283,0.7223,0.7173755,0.7392245,TIME,0.442875,0.509542,0.106667,0.0,346895336.791449,0
beta_decouple,SUIUSDT,2026-06-23 05:00:00+00:00,2026-06-23 05:01:00+00:00,LONG,0.7074,0.718011,0.718011,0.696789,TP,0.892746,0.959412,0.106667,0.0,408833187.641378,0
beta_decouple,SUIUSDT,2026-06-23 06:00:00+00:00,2026-06-23 06:01:00+00:00,LONG,0.6903,0.7006545,0.7006545,0.6799455,TP,0.892746,0.959412,0.106667,0.0,481829986.136414,0
beta_decouple,SUIUSDT,2026-06-23 11:00:00+00:00,2026-06-23 11:02:00+00:00,SHORT,0.7102,0.699547,0.699547,0.720853,TP,0.893922,0.960588,0.106667,0.0,567973623.869886,0
beta_decouple,SUIUSDT,2026-06-23 21:00:00+00:00,2026-06-23 21:02:00+00:00,SHORT,0.7009,0.6992,0.6903865,0.7114135,TIME,0.055115,0.121782,0.106667,0.0,574234424.717992,0
beta_decouple,SUIUSDT,2026-06-23 22:00:00+00:00,2026-06-23 22:02:00+00:00,SHORT,0.7029,0.7014,0.6923565,0.7134435,TIME,0.035674,0.102341,0.106667,0.0,578331525.76876,0
beta_decouple,SUIUSDT,2026-06-24 00:00:00+00:00,2026-06-24 00:02:00+00:00,SHORT,0.7073,0.705,0.6966905,0.7179095,TIME,0.110238,0.176905,0.106667,0.0,591082380.632749,0
beta_decouple,SUIUSDT,2026-06-24 05:00:00+00:00,2026-06-24 05:02:00+00:00,SHORT,0.7063,0.7009,0.6957055,0.7168945,TIME,0.403326,0.469992,0.106667,0.0,638762119.952416,0
beta_decouple,SUIUSDT,2026-06-24 10:00:00+00:00,2026-06-24 10:02:00+00:00,LONG,0.6961,0.6993,0.7065415,0.6856585,TIME,0.199631,0.266298,0.106667,0.0,664265448.809161,0
beta_decouple,SUIUSDT,2026-06-24 13:00:00+00:00,2026-06-24 13:01:00+00:00,LONG,0.6829,0.6931435,0.6931435,0.6726565,TP,0.892746,0.959412,0.106667,0.0,782869448.141208,0
beta_decouple,SUIUSDT,2026-06-24 15:00:00+00:00,2026-06-24 15:01:00+00:00,LONG,0.6743,0.6844145,0.6844145,0.6641855,TP,0.892746,0.959412,0.106667,0.0,922650085.040021,0
beta_decouple,SUIUSDT,2026-06-24 16:00:00+00:00,2026-06-24 16:01:00+00:00,LONG,0.6644,0.674366,0.674366,0.654434,TP,0.892746,0.959412,0.106667,0.0,1087388429.12517,0
beta_decouple,SUIUSDT,2026-06-24 17:00:00+00:00,2026-06-24 17:02:00+00:00,LONG,0.6567,0.6665505,0.6665505,0.6468495,TP,0.892746,0.959412,0.106667,0.0,1281540656.601162,0
beta_decouple,SUIUSDT,2026-06-24 20:00:00+00:00,2026-06-24 20:01:00+00:00,SHORT,0.6849,0.6746265,0.6746265,0.6951735,TP,0.893922,0.960588,0.106667,0.0,1510660008.321445,0
beta_decouple,INJUSDT,2026-05-15 05:00:00+00:00,2026-05-15 05:01:00+00:00,LONG,4.957,5.031355,5.031355,4.882645,TP,0.892746,0.959412,0.106667,0.0,8.249844,0
beta_decouple,INJUSDT,2026-05-15 09:00:00+00:00,2026-05-15 09:01:00+00:00,SHORT,5.119,5.042215,5.042215,5.195785,TP,0.893922,0.960588,0.106667,0.0,9.724786,0
beta_decouple,INJUSDT,2026-05-15 10:00:00+00:00,2026-05-15 10:02:00+00:00,SHORT,5.17,5.113,5.09245,5.24755,TIME,0.628772,0.695439,0.106667,0.0,10.947721,0
beta_decouple,INJUSDT,2026-05-15 13:00:00+00:00,2026-05-15 13:01:00+00:00,LONG,4.787,4.858805,4.858805,4.715195,TP,0.892746,0.959412,0.106667,0.0,12.902427,0
beta_decouple,INJUSDT,2026-05-15 18:00:00+00:00,2026-05-15 18:01:00+00:00,SHORT,4.999,4.924015,4.924015,5.073985,TP,0.893922,0.960588,0.106667,0.0,15.209178,0
beta_decouple,INJUSDT,2026-05-16 01:00:00+00:00,2026-05-16 01:02:00+00:00,SHORT,4.865,4.843,4.792025,4.937975,TIME,0.194975,0.261642,0.106667,0.0,15.802261,0
beta_decouple,INJUSDT,2026-05-16 02:00:00+00:00,2026-05-16 02:02:00+00:00,SHORT,4.893,4.878,4.819605,4.966395,TIME,0.097818,0.164484,0.106667,0.0,16.111409,0
beta_decouple,INJUSDT,2026-05-16 04:00:00+00:00,2026-05-16 04:02:00+00:00,LONG,4.763,4.818,4.834445,4.691555,TIME,0.662707,0.729373,0.106667,0.0,18.246836,0
beta_decouple,INJUSDT,2026-05-16 06:00:00+00:00,2026-05-16 06:02:00+00:00,LONG,4.686,4.753,4.75629,4.61571,TIME,0.845967,0.912634,0.106667,0.0,21.334083,0
beta_decouple,INJUSDT,2026-05-16 09:00:00+00:00,2026-05-16 09:01:00+00:00,LONG,4.581,4.649715,4.649715,4.512285,TP,0.892746,0.959412,0.106667,0.0,25.143264,0
beta_decouple,INJUSDT,2026-05-16 12:00:00+00:00,2026-05-16 12:02:00+00:00,SHORT,4.649,4.603,4.579265,4.718735,TIME,0.553357,0.620024,0.106667,0.0,27.925906,0
beta_decouple,INJUSDT,2026-05-16 16:00:00+00:00,2026-05-16 16:01:00+00:00,SHORT,4.733,4.662005,4.662005,4.803995,TP,0.893922,0.960588,0.106667,0.0,32.918619,0
beta_decouple,INJUSDT,2026-05-16 17:00:00+00:00,2026-05-16 17:02:00+00:00,SHORT,4.759,4.73,4.687615,4.830385,TIME,0.299813,0.36648,0.106667,0.0,34.892505,0
beta_decouple,INJUSDT,2026-05-16 18:00:00+00:00,2026-05-16 18:02:00+00:00,SHORT,4.8,4.77,4.728,4.872,TIME,0.310238,0.376905,0.106667,0.0,37.057501,0
beta_decouple,INJUSDT,2026-05-17 01:00:00+00:00,2026-05-17 01:01:00+00:00,LONG,4.636,4.70554,4.70554,4.56646,TP,0.892746,0.959412,0.106667,0.0,43.674085,0
beta_decouple,INJUSDT,2026-05-17 03:00:00+00:00,2026-05-17 03:01:00+00:00,SHORT,4.738,4.66693,4.66693,4.80907,TP,0.893922,0.960588,0.106667,0.0,51.482326,0
beta_decouple,INJUSDT,2026-05-17 04:00:00+00:00,2026-05-17 04:01:00+00:00,SHORT,4.853,4.780205,4.780205,4.925795,TP,0.893922,0.960588,0.106667,0.0,60.686558,0
beta_decouple,INJUSDT,2026-05-17 05:00:00+00:00,2026-05-17 05:02:00+00:00,SHORT,4.892,4.861,4.81862,4.96538,TIME,0.316033,0.3827,0.106667,0.0,64.522352,0
beta_decouple,INJUSDT,2026-05-17 09:00:00+00:00,2026-05-17 09:02:00+00:00,LONG,4.844,4.875,4.91666,4.77134,TIME,0.319734,0.386401,0.106667,0.0,68.648351,0
beta_decouple,INJUSDT,2026-05-17 10:00:00+00:00,2026-05-17 10:02:00+00:00,LONG,4.832,4.855,4.90448,4.75952,TIME,0.210484,0.277151,0.106667,0.0,71.538226,0
beta_decouple,INJUSDT,2026-05-17 11:00:00+00:00,2026-05-17 11:02:00+00:00,LONG,4.804,4.824,4.87606,4.73194,TIME,0.170725,0.237392,0.106667,0.0,73.980903,0
beta_decouple,INJUSDT,2026-05-17 13:00:00+00:00,2026-05-17 13:02:00+00:00,LONG,4.731,4.785,4.801965,4.660035,TIME,0.653827,0.720494,0.106667,0.0,83.655052,0
beta_decouple,INJUSDT,2026-05-17 19:00:00+00:00,2026-05-17 19:02:00+00:00,SHORT,4.748,4.736,4.67678,4.81922,TIME,0.061914,0.128581,0.106667,0.0,84.690943,0
beta_decouple,INJUSDT,2026-05-17 20:00:00+00:00,2026-05-17 20:02:00+00:00,SHORT,4.767,4.742,4.695495,4.838505,TIME,0.243157,0.309824,0.106667,0.0,88.809583,0
beta_decouple,INJUSDT,2026-05-17 22:00:00+00:00,2026-05-17 22:02:00+00:00,LONG,4.651,4.685,4.720765,4.581235,TIME,0.380403,0.44707,0.106667,0.0,95.566277,0
beta_decouple,INJUSDT,2026-05-17 23:00:00+00:00,2026-05-17 23:01:00+00:00,LONG,4.556,4.62434,4.62434,4.48766,TP,0.892746,0.959412,0.106667,0.0,112.62955,0
beta_decouple,INJUSDT,2026-05-18 07:00:00+00:00,2026-05-18 07:02:00+00:00,LONG,4.557,4.613,4.625355,4.488645,TIME,0.712106,0.778773,0.106667,0.0,128.670393,0
beta_decouple,INJUSDT,2026-05-18 12:00:00+00:00,2026-05-18 12:01:00+00:00,SHORT,4.701,4.630485,4.630485,4.771515,TP,0.893922,0.960588,0.106667,0.0,151.67464,0
beta_decouple,INJUSDT,2026-05-18 19:00:00+00:00,2026-05-18 19:01:00+00:00,SHORT,4.739,4.667915,4.667915,4.810085,TP,0.893922,0.960588,0.106667,0.0,178.791684,0
beta_decouple,INJUSDT,2026-05-18 20:00:00+00:00,2026-05-18 20:01:00+00:00,SHORT,4.889,4.815665,4.815665,4.962335,TP,0.893922,0.960588,0.106667,0.0,210.756831,0
beta_decouple,INJUSDT,2026-05-19 00:00:00+00:00,2026-05-19 00:01:00+00:00,SHORT,5.402,5.2306875,5.2306875,5.5733125,TP,0.950142,0.981675,0.050453,0.0,250.806601,0
beta_decouple,INJUSDT,2026-05-19 06:00:00+00:00,2026-05-19 06:02:00+00:00,LONG,4.992,5.034,5.06688,4.91712,TIME,0.453906,0.520573,0.106667,0.0,273.575141,0
beta_decouple,INJUSDT,2026-05-19 10:00:00+00:00,2026-05-19 10:02:00+00:00,LONG,4.958,4.983,5.03237,4.88363,TIME,0.229301,0.295967,0.106667,0.0,286.121338,0
beta_decouple,INJUSDT,2026-05-19 11:00:00+00:00,2026-05-19 11:01:00+00:00,LONG,4.866,4.93899,4.93899,4.79301,TP,0.892746,0.959412,0.106667,0.0,337.208046,0
beta_decouple,INJUSDT,2026-05-19 16:00:00+00:00,2026-05-19 16:01:00+00:00,SHORT,5.072,4.99592,4.99592,5.14808,TP,0.893922,0.960588,0.106667,0.0,397.495551,0
beta_decouple,INJUSDT,2026-05-20 03:00:00+00:00,2026-05-20 03:01:00+00:00,SHORT,4.984,4.90924,4.90924,5.05876,TP,0.893922,0.960588,0.106667,0.0,468.561516,0
beta_decouple,INJUSDT,2026-05-20 05:00:00+00:00,2026-05-20 05:01:00+00:00,SHORT,5.074,4.99789,4.99789,5.15011,TP,0.893922,0.960588,0.106667,0.0,552.332959,0
beta_decouple,INJUSDT,2026-05-20 14:00:00+00:00,2026-05-20 14:01:00+00:00,SHORT,5.137,5.059945,5.059945,5.214055,TP,0.893922,0.960588,0.106667,0.0,651.081422,0
beta_decouple,INJUSDT,2026-05-20 21:00:00+00:00,2026-05-20 21:01:00+00:00,LONG,4.93,5.00395,5.00395,4.85605,TP,0.892746,0.959412,0.106667,0.0,767.331425,0
beta_decouple,INJUSDT,2026-05-20 22:00:00+00:00,2026-05-20 22:01:00+00:00,LONG,4.803,4.875045,4.875045,4.730955,TP,0.892746,0.959412,0.106667,0.0,904.337762,0
beta_decouple,INJUSDT,2026-05-21 03:00:00+00:00,2026-05-21 03:02:00+00:00,SHORT,4.916,4.865,4.84226,4.98974,TIME,0.585356,0.652022,0.106667,0.0,1010.209602,0
beta_decouple,INJUSDT,2026-05-21 04:00:00+00:00,2026-05-21 04:01:00+00:00,SHORT,5.02,4.9447,4.9447,5.0953,TP,0.893922,0.960588,0.106667,0.0,1190.81922,0
beta_decouple,INJUSDT,2026-05-21 10:00:00+00:00,2026-05-21 10:02:00+00:00,LONG,4.867,4.924,4.940005,4.793995,TIME,0.673645,0.740312,0.106667,0.0,1351.25721,0
beta_decouple,INJUSDT,2026-05-21 17:00:00+00:00,2026-05-21 17:01:00+00:00,SHORT,5.239,5.160415,5.160415,5.317585,TP,0.893922,0.960588,0.106667,0.0,1592.840787,0
beta_decouple,INJUSDT,2026-05-22 00:00:00+00:00,2026-05-22 00:01:00+00:00,LONG,5.11,5.18665,5.18665,5.03335,TP,0.892746,0.959412,0.106667,0.0,1877.241079,0
beta_decouple,INJUSDT,2026-05-22 01:00:00+00:00,2026-05-22 01:02:00+00:00,LONG,5.107,5.109,5.183605,5.030395,TIME,-0.080562,-0.013896,0.106667,0.0,1846.99408,0
beta_decouple,INJUSDT,2026-05-22 05:00:00+00:00,2026-05-22 05:02:00+00:00,LONG,5.097,5.09,5.173455,5.020545,TIME,-0.198157,-0.13149,0.106667,0.0,1773.795164,0
beta_decouple,INJUSDT,2026-05-22 08:00:00+00:00,2026-05-22 08:02:00+00:00,SHORT,5.247,5.2,5.168295,5.325705,TIME,0.490846,0.557513,0.106667,0.0,1947.927348,0
beta_decouple,INJUSDT,2026-05-22 09:00:00+00:00,2026-05-22 09:02:00+00:00,SHORT,5.288,5.258,5.20868,5.36732,TIME,0.271763,0.33843,0.106667,0.0,2053.802323,0
beta_decouple,INJUSDT,2026-05-22 10:00:00+00:00,2026-05-22 10:01:00+00:00,SHORT,5.354,5.27369,5.27369,5.43431,TP,0.893922,0.960588,0.106667,0.0,2420.989938,0
beta_decouple,INJUSDT,2026-05-22 14:00:00+00:00,2026-05-22 14:01:00+00:00,LONG,5.317,5.396755,5.396755,5.237245,TP,0.892746,0.959412,0.106667,0.0,2853.255517,0
beta_decouple,INJUSDT,2026-05-22 15:00:00+00:00,2026-05-22 15:02:00+00:00,LONG,5.305,5.328,5.384575,5.225425,TIME,0.182207,0.248874,0.106667,0.0,2957.232406,0
beta_decouple,INJUSDT,2026-05-22 19:00:00+00:00,2026-05-22 19:01:00+00:00,LONG,5.236,5.31454,5.31454,5.15746,TP,0.892746,0.959412,0.106667,0.0,3485.243597,0
beta_decouple,INJUSDT,2026-05-22 23:00:00+00:00,2026-05-22 23:01:00+00:00,LONG,5.17,5.24755,5.24755,5.09245,TP,0.892746,0.959412,0.106667,0.0,4107.530711,0
beta_decouple,INJUSDT,2026-05-23 04:00:00+00:00,2026-05-23 04:01:00+00:00,LONG,5.047,5.122705,5.122705,4.971295,TP,0.892746,0.959412,0.106667,0.0,4840.92663,0
beta_decouple,INJUSDT,2026-05-23 05:00:00+00:00,2026-05-23 05:01:00+00:00,LONG,4.824,4.93820833,4.93820833,4.70979167,TP,0.931826,0.974065,0.067582,0.0,5743.106911,0
beta_decouple,INJUSDT,2026-05-23 10:00:00+00:00,2026-05-23 10:02:00+00:00,SHORT,4.974,4.925,4.89939,5.04861,TIME,0.550464,0.617131,0.106667,0.0,6375.381543,0
beta_decouple,INJUSDT,2026-05-23 13:00:00+00:00,2026-05-23 13:01:00+00:00,SHORT,5.058,4.98213,4.98213,5.13387,TP,0.893922,0.960588,0.106667,0.0,7515.199682,0
beta_decouple,INJUSDT,2026-05-23 14:00:00+00:00,2026-05-23 14:02:00+00:00,SHORT,5.075,5.028,4.998875,5.151125,TIME,0.511097,0.577764,0.106667,0.0,8283.399586,0
beta_decouple,INJUSDT,2026-05-23 15:00:00+00:00,2026-05-23 15:01:00+00:00,SHORT,5.286,5.20671,5.20671,5.36529,TP,0.893922,0.960588,0.106667,0.0,9764.341399,0
beta_decouple,INJUSDT,2026-05-23 20:00:00+00:00,2026-05-23 20:01:00+00:00,SHORT,5.483,5.39557292,5.39557292,5.57042708,TP,0.900245,0.96296,0.100344,0.0,11522.40071,0
beta_decouple,INJUSDT,2026-05-24 03:00:00+00:00,2026-05-24 03:02:00+00:00,LONG,5.193,5.243,5.270895,5.115105,TIME,0.53485,0.601517,0.106667,0.0,12754.951994,0
beta_decouple,INJUSDT,2026-05-24 04:00:00+00:00,2026-05-24 04:02:00+00:00,LONG,5.128,5.201,5.20492,5.05108,TIME,0.841814,0.908481,0.106667,0.0,14902.411526,0
beta_decouple,INJUSDT,2026-05-24 13:00:00+00:00,2026-05-24 13:01:00+00:00,LONG,5.11,5.18665,5.18665,5.03335,TP,0.892746,0.959412,0.106667,0.0,17563.223721,0
beta_decouple,INJUSDT,2026-05-24 17:00:00+00:00,2026-05-24 17:02:00+00:00,SHORT,5.273,5.202,5.193905,5.352095,TIME,0.791515,0.858181,0.106667,0.0,20343.534034,0
beta_decouple,INJUSDT,2026-05-25 02:00:00+00:00,2026-05-25 02:02:00+00:00,SHORT,5.148,5.089,5.07078,5.22522,TIME,0.657831,0.724497,0.106667,0.0,23020.054126,0
beta_decouple,INJUSDT,2026-05-25 05:00:00+00:00,2026-05-25 05:02:00+00:00,SHORT,5.177,5.132,5.099345,5.254655,TIME,0.473155,0.539822,0.106667,0.0,25198.466317,0
beta_decouple,INJUSDT,2026-05-25 07:00:00+00:00,2026-05-25 07:02:00+00:00,SHORT,5.248,5.234,5.16928,5.32672,TIME,0.071274,0.13794,0.106667,0.0,25557.663386,0
beta_decouple,INJUSDT,2026-05-25 10:00:00+00:00,2026-05-25 10:01:00+00:00,SHORT,5.424,5.34264,5.34264,5.50536,TP,0.893922,0.960588,0.106667,0.0,30126.972394,0
beta_decouple,INJUSDT,2026-05-25 11:00:00+00:00,2026-05-25 11:01:00+00:00,SHORT,5.503,5.420455,5.420455,5.585545,TP,0.893922,0.960588,0.106667,0.0,35513.202124,0
beta_decouple,INJUSDT,2026-05-25 18:00:00+00:00,2026-05-25 18:01:00+00:00,LONG,5.643,5.727645,5.727645,5.558355,TP,0.892746,0.959412,0.106667,0.0,41854.05247,0
beta_decouple,INJUSDT,2026-05-25 19:00:00+00:00,2026-05-25 19:02:00+00:00,LONG,5.655,5.644,5.739825,5.570175,TIME,-0.236256,-0.169589,0.106667,0.0,39876.401307,0
beta_decouple,INJUSDT,2026-05-25 20:00:00+00:00,2026-05-25 20:02:00+00:00,LONG,5.626,5.658,5.71039,5.54161,TIME,0.27231,0.338976,0.106667,0.0,42048.147723,0
beta_decouple,INJUSDT,2026-05-26 01:00:00+00:00,2026-05-26 01:02:00+00:00,LONG,5.611,5.644,5.695165,5.526835,TIME,0.285197,0.351864,0.106667,0.0,44446.549851,0
beta_decouple,INJUSDT,2026-05-26 03:00:00+00:00,2026-05-26 03:02:00+00:00,LONG,5.541,5.622,5.624115,5.457885,TIME,0.867314,0.933981,0.106667,0.0,52156.373752,0
beta_decouple,INJUSDT,2026-05-26 06:00:00+00:00,2026-05-26 06:02:00+00:00,LONG,5.57,5.612,5.65355,5.48645,TIME,0.395737,0.462403,0.106667,0.0,56284.413069,0
beta_decouple,INJUSDT,2026-05-26 07:00:00+00:00,2026-05-26 07:02:00+00:00,LONG,5.498,5.57,5.58047,5.41553,TIME,0.765866,0.832533,0.106667,0.0,64905.681271,0
beta_decouple,INJUSDT,2026-05-26 08:00:00+00:00,2026-05-26 08:02:00+00:00,LONG,5.472,5.487,5.55408,5.38992,TIME,0.075984,0.142651,0.106667,0.0,65892.043193,0
beta_decouple,INJUSDT,2026-05-26 11:00:00+00:00,2026-05-26 11:01:00+00:00,SHORT,5.83,5.74255,5.74255,5.91745,TP,0.893922,0.960588,0.106667,0.0,77672.50614,0
beta_decouple,INJUSDT,2026-05-26 13:00:00+00:00,2026-05-26 13:01:00+00:00,SHORT,6.003,5.912955,5.912955,6.093045,TP,0.893922,0.960588,0.106667,0.0,91559.130932,0
beta_decouple,INJUSDT,2026-05-27 01:00:00+00:00,2026-05-27 01:02:00+00:00,LONG,5.623,5.668,5.707345,5.538655,TIME,0.426548,0.493215,0.106667,0.0,99370.010036,0
beta_decouple,INJUSDT,2026-05-27 05:00:00+00:00,2026-05-27 05:01:00+00:00,SHORT,5.727,5.641095,5.641095,5.812905,TP,0.893922,0.960588,0.106667,0.0,117135.807916,0
beta_decouple,INJUSDT,2026-05-27 06:00:00+00:00,2026-05-27 06:01:00+00:00,SHORT,5.823,5.735655,5.735655,5.910345,TP,0.893922,0.960588,0.106667,0.0,138077.851569,0
beta_decouple,INJUSDT,2026-05-27 07:00:00+00:00,2026-05-27 07:02:00+00:00,SHORT,5.868,5.853,5.77998,5.95602,TIME,0.063839,0.130506,0.106667,0.0,139840.813685,0
beta_decouple,INJUSDT,2026-05-27 09:00:00+00:00,2026-05-27 09:01:00+00:00,LONG,5.633,5.717495,5.717495,5.548505,TP,0.892746,0.959412,0.106667,0.0,164809.265382,0
beta_decouple,INJUSDT,2026-05-27 15:00:00+00:00,2026-05-27 15:01:00+00:00,SHORT,5.835,5.747475,5.747475,5.922525,TP,0.893922,0.960588,0.106667,0.0,194274.574849,0
beta_decouple,INJUSDT,2026-05-27 21:00:00+00:00,2026-05-27 21:01:00+00:00,LONG,5.454,5.53581,5.53581,5.37219,TP,0.892746,0.959412,0.106667,0.0,228962.125718,0
beta_decouple,INJUSDT,2026-05-28 03:00:00+00:00,2026-05-28 03:02:00+00:00,LONG,5.368,5.421,5.44852,5.28748,TIME,0.551172,0.617839,0.106667,0.0,254201.631708,0
beta_decouple,INJUSDT,2026-05-28 06:00:00+00:00,2026-05-28 06:01:00+00:00,SHORT,5.443,5.361355,5.361355,5.524645,TP,0.893922,0.960588,0.106667,0.0,299648.89299,0
beta_decouple,INJUSDT,2026-05-28 07:00:00+00:00,2026-05-28 07:02:00+00:00,SHORT,5.465,5.477,5.383025,5.546975,TIME,-0.253153,-0.186486,0.106667,0.0,284477.512425,0
beta_decouple,INJUSDT,2026-05-28 12:00:00+00:00,2026-05-28 12:01:00+00:00,SHORT,5.44,5.3584,5.3584,5.5216,TP,0.893922,0.960588,0.106667,0.0,335337.625907,0
beta_decouple,INJUSDT,2026-05-28 16:00:00+00:00,2026-05-28 16:01:00+00:00,SHORT,5.394,5.31309,5.31309,5.47491,TP,0.893922,0.960588,0.106667,0.0,395290.729275,0
beta_decouple,INJUSDT,2026-05-28 17:00:00+00:00,2026-05-28 17:02:00+00:00,SHORT,5.47,5.401,5.38795,5.55205,TIME,0.734777,0.801443,0.106667,0.0,453380.812113,0
beta_decouple,INJUSDT,2026-05-28 18:00:00+00:00,2026-05-28 18:02:00+00:00,SHORT,5.543,5.522,5.459855,5.626145,TIME,0.146044,0.21271,0.106667,0.0,466623.496889,0
beta_decouple,INJUSDT,2026-05-29 00:00:00+00:00,2026-05-29 00:01:00+00:00,SHORT,5.617,5.532745,5.532745,5.701255,TP,0.893922,0.960588,0.106667,0.0,550048.453057,0
beta_decouple,INJUSDT,2026-05-29 01:00:00+00:00,2026-05-29 01:01:00+00:00,SHORT,5.691,5.605635,5.605635,5.776365,TP,0.893922,0.960588,0.106667,0.0,648388.48178,0
beta_decouple,INJUSDT,2026-05-29 05:00:00+00:00,2026-05-29 05:01:00+00:00,SHORT,5.912,5.80701042,5.80701042,6.01698958,TP,0.910493,0.966804,0.090097,0.0,766459.179326,0
beta_decouple,INJUSDT,2026-05-29 06:00:00+00:00,2026-05-29 06:01:00+00:00,SHORT,6.173,6.01036458,6.01036458,6.33563542,TP,0.939864,0.97782,0.06073,0.0,910532.603131,0
beta_decouple,INJUSDT,2026-05-29 07:00:00+00:00,2026-05-29 07:02:00+00:00,SHORT,6.276,6.169,6.0960625,6.4559375,TIME,0.539195,0.574074,0.055806,0.0,1008723.618526,0
beta_decouple,INJUSDT,2026-05-29 14:00:00+00:00,2026-05-29 14:01:00+00:00,SHORT,6.321,6.1826875,6.1826875,6.4593125,TP,0.927471,0.973171,0.073121,0.0,1195835.913975,0
beta_decouple,INJUSDT,2026-05-29 15:00:00+00:00,2026-05-29 15:01:00+00:00,SHORT,6.674,6.46142708,6.46142708,6.88657292,TP,0.95036,0.981757,0.050234,0.0,1423130.950245,0
beta_decouple,INJUSDT,2026-05-29 21:00:00+00:00,2026-05-29 21:01:00+00:00,LONG,6.345,6.440175,6.440175,6.249825,TP,0.892746,0.959412,0.106667,0.0,1677229.703348,0
beta_decouple,INJUSDT,2026-05-30 00:00:00+00:00,2026-05-30 00:02:00+00:00,LONG,6.319,6.381,6.413785,6.224215,TIME,0.547065,0.613732,0.106667,0.0,1860740.409314,0
beta_decouple,INJUSDT,2026-05-30 05:00:00+00:00,2026-05-30 05:01:00+00:00,SHORT,6.979,6.82959375,6.82959375,7.12840625,TP,0.925853,0.972565,0.074739,0.0,2205294.925174,0
beta_decouple,INJUSDT,2026-05-30 08:00:00+00:00,2026-05-30 08:01:00+00:00,LONG,6.459,6.555885,6.555885,6.362115,TP,0.892746,0.959412,0.106667,0.0,2599048.353567,0
beta_decouple,INJUSDT,2026-05-30 14:00:00+00:00,2026-05-30 14:01:00+00:00,SHORT,6.924,6.82014,6.82014,7.02786,TP,0.893922,0.960588,0.106667,0.0,3063717.399213,0
beta_decouple,INJUSDT,2026-05-30 17:00:00+00:00,2026-05-30 17:02:00+00:00,LONG,6.733,6.823,6.833995,6.632005,TIME,0.783944,0.850611,0.106667,0.0,3544073.994959,0
beta_decouple,INJUSDT,2026-05-30 22:00:00+00:00,2026-05-30 22:02:00+00:00,LONG,6.55,6.583,6.64825,6.45175,TIME,0.229022,0.295688,0.106667,0.0,3706407.983676,0
beta_decouple,INJUSDT,2026-05-31 03:00:00+00:00,2026-05-31 03:02:00+00:00,LONG,6.464,6.503,6.56096,6.36704,TIME,0.295332,0.361998,0.106667,0.0,3925332.003238,0
beta_decouple,INJUSDT,2026-05-31 05:00:00+00:00,2026-05-31 05:02:00+00:00,SHORT,6.644,6.566,6.54434,6.74366,TIME,0.676452,0.743119,0.106667,0.0,4456391.830249,0
beta_decouple,INJUSDT,2026-05-31 11:00:00+00:00,2026-05-31 11:01:00+00:00,SHORT,6.697,6.596545,6.596545,6.797455,TP,0.893922,0.960588,0.106667,0.0,5253124.732868,0
beta_decouple,INJUSDT,2026-05-31 20:00:00+00:00,2026-05-31 20:02:00+00:00,SHORT,6.444,6.374,6.34734,6.54066,TIME,0.617944,0.684611,0.106667,0.0,5902351.955028,0
beta_decouple,INJUSDT,2026-05-31 21:00:00+00:00,2026-05-31 21:02:00+00:00,SHORT,6.473,6.435,6.375905,6.570095,TIME,0.284925,0.351592,0.106667,0.0,6238698.070568,0
beta_decouple,INJUSDT,2026-05-31 22:00:00+00:00,2026-05-31 22:01:00+00:00,SHORT,6.577,6.478345,6.478345,6.675655,TP,0.893922,0.960588,0.106667,0.0,7354079.350237,0
beta_decouple,INJUSDT,2026-06-01 03:00:00+00:00,2026-06-01 03:02:00+00:00,SHORT,6.622,6.585,6.52267,6.72133,TIME,0.266041,0.332707,0.106667,0.0,7745376.109691,0
beta_decouple,INJUSDT,2026-06-01 07:00:00+00:00,2026-06-01 07:01:00+00:00,LONG,6.451,6.547765,6.547765,6.354235,TP,0.892746,0.959412,0.106667,0.0,9128306.058233,0
beta_decouple,INJUSDT,2026-06-01 10:00:00+00:00,2026-06-01 10:01:00+00:00,SHORT,6.683,6.582755,6.582755,6.783245,TP,0.893922,0.960588,0.106667,0.0,10760303.884906,0
beta_decouple,INJUSDT,2026-06-01 12:00:00+00:00,2026-06-01 12:01:00+00:00,SHORT,6.828,6.72558,6.72558,6.93042,TP,0.893922,0.960588,0.106667,0.0,12684077.303817,0
beta_decouple,INJUSDT,2026-06-01 15:00:00+00:00,2026-06-01 15:01:00+00:00,SHORT,6.966,6.86151,6.86151,7.07049,TP,0.893922,0.960588,0.106667,0.0,14951791.210552,0
beta_decouple,INJUSDT,2026-06-01 16:00:00+00:00,2026-06-01 16:01:00+00:00,SHORT,7.08,6.95853125,6.95853125,7.20146875,TP,0.907331,0.965618,0.093259,0.0,17665036.33695,0
beta_decouple,INJUSDT,2026-06-01 19:00:00+00:00,2026-06-01 19:02:00+00:00,SHORT,7.325,7.223,7.16635417,7.48364583,TIME,0.569444,0.615616,0.073875,0.0,19676885.716515,0
beta_decouple,INJUSDT,2026-06-01 20:00:00+00:00,2026-06-01 20:01:00+00:00,LONG,7.007,7.112105,7.112105,6.901895,TP,0.892746,0.959412,0.106667,0.0,23190175.990098,0
beta_decouple,INJUSDT,2026-06-01 21:00:00+00:00,2026-06-01 21:01:00+00:00,LONG,6.837,6.939555,6.939555,6.734445,TP,0.892746,0.959412,0.106667,0.0,27330761.086869,0
beta_decouple,INJUSDT,2026-06-02 09:00:00+00:00,2026-06-02 09:01:00+00:00,SHORT,7.27,7.16095,7.16095,7.37905,TP,0.893922,0.960588,0.106667,0.0,32217072.129746,0
beta_decouple,INJUSDT,2026-06-02 14:00:00+00:00,2026-06-02 14:01:00+00:00,LONG,6.987,7.091805,7.091805,6.882195,TP,0.892746,0.959412,0.106667,0.0,37969401.425522,0
beta_decouple,INJUSDT,2026-06-02 15:00:00+00:00,2026-06-02 15:01:00+00:00,LONG,6.787,6.888805,6.888805,6.685195,TP,0.892746,0.959412,0.106667,0.0,44748803.9511,0
beta_decouple,INJUSDT,2026-06-03 01:00:00+00:00,2026-06-03 01:02:00+00:00,LONG,6.486,6.498,6.58671875,6.38528125,TIME,0.016048,0.080445,0.103035,0.0,44892432.803593,0
beta_decouple,INJUSDT,2026-06-03 02:00:00+00:00,2026-06-03 02:01:00+00:00,LONG,6.346,6.47410417,6.47410417,6.21789583,TP,0.920149,0.969686,0.07926,0.0,53153974.610557,0
beta_decouple,INJUSDT,2026-06-03 04:00:00+00:00,2026-06-03 04:01:00+00:00,SHORT,6.575,6.476375,6.476375,6.673625,TP,0.893922,0.960588,0.106667,0.0,62657070.857559,0
beta_decouple,INJUSDT,2026-06-03 05:00:00+00:00,2026-06-03 05:02:00+00:00,SHORT,6.656,6.623,6.55616,6.75584,TIME,0.224049,0.290715,0.106667,0.0,65464716.066056,0
beta_decouple,INJUSDT,2026-06-03 06:00:00+00:00,2026-06-03 06:01:00+00:00,SHORT,6.773,6.671405,6.671405,6.874595,TP,0.893922,0.960588,0.106667,0.0,77168779.630756,0
beta_decouple,INJUSDT,2026-06-03 07:00:00+00:00,2026-06-03 07:01:00+00:00,SHORT,6.945,6.840825,6.840825,7.049175,TP,0.893922,0.960588,0.106667,0.0,90965346.029934,0
beta_decouple,INJUSDT,2026-06-03 13:00:00+00:00,2026-06-03 13:01:00+00:00,SHORT,6.886,6.78271,6.78271,6.98929,TP,0.893922,0.960588,0.106667,0.0,107228521.922196,0
beta_decouple,INJUSDT,2026-06-03 17:00:00+00:00,2026-06-03 17:02:00+00:00,LONG,6.534,6.573,6.63201,6.43599,TIME,0.291025,0.357692,0.106667,0.0,113469762.971628,0
beta_decouple,INJUSDT,2026-06-03 21:00:00+00:00,2026-06-03 21:01:00+00:00,SHORT,6.707,6.606395,6.606395,6.807605,TP,0.893922,0.960588,0.106667,0.0,133756375.337766,0
beta_decouple,INJUSDT,2026-06-04 01:00:00+00:00,2026-06-04 01:01:00+00:00,LONG,6.241,6.33590625,6.33590625,6.14609375,TP,0.894197,0.959956,0.105215,0.0,157677274.634057,0
beta_decouple,INJUSDT,2026-06-04 09:00:00+00:00,2026-06-04 09:01:00+00:00,LONG,6.056,6.16159375,6.16159375,5.95040625,TP,0.907647,0.964999,0.091763,0.0,186300351.251022,0
beta_decouple,INJUSDT,2026-06-04 11:00:00+00:00,2026-06-04 11:02:00+00:00,LONG,5.871,5.984,6.00734375,5.73465625,TIME,0.759402,0.802462,0.068896,0.0,214595712.286186,0
beta_decouple,INJUSDT,2026-06-04 14:00:00+00:00,2026-06-04 14:02:00+00:00,LONG,5.684,5.772,5.83519792,5.53280208,TIME,0.521527,0.55912,0.060149,0.0,236979216.033213,0
beta_decouple,INJUSDT,2026-06-04 16:00:00+00:00,2026-06-04 16:01:00+00:00,SHORT,5.799,5.69521875,5.69521875,5.90278125,TP,0.911187,0.967064,0.089403,0.0,280165677.35611,0
beta_decouple,INJUSDT,2026-06-04 21:00:00+00:00,2026-06-04 21:02:00+00:00,LONG,5.275,5.423,5.45334375,5.09665625,TIME,0.782041,0.811619,0.047324,0.0,323985902.756298,0
beta_decouple,INJUSDT,2026-06-05 00:00:00+00:00,2026-06-05 00:02:00+00:00,SHORT,5.418,5.39,5.30967708,5.52632292,TIME,0.178605,0.228622,0.080027,0.0,335559012.148039,0
beta_decouple,INJUSDT,2026-06-05 04:00:00+00:00,2026-06-05 04:01:00+00:00,SHORT,5.349,5.26386458,5.26386458,5.43413542,TP,0.900062,0.962891,0.100527,0.0,395963792.697285,0
beta_decouple,INJUSDT,2026-06-05 13:00:00+00:00,2026-06-05 13:02:00+00:00,SHORT,5.072,5.03,4.99592,5.14808,TIME,0.445703,0.51237,0.106667,0.0,431260253.257651,0
beta_decouple,INJUSDT,2026-06-05 14:00:00+00:00,2026-06-05 14:02:00+00:00,SHORT,5.098,5.125,5.02153,5.17447,TIME,-0.45997,-0.393304,0.106667,0.0,391586878.483747,0
beta_decouple,INJUSDT,2026-06-05 20:00:00+00:00,2026-06-05 20:01:00+00:00,SHORT,5.086,5.00971,5.00971,5.16229,TP,0.893922,0.960588,0.106667,0.0,461596465.209085,0
beta_decouple,INJUSDT,2026-06-05 21:00:00+00:00,2026-06-05 21:01:00+00:00,SHORT,5.215,5.136775,5.136775,5.293225,TP,0.893922,0.960588,0.106667,0.0,544122667.027428,0
beta_decouple,INJUSDT,2026-06-06 02:00:00+00:00,2026-06-06 02:01:00+00:00,LONG,5.075,5.151125,5.151125,4.998875,TP,0.892746,0.959412,0.106667,0.0,641275280.568244,0
beta_decouple,INJUSDT,2026-06-06 04:00:00+00:00,2026-06-06 04:01:00+00:00,LONG,4.895,4.968425,4.968425,4.821575,TP,0.892746,0.959412,0.106667,0.0,755774406.007516,0
beta_decouple,INJUSDT,2026-06-06 07:00:00+00:00,2026-06-06 07:01:00+00:00,SHORT,5.231,5.152535,5.152535,5.309465,TP,0.893922,0.960588,0.106667,0.0,890895005.622728,0
beta_decouple,INJUSDT,2026-06-06 08:00:00+00:00,2026-06-06 08:01:00+00:00,SHORT,5.306,5.22641,5.22641,5.38559,TP,0.893922,0.960588,0.106667,0.0,1050173047.320192,0
beta_decouple,INJUSDT,2026-06-06 12:00:00+00:00,2026-06-06 12:02:00+00:00,LONG,5.148,5.214,5.22522,5.07078,TIME,0.747534,0.8142,0.106667,0.0,1207180957.776311,0
beta_decouple,INJUSDT,2026-06-06 13:00:00+00:00,2026-06-06 13:02:00+00:00,LONG,5.094,5.166,5.17041,5.01759,TIME,0.835065,0.901732,0.106667,0.0,1408795911.999653,0
beta_decouple,INJUSDT,2026-06-06 17:00:00+00:00,2026-06-06 17:01:00+00:00,LONG,5.05,5.12575,5.12575,4.97425,TP,0.892746,0.959412,0.106667,0.0,1660335156.898424,0
beta_decouple,INJUSDT,2026-06-06 19:00:00+00:00,2026-06-06 19:02:00+00:00,LONG,5.026,5.071,5.10139,4.95061,TIME,0.489883,0.55655,0.106667,0.0,1823009296.385584,0
beta_decouple,INJUSDT,2026-06-06 23:00:00+00:00,2026-06-06 23:02:00+00:00,SHORT,5.162,5.12,5.08457,5.23943,TIME,0.436072,0.502739,0.106667,0.0,1982002067.436113,0
beta_decouple,INJUSDT,2026-06-07 01:00:00+00:00,2026-06-07 01:01:00+00:00,SHORT,5.32,5.2402,5.2402,5.3998,TP,0.893922,0.960588,0.106667,0.0,2336352923.540512,0
beta_decouple,INJUSDT,2026-06-07 09:00:00+00:00,2026-06-07 09:01:00+00:00,LONG,5.242,5.32063,5.32063,5.16337,TP,0.892746,0.959412,0.106667,0.0,2753506639.844419,0
beta_decouple,INJUSDT,2026-06-07 10:00:00+00:00,2026-06-07 10:02:00+00:00,LONG,5.193,5.216,5.270895,5.115105,TIME,0.188437,0.255104,0.106667,0.0,2857279418.052617,0
beta_decouple,INJUSDT,2026-06-07 12:00:00+00:00,2026-06-07 12:02:00+00:00,LONG,5.125,5.184,5.201875,5.048125,TIME,0.660365,0.727031,0.106667,0.0,3234648685.384343,0
beta_decouple,INJUSDT,2026-06-07 14:00:00+00:00,2026-06-07 14:01:00+00:00,SHORT,5.324,5.24414,5.24414,5.40386,TP,0.893922,0.960588,0.106667,0.0,3812953092.677731,0
beta_decouple,INJUSDT,2026-06-07 19:00:00+00:00,2026-06-07 19:01:00+00:00,LONG,5.195,5.272925,5.272925,5.117075,TP,0.892746,0.959412,0.106667,0.0,4493752443.099766,0
beta_decouple,INJUSDT,2026-06-07 22:00:00+00:00,2026-06-07 22:01:00+00:00,SHORT,5.417,5.335745,5.335745,5.498255,TP,0.893922,0.960588,0.106667,0.0,5297164836.808059,0
beta_decouple,INJUSDT,2026-06-09 00:00:00+00:00,2026-06-09 00:01:00+00:00,SHORT,5.474,5.55611,5.39189,5.55611,SL,-1.107279,-1.040612,0.106667,0.0,4124077118.714921,0
beta_decouple,INJUSDT,2026-06-09 01:00:00+00:00,2026-06-09 01:02:00+00:00,SHORT,5.506,5.468,5.42341,5.58859,TIME,0.353702,0.420368,0.106667,0.0,4415815656.999691,0
beta_decouple,INJUSDT,2026-06-09 02:00:00+00:00,2026-06-09 02:02:00+00:00,SHORT,5.535,5.523,5.451975,5.618025,TIME,0.037943,0.10461,0.106667,0.0,4449325387.904811,0
beta_decouple,INJUSDT,2026-06-09 05:00:00+00:00,2026-06-09 05:02:00+00:00,SHORT,5.625,5.540625,5.540625,5.709375,TP,0.893922,0.960588,0.106667,0.0,5244794921.562059,0
beta_decouple,INJUSDT,2026-06-09 10:00:00+00:00,2026-06-09 10:01:00+00:00,SHORT,5.787,5.700195,5.700195,5.873805,TP,0.893922,0.960588,0.106667,0.0,6182481920.522491,0
beta_decouple,INJUSDT,2026-06-09 14:00:00+00:00,2026-06-09 14:01:00+00:00,LONG,5.657,5.741855,5.741855,5.572145,TP,0.892746,0.959412,0.106667,0.0,7286358515.16788,0
beta_decouple,INJUSDT,2026-06-09 15:00:00+00:00,2026-06-09 15:01:00+00:00,LONG,5.509,5.591635,5.591635,5.426365,TP,0.892746,0.959412,0.106667,0.0,8587331284.435459,0
beta_decouple,INJUSDT,2026-06-09 20:00:00+00:00,2026-06-09 20:02:00+00:00,SHORT,5.672,5.613,5.58692,5.75708,TIME,0.587203,0.653869,0.106667,0.0,9595831777.403831,0
beta_decouple,INJUSDT,2026-06-09 22:00:00+00:00,2026-06-09 22:02:00+00:00,LONG,5.519,5.569,5.601785,5.436215,TIME,0.496957,0.563624,0.106667,0.0,10549575323.115063,0
beta_decouple,INJUSDT,2026-06-11 00:00:00+00:00,2026-06-11 00:02:00+00:00,LONG,4.994,4.965,5.14420833,4.84379167,TIME,-0.246139,-0.212892,0.053195,0.0,10030243253.531275,0
beta_decouple,INJUSDT,2026-06-11 10:00:00+00:00,2026-06-11 10:02:00+00:00,SHORT,5.24,5.223,5.1614,5.3186,TIME,0.109736,0.176403,0.106667,0.0,10250379262.922947,0
beta_decouple,INJUSDT,2026-06-11 11:00:00+00:00,2026-06-11 11:02:00+00:00,SHORT,5.258,5.243,5.17913,5.33687,TIME,0.083622,0.150289,0.106667,0.0,10421810415.701412,0
beta_decouple,INJUSDT,2026-06-11 16:00:00+00:00,2026-06-11 16:02:00+00:00,LONG,5.101,5.164,5.177515,5.024485,TIME,0.716219,0.782886,0.106667,0.0,11914671026.673376,0
beta_decouple,INJUSDT,2026-06-11 17:00:00+00:00,2026-06-11 17:01:00+00:00,SHORT,5.277,5.197845,5.197845,5.356155,TP,0.893922,0.960588,0.106667,0.0,14044827169.227499,0
beta_decouple,INJUSDT,2026-06-11 18:00:00+00:00,2026-06-11 18:02:00+00:00,SHORT,5.347,5.266795,5.266795,5.427205,TP,0.893922,0.960588,0.106667,0.0,16555821790.788113,0
beta_decouple,INJUSDT,2026-06-12 02:00:00+00:00,2026-06-12 02:01:00+00:00,SHORT,5.551,5.467735,5.467735,5.634265,TP,0.893922,0.960588,0.106667,0.0,19515742832.98286,0
beta_decouple,INJUSDT,2026-06-12 05:00:00+00:00,2026-06-12 05:01:00+00:00,LONG,5.42,5.5013,5.5013,5.3387,TP,0.892746,0.959412,0.106667,0.0,23000261189.42756,0
beta_decouple,INJUSDT,2026-06-12 06:00:00+00:00,2026-06-12 06:02:00+00:00,LONG,5.369,5.432,5.449535,5.288465,TIME,0.675145,0.741811,0.106667,0.0,26105962023.425484,0
beta_decouple,INJUSDT,2026-06-12 10:00:00+00:00,2026-06-12 10:02:00+00:00,LONG,5.383,5.463745,5.463745,5.302255,TP,0.892746,0.959412,0.106667,0.0,30767158097.885708,0
beta_decouple,INJUSDT,2026-06-12 11:00:00+00:00,2026-06-12 11:02:00+00:00,LONG,5.33,5.385,5.40995,5.25005,TIME,0.580863,0.647529,0.106667,0.0,34341456705.940655,0
beta_decouple,INJUSDT,2026-06-12 13:00:00+00:00,2026-06-12 13:01:00+00:00,LONG,5.229,5.307435,5.307435,5.150565,TP,0.892746,0.959412,0.106667,0.0,40473092959.96333,0
beta_decouple,INJUSDT,2026-06-12 15:00:00+00:00,2026-06-12 15:01:00+00:00,LONG,5.117,5.193755,5.193755,5.040245,TP,0.892746,0.959412,0.106667,0.0,47699527360.54052,0
beta_decouple,INJUSDT,2026-06-12 20:00:00+00:00,2026-06-12 20:02:00+00:00,SHORT,5.148,5.124,5.07078,5.22522,TIME,0.204308,0.270975,0.106667,0.0,49648608053.24545,0
beta_decouple,INJUSDT,2026-06-13 00:00:00+00:00,2026-06-13 00:02:00+00:00,SHORT,5.124,5.088,5.04714,5.20086,TIME,0.361987,0.428653,0.106667,0.0,53243033418.22266,0
beta_decouple,INJUSDT,2026-06-13 01:00:00+00:00,2026-06-13 01:02:00+00:00,SHORT,5.148,5.147,5.07078,5.22522,TIME,-0.093721,-0.027054,0.106667,0.0,52245036576.045906,0
beta_decouple,INJUSDT,2026-06-13 06:00:00+00:00,2026-06-13 06:01:00+00:00,SHORT,5.182,5.10427,5.10427,5.25973,TP,0.893922,0.960588,0.106667,0.0,61585628971.02551,0
beta_decouple,INJUSDT,2026-06-13 07:00:00+00:00,2026-06-13 07:01:00+00:00,SHORT,5.319,5.239215,5.239215,5.398785,TP,0.893922,0.960588,0.106667,0.0,72596172657.20879,0
beta_decouple,INJUSDT,2026-06-13 14:00:00+00:00,2026-06-13 14:02:00+00:00,SHORT,5.284,5.256,5.20474,5.36326,TIME,0.246801,0.313468,0.106667,0.0,76179535426.80666,0
beta_decouple,INJUSDT,2026-06-13 16:00:00+00:00,2026-06-13 16:01:00+00:00,LONG,5.184,5.26176,5.26176,5.10624,TP,0.892746,0.959412,0.106667,0.0,89781323063.17142,0
beta_decouple,INJUSDT,2026-06-13 17:00:00+00:00,2026-06-13 17:02:00+00:00,LONG,5.169,5.175,5.246535,5.091465,TIME,-0.029317,0.03735,0.106667,0.0,89254905000.55438,0
beta_decouple,INJUSDT,2026-06-13 21:00:00+00:00,2026-06-13 21:02:00+00:00,SHORT,5.243,5.206,5.164355,5.321645,TIME,0.364072,0.430739,0.106667,0.0,95753951939.98405,0
beta_decouple,INJUSDT,2026-06-13 23:00:00+00:00,2026-06-13 23:02:00+00:00,SHORT,5.269,5.218,5.189965,5.348035,TIME,0.538992,0.605659,0.106667,0.0,106076081478.80373,0
beta_decouple,INJUSDT,2026-06-14 02:00:00+00:00,2026-06-14 02:02:00+00:00,LONG,5.221,5.264,5.299315,5.142685,TIME,0.442081,0.508747,0.106667,0.0,115454918395.12918,0
beta_decouple,INJUSDT,2026-06-14 03:00:00+00:00,2026-06-14 03:02:00+00:00,LONG,5.207,5.236,5.285105,5.128895,TIME,0.264418,0.331084,0.106667,0.0,121560582521.78505,0
beta_decouple,INJUSDT,2026-06-14 04:00:00+00:00,2026-06-14 04:02:00+00:00,LONG,5.144,5.198,5.22116,5.06684,TIME,0.59277,0.659437,0.106667,0.0,135972076502.46959,0
beta_decouple,INJUSDT,2026-06-14 09:00:00+00:00,2026-06-14 09:02:00+00:00,SHORT,5.152,5.133,5.07472,5.22928,TIME,0.139328,0.205995,0.106667,0.0,139761022792.46237,0
beta_decouple,INJUSDT,2026-06-14 12:00:00+00:00,2026-06-14 12:02:00+00:00,LONG,5.08,5.121,5.1562,5.0038,TIME,0.43108,0.497747,0.106667,0.0,151810668488.92365,0
beta_decouple,INJUSDT,2026-06-14 14:00:00+00:00,2026-06-14 14:01:00+00:00,LONG,5.018,5.09327,5.09327,4.94273,TP,0.892746,0.959412,0.106667,0.0,178916327011.93787,0
beta_decouple,INJUSDT,2026-06-14 17:00:00+00:00,2026-06-14 17:01:00+00:00,LONG,4.961,5.035415,5.035415,4.886585,TP,0.892746,0.959412,0.106667,0.0,210861676521.62247,0
beta_decouple,INJUSDT,2026-06-14 21:00:00+00:00,2026-06-14 21:01:00+00:00,SHORT,5.209,5.130865,5.130865,5.287135,TP,0.893922,0.960588,0.106667,0.0,248560434168.07727,0
beta_decouple,INJUSDT,2026-06-15 04:00:00+00:00,2026-06-15 04:01:00+00:00,SHORT,5.257,5.178145,5.178145,5.335855,TP,0.893922,0.960588,0.106667,0.0,292999137885.00934,0
beta_decouple,INJUSDT,2026-06-15 09:00:00+00:00,2026-06-15 09:02:00+00:00,LONG,5.218,5.244,5.29627,5.13973,TIME,0.22533,0.291996,0.106667,0.0,306203410482.1364,0
beta_decouple,INJUSDT,2026-06-15 10:00:00+00:00,2026-06-15 10:01:00+00:00,SHORT,5.411,5.329835,5.329835,5.492165,TP,0.893922,0.960588,0.106667,0.0,360947773482.1161,0
beta_decouple,INJUSDT,2026-06-15 11:00:00+00:00,2026-06-15 11:01:00+00:00,SHORT,5.484,5.40107292,5.40107292,5.56692708,TP,0.89478,0.96091,0.105809,0.0,425541518400.506,0
beta_decouple,INJUSDT,2026-06-15 14:00:00+00:00,2026-06-15 14:01:00+00:00,SHORT,5.644,5.53523958,5.53523958,5.75276042,TP,0.917561,0.969455,0.08303,0.0,503633547017.3226,0
beta_decouple,INJUSDT,2026-06-15 19:00:00+00:00,2026-06-15 19:02:00+00:00,LONG,5.61,5.69415,5.69415,5.52585,TP,0.892746,0.959412,0.106667,0.0,593556864542.1516,0
beta_decouple,INJUSDT,2026-06-15 22:00:00+00:00,2026-06-15 22:01:00+00:00,LONG,5.515,5.597725,5.597725,5.432275,TP,0.892746,0.959412,0.106667,0.0,699535909654.1521,0
beta_decouple,INJUSDT,2026-06-16 03:00:00+00:00,2026-06-16 03:01:00+00:00,SHORT,5.707,5.621395,5.621395,5.792605,TP,0.893922,0.960588,0.106667,0.0,824601948955.7036,0
beta_decouple,INJUSDT,2026-06-16 08:00:00+00:00,2026-06-16 08:01:00+00:00,SHORT,5.914,5.82529,5.82529,6.00271,TP,0.893922,0.960588,0.106667,0.0,972027832792.3411,0
beta_decouple,INJUSDT,2026-06-16 12:00:00+00:00,2026-06-16 12:02:00+00:00,LONG,5.915,5.986,6.003725,5.826275,TIME,0.693091,0.759757,0.106667,0.0,1106768533518.12,0
beta_decouple,INJUSDT,2026-06-16 13:00:00+00:00,2026-06-16 13:01:00+00:00,LONG,5.785,5.871775,5.871775,5.698225,TP,0.892746,0.959412,0.106667,0.0,1304381061228.9006,0
beta_decouple,INJUSDT,2026-06-16 14:00:00+00:00,2026-06-16 14:01:00+00:00,LONG,5.691,5.776365,5.776365,5.605635,TP,0.892746,0.959412,0.106667,0.0,1537277128293.7627,0
beta_decouple,INJUSDT,2026-06-16 22:00:00+00:00,2026-06-16 22:02:00+00:00,LONG,5.586,5.641,5.66979,5.50221,TIME,0.549355,0.616021,0.106667,0.0,1706179155507.9868,0
beta_decouple,INJUSDT,2026-06-16 23:00:00+00:00,2026-06-16 23:02:00+00:00,LONG,5.541,5.59,5.624115,5.457885,TIME,0.482536,0.549203,0.106667,0.0,1870837836309.8665,0
beta_decouple,INJUSDT,2026-06-17 06:00:00+00:00,2026-06-17 06:02:00+00:00,LONG,5.563,5.608,5.646445,5.479555,TIME,0.432299,0.498966,0.106667,0.0,2032590187034.5437,0
beta_decouple,INJUSDT,2026-06-17 07:00:00+00:00,2026-06-17 07:02:00+00:00,LONG,5.516,5.54,5.59874,5.43326,TIME,0.183237,0.249903,0.106667,0.0,2107079173078.7593,0
beta_decouple,INJUSDT,2026-06-17 08:00:00+00:00,2026-06-17 08:01:00+00:00,LONG,5.414,5.49521,5.49521,5.33279,TP,0.892746,0.959412,0.106667,0.0,2483296267140.2017,0
beta_decouple,INJUSDT,2026-06-17 15:00:00+00:00,2026-06-17 15:01:00+00:00,SHORT,5.532,5.44902,5.44902,5.61498,TP,0.893922,0.960588,0.106667,0.0,2927270656813.9175,0
beta_decouple,INJUSDT,2026-06-17 17:00:00+00:00,2026-06-17 17:01:00+00:00,SHORT,5.623,5.538655,5.538655,5.707345,TP,0.893922,0.960588,0.106667,0.0,3450620697832.3447,0
beta_decouple,INJUSDT,2026-06-18 03:00:00+00:00,2026-06-18 03:01:00+00:00,LONG,5.279,5.358185,5.358185,5.199815,TP,0.892746,0.959412,0.106667,0.0,4066725924552.3896,0
beta_decouple,INJUSDT,2026-06-18 04:00:00+00:00,2026-06-18 04:02:00+00:00,LONG,5.244,5.296,5.32266,5.16534,TIME,0.554022,0.620688,0.106667,0.0,4517336869368.907,0
beta_decouple,INJUSDT,2026-06-18 08:00:00+00:00,2026-06-18 08:02:00+00:00,SHORT,5.274,5.257,5.19489,5.35311,TIME,0.108341,0.175008,0.106667,0.0,4615219393244.316,0
beta_decouple,INJUSDT,2026-06-18 11:00:00+00:00,2026-06-18 11:02:00+00:00,LONG,5.194,5.247,5.27191,5.11609,TIME,0.573209,0.639876,0.106667,0.0,5144316818998.287,0
beta_decouple,INJUSDT,2026-06-18 15:00:00+00:00,2026-06-18 15:01:00+00:00,LONG,5.09,5.16635,5.16635,5.01365,TP,0.892746,0.959412,0.106667,0.0,6062829967105.141,0
beta_decouple,INJUSDT,2026-06-18 19:00:00+00:00,2026-06-18 19:01:00+00:00,SHORT,5.216,5.13776,5.13776,5.29424,TP,0.893922,0.960588,0.106667,0.0,7146768790659.557,0
beta_decouple,INJUSDT,2026-06-18 20:00:00+00:00,2026-06-18 20:01:00+00:00,SHORT,5.321,5.241185,5.241185,5.400815,TP,0.893922,0.960588,0.106667,0.0,8424498860147.519,0
beta_decouple,INJUSDT,2026-06-18 23:00:00+00:00,2026-06-18 23:01:00+00:00,SHORT,5.401,5.319985,5.319985,5.482015,TP,0.893922,0.960588,0.106667,0.0,9930667008198.68,0
beta_decouple,INJUSDT,2026-06-19 03:00:00+00:00,2026-06-19 03:01:00+00:00,LONG,5.106,5.18259,5.18259,5.02941,TP,0.892746,0.959412,0.106667,0.0,11703778684138.885,0
beta_decouple,INJUSDT,2026-06-19 04:00:00+00:00,2026-06-19 04:02:00+00:00,LONG,5.055,5.082,5.130825,4.979175,TIME,0.249215,0.315881,0.106667,0.0,12287129727191.867,0
beta_decouple,INJUSDT,2026-06-19 13:00:00+00:00,2026-06-19 13:02:00+00:00,SHORT,5.119,5.062,5.042215,5.195785,TIME,0.636099,0.702766,0.106667,0.0,13850296773016.492,0
beta_decouple,INJUSDT,2026-06-19 15:00:00+00:00,2026-06-19 15:02:00+00:00,SHORT,5.127,5.078,5.050095,5.203905,TIME,0.530853,0.59752,0.106667,0.0,15320792378218.254,0
beta_decouple,INJUSDT,2026-06-19 22:00:00+00:00,2026-06-19 22:02:00+00:00,SHORT,5.09,5.058,5.01365,5.16635,TIME,0.312695,0.379362,0.106667,0.0,16278940457695.348,0
beta_decouple,INJUSDT,2026-06-19 23:00:00+00:00,2026-06-19 23:02:00+00:00,SHORT,5.129,5.101,5.052065,5.205935,TIME,0.257483,0.32415,0.106667,0.0,17117251682911.771,0
beta_decouple,INJUSDT,2026-06-20 04:00:00+00:00,2026-06-20 04:02:00+00:00,SHORT,5.108,5.06,5.03138,5.18462,TIME,0.520166,0.586832,0.106667,0.0,18898012810561.96,0
beta_decouple,INJUSDT,2026-06-20 05:00:00+00:00,2026-06-20 05:02:00+00:00,SHORT,5.142,5.118,5.06487,5.21913,TIME,0.204671,0.271338,0.106667,0.0,19671588054988.625,0
beta_decouple,INJUSDT,2026-06-20 13:00:00+00:00,2026-06-20 13:01:00+00:00,LONG,4.965,5.039475,5.039475,4.890525,TP,0.892746,0.959412,0.106667,0.0,23183932435863.465,0
beta_decouple,INJUSDT,2026-06-20 22:00:00+00:00,2026-06-20 22:02:00+00:00,SHORT,5.073,5.017,4.996905,5.149095,TIME,0.629685,0.696352,0.106667,0.0,26103648346180.64,0
beta_decouple,INJUSDT,2026-06-21 03:00:00+00:00,2026-06-21 03:02:00+00:00,SHORT,5.078,5.013,5.00183,5.15417,TIME,0.747188,0.813855,0.106667,0.0,30004514044670.164,0
beta_decouple,INJUSDT,2026-06-21 11:00:00+00:00,2026-06-21 11:02:00+00:00,LONG,4.978,5.024,5.05267,4.90333,TIME,0.50902,0.575686,0.106667,0.0,33059092037300.906,0
beta_decouple,INJUSDT,2026-06-21 16:00:00+00:00,2026-06-21 16:02:00+00:00,LONG,4.933,4.985,5.006995,4.859005,TIME,0.595674,0.662341,0.106667,0.0,36997580301813.055,0
beta_decouple,INJUSDT,2026-06-21 17:00:00+00:00,2026-06-21 17:02:00+00:00,LONG,4.92,4.934,4.9938,4.8462,TIME,0.082933,0.1496,0.106667,0.0,37611247621193.74,0
beta_decouple,INJUSDT,2026-06-21 21:00:00+00:00,2026-06-21 21:02:00+00:00,LONG,4.86,4.906,4.9329,4.7871,TIME,0.523968,0.590635,0.106667,0.0,41552667271173.38,0
beta_decouple,INJUSDT,2026-06-22 01:00:00+00:00,2026-06-22 01:01:00+00:00,SHORT,5.0,4.925,4.925,5.075,TP,0.893922,0.960588,0.106667,0.0,48981631883712.14,0
beta_decouple,INJUSDT,2026-06-22 11:00:00+00:00,2026-06-22 11:02:00+00:00,SHORT,4.942,4.888,4.86787,5.01613,TIME,0.622209,0.688875,0.106667,0.0,55076989925074.41,0
beta_decouple,INJUSDT,2026-06-22 12:00:00+00:00,2026-06-22 12:02:00+00:00,SHORT,4.983,4.937,4.908255,5.057745,TIME,0.509116,0.575783,0.106667,0.0,60685110539951.734,0
beta_decouple,INJUSDT,2026-06-22 13:00:00+00:00,2026-06-22 13:02:00+00:00,SHORT,5.009,4.98,4.933865,5.084135,TIME,0.279525,0.346192,0.106667,0.0,64077710426058.57,0
beta_decouple,INJUSDT,2026-06-22 15:00:00+00:00,2026-06-22 15:01:00+00:00,LONG,4.823,4.895345,4.895345,4.750655,TP,0.892746,0.959412,0.106667,0.0,75518728076751.95,0
beta_decouple,INJUSDT,2026-06-22 22:00:00+00:00,2026-06-22 22:02:00+00:00,LONG,4.8,4.843,4.872,4.728,TIME,0.490209,0.556876,0.106667,0.0,82922725036303.9,0
beta_decouple,INJUSDT,2026-06-23 03:00:00+00:00,2026-06-23 03:02:00+00:00,SHORT,4.838,4.788,4.76543,4.91057,TIME,0.582725,0.649391,0.106667,0.0,92586950518011.64,0
beta_decouple,INJUSDT,2026-06-23 04:00:00+00:00,2026-06-23 04:01:00+00:00,LONG,4.652,4.72178,4.72178,4.58222,TP,0.892746,0.959412,0.106667,0.0,109118267384003.66,0
beta_decouple,INJUSDT,2026-06-23 11:00:00+00:00,2026-06-23 11:02:00+00:00,SHORT,4.603,4.562,4.533955,4.672045,TIME,0.487493,0.55416,0.106667,0.0,119757153403400.95,0
beta_decouple,INJUSDT,2026-06-23 18:00:00+00:00,2026-06-23 18:02:00+00:00,SHORT,4.537,4.525,4.468945,4.605055,TIME,0.069755,0.136422,0.106667,0.0,121427888523190.66,0
beta_decouple,INJUSDT,2026-06-23 19:00:00+00:00,2026-06-23 19:02:00+00:00,SHORT,4.565,4.541,4.496525,4.633475,TIME,0.244025,0.310691,0.106667,0.0,127354166159891.97,0
beta_decouple,INJUSDT,2026-06-23 20:00:00+00:00,2026-06-23 20:02:00+00:00,SHORT,4.601,4.584,4.531985,4.670015,TIME,0.139792,0.206459,0.106667,0.0,130914795859541.53,0
beta_decouple,INJUSDT,2026-06-24 05:00:00+00:00,2026-06-24 05:02:00+00:00,SHORT,4.536,4.522,4.46796,4.60404,TIME,0.099206,0.165873,0.106667,0.0,133512306184361.84,0
beta_decouple,INJUSDT,2026-06-24 06:00:00+00:00,2026-06-24 06:02:00+00:00,SHORT,4.54,4.534,4.4719,4.6081,TIME,-0.01852,0.048147,0.106667,0.0,133017774890745.48,0
beta_decouple,INJUSDT,2026-06-24 09:00:00+00:00,2026-06-24 09:02:00+00:00,LONG,4.485,4.514,4.552275,4.417725,TIME,0.324153,0.39082,0.106667,0.0,141641404640640.1,0
beta_decouple,INJUSDT,2026-06-24 10:00:00+00:00,2026-06-24 10:02:00+00:00,LONG,4.449,4.48,4.515735,4.382265,TIME,0.357591,0.424257,0.106667,0.0,151771330539532.22,0
beta_decouple,INJUSDT,2026-06-24 11:00:00+00:00,2026-06-24 11:01:00+00:00,LONG,4.332,4.39698,4.39698,4.26702,TP,0.892746,0.959412,0.106667,0.0,178869965307010.28,0
beta_decouple,INJUSDT,2026-06-24 16:00:00+00:00,2026-06-24 16:01:00+00:00,LONG,4.207,4.27389583,4.27389583,4.14010417,TP,0.898789,0.961678,0.100622,0.0,211023250531337.84,0
beta_decouple,INJUSDT,2026-06-24 17:00:00+00:00,2026-06-24 17:01:00+00:00,LONG,4.164,4.23803125,4.23803125,4.08996875,TP,0.909416,0.965662,0.089994,0.0,249404829263111.47,0
beta_decouple,INJUSDT,2026-06-24 20:00:00+00:00,2026-06-24 20:02:00+00:00,SHORT,4.296,4.302,4.23156,4.36044,TIME,-0.199844,-0.133178,0.106667,0.0,239436396443538.22,0
beta_decouple,NEARUSDT,2026-05-15 05:00:00+00:00,2026-05-15 05:02:00+00:00,LONG,1.545,1.566,1.568175,1.521825,TIME,0.798951,0.865617,0.106667,0.0,8.118531,0
beta_decouple,NEARUSDT,2026-05-15 07:00:00+00:00,2026-05-15 07:02:00+00:00,SHORT,1.578,1.562,1.55433,1.60167,TIME,0.569688,0.636355,0.106667,0.0,9.043537,0
beta_decouple,NEARUSDT,2026-05-15 13:00:00+00:00,2026-05-15 13:02:00+00:00,LONG,1.521,1.533,1.543815,1.498185,TIME,0.419,0.485666,0.106667,0.0,9.801385,0
beta_decouple,NEARUSDT,2026-05-15 16:00:00+00:00,2026-05-15 16:01:00+00:00,SHORT,1.557,1.533645,1.533645,1.580355,TP,0.893922,0.960588,0.106667,0.0,11.553719,0
beta_decouple,NEARUSDT,2026-05-15 17:00:00+00:00,2026-05-15 17:02:00+00:00,SHORT,1.575,1.559,1.551375,1.598625,TIME,0.570976,0.637643,0.106667,0.0,12.873099,0
beta_decouple,NEARUSDT,2026-05-16 03:00:00+00:00,2026-05-16 03:02:00+00:00,SHORT,1.552,1.543,1.52872,1.57528,TIME,0.280151,0.346818,0.106667,0.0,13.594382,0
beta_decouple,NEARUSDT,2026-05-16 04:00:00+00:00,2026-05-16 04:01:00+00:00,LONG,1.526,1.54889,1.54889,1.50311,TP,0.892746,0.959412,0.106667,0.0,16.021647,0
beta_decouple,NEARUSDT,2026-05-16 06:00:00+00:00,2026-05-16 06:02:00+00:00,LONG,1.507,1.521,1.529605,1.484395,TIME,0.512306,0.578973,0.106667,0.0,17.663243,0
beta_decouple,NEARUSDT,2026-05-16 16:00:00+00:00,2026-05-16 16:02:00+00:00,SHORT,1.491,1.491,1.468635,1.513365,TIME,-0.106679,-0.040012,0.106667,0.0,17.286385,0
beta_decouple,NEARUSDT,2026-05-16 17:00:00+00:00,2026-05-16 17:02:00+00:00,SHORT,1.5,1.495,1.4775,1.5225,TIME,0.115677,0.182344,0.106667,0.0,17.686312,0
beta_decouple,NEARUSDT,2026-05-16 23:00:00+00:00,2026-05-16 23:02:00+00:00,SHORT,1.496,1.493,1.47356,1.51844,TIME,0.027091,0.093758,0.106667,0.0,17.782142,0
beta_decouple,NEARUSDT,2026-05-17 03:00:00+00:00,2026-05-17 03:02:00+00:00,SHORT,1.504,1.492,1.48144,1.52656,TIME,0.425555,0.492222,0.106667,0.0,19.295599,0
beta_decouple,NEARUSDT,2026-05-17 04:00:00+00:00,2026-05-17 04:02:00+00:00,SHORT,1.521,1.503,1.498185,1.543815,TIME,0.682749,0.749416,0.106667,0.0,21.930411,0
beta_decouple,NEARUSDT,2026-05-17 09:00:00+00:00,2026-05-17 09:02:00+00:00,SHORT,1.549,1.535,1.525765,1.572235,TIME,0.496222,0.562889,0.106667,0.0,24.106883,0
beta_decouple,NEARUSDT,2026-05-17 13:00:00+00:00,2026-05-17 13:02:00+00:00,LONG,1.538,1.546,1.56107,1.51493,TIME,0.239908,0.306575,0.106667,0.0,25.26357,0
beta_decouple,NEARUSDT,2026-05-17 14:00:00+00:00,2026-05-17 14:02:00+00:00,LONG,1.528,1.537,1.55092,1.50508,TIME,0.28578,0.352447,0.106667,0.0,26.707534,0
beta_decouple,NEARUSDT,2026-05-17 15:00:00+00:00,2026-05-17 15:02:00+00:00,LONG,1.524,1.528,1.54686,1.50114,TIME,0.068219,0.134885,0.106667,0.0,27.071924,0
beta_decouple,NEARUSDT,2026-05-17 20:00:00+00:00,2026-05-17 20:02:00+00:00,SHORT,1.534,1.527,1.51099,1.55701,TIME,0.197719,0.264386,0.106667,0.0,28.142453,0
beta_decouple,NEARUSDT,2026-05-17 22:00:00+00:00,2026-05-17 22:02:00+00:00,LONG,1.514,1.516,1.53671,1.49129,TIME,-0.018641,0.048026,0.106667,0.0,28.037535,0
beta_decouple,NEARUSDT,2026-05-17 23:00:00+00:00,2026-05-17 23:02:00+00:00,LONG,1.508,1.514,1.53062,1.48538,TIME,0.158438,0.225105,0.106667,0.0,28.925978,0
beta_decouple,NEARUSDT,2026-05-18 07:00:00+00:00,2026-05-18 07:02:00+00:00,LONG,1.484,1.498,1.50626,1.46174,TIME,0.521899,0.588566,0.106667,0.0,31.945265,0
beta_decouple,NEARUSDT,2026-05-18 10:00:00+00:00,2026-05-18 10:01:00+00:00,SHORT,1.508,1.48538,1.48538,1.53062,TP,0.893922,0.960588,0.106667,0.0,37.656577,0
beta_decouple,NEARUSDT,2026-05-18 11:00:00+00:00,2026-05-18 11:02:00+00:00,SHORT,1.519,1.508,1.496215,1.541785,TIME,0.376385,0.443052,0.106667,0.0,40.49125,0
beta_decouple,NEARUSDT,2026-05-18 17:00:00+00:00,2026-05-18 17:01:00+00:00,SHORT,1.545,1.521825,1.521825,1.568175,TP,0.893922,0.960588,0.106667,0.0,47.73045,0
beta_decouple,NEARUSDT,2026-05-18 19:00:00+00:00,2026-05-18 19:01:00+00:00,SHORT,1.574,1.55039,1.55039,1.59761,TP,0.893922,0.960588,0.106667,0.0,56.263905,0
beta_decouple,NEARUSDT,2026-05-18 20:00:00+00:00,2026-05-18 20:02:00+00:00,SHORT,1.586,1.589,1.56221,1.60979,TIME,-0.232858,-0.166191,0.106667,0.0,53.643608,0
beta_decouple,NEARUSDT,2026-05-19 02:00:00+00:00,2026-05-19 02:02:00+00:00,LONG,1.606,1.61,1.63009,1.58191,TIME,0.05929,0.125956,0.106667,0.0,54.279711,0
beta_decouple,NEARUSDT,2026-05-19 10:00:00+00:00,2026-05-19 10:01:00+00:00,LONG,1.606,1.63009,1.63009,1.58191,TP,0.892746,0.959412,0.106667,0.0,63.971305,0
beta_decouple,NEARUSDT,2026-05-19 11:00:00+00:00,2026-05-19 11:02:00+00:00,LONG,1.597,1.604,1.620955,1.573045,TIME,0.185385,0.252051,0.106667,0.0,66.343164,0
beta_decouple,NEARUSDT,2026-05-19 16:00:00+00:00,2026-05-19 16:01:00+00:00,SHORT,1.658,1.63313,1.63313,1.68287,TP,0.893922,0.960588,0.106667,0.0,78.20428,0
beta_decouple,NEARUSDT,2026-05-19 17:00:00+00:00,2026-05-19 17:02:00+00:00,SHORT,1.676,1.657,1.65086,1.70114,TIME,0.649543,0.716209,0.106667,0.0,88.363683,0
beta_decouple,NEARUSDT,2026-05-20 02:00:00+00:00,2026-05-20 02:02:00+00:00,LONG,1.583,1.592,1.606745,1.559255,TIME,0.272145,0.338812,0.106667,0.0,93.173232,0
beta_decouple,NEARUSDT,2026-05-20 05:00:00+00:00,2026-05-20 05:01:00+00:00,SHORT,1.661,1.636085,1.636085,1.685915,TP,0.893922,0.960588,0.106667,0.0,109.831143,0
beta_decouple,NEARUSDT,2026-05-20 11:00:00+00:00,2026-05-20 11:02:00+00:00,LONG,1.64,1.65,1.6646,1.6154,TIME,0.299606,0.366272,0.106667,0.0,116.412348,0
beta_decouple,NEARUSDT,2026-05-20 14:00:00+00:00,2026-05-20 14:01:00+00:00,SHORT,1.688,1.66268,1.66268,1.71332,TP,0.893922,0.960588,0.106667,0.0,137.225048,0
beta_decouple,NEARUSDT,2026-05-20 21:00:00+00:00,2026-05-20 21:01:00+00:00,SHORT,1.719,1.693215,1.693215,1.744785,TP,0.893922,0.960588,0.106667,0.0,161.758733,0
beta_decouple,NEARUSDT,2026-05-21 04:00:00+00:00,2026-05-21 04:01:00+00:00,SHORT,1.774,1.74739,1.74739,1.80061,TP,0.893922,0.960588,0.106667,0.0,190.678655,0
beta_decouple,NEARUSDT,2026-05-21 06:00:00+00:00,2026-05-21 06:01:00+00:00,LONG,1.71,1.73565,1.73565,1.68435,TP,0.892746,0.959412,0.106667,0.0,224.724157,0
beta_decouple,NEARUSDT,2026-05-21 15:00:00+00:00,2026-05-21 15:01:00+00:00,SHORT,1.805,1.777925,1.777925,1.832075,TP,0.893922,0.960588,0.106667,0.0,264.901309,0
beta_decouple,NEARUSDT,2026-05-21 17:00:00+00:00,2026-05-21 17:01:00+00:00,SHORT,1.857,1.82710417,1.82710417,1.88689583,TP,0.901204,0.96332,0.099385,0.0,312.647328,0
beta_decouple,NEARUSDT,2026-05-21 19:00:00+00:00,2026-05-21 19:01:00+00:00,SHORT,1.923,1.88080208,1.88080208,1.96519792,TP,0.927678,0.973249,0.072914,0.0,370.654564,0
beta_decouple,NEARUSDT,2026-05-22 01:00:00+00:00,2026-05-22 01:02:00+00:00,SHORT,2.02,1.98,1.96903125,2.07096875,TIME,0.721847,0.761479,0.063411,0.0,424.165747,0
beta_decouple,NEARUSDT,2026-05-22 02:00:00+00:00,2026-05-22 02:02:00+00:00,SHORT,2.063,2.041,2.00477083,2.12122917,TIME,0.321352,0.356781,0.056686,0.0,451.42701,0
beta_decouple,NEARUSDT,2026-05-22 03:00:00+00:00,2026-05-22 03:02:00+00:00,SHORT,2.118,2.082,2.05,2.186,TIME,0.479889,0.511036,0.049835,0.0,494.753946,0
beta_decouple,NEARUSDT,2026-05-22 04:00:00+00:00,2026-05-22 04:02:00+00:00,SHORT,2.172,2.106,2.09464583,2.24935417,TIME,0.8088,0.836878,0.044926,0.0,574.785307,0
beta_decouple,NEARUSDT,2026-05-22 09:00:00+00:00,2026-05-22 09:02:00+00:00,LONG,2.251,2.27,2.32253125,2.17946875,TIME,0.215114,0.246583,0.05035,0.0,599.514236,0
beta_decouple,NEARUSDT,2026-05-22 10:00:00+00:00,2026-05-22 10:02:00+00:00,LONG,2.261,2.234,2.32959375,2.19240625,TIME,-0.446119,-0.413157,0.052739,0.0,546.023258,0
beta_decouple,NEARUSDT,2026-05-22 11:00:00+00:00,2026-05-22 11:02:00+00:00,LONG,2.23,2.252,2.28572917,2.17427083,TIME,0.330513,0.370528,0.064024,0.0,582.116798,0
beta_decouple,NEARUSDT,2026-05-22 14:00:00+00:00,2026-05-22 14:02:00+00:00,LONG,2.243,2.28,2.28538542,2.20061458,TIME,0.787757,0.840676,0.084671,0.0,673.830119,0
beta_decouple,NEARUSDT,2026-05-22 15:00:00+00:00,2026-05-22 15:01:00+00:00,LONG,2.197,2.229955,2.229955,2.164045,TP,0.892746,0.959412,0.106667,0.0,794.141881,0
beta_decouple,NEARUSDT,2026-05-22 16:00:00+00:00,2026-05-22 16:01:00+00:00,LONG,2.173,2.205595,2.205595,2.140405,TP,0.892746,0.959412,0.106667,0.0,935.935201,0
beta_decouple,NEARUSDT,2026-05-22 19:00:00+00:00,2026-05-22 19:01:00+00:00,LONG,2.116,2.14774,2.14774,2.08426,TP,0.892746,0.959412,0.106667,0.0,1103.045591,0
beta_decouple,NEARUSDT,2026-05-22 21:00:00+00:00,2026-05-22 21:01:00+00:00,LONG,2.078,2.10917,2.10917,2.04683,TP,0.892746,0.959412,0.106667,0.0,1299.99339,0
beta_decouple,NEARUSDT,2026-05-23 04:00:00+00:00,2026-05-23 04:01:00+00:00,LONG,2.064,2.09496,2.09496,2.03304,TP,0.892746,0.959412,0.106667,0.0,1532.106043,0
beta_decouple,NEARUSDT,2026-05-23 07:00:00+00:00,2026-05-23 07:02:00+00:00,LONG,2.027,2.048,2.058625,1.995375,TIME,0.561093,0.625188,0.102552,0.0,1704.036861,0
beta_decouple,NEARUSDT,2026-05-23 09:00:00+00:00,2026-05-23 09:02:00+00:00,SHORT,2.07,2.063,2.03895,2.10105,TIME,0.118899,0.185566,0.106667,0.0,1744.558677,0
beta_decouple,NEARUSDT,2026-05-23 12:00:00+00:00,2026-05-23 12:02:00+00:00,SHORT,2.101,2.069485,2.069485,2.132515,TP,0.893922,0.960588,0.106667,0.0,2056.458382,0
beta_decouple,NEARUSDT,2026-05-23 13:00:00+00:00,2026-05-23 13:02:00+00:00,SHORT,2.103,2.121,2.071455,2.134545,TIME,-0.677635,-0.610968,0.106667,0.0,1777.752932,0
beta_decouple,NEARUSDT,2026-05-23 14:00:00+00:00,2026-05-23 14:01:00+00:00,SHORT,2.185,2.152225,2.152225,2.217775,TP,0.893922,0.960588,0.106667,0.0,2095.587249,0
beta_decouple,NEARUSDT,2026-05-23 15:00:00+00:00,2026-05-23 15:01:00+00:00,SHORT,2.259,2.22109375,2.22109375,2.29690625,TP,0.905238,0.964833,0.095351,0.0,2474.988467,0
beta_decouple,NEARUSDT,2026-05-23 16:00:00+00:00,2026-05-23 16:01:00+00:00,SHORT,2.399,2.32844792,2.32844792,2.46955208,TP,0.946189,0.980192,0.054405,0.0,2943.34977,0
beta_decouple,NEARUSDT,2026-05-24 00:00:00+00:00,2026-05-24 00:01:00+00:00,LONG,2.399,2.44598958,2.44598958,2.35201042,TP,0.917723,0.968777,0.081686,0.0,3483.585831,0
beta_decouple,NEARUSDT,2026-05-24 01:00:00+00:00,2026-05-24 01:02:00+00:00,LONG,2.388,2.388,2.42908333,2.34691667,TIME,-0.092991,-0.034865,0.093001,0.0,3418.797574,0
beta_decouple,NEARUSDT,2026-05-24 05:00:00+00:00,2026-05-24 05:01:00+00:00,LONG,2.35,2.38525,2.38525,2.31475,TP,0.892746,0.959412,0.106667,0.0,4029.220811,0
beta_decouple,NEARUSDT,2026-05-24 09:00:00+00:00,2026-05-24 09:02:00+00:00,LONG,2.361,2.371,2.396415,2.325585,TIME,0.175542,0.242209,0.106667,0.0,4170.680459,0
beta_decouple,NEARUSDT,2026-05-24 10:00:00+00:00,2026-05-24 10:02:00+00:00,LONG,2.357,2.358,2.392355,2.321645,TIME,-0.078387,-0.01172,0.106667,0.0,4105.294956,0
beta_decouple,NEARUSDT,2026-05-24 14:00:00+00:00,2026-05-24 14:01:00+00:00,SHORT,2.492,2.45462,2.45462,2.52938,TP,0.893922,0.960588,0.106667,0.0,4839.257249,0
beta_decouple,NEARUSDT,2026-05-24 21:00:00+00:00,2026-05-24 21:01:00+00:00,LONG,2.392,2.42788,2.42788,2.35612,TP,0.892746,0.959412,0.106667,0.0,5703.302284,0
beta_decouple,NEARUSDT,2026-05-25 08:00:00+00:00,2026-05-25 08:02:00+00:00,SHORT,2.414,2.387,2.37779,2.45021,TIME,0.639419,0.706086,0.106667,0.0,6432.662512,0
beta_decouple,NEARUSDT,2026-05-25 10:00:00+00:00,2026-05-25 10:01:00+00:00,SHORT,2.459,2.422115,2.422115,2.495885,TP,0.893922,0.960588,0.106667,0.0,7582.721589,0
beta_decouple,NEARUSDT,2026-05-25 12:00:00+00:00,2026-05-25 12:01:00+00:00,SHORT,2.481,2.443785,2.443785,2.518215,TP,0.893922,0.960588,0.106667,0.0,8938.393175,0
beta_decouple,NEARUSDT,2026-05-25 13:00:00+00:00,2026-05-25 13:01:00+00:00,SHORT,2.615,2.56620833,2.56620833,2.66379167,TP,0.914838,0.968433,0.085752,0.0,10573.829847,0
beta_decouple,NEARUSDT,2026-05-25 14:00:00+00:00,2026-05-25 14:02:00+00:00,SHORT,2.674,2.631,2.61235417,2.73564583,TIME,0.628541,0.671918,0.069403,0.0,11903.046709,0
beta_decouple,NEARUSDT,2026-05-25 22:00:00+00:00,2026-05-25 22:02:00+00:00,LONG,2.764,2.775,2.821125,2.706875,TIME,0.115037,0.163422,0.077416,0.0,12176.905312,0
beta_decouple,NEARUSDT,2026-05-25 23:00:00+00:00,2026-05-25 23:02:00+00:00,LONG,2.77,2.777,2.82470833,2.71529167,TIME,0.046872,0.097504,0.081011,0.0,12291.05697,0
beta_decouple,NEARUSDT,2026-05-26 00:00:00+00:00,2026-05-26 00:01:00+00:00,LONG,2.717,2.757755,2.757755,2.676245,TP,0.892746,0.959412,0.106667,0.0,14485.614154,0
beta_decouple,NEARUSDT,2026-05-26 01:00:00+00:00,2026-05-26 01:01:00+00:00,LONG,2.685,2.725275,2.725275,2.644725,TP,0.892746,0.959412,0.106667,0.0,17072.007553,0
beta_decouple,NEARUSDT,2026-05-26 06:00:00+00:00,2026-05-26 06:02:00+00:00,LONG,2.733,2.717,2.773995,2.692005,TIME,-0.496712,-0.430045,0.106667,0.0,15376.033129,0
beta_decouple,NEARUSDT,2026-05-26 07:00:00+00:00,2026-05-26 07:02:00+00:00,LONG,2.718,2.733,2.75877,2.67723,TIME,0.261042,0.327709,0.106667,0.0,16178.79193,0
beta_decouple,NEARUSDT,2026-05-26 10:00:00+00:00,2026-05-26 10:01:00+00:00,SHORT,2.893,2.84838542,2.84838542,2.93761458,TP,0.896838,0.961682,0.103751,0.0,19080.74196,0
beta_decouple,NEARUSDT,2026-05-26 16:00:00+00:00,2026-05-26 16:02:00+00:00,LONG,2.738,2.747,2.77907,2.69693,TIME,0.112352,0.179019,0.106667,0.0,19509.493648,0
beta_decouple,NEARUSDT,2026-05-26 17:00:00+00:00,2026-05-26 17:01:00+00:00,LONG,2.694,2.73441,2.73441,2.65359,TP,0.892746,0.959412,0.106667,0.0,22992.896218,0
beta_decouple,NEARUSDT,2026-05-26 18:00:00+00:00,2026-05-26 18:01:00+00:00,LONG,2.622,2.66133,2.66133,2.58267,TP,0.892746,0.959412,0.106667,0.0,27098.257189,0
beta_decouple,NEARUSDT,2026-05-26 23:00:00+00:00,2026-05-26 23:01:00+00:00,LONG,2.553,2.59571875,2.59571875,2.51028125,TP,0.90379,0.963553,0.095621,0.0,31996.484821,0
beta_decouple,NEARUSDT,2026-05-28 00:00:00+00:00,2026-05-28 00:02:00+00:00,LONG,2.45,2.5,2.51071875,2.38928125,TIME,0.758422,0.798772,0.06456,0.0,36849.853905,0
beta_decouple,NEARUSDT,2026-05-28 05:00:00+00:00,2026-05-28 05:02:00+00:00,SHORT,2.418,2.413,2.36627083,2.46972917,TIME,0.021917,0.068661,0.07479,0.0,37011.384031,0
beta_decouple,NEARUSDT,2026-05-28 07:00:00+00:00,2026-05-28 07:02:00+00:00,SHORT,2.414,2.378,2.36978125,2.45821875,TIME,0.727266,0.781858,0.087348,0.0,42394.804658,0
beta_decouple,NEARUSDT,2026-05-28 09:00:00+00:00,2026-05-28 09:01:00+00:00,SHORT,2.418,2.38173,2.38173,2.45427,TP,0.893922,0.960588,0.106667,0.0,49974.330215,0
beta_decouple,NEARUSDT,2026-05-28 16:00:00+00:00,2026-05-28 16:01:00+00:00,SHORT,2.348,2.31278,2.31278,2.38322,TP,0.893922,0.960588,0.106667,0.0,58908.955958,0
beta_decouple,NEARUSDT,2026-05-28 17:00:00+00:00,2026-05-28 17:02:00+00:00,SHORT,2.356,2.343,2.32066,2.39134,TIME,0.261397,0.328064,0.106667,0.0,61988.683549,0
beta_decouple,NEARUSDT,2026-05-28 18:00:00+00:00,2026-05-28 18:01:00+00:00,SHORT,2.417,2.380745,2.380745,2.453255,TP,0.893922,0.960588,0.106667,0.0,73071.287066,0
beta_decouple,NEARUSDT,2026-05-29 00:00:00+00:00,2026-05-29 00:01:00+00:00,SHORT,2.511,2.473335,2.473335,2.548665,TP,0.893922,0.960588,0.106667,0.0,86135.286118,0
beta_decouple,NEARUSDT,2026-05-29 01:00:00+00:00,2026-05-29 01:01:00+00:00,SHORT,2.55,2.51175,2.51175,2.58825,TP,0.893922,0.960588,0.106667,0.0,101534.92312,0
beta_decouple,NEARUSDT,2026-05-29 11:00:00+00:00,2026-05-29 11:02:00+00:00,LONG,2.485,2.487,2.522275,2.447725,TIME,-0.053032,0.013635,0.106667,0.0,100458.011461,0
beta_decouple,NEARUSDT,2026-05-29 12:00:00+00:00,2026-05-29 12:01:00+00:00,LONG,2.432,2.46848,2.46848,2.39552,TP,0.892746,0.959412,0.106667,0.0,118394.699189,0
beta_decouple,NEARUSDT,2026-05-29 15:00:00+00:00,2026-05-29 15:01:00+00:00,SHORT,2.55,2.51175,2.51175,2.58825,TP,0.893922,0.960588,0.106667,0.0,139561.812839,0
beta_decouple,NEARUSDT,2026-05-29 16:00:00+00:00,2026-05-29 16:01:00+00:00,SHORT,2.59,2.55115,2.55115,2.62885,TP,0.893922,0.960588,0.106667,0.0,164513.274128,0
beta_decouple,NEARUSDT,2026-05-29 20:00:00+00:00,2026-05-29 20:01:00+00:00,LONG,2.5,2.5375,2.5375,2.4625,TP,0.892746,0.959412,0.106667,0.0,193886.97148,0
beta_decouple,NEARUSDT,2026-05-29 21:00:00+00:00,2026-05-29 21:01:00+00:00,LONG,2.362,2.39743,2.39743,2.32657,TP,0.892746,0.959412,0.106667,0.0,228505.316114,0
beta_decouple,NEARUSDT,2026-05-30 04:00:00+00:00,2026-05-30 04:01:00+00:00,LONG,2.309,2.3469375,2.3469375,2.2710625,TP,0.90203,0.962893,0.097381,0.0,269729.042195,0
beta_decouple,NEARUSDT,2026-05-30 15:00:00+00:00,2026-05-30 15:01:00+00:00,LONG,2.341,2.376115,2.376115,2.305885,TP,0.892746,0.959412,0.106667,0.0,317888.920444,0
beta_decouple,NEARUSDT,2026-05-30 17:00:00+00:00,2026-05-30 17:01:00+00:00,LONG,2.309,2.343635,2.343635,2.274365,TP,0.892746,0.959412,0.106667,0.0,374647.701705,0
beta_decouple,NEARUSDT,2026-05-30 22:00:00+00:00,2026-05-30 22:02:00+00:00,LONG,2.267,2.286,2.301005,2.232995,TIME,0.451752,0.518418,0.106667,0.0,408497.237472,0
beta_decouple,NEARUSDT,2026-05-30 23:00:00+00:00,2026-05-30 23:02:00+00:00,LONG,2.248,2.276,2.28172,2.21428,TIME,0.723215,0.789882,0.106667,0.0,467583.502803,0
beta_decouple,NEARUSDT,2026-05-31 03:00:00+00:00,2026-05-31 03:02:00+00:00,SHORT,2.276,2.266,2.24186,2.31014,TIME,0.186409,0.253075,0.106667,0.0,485015.826588,0
beta_decouple,NEARUSDT,2026-05-31 04:00:00+00:00,2026-05-31 04:01:00+00:00,SHORT,2.327,2.292095,2.292095,2.361905,TP,0.893922,0.960588,0.106667,0.0,571729.042583,0
beta_decouple,NEARUSDT,2026-05-31 09:00:00+00:00,2026-05-31 09:02:00+00:00,LONG,2.26,2.274,2.2939,2.2261,TIME,0.306077,0.372744,0.106667,0.0,606727.660897,0
beta_decouple,NEARUSDT,2026-05-31 12:00:00+00:00,2026-05-31 12:01:00+00:00,SHORT,2.317,2.282245,2.282245,2.351755,TP,0.893922,0.960588,0.106667,0.0,715201.042228,0
beta_decouple,NEARUSDT,2026-05-31 13:00:00+00:00,2026-05-31 13:02:00+00:00,SHORT,2.321,2.318,2.286185,2.355815,TIME,-0.020457,0.046209,0.106667,0.0,712274.840293,0
beta_decouple,NEARUSDT,2026-05-31 18:00:00+00:00,2026-05-31 18:01:00+00:00,LONG,2.233,2.266495,2.266495,2.199505,TP,0.892746,0.959412,0.106667,0.0,839450.873359,0
beta_decouple,NEARUSDT,2026-05-31 21:00:00+00:00,2026-05-31 21:01:00+00:00,SHORT,2.319,2.284215,2.284215,2.353785,TP,0.893922,0.960588,0.106667,0.0,989531.51178,0
beta_decouple,NEARUSDT,2026-05-31 22:00:00+00:00,2026-05-31 22:02:00+00:00,SHORT,2.344,2.30884,2.30884,2.37916,TP,0.893922,0.960588,0.106667,0.0,1166444.212378,0
beta_decouple,NEARUSDT,2026-06-01 07:00:00+00:00,2026-06-01 07:02:00+00:00,LONG,2.305,2.315,2.339575,2.270425,TIME,0.182398,0.249065,0.106667,0.0,1208995.669296,0
beta_decouple,NEARUSDT,2026-06-01 12:00:00+00:00,2026-06-01 12:01:00+00:00,SHORT,2.364,2.32854,2.32854,2.39946,TP,0.893922,0.960588,0.106667,0.0,1425145.116101,0
beta_decouple,NEARUSDT,2026-06-01 13:00:00+00:00,2026-06-01 13:02:00+00:00,SHORT,2.377,2.343,2.341345,2.412655,TIME,0.847477,0.914143,0.106667,0.0,1666700.543285,0
beta_decouple,NEARUSDT,2026-06-01 16:00:00+00:00,2026-06-01 16:01:00+00:00,SHORT,2.448,2.41128,2.41128,2.48472,TP,0.893922,0.960588,0.106667,0.0,1964680.436488,0
beta_decouple,NEARUSDT,2026-06-01 17:00:00+00:00,2026-06-01 17:01:00+00:00,SHORT,2.532,2.48396875,2.48396875,2.58003125,TP,0.916246,0.968961,0.084345,0.0,2324706.397772,0
beta_decouple,NEARUSDT,2026-06-01 18:00:00+00:00,2026-06-01 18:02:00+00:00,SHORT,2.576,2.542,2.52054167,2.63145833,TIME,0.539114,0.585563,0.074319,0.0,2575362.569554,0
beta_decouple,NEARUSDT,2026-06-01 20:00:00+00:00,2026-06-01 20:01:00+00:00,SHORT,2.686,2.61136458,2.61136458,2.76063542,TP,0.943012,0.979001,0.057581,0.0,3061082.366982,0
beta_decouple,NEARUSDT,2026-06-03 04:00:00+00:00,2026-06-03 04:01:00+00:00,SHORT,2.82,2.75266667,2.75266667,2.88733333,TP,0.933583,0.975464,0.06701,0.0,3632637.098579,0
beta_decouple,NEARUSDT,2026-06-03 09:00:00+00:00,2026-06-03 09:01:00+00:00,LONG,2.829,2.87180208,2.87180208,2.78619792,TP,0.89366,0.959755,0.105752,0.0,4281905.746285,0
beta_decouple,NEARUSDT,2026-06-03 15:00:00+00:00,2026-06-03 15:01:00+00:00,LONG,2.94,2.9841,2.9841,2.8959,TP,0.892746,0.959412,0.106667,0.0,5046436.171859,0
beta_decouple,NEARUSDT,2026-06-03 16:00:00+00:00,2026-06-03 16:01:00+00:00,LONG,2.853,2.895795,2.895795,2.810205,TP,0.892746,0.959412,0.106667,0.0,5947472.818322,0
beta_decouple,NEARUSDT,2026-06-03 17:00:00+00:00,2026-06-03 17:01:00+00:00,LONG,2.802,2.84403,2.84403,2.75997,TP,0.892746,0.959412,0.106667,0.0,7009388.748823,0
beta_decouple,NEARUSDT,2026-06-04 01:00:00+00:00,2026-06-04 01:01:00+00:00,LONG,2.697,2.737455,2.737455,2.656545,TP,0.892746,0.959412,0.106667,0.0,8260908.815046,0
beta_decouple,NEARUSDT,2026-06-04 04:00:00+00:00,2026-06-04 04:01:00+00:00,LONG,2.629,2.6841875,2.6841875,2.5738125,TP,0.923189,0.970826,0.07622,0.0,9786184.173196,0
beta_decouple,NEARUSDT,2026-06-04 05:00:00+00:00,2026-06-04 05:01:00+00:00,LONG,2.537,2.61179167,2.61179167,2.46220833,TP,0.945133,0.979054,0.054273,0.0,11636033.015898,0
beta_decouple,NEARUSDT,2026-06-04 06:00:00+00:00,2026-06-04 06:02:00+00:00,LONG,2.463,2.543,2.55267708,2.37332292,TIME,0.847615,0.87508,0.043944,0.0,13608608.671979,0
beta_decouple,NEARUSDT,2026-06-04 11:00:00+00:00,2026-06-04 11:02:00+00:00,SHORT,2.446,2.396,2.37832292,2.51367708,TIME,0.681412,0.717554,0.057828,0.0,15463222.195991,0
beta_decouple,NEARUSDT,2026-06-04 15:00:00+00:00,2026-06-04 15:02:00+00:00,SHORT,2.39,2.363,2.33355208,2.44644792,TIME,0.410853,0.453193,0.067744,0.0,16733843.270745,0
beta_decouple,NEARUSDT,2026-06-04 16:00:00+00:00,2026-06-04 16:01:00+00:00,SHORT,2.431,2.38919792,2.38919792,2.47280208,TP,0.907542,0.965697,0.093048,0.0,19771175.43482,0
beta_decouple,NEARUSDT,2026-06-04 21:00:00+00:00,2026-06-04 21:02:00+00:00,LONG,2.238,2.289,2.30113542,2.17486458,TIME,0.750593,0.786041,0.056716,0.0,22739197.243668,0
beta_decouple,NEARUSDT,2026-06-05 00:00:00+00:00,2026-06-05 00:02:00+00:00,SHORT,2.239,2.212,2.19461458,2.28338542,TIME,0.527953,0.578397,0.080711,0.0,25140241.4777,0
beta_decouple,NEARUSDT,2026-06-05 01:00:00+00:00,2026-06-05 01:02:00+00:00,SHORT,2.248,2.225,2.21054167,2.28545833,TIME,0.518352,0.578365,0.096021,0.0,27746540.016081,0
beta_decouple,NEARUSDT,2026-06-05 15:00:00+00:00,2026-06-05 15:02:00+00:00,LONG,1.918,1.974,1.97972917,1.85627083,TIME,0.856936,0.888007,0.049714,0.0,32501942.722306,0
beta_decouple,NEARUSDT,2026-06-05 19:00:00+00:00,2026-06-05 19:01:00+00:00,SHORT,1.975,1.945375,1.945375,2.004625,TP,0.893922,0.960588,0.106667,0.0,38312779.864168,0
beta_decouple,NEARUSDT,2026-06-05 20:00:00+00:00,2026-06-05 20:01:00+00:00,SHORT,2.015,1.984775,1.984775,2.045225,TP,0.893922,0.960588,0.106667,0.0,45162503.468226,0
beta_decouple,NEARUSDT,2026-06-06 01:00:00+00:00,2026-06-06 01:02:00+00:00,SHORT,1.968,1.968,1.93848,1.99752,TIME,-0.106679,-0.040012,0.106667,0.0,44198928.305035,0
beta_decouple,NEARUSDT,2026-06-06 02:00:00+00:00,2026-06-06 02:02:00+00:00,SHORT,1.968,1.968,1.93848,1.99752,TIME,-0.106679,-0.040012,0.106667,0.0,43255911.725267,0
beta_decouple,NEARUSDT,2026-06-07 00:00:00+00:00,2026-06-07 00:02:00+00:00,LONG,1.876,1.865,1.90986458,1.84213542,TIME,-0.413254,-0.357857,0.088635,0.0,39680778.601779,0
beta_decouple,NEARUSDT,2026-06-07 06:00:00+00:00,2026-06-07 06:01:00+00:00,SHORT,1.931,1.902035,1.902035,1.959965,TP,0.893922,0.960588,0.106667,0.0,46775078.905219,0
beta_decouple,NEARUSDT,2026-06-07 14:00:00+00:00,2026-06-07 14:01:00+00:00,SHORT,1.983,1.953255,1.953255,2.012745,TP,0.893922,0.960588,0.106667,0.0,55137728.736284,0
beta_decouple,NEARUSDT,2026-06-07 15:00:00+00:00,2026-06-07 15:01:00+00:00,SHORT,2.021,1.990685,1.990685,2.051315,TP,0.893922,0.960588,0.106667,0.0,64995489.079909,0
beta_decouple,NEARUSDT,2026-06-07 19:00:00+00:00,2026-06-07 19:01:00+00:00,LONG,1.965,1.994475,1.994475,1.935525,TP,0.892746,0.959412,0.106667,0.0,76600375.285024,0
beta_decouple,NEARUSDT,2026-06-07 23:00:00+00:00,2026-06-07 23:02:00+00:00,SHORT,2.058,2.032,2.02713,2.08887,TIME,0.736068,0.802735,0.106667,0.0,87876999.72147,0
beta_decouple,NEARUSDT,2026-06-08 00:00:00+00:00,2026-06-08 00:01:00+00:00,SHORT,2.083,2.0515,2.0515,2.1145,TP,0.894785,0.960912,0.105803,0.0,103603205.700973,0
beta_decouple,NEARUSDT,2026-06-08 04:00:00+00:00,2026-06-08 04:01:00+00:00,LONG,2.041,2.071615,2.071615,2.010385,TP,0.892746,0.959412,0.106667,0.0,122101465.036581,0
beta_decouple,NEARUSDT,2026-06-08 06:00:00+00:00,2026-06-08 06:01:00+00:00,SHORT,2.156,2.11744792,2.11744792,2.19455208,TP,0.911111,0.967036,0.089479,0.0,144351066.501999,0
beta_decouple,NEARUSDT,2026-06-08 19:00:00+00:00,2026-06-08 19:02:00+00:00,LONG,2.188,2.212,2.22082,2.15518,TIME,0.624168,0.690835,0.106667,0.0,162370933.562715,0
beta_decouple,NEARUSDT,2026-06-08 21:00:00+00:00,2026-06-08 21:01:00+00:00,LONG,2.149,2.181235,2.181235,2.116765,TP,0.892746,0.959412,0.106667,0.0,191362117.930862,0
beta_decouple,NEARUSDT,2026-06-08 22:00:00+00:00,2026-06-08 22:02:00+00:00,LONG,2.132,2.14,2.16398,2.10002,TIME,0.143352,0.210018,0.106667,0.0,196848532.184618,0
beta_decouple,NEARUSDT,2026-06-10 01:00:00+00:00,2026-06-10 01:01:00+00:00,SHORT,2.177,2.144345,2.144345,2.209655,TP,0.893922,0.960588,0.106667,0.0,232041959.602555,0
beta_decouple,NEARUSDT,2026-06-10 04:00:00+00:00,2026-06-10 04:01:00+00:00,LONG,2.097,2.128455,2.128455,2.065545,TP,0.892746,0.959412,0.106667,0.0,273472843.101082,0
beta_decouple,NEARUSDT,2026-06-10 05:00:00+00:00,2026-06-10 05:01:00+00:00,LONG,2.044,2.07466,2.07466,2.01334,TP,0.892746,0.959412,0.106667,0.0,322301173.640688,0
beta_decouple,NEARUSDT,2026-06-10 11:00:00+00:00,2026-06-10 11:02:00+00:00,LONG,2.038,2.06857,2.06857,2.00743,TP,0.892746,0.959412,0.106667,0.0,379847758.74718,0
beta_decouple,NEARUSDT,2026-06-10 12:00:00+00:00,2026-06-10 12:01:00+00:00,SHORT,2.116,2.08426,2.08426,2.14774,TP,0.893922,0.960588,0.106667,0.0,447758575.144822,0
beta_decouple,NEARUSDT,2026-06-10 13:00:00+00:00,2026-06-10 13:02:00+00:00,SHORT,2.137,2.104945,2.104945,2.169055,TP,0.893922,0.960588,0.106667,0.0,527810779.447465,0
beta_decouple,NEARUSDT,2026-06-10 19:00:00+00:00,2026-06-10 19:02:00+00:00,LONG,2.008,2.03,2.03812,1.97788,TIME,0.623319,0.689986,0.106667,0.0,593609666.416683,0
beta_decouple,NEARUSDT,2026-06-10 20:00:00+00:00,2026-06-10 20:01:00+00:00,LONG,1.977,2.006655,2.006655,1.947345,TP,0.892746,0.959412,0.106667,0.0,699598139.255963,0
beta_decouple,NEARUSDT,2026-06-11 01:00:00+00:00,2026-06-11 01:01:00+00:00,SHORT,2.009,1.978865,1.978865,2.039135,TP,0.893922,0.960588,0.106667,0.0,824675304.233435,0
beta_decouple,NEARUSDT,2026-06-11 03:00:00+00:00,2026-06-11 03:01:00+00:00,SHORT,2.025,1.994625,1.994625,2.055375,TP,0.893922,0.960588,0.106667,0.0,972114302.842196,0
beta_decouple,NEARUSDT,2026-06-11 04:00:00+00:00,2026-06-11 04:01:00+00:00,SHORT,2.054,2.02319,2.02319,2.08481,TP,0.893922,0.960588,0.106667,0.0,1145913079.8985,0
beta_decouple,NEARUSDT,2026-06-11 09:00:00+00:00,2026-06-11 09:01:00+00:00,LONG,1.997,2.026955,2.026955,1.967045,TP,0.892746,0.959412,0.106667,0.0,1350514831.211194,0
beta_decouple,NEARUSDT,2026-06-11 11:00:00+00:00,2026-06-11 11:01:00+00:00,SHORT,2.063,2.032055,2.032055,2.093945,TP,0.893922,0.960588,0.106667,0.0,1591965682.592207,0
beta_decouple,NEARUSDT,2026-06-11 17:00:00+00:00,2026-06-11 17:01:00+00:00,SHORT,2.069,2.037965,2.037965,2.100035,TP,0.893922,0.960588,0.106667,0.0,1876584155.894361,0
beta_decouple,NEARUSDT,2026-06-12 05:00:00+00:00,2026-06-12 05:01:00+00:00,LONG,2.044,2.07466,2.07466,2.01334,TP,0.892746,0.959412,0.106667,0.0,2211646571.636786,0
beta_decouple,NEARUSDT,2026-06-12 08:00:00+00:00,2026-06-12 08:01:00+00:00,SHORT,2.144,2.11184,2.11184,2.17616,TP,0.893922,0.960588,0.106667,0.0,2607054260.123024,0
beta_decouple,NEARUSDT,2026-06-12 13:00:00+00:00,2026-06-12 13:01:00+00:00,LONG,2.062,2.09293,2.09293,2.03107,TP,0.892746,0.959412,0.106667,0.0,3072541456.966634,0
beta_decouple,NEARUSDT,2026-06-12 15:00:00+00:00,2026-06-12 15:01:00+00:00,LONG,2.038,2.06857,2.06857,2.00743,TP,0.892746,0.959412,0.106667,0.0,3621140974.769424,0
beta_decouple,NEARUSDT,2026-06-12 18:00:00+00:00,2026-06-12 18:01:00+00:00,LONG,2.021,2.051315,2.051315,1.990685,TP,0.892746,0.959412,0.106667,0.0,4267692443.798466,0
beta_decouple,NEARUSDT,2026-06-12 19:00:00+00:00,2026-06-12 19:02:00+00:00,LONG,2.006,2.026,2.03609,1.97591,TIME,0.557619,0.624286,0.106667,0.0,4743641973.704385,0
beta_decouple,NEARUSDT,2026-06-13 02:00:00+00:00,2026-06-13 02:02:00+00:00,SHORT,2.019,2.008,1.988715,2.049285,TIME,0.256755,0.323422,0.106667,0.0,4987233148.605814,0
beta_decouple,NEARUSDT,2026-06-13 06:00:00+00:00,2026-06-13 06:01:00+00:00,SHORT,2.027,1.996595,1.996595,2.057405,TP,0.893922,0.960588,0.106667,0.0,5878872145.777382,0
beta_decouple,NEARUSDT,2026-06-13 11:00:00+00:00,2026-06-13 11:02:00+00:00,SHORT,2.04,2.025,2.0094,2.0706,TIME,0.383812,0.450478,0.106667,0.0,6330148027.216672,0
beta_decouple,NEARUSDT,2026-06-13 12:00:00+00:00,2026-06-13 12:02:00+00:00,SHORT,2.053,2.04,2.022205,2.083795,TIME,0.315721,0.382388,0.106667,0.0,6729860345.065243,0
beta_decouple,NEARUSDT,2026-06-13 14:00:00+00:00,2026-06-13 14:02:00+00:00,SHORT,2.072,2.06,2.04092,2.10308,TIME,0.279653,0.34632,0.106667,0.0,7106266071.823525,0
beta_decouple,NEARUSDT,2026-06-13 15:00:00+00:00,2026-06-13 15:01:00+00:00,SHORT,2.177,2.14007292,2.14007292,2.21392708,TP,0.906263,0.965217,0.094326,0.0,8394295463.444807,0
beta_decouple,NEARUSDT,2026-06-14 01:00:00+00:00,2026-06-14 01:01:00+00:00,SHORT,2.157,2.124645,2.124645,2.189355,TP,0.893922,0.960588,0.106667,0.0,9895063718.299726,0
beta_decouple,NEARUSDT,2026-06-14 04:00:00+00:00,2026-06-14 04:02:00+00:00,LONG,2.117,2.134,2.148755,2.085245,TIME,0.428373,0.49504,0.106667,0.0,10742819306.31104,0
beta_decouple,NEARUSDT,2026-06-14 10:00:00+00:00,2026-06-14 10:02:00+00:00,LONG,2.102,2.122,2.13353,2.07047,TIME,0.527281,0.593948,0.106667,0.0,11875717019.601194,0
beta_decouple,NEARUSDT,2026-06-14 12:00:00+00:00,2026-06-14 12:02:00+00:00,LONG,2.09,2.109,2.12135,2.05865,TIME,0.499042,0.565709,0.106667,0.0,13061014304.401722,0
beta_decouple,NEARUSDT,2026-06-14 14:00:00+00:00,2026-06-14 14:02:00+00:00,LONG,2.072,2.094,2.10308,2.04092,TIME,0.600771,0.667438,0.106667,0.0,14630351216.67411,0
beta_decouple,NEARUSDT,2026-06-14 19:00:00+00:00,2026-06-14 19:02:00+00:00,SHORT,2.102,2.091,2.07047,2.13353,TIME,0.242405,0.309071,0.106667,0.0,15339644703.927277,0
beta_decouple,NEARUSDT,2026-06-14 20:00:00+00:00,2026-06-14 20:02:00+00:00,SHORT,2.113,2.106,2.081305,2.144695,TIME,0.114309,0.180976,0.106667,0.0,15690336307.793446,0
beta_decouple,NEARUSDT,2026-06-14 21:00:00+00:00,2026-06-14 21:01:00+00:00,SHORT,2.188,2.15518,2.15518,2.22082,TP,0.893922,0.960588,0.106667,0.0,18495522132.056873,0
beta_decouple,NEARUSDT,2026-06-14 22:00:00+00:00,2026-06-14 22:02:00+00:00,SHORT,2.21,2.2,2.17685,2.24315,TIME,0.195162,0.261828,0.106667,0.0,19217444917.997852,0
beta_decouple,NEARUSDT,2026-06-15 02:00:00+00:00,2026-06-15 02:01:00+00:00,SHORT,2.278,2.24182292,2.24182292,2.31417708,TP,0.89984,0.962808,0.100749,0.0,22675969967.17298,0
beta_decouple,NEARUSDT,2026-06-15 03:00:00+00:00,2026-06-15 03:01:00+00:00,SHORT,2.315,2.27140625,2.27140625,2.35859375,TP,0.915624,0.968728,0.084966,0.0,26828503839.18049,0
beta_decouple,NEARUSDT,2026-06-15 04:00:00+00:00,2026-06-15 04:02:00+00:00,SHORT,2.36,2.325,2.3076875,2.4123125,TIME,0.597268,0.642381,0.072182,0.0,30033265115.575275,0
beta_decouple,NEARUSDT,2026-06-15 11:00:00+00:00,2026-06-15 11:01:00+00:00,SHORT,2.493,2.42854167,2.42854167,2.55745833,TP,0.938711,0.977388,0.061882,0.0,35671778666.77037,0
beta_decouple,NEARUSDT,2026-06-15 16:00:00+00:00,2026-06-15 16:02:00+00:00,LONG,2.479,2.477,2.51869792,2.43930208,TIME,-0.150254,-0.087807,0.099915,0.0,34599816145.208626,0
beta_decouple,NEARUSDT,2026-06-15 19:00:00+00:00,2026-06-15 19:01:00+00:00,LONG,2.466,2.50299,2.50299,2.42901,TP,0.892746,0.959412,0.106667,0.0,40777582245.08932,0
beta_decouple,NEARUSDT,2026-06-15 20:00:00+00:00,2026-06-15 20:02:00+00:00,LONG,2.473,2.471,2.510095,2.435905,TIME,-0.160538,-0.093871,0.106667,0.0,39468312331.595314,0
beta_decouple,NEARUSDT,2026-06-15 21:00:00+00:00,2026-06-15 21:02:00+00:00,LONG,2.445,2.473,2.481675,2.408325,TIME,0.65635,0.723017,0.106667,0.0,44649319576.04936,0
beta_decouple,NEARUSDT,2026-06-15 22:00:00+00:00,2026-06-15 22:01:00+00:00,LONG,2.399,2.434985,2.434985,2.363015,TP,0.892746,0.959412,0.106667,0.0,52621415488.4103,0
beta_decouple,NEARUSDT,2026-06-16 07:00:00+00:00,2026-06-16 07:02:00+00:00,SHORT,2.45,2.426,2.41325,2.48675,TIME,0.546775,0.613441,0.106667,0.0,58375825206.913315,0
beta_decouple,NEARUSDT,2026-06-16 08:00:00+00:00,2026-06-16 08:01:00+00:00,SHORT,2.493,2.455605,2.455605,2.530395,TP,0.893922,0.960588,0.106667,0.0,68812506367.71005,0
beta_decouple,NEARUSDT,2026-06-16 13:00:00+00:00,2026-06-16 13:01:00+00:00,LONG,2.381,2.416715,2.416715,2.345285,TP,0.892746,0.959412,0.106667,0.0,81098917581.63596,0
beta_decouple,NEARUSDT,2026-06-16 14:00:00+00:00,2026-06-16 14:01:00+00:00,LONG,2.323,2.357845,2.357845,2.288155,TP,0.892746,0.959412,0.106667,0.0,95579056483.82587,0
beta_decouple,NEARUSDT,2026-06-16 20:00:00+00:00,2026-06-16 20:01:00+00:00,SHORT,2.367,2.331495,2.331495,2.402505,TP,0.893922,0.960588,0.106667,0.0,112667091379.0197,0
beta_decouple,NEARUSDT,2026-06-17 08:00:00+00:00,2026-06-17 08:01:00+00:00,LONG,2.28,2.3142,2.3142,2.2458,TP,0.892746,0.959412,0.106667,0.0,132783699362.49452,0
beta_decouple,NEARUSDT,2026-06-17 12:00:00+00:00,2026-06-17 12:02:00+00:00,SHORT,2.316,2.28126,2.28126,2.35074,TP,0.893922,0.960588,0.106667,0.0,156523340364.32025,0
beta_decouple,NEARUSDT,2026-06-17 15:00:00+00:00,2026-06-17 15:01:00+00:00,SHORT,2.38,2.3443,2.3443,2.4157,TP,0.893922,0.960588,0.106667,0.0,184507256511.37286,0
beta_decouple,NEARUSDT,2026-06-17 19:00:00+00:00,2026-06-17 19:01:00+00:00,LONG,2.235,2.268525,2.268525,2.201475,TP,0.892746,0.959412,0.106667,0.0,217450861462.16956,0
beta_decouple,NEARUSDT,2026-06-17 23:00:00+00:00,2026-06-17 23:01:00+00:00,LONG,2.18,2.2127,2.2127,2.1473,TP,0.892746,0.959412,0.106667,0.0,256276517491.4685,0
beta_decouple,NEARUSDT,2026-06-18 02:00:00+00:00,2026-06-18 02:02:00+00:00,SHORT,2.234,2.225,2.20049,2.26751,TIME,0.162059,0.228726,0.106667,0.0,264582904223.4887,0
beta_decouple,NEARUSDT,2026-06-18 12:00:00+00:00,2026-06-18 12:01:00+00:00,SHORT,2.26,2.2261,2.2261,2.2939,TP,0.893922,0.960588,0.106667,0.0,311886174064.9088,0
beta_decouple,NEARUSDT,2026-06-18 13:00:00+00:00,2026-06-18 13:02:00+00:00,SHORT,2.27,2.257,2.23595,2.30405,TIME,0.275342,0.342009,0.106667,0.0,329061243938.0208,0
beta_decouple,NEARUSDT,2026-06-18 23:00:00+00:00,2026-06-18 23:02:00+00:00,SHORT,2.236,2.208,2.20246,2.26954,TIME,0.728646,0.795313,0.106667,0.0,377015106379.8988,0
beta_decouple,NEARUSDT,2026-06-19 03:00:00+00:00,2026-06-19 03:01:00+00:00,LONG,2.133,2.164995,2.164995,2.101005,TP,0.892746,0.959412,0.106667,0.0,444330815040.3677,0
beta_decouple,NEARUSDT,2026-06-19 04:00:00+00:00,2026-06-19 04:02:00+00:00,LONG,2.102,2.125,2.13353,2.07047,TIME,0.622372,0.689038,0.106667,0.0,499638607549.7385,0
beta_decouple,NEARUSDT,2026-06-19 12:00:00+00:00,2026-06-19 12:02:00+00:00,SHORT,2.131,2.107,2.099035,2.162965,TIME,0.644593,0.71126,0.106667,0.0,564051334163.4565,0
beta_decouple,NEARUSDT,2026-06-19 13:00:00+00:00,2026-06-19 13:01:00+00:00,SHORT,2.161,2.128585,2.128585,2.193415,TP,0.893922,0.960588,0.106667,0.0,664894858209.928,0
beta_decouple,NEARUSDT,2026-06-19 19:00:00+00:00,2026-06-19 19:02:00+00:00,LONG,2.121,2.14,2.152815,2.089185,TIME,0.49019,0.556856,0.106667,0.0,730079779501.5896,0
beta_decouple,NEARUSDT,2026-06-19 22:00:00+00:00,2026-06-19 22:02:00+00:00,SHORT,2.157,2.134,2.124645,2.189355,TIME,0.604612,0.671278,0.106667,0.0,818362753830.604,0
beta_decouple,NEARUSDT,2026-06-19 23:00:00+00:00,2026-06-19 23:02:00+00:00,SHORT,2.185,2.159,2.152225,2.217775,TIME,0.687085,0.753752,0.106667,0.0,930819710313.2406,0
beta_decouple,NEARUSDT,2026-06-20 06:00:00+00:00,2026-06-20 06:02:00+00:00,LONG,2.159,2.177,2.191385,2.126615,TIME,0.448825,0.515491,0.106667,0.0,1014374707794.0507,0
beta_decouple,NEARUSDT,2026-06-20 07:00:00+00:00,2026-06-20 07:02:00+00:00,LONG,2.139,2.153,2.171085,2.106915,TIME,0.329425,0.396091,0.106667,0.0,1081206698783.5697,0
beta_decouple,NEARUSDT,2026-06-20 11:00:00+00:00,2026-06-20 11:02:00+00:00,LONG,2.133,2.14,2.164995,2.101005,TIME,0.111998,0.178665,0.106667,0.0,1105425357684.3684,0
beta_decouple,NEARUSDT,2026-06-20 15:00:00+00:00,2026-06-20 15:02:00+00:00,SHORT,2.163,2.145,2.130555,2.195445,TIME,0.448439,0.515106,0.106667,0.0,1204568597144.9773,0
beta_decouple,NEARUSDT,2026-06-20 16:00:00+00:00,2026-06-20 16:01:00+00:00,SHORT,2.192,2.15912,2.15912,2.22488,TP,0.893922,0.960588,0.106667,0.0,1419926552945.1726,0
beta_decouple,NEARUSDT,2026-06-20 22:00:00+00:00,2026-06-20 22:02:00+00:00,SHORT,2.191,2.162,2.158135,2.223865,TIME,0.776249,0.842915,0.106667,0.0,1640369756894.5781,0
beta_decouple,NEARUSDT,2026-06-21 00:00:00+00:00,2026-06-21 00:02:00+00:00,SHORT,2.21,2.189,2.17685,2.24315,TIME,0.527186,0.593852,0.106667,0.0,1813325651681.2603,0
beta_decouple,NEARUSDT,2026-06-21 06:00:00+00:00,2026-06-21 06:02:00+00:00,SHORT,2.23,2.218,2.19655,2.26345,TIME,0.252281,0.318948,0.106667,0.0,1904819186331.693,0
beta_decouple,NEARUSDT,2026-06-21 08:00:00+00:00,2026-06-21 08:01:00+00:00,SHORT,2.256,2.22216,2.22216,2.28984,TP,0.893922,0.960588,0.106667,0.0,2245370954914.7935,0
beta_decouple,NEARUSDT,2026-06-21 09:00:00+00:00,2026-06-21 09:02:00+00:00,SHORT,2.27,2.248,2.23595,2.30405,TIME,0.539818,0.606484,0.106667,0.0,2487789185498.788,0
beta_decouple,NEARUSDT,2026-06-21 12:00:00+00:00,2026-06-21 12:01:00+00:00,LONG,2.179,2.211685,2.211685,2.146315,TP,0.892746,0.959412,0.106667,0.0,2931981710375.9043,0
beta_decouple,NEARUSDT,2026-06-21 17:00:00+00:00,2026-06-21 17:02:00+00:00,LONG,2.154,2.169,2.18631,2.12169,TIME,0.357319,0.423986,0.106667,0.0,3141512508361.6533,0
beta_decouple,NEARUSDT,2026-06-21 20:00:00+00:00,2026-06-21 20:01:00+00:00,LONG,2.118,2.14977,2.14977,2.08623,TP,0.892746,0.959412,0.106667,0.0,3702426745450.6104,0
beta_decouple,NEARUSDT,2026-06-22 01:00:00+00:00,2026-06-22 01:01:00+00:00,SHORT,2.166,2.13351,2.13351,2.19849,TP,0.893922,0.960588,0.106667,0.0,4364362526683.8584,0
beta_decouple,NEARUSDT,2026-06-22 07:00:00+00:00,2026-06-22 07:02:00+00:00,SHORT,2.17,2.152,2.13745,2.20255,TIME,0.446649,0.513315,0.106667,0.0,4754229825093.422,0
beta_decouple,NEARUSDT,2026-06-22 11:00:00+00:00,2026-06-22 11:02:00+00:00,SHORT,2.164,2.135,2.13154,2.19646,TIME,0.787265,0.853931,0.106667,0.0,5502797388750.013,0
beta_decouple,NEARUSDT,2026-06-22 12:00:00+00:00,2026-06-22 12:02:00+00:00,SHORT,2.179,2.161,2.146315,2.211685,TIME,0.444363,0.51103,0.106667,0.0,5991845510351.334,0
beta_decouple,NEARUSDT,2026-06-22 20:00:00+00:00,2026-06-22 20:02:00+00:00,SHORT,2.14,2.118,2.1079,2.1721,TIME,0.579091,0.645758,0.106667,0.0,6685810180409.522,0
beta_decouple,NEARUSDT,2026-06-22 22:00:00+00:00,2026-06-22 22:01:00+00:00,LONG,2.068,2.09902,2.09902,2.03698,TP,0.892746,0.959412,0.106667,0.0,7879555583836.798,0
beta_decouple,NEARUSDT,2026-06-23 03:00:00+00:00,2026-06-23 03:02:00+00:00,SHORT,2.061,2.035,2.030085,2.091915,TIME,0.734842,0.801508,0.106667,0.0,9037600912035.09,0
beta_decouple,NEARUSDT,2026-06-23 08:00:00+00:00,2026-06-23 08:01:00+00:00,LONG,1.981,2.010715,2.010715,1.951285,TP,0.892746,0.959412,0.106667,0.0,10651256438535.729,0
beta_decouple,NEARUSDT,2026-06-23 11:00:00+00:00,2026-06-23 11:02:00+00:00,SHORT,2.009,1.991,1.978865,2.039135,TIME,0.490992,0.557659,0.106667,0.0,11697192608599.533,0
beta_decouple,NEARUSDT,2026-06-23 18:00:00+00:00,2026-06-23 18:02:00+00:00,SHORT,1.976,1.969,1.94636,2.00564,TIME,0.12963,0.196297,0.106667,0.0,12000454992909.334,0
beta_decouple,NEARUSDT,2026-06-23 19:00:00+00:00,2026-06-23 19:02:00+00:00,SHORT,1.98,1.981,1.9503,2.0097,TIME,-0.140369,-0.073702,0.106667,0.0,11663556830688.422,0
beta_decouple,NEARUSDT,2026-06-23 20:00:00+00:00,2026-06-23 20:02:00+00:00,SHORT,1.994,1.987,1.96409,2.02391,TIME,0.127497,0.194164,0.106667,0.0,11960971074762.592,0
beta_decouple,NEARUSDT,2026-06-24 00:00:00+00:00,2026-06-24 00:02:00+00:00,SHORT,1.991,1.987,1.961135,2.020865,TIME,0.027338,0.094004,0.106667,0.0,12026368308508.988,0
beta_decouple,NEARUSDT,2026-06-24 01:00:00+00:00,2026-06-24 01:02:00+00:00,SHORT,1.992,1.989,1.96212,2.02188,TIME,-0.006217,0.06045,0.106667,0.0,12011415191662.463,0
beta_decouple,NEARUSDT,2026-06-24 11:00:00+00:00,2026-06-24 11:02:00+00:00,SHORT,1.972,1.954,1.94242,2.00158,TIME,0.502206,0.568872,0.106667,0.0,13217855716331.393,0
beta_decouple,NEARUSDT,2026-06-24 15:00:00+00:00,2026-06-24 15:02:00+00:00,LONG,1.912,1.926,1.94068,1.88332,TIME,0.381198,0.447864,0.106667,0.0,14225578637008.852,0
beta_decouple,NEARUSDT,2026-06-24 16:00:00+00:00,2026-06-24 16:01:00+00:00,LONG,1.885,1.913275,1.913275,1.856725,TP,0.892746,0.959412,0.106667,0.0,16765542927167.955,0
beta_decouple,NEARUSDT,2026-06-24 17:00:00+00:00,2026-06-24 17:02:00+00:00,LONG,1.869,1.896,1.897035,1.840965,TIME,0.85585,0.922516,0.106667,0.0,19635299286698.508,0
beta_decouple,NEARUSDT,2026-06-24 20:00:00+00:00,2026-06-24 20:01:00+00:00,SHORT,1.946,1.91681,1.91681,1.97519,TP,0.893922,0.960588,0.106667,0.0,23145782563392.664,0
beta_decouple,NEARUSDT,2026-06-24 21:00:00+00:00,2026-06-24 21:02:00+00:00,SHORT,1.967,1.945,1.937495,1.996505,TIME,0.639405,0.706072,0.106667,0.0,26105689210203.49,0
beta_decouple,LDOUSDT,2026-05-15 13:00:00+00:00,2026-05-15 13:01:00+00:00,LONG,0.3619,0.3673285,0.3673285,0.3564715,TP,0.892746,0.959412,0.106667,0.0,8.249844,0
beta_decouple,LDOUSDT,2026-05-15 21:00:00+00:00,2026-05-15 21:02:00+00:00,LONG,0.3621,0.3638,0.3675315,0.3566685,TIME,0.206147,0.272813,0.106667,0.0,8.589979,0
beta_decouple,LDOUSDT,2026-05-16 00:00:00+00:00,2026-05-16 00:02:00+00:00,SHORT,0.3635,0.3627,0.3580475,0.3689525,TIME,0.040131,0.106798,0.106667,0.0,8.658924,0
beta_decouple,LDOUSDT,2026-05-16 05:00:00+00:00,2026-05-16 05:02:00+00:00,LONG,0.3568,0.3569,0.362152,0.351448,TIME,-0.087981,-0.021315,0.106667,0.0,8.50656,0
beta_decouple,LDOUSDT,2026-05-16 06:00:00+00:00,2026-05-16 06:02:00+00:00,LONG,0.3531,0.3571,0.3583965,0.3478035,TIME,0.648108,0.714775,0.106667,0.0,9.609194,0
beta_decouple,LDOUSDT,2026-05-16 07:00:00+00:00,2026-05-16 07:02:00+00:00,LONG,0.3491,0.3524,0.3543365,0.3438635,TIME,0.523159,0.589826,0.106667,0.0,10.614621,0
beta_decouple,LDOUSDT,2026-05-16 11:00:00+00:00,2026-05-16 11:02:00+00:00,SHORT,0.3483,0.3478,0.3430755,0.3535245,TIME,-0.010918,0.055748,0.106667,0.0,10.591443,0
beta_decouple,LDOUSDT,2026-05-16 12:00:00+00:00,2026-05-16 12:02:00+00:00,SHORT,0.3499,0.3484,0.3446515,0.3551485,TIME,0.179289,0.245955,0.106667,0.0,10.971228,0
beta_decouple,LDOUSDT,2026-05-16 14:00:00+00:00,2026-05-16 14:02:00+00:00,SHORT,0.3522,0.3501,0.346917,0.357483,TIME,0.291061,0.357728,0.106667,0.0,11.609888,0
beta_decouple,LDOUSDT,2026-05-16 15:00:00+00:00,2026-05-16 15:02:00+00:00,SHORT,0.3539,0.3533,0.3485915,0.3592085,TIME,0.006415,0.073082,0.106667,0.0,11.624784,0
beta_decouple,LDOUSDT,2026-05-16 23:00:00+00:00,2026-05-16 23:02:00+00:00,SHORT,0.3535,0.3521,0.3481975,0.3588025,TIME,0.157506,0.224173,0.106667,0.0,11.99098,0
beta_decouple,LDOUSDT,2026-05-17 02:00:00+00:00,2026-05-17 02:02:00+00:00,SHORT,0.3538,0.3522,0.348493,0.359107,TIME,0.194991,0.261658,0.106667,0.0,12.458606,0
beta_decouple,LDOUSDT,2026-05-17 23:00:00+00:00,2026-05-17 23:01:00+00:00,LONG,0.3487,0.3539305,0.3539305,0.3434695,TP,0.892746,0.959412,0.106667,0.0,14.683079,0
beta_decouple,LDOUSDT,2026-05-18 04:00:00+00:00,2026-05-18 04:02:00+00:00,SHORT,0.3536,0.3522,0.348296,0.358904,TIME,0.157431,0.224098,0.106667,0.0,15.145395,0
beta_decouple,LDOUSDT,2026-05-18 09:00:00+00:00,2026-05-18 09:02:00+00:00,LONG,0.3463,0.3477,0.3514945,0.3411055,TIME,0.1627,0.229366,0.106667,0.0,15.638224,0
beta_decouple,LDOUSDT,2026-05-18 11:00:00+00:00,2026-05-18 11:02:00+00:00,SHORT,0.35,0.3454,0.34475,0.35525,TIME,0.770038,0.836704,0.106667,0.0,18.046629,0
beta_decouple,LDOUSDT,2026-05-18 12:00:00+00:00,2026-05-18 12:02:00+00:00,SHORT,0.3538,0.3516,0.348493,0.359107,TIME,0.308117,0.374784,0.106667,0.0,19.158723,0
beta_decouple,LDOUSDT,2026-05-18 19:00:00+00:00,2026-05-18 19:01:00+00:00,SHORT,0.3554,0.350069,0.350069,0.360731,TP,0.893922,0.960588,0.106667,0.0,22.584002,0
beta_decouple,LDOUSDT,2026-05-19 02:00:00+00:00,2026-05-19 02:02:00+00:00,LONG,0.3539,0.3552,0.3592085,0.3485915,TIME,0.138089,0.204755,0.106667,0.0,23.207721,0
beta_decouple,LDOUSDT,2026-05-19 08:00:00+00:00,2026-05-19 08:02:00+00:00,LONG,0.355,0.3578,0.360325,0.349675,TIME,0.418852,0.485518,0.106667,0.0,25.151839,0
beta_decouple,LDOUSDT,2026-05-19 09:00:00+00:00,2026-05-19 09:02:00+00:00,LONG,0.3532,0.3548,0.358498,0.347902,TIME,0.195165,0.261832,0.106667,0.0,26.13359,0
beta_decouple,LDOUSDT,2026-05-19 11:00:00+00:00,2026-05-19 11:02:00+00:00,LONG,0.3501,0.3532,0.3553515,0.3448485,TIME,0.483299,0.549965,0.106667,0.0,28.659657,0
beta_decouple,LDOUSDT,2026-05-20 21:00:00+00:00,2026-05-20 21:02:00+00:00,LONG,0.3586,0.3617,0.363979,0.353221,TIME,0.469315,0.535982,0.106667,0.0,31.349738,0
beta_decouple,LDOUSDT,2026-05-20 22:00:00+00:00,2026-05-20 22:02:00+00:00,LONG,0.3582,0.3577,0.363573,0.352827,TIME,-0.199657,-0.13299,0.106667,0.0,30.097901,0
beta_decouple,LDOUSDT,2026-05-21 05:00:00+00:00,2026-05-21 05:02:00+00:00,LONG,0.3609,0.3627,0.3663135,0.3554865,TIME,0.225648,0.292315,0.106667,0.0,31.456207,0
beta_decouple,LDOUSDT,2026-05-21 06:00:00+00:00,2026-05-21 06:02:00+00:00,LONG,0.3598,0.3607,0.365197,0.354403,TIME,0.060005,0.126671,0.106667,0.0,31.83371,0
beta_decouple,LDOUSDT,2026-05-21 09:00:00+00:00,2026-05-21 09:02:00+00:00,LONG,0.3575,0.361,0.3628625,0.3521375,TIME,0.545634,0.612301,0.106667,0.0,35.307624,0
beta_decouple,LDOUSDT,2026-05-21 10:00:00+00:00,2026-05-21 10:02:00+00:00,LONG,0.3537,0.3578,0.3590055,0.3483945,TIME,0.665665,0.732331,0.106667,0.0,40.008233,0
beta_decouple,LDOUSDT,2026-05-21 15:00:00+00:00,2026-05-21 15:02:00+00:00,SHORT,0.3553,0.3528,0.3499705,0.3606295,TIME,0.36269,0.429357,0.106667,0.0,42.91035,0
beta_decouple,LDOUSDT,2026-05-21 17:00:00+00:00,2026-05-21 17:01:00+00:00,SHORT,0.3608,0.355388,0.355388,0.366212,TP,0.893922,0.960588,0.106667,0.0,50.582047,0
beta_decouple,LDOUSDT,2026-05-22 00:00:00+00:00,2026-05-22 00:02:00+00:00,LONG,0.3535,0.3569,0.3588025,0.3481975,TIME,0.534168,0.600834,0.106667,0.0,55.985906,0
beta_decouple,LDOUSDT,2026-05-22 11:00:00+00:00,2026-05-22 11:02:00+00:00,SHORT,0.3612,0.3581,0.355782,0.366618,TIME,0.465832,0.532498,0.106667,0.0,61.201907,0
beta_decouple,LDOUSDT,2026-05-22 12:00:00+00:00,2026-05-22 12:02:00+00:00,SHORT,0.3659,0.3617,0.3604115,0.3713885,TIME,0.659017,0.725684,0.106667,0.0,69.268526,0
beta_decouple,LDOUSDT,2026-05-22 18:00:00+00:00,2026-05-22 18:01:00+00:00,LONG,0.3479,0.3531185,0.3531185,0.3426815,TP,0.892746,0.959412,0.106667,0.0,81.636359,0
beta_decouple,LDOUSDT,2026-05-22 19:00:00+00:00,2026-05-22 19:02:00+00:00,LONG,0.343,0.3455,0.348145,0.337855,TIME,0.378963,0.445629,0.106667,0.0,87.823784,0
beta_decouple,LDOUSDT,2026-05-22 23:00:00+00:00,2026-05-22 23:01:00+00:00,LONG,0.3405,0.3456075,0.3456075,0.3353925,TP,0.892746,0.959412,0.106667,0.0,103.504641,0
beta_decouple,LDOUSDT,2026-05-23 07:00:00+00:00,2026-05-23 07:01:00+00:00,LONG,0.3302,0.335153,0.335153,0.325247,TP,0.892746,0.959412,0.106667,0.0,121.985302,0
beta_decouple,LDOUSDT,2026-05-23 12:00:00+00:00,2026-05-23 12:02:00+00:00,SHORT,0.3333,0.3306,0.3283005,0.3382995,TIME,0.433699,0.500366,0.106667,0.0,132.566294,0
beta_decouple,LDOUSDT,2026-05-23 13:00:00+00:00,2026-05-23 13:02:00+00:00,SHORT,0.3369,0.3342,0.3318465,0.3419535,TIME,0.427925,0.494592,0.106667,0.0,143.911985,0
beta_decouple,LDOUSDT,2026-05-23 14:00:00+00:00,2026-05-23 14:02:00+00:00,SHORT,0.3402,0.3366,0.335097,0.345303,TIME,0.599212,0.665879,0.106667,0.0,161.158745,0
beta_decouple,LDOUSDT,2026-05-23 18:00:00+00:00,2026-05-23 18:02:00+00:00,SHORT,0.3447,0.3414,0.3395295,0.3498705,TIME,0.531941,0.598607,0.106667,0.0,178.304119,0
beta_decouple,LDOUSDT,2026-05-23 20:00:00+00:00,2026-05-23 20:01:00+00:00,SHORT,0.3563,0.3509555,0.3509555,0.3616445,TP,0.893922,0.960588,0.106667,0.0,210.182097,0
beta_decouple,LDOUSDT,2026-05-24 03:00:00+00:00,2026-05-24 03:02:00+00:00,LONG,0.3487,0.3501,0.3539305,0.3434695,TIME,0.160846,0.227512,0.106667,0.0,216.943471,0
beta_decouple,LDOUSDT,2026-05-24 07:00:00+00:00,2026-05-24 07:02:00+00:00,LONG,0.3494,0.352,0.354641,0.344159,TIME,0.389136,0.455803,0.106667,0.0,233.827586,0
beta_decouple,LDOUSDT,2026-05-24 10:00:00+00:00,2026-05-24 10:02:00+00:00,LONG,0.3493,0.3508,0.3545395,0.3440605,TIME,0.17946,0.246127,0.106667,0.0,242.220148,0
beta_decouple,LDOUSDT,2026-05-24 12:00:00+00:00,2026-05-24 12:02:00+00:00,LONG,0.3479,0.3495,0.3531185,0.3426815,TIME,0.199763,0.26643,0.106667,0.0,251.89747,0
beta_decouple,LDOUSDT,2026-05-24 13:00:00+00:00,2026-05-24 13:02:00+00:00,LONG,0.344,0.348,0.34916,0.33884,TIME,0.668074,0.734741,0.106667,0.0,285.554707,0
beta_decouple,LDOUSDT,2026-05-24 14:00:00+00:00,2026-05-24 14:02:00+00:00,LONG,0.3424,0.3431,0.347536,0.337264,TIME,0.029556,0.096223,0.106667,0.0,287.242702,0
beta_decouple,LDOUSDT,2026-05-24 20:00:00+00:00,2026-05-24 20:02:00+00:00,LONG,0.3408,0.3424,0.345912,0.335688,TIME,0.206147,0.272813,0.106667,0.0,299.085525,0
beta_decouple,LDOUSDT,2026-05-24 21:00:00+00:00,2026-05-24 21:01:00+00:00,LONG,0.3352,0.340228,0.340228,0.330172,TP,0.892746,0.959412,0.106667,0.0,352.486977,0
beta_decouple,LDOUSDT,2026-05-25 04:00:00+00:00,2026-05-25 04:02:00+00:00,SHORT,0.3454,0.3428,0.340219,0.350581,TIME,0.395456,0.462123,0.106667,0.0,380.365605,0
beta_decouple,LDOUSDT,2026-05-25 05:00:00+00:00,2026-05-25 05:02:00+00:00,SHORT,0.3462,0.3457,0.341007,0.351393,TIME,-0.010337,0.056329,0.106667,0.0,379.579205,0
beta_decouple,LDOUSDT,2026-05-26 15:00:00+00:00,2026-05-26 15:02:00+00:00,LONG,0.3478,0.3501,0.353017,0.342583,TIME,0.333947,0.400614,0.106667,0.0,404.931095,0
beta_decouple,LDOUSDT,2026-05-26 16:00:00+00:00,2026-05-26 16:02:00+00:00,LONG,0.345,0.3478,0.350175,0.339825,TIME,0.434084,0.50075,0.106667,0.0,440.085883,0
beta_decouple,LDOUSDT,2026-05-26 17:00:00+00:00,2026-05-26 17:02:00+00:00,LONG,0.3401,0.3452015,0.3452015,0.3349985,TP,0.892746,0.959412,0.106667,0.0,518.662823,0
beta_decouple,LDOUSDT,2026-05-27 00:00:00+00:00,2026-05-27 00:02:00+00:00,SHORT,0.3449,0.3427,0.3397265,0.3500735,TIME,0.318821,0.385487,0.106667,0.0,551.734899,0
beta_decouple,LDOUSDT,2026-05-27 06:00:00+00:00,2026-05-27 06:02:00+00:00,SHORT,0.344,0.3418,0.33884,0.34916,TIME,0.319934,0.3866,0.106667,0.0,587.038629,0
beta_decouple,LDOUSDT,2026-05-27 12:00:00+00:00,2026-05-27 12:02:00+00:00,SHORT,0.3418,0.3385,0.336673,0.346927,TIME,0.537359,0.604026,0.106667,0.0,650.128715,0
beta_decouple,LDOUSDT,2026-05-27 15:00:00+00:00,2026-05-27 15:02:00+00:00,SHORT,0.3437,0.3408,0.3385445,0.3488555,TIME,0.456165,0.522832,0.106667,0.0,709.441907,0
beta_decouple,LDOUSDT,2026-05-27 21:00:00+00:00,2026-05-27 21:01:00+00:00,LONG,0.332,0.33698,0.33698,0.32702,TP,0.892746,0.959412,0.106667,0.0,836.112123,0
beta_decouple,LDOUSDT,2026-05-27 22:00:00+00:00,2026-05-27 22:02:00+00:00,LONG,0.3311,0.331,0.3360665,0.3261335,TIME,-0.126777,-0.060111,0.106667,0.0,814.912082,0
beta_decouple,LDOUSDT,2026-05-28 03:00:00+00:00,2026-05-28 03:01:00+00:00,LONG,0.3179,0.32281667,0.32281667,0.31298333,TP,0.89596,0.960617,0.103452,0.0,960.937745,0
beta_decouple,LDOUSDT,2026-05-28 12:00:00+00:00,2026-05-28 12:02:00+00:00,SHORT,0.3172,0.3139,0.312442,0.321958,TIME,0.587306,0.653973,0.106667,0.0,1073.810707,0
beta_decouple,LDOUSDT,2026-05-28 13:00:00+00:00,2026-05-28 13:02:00+00:00,SHORT,0.3173,0.3177,0.3125405,0.3220595,TIME,-0.190772,-0.124105,0.106667,0.0,1032.8402,0
beta_decouple,LDOUSDT,2026-05-28 16:00:00+00:00,2026-05-28 16:02:00+00:00,SHORT,0.3227,0.3184,0.3178595,0.3275405,TIME,0.782192,0.848859,0.106667,0.0,1194.416167,0
beta_decouple,LDOUSDT,2026-05-28 17:00:00+00:00,2026-05-28 17:02:00+00:00,SHORT,0.3255,0.3224,0.3206175,0.3303825,TIME,0.528623,0.59529,0.106667,0.0,1320.695346,0
beta_decouple,LDOUSDT,2026-05-28 21:00:00+00:00,2026-05-28 21:02:00+00:00,SHORT,0.3271,0.3259,0.3221935,0.3320065,TIME,0.138042,0.204708,0.106667,0.0,1357.157537,0
beta_decouple,LDOUSDT,2026-05-29 02:00:00+00:00,2026-05-29 02:02:00+00:00,LONG,0.3213,0.3242,0.3261195,0.3164805,TIME,0.494707,0.561373,0.106667,0.0,1491.436488,0
beta_decouple,LDOUSDT,2026-05-29 06:00:00+00:00,2026-05-29 06:02:00+00:00,SHORT,0.326,0.3243,0.32111,0.33089,TIME,0.241178,0.307845,0.106667,0.0,1563.376894,0
beta_decouple,LDOUSDT,2026-05-29 10:00:00+00:00,2026-05-29 10:02:00+00:00,LONG,0.3236,0.3258,0.328454,0.318746,TIME,0.346308,0.412975,0.106667,0.0,1671.658853,0
beta_decouple,LDOUSDT,2026-05-29 11:00:00+00:00,2026-05-29 11:02:00+00:00,LONG,0.3208,0.3232,0.325612,0.315988,TIME,0.391799,0.458466,0.106667,0.0,1802.649802,0
beta_decouple,LDOUSDT,2026-05-29 12:00:00+00:00,2026-05-29 12:02:00+00:00,LONG,0.3183,0.3202,0.3230745,0.3135255,TIME,0.291054,0.357721,0.106667,0.0,1907.583511,0
beta_decouple,LDOUSDT,2026-05-29 15:00:00+00:00,2026-05-29 15:01:00+00:00,SHORT,0.3267,0.3217995,0.3217995,0.3316005,TP,0.893922,0.960588,0.106667,0.0,2248.629498,0
beta_decouple,LDOUSDT,2026-05-29 21:00:00+00:00,2026-05-29 21:02:00+00:00,LONG,0.3181,0.3209,0.3228715,0.3133285,TIME,0.479811,0.546478,0.106667,0.0,2464.41289,0
beta_decouple,LDOUSDT,2026-05-30 01:00:00+00:00,2026-05-30 01:02:00+00:00,SHORT,0.3223,0.32,0.3174655,0.3271345,TIME,0.369354,0.436021,0.106667,0.0,2646.461089,0
beta_decouple,LDOUSDT,2026-05-30 02:00:00+00:00,2026-05-30 02:02:00+00:00,SHORT,0.324,0.3231,0.31914,0.32886,TIME,0.078618,0.145284,0.106667,0.0,2688.072805,0
beta_decouple,LDOUSDT,2026-05-30 14:00:00+00:00,2026-05-30 14:02:00+00:00,SHORT,0.3218,0.3208,0.316973,0.326627,TIME,0.100614,0.16728,0.106667,0.0,2742.164185,0
beta_decouple,LDOUSDT,2026-05-31 22:00:00+00:00,2026-05-31 22:02:00+00:00,SHORT,0.3278,0.3287,0.322883,0.332717,TIME,-0.289827,-0.22316,0.106667,0.0,2583.21356,0
beta_decouple,LDOUSDT,2026-06-01 07:00:00+00:00,2026-06-01 07:02:00+00:00,LONG,0.321,0.3222,0.325815,0.316185,TIME,0.142417,0.209084,0.106667,0.0,2656.792279,0
beta_decouple,LDOUSDT,2026-06-01 13:00:00+00:00,2026-06-01 13:02:00+00:00,LONG,0.3211,0.3232,0.3259165,0.3162835,TIME,0.329085,0.395752,0.106667,0.0,2831.654405,0
beta_decouple,LDOUSDT,2026-06-01 14:00:00+00:00,2026-06-01 14:02:00+00:00,LONG,0.3202,0.3224,0.325003,0.315397,TIME,0.351118,0.417784,0.106667,0.0,3030.503166,0
beta_decouple,LDOUSDT,2026-06-01 16:00:00+00:00,2026-06-01 16:02:00+00:00,SHORT,0.3264,0.3218,0.321504,0.331296,TIME,0.833428,0.900094,0.106667,0.0,3535.644227,0
beta_decouple,LDOUSDT,2026-06-01 17:00:00+00:00,2026-06-01 17:02:00+00:00,SHORT,0.3295,0.3271,0.3245575,0.3344425,TIME,0.379197,0.445864,0.106667,0.0,3803.785354,0
beta_decouple,LDOUSDT,2026-06-02 01:00:00+00:00,2026-06-02 01:02:00+00:00,LONG,0.3259,0.3301,0.3307885,0.3210115,TIME,0.751989,0.818656,0.106667,0.0,4375.866486,0
beta_decouple,LDOUSDT,2026-06-02 06:00:00+00:00,2026-06-02 06:02:00+00:00,LONG,0.3246,0.3273,0.329469,0.319731,TIME,0.447541,0.514208,0.106667,0.0,4767.542736,0
beta_decouple,LDOUSDT,2026-06-02 09:00:00+00:00,2026-06-02 09:02:00+00:00,LONG,0.3221,0.3236,0.3269315,0.3172685,TIME,0.203622,0.270288,0.106667,0.0,4961.697765,0
beta_decouple,LDOUSDT,2026-06-02 14:00:00+00:00,2026-06-02 14:01:00+00:00,LONG,0.3132,0.317898,0.317898,0.308502,TP,0.892746,0.959412,0.106667,0.0,5847.604445,0
beta_decouple,LDOUSDT,2026-06-02 15:00:00+00:00,2026-06-02 15:01:00+00:00,LONG,0.3043,0.309725,0.309725,0.298875,TP,0.909663,0.965755,0.089747,0.0,6911.474101,0
beta_decouple,LDOUSDT,2026-06-02 21:00:00+00:00,2026-06-02 21:02:00+00:00,SHORT,0.3063,0.3062,0.3017055,0.3108945,TIME,-0.0849,-0.018234,0.106667,0.0,6794.116644,0
beta_decouple,LDOUSDT,2026-06-02 22:00:00+00:00,2026-06-02 22:01:00+00:00,LONG,0.2953,0.30111979,0.30111979,0.28948021,TP,0.918224,0.968965,0.081185,0.0,8041.821208,0
beta_decouple,LDOUSDT,2026-06-03 04:00:00+00:00,2026-06-03 04:01:00+00:00,SHORT,0.3039,0.2993415,0.2993415,0.3084585,TP,0.893922,0.960588,0.106667,0.0,9479.5726,0
beta_decouple,LDOUSDT,2026-06-03 05:00:00+00:00,2026-06-03 05:01:00+00:00,SHORT,0.3103,0.3056455,0.3056455,0.3149545,TP,0.893922,0.960588,0.106667,0.0,11174.37137,0
beta_decouple,LDOUSDT,2026-06-03 10:00:00+00:00,2026-06-03 10:02:00+00:00,SHORT,0.3136,0.311,0.308896,0.318304,TIME,0.446374,0.513041,0.106667,0.0,12171.961475,0
beta_decouple,LDOUSDT,2026-06-03 15:00:00+00:00,2026-06-03 15:02:00+00:00,LONG,0.309,0.3115,0.313635,0.304365,TIME,0.432396,0.499063,0.106667,0.0,13224.583277,0
beta_decouple,LDOUSDT,2026-06-03 16:00:00+00:00,2026-06-03 16:02:00+00:00,LONG,0.3049,0.3069,0.3094735,0.3003265,TIME,0.330385,0.397052,0.106667,0.0,14098.423736,0
beta_decouple,LDOUSDT,2026-06-03 19:00:00+00:00,2026-06-03 19:02:00+00:00,LONG,0.3004,0.3045,0.304906,0.295894,TIME,0.802697,0.869364,0.106667,0.0,16361.777544,0
beta_decouple,LDOUSDT,2026-06-03 20:00:00+00:00,2026-06-03 20:01:00+00:00,LONG,0.2926,0.296989,0.296989,0.288211,TP,0.892746,0.959412,0.106667,0.0,19283.158231,0
beta_decouple,LDOUSDT,2026-06-04 01:00:00+00:00,2026-06-04 01:01:00+00:00,LONG,0.28,0.28612188,0.28612188,0.27387813,TP,0.926228,0.971966,0.07318,0.0,22855.279282,0
beta_decouple,LDOUSDT,2026-06-04 10:00:00+00:00,2026-06-04 10:02:00+00:00,LONG,0.2725,0.27804688,0.27804688,0.26695313,TP,0.920806,0.969933,0.078603,0.0,27064.335869,0
beta_decouple,LDOUSDT,2026-06-04 12:00:00+00:00,2026-06-04 12:01:00+00:00,SHORT,0.2832,0.278952,0.278952,0.287448,TP,0.893922,0.960588,0.106667,0.0,31903.014266,0
beta_decouple,LDOUSDT,2026-06-04 21:00:00+00:00,2026-06-04 21:01:00+00:00,LONG,0.2723,0.2763845,0.2763845,0.2682155,TP,0.892746,0.959412,0.106667,0.0,37599.268812,0
beta_decouple,LDOUSDT,2026-06-07 00:00:00+00:00,2026-06-07 00:02:00+00:00,LONG,0.2561,0.2571,0.26176771,0.25043229,TIME,0.104043,0.149229,0.072297,0.0,38381.658132,0
beta_decouple,LDOUSDT,2026-06-07 06:00:00+00:00,2026-06-07 06:02:00+00:00,SHORT,0.267,0.2632,0.262995,0.271005,TIME,0.842705,0.909371,0.106667,0.0,44850.539421,0
beta_decouple,LDOUSDT,2026-06-07 07:00:00+00:00,2026-06-07 07:02:00+00:00,SHORT,0.2678,0.2663,0.263783,0.271817,TIME,0.266958,0.333625,0.106667,0.0,47245.185425,0
beta_decouple,LDOUSDT,2026-06-07 08:00:00+00:00,2026-06-07 08:01:00+00:00,SHORT,0.2721,0.2680185,0.2680185,0.2761815,TP,0.893922,0.960588,0.106667,0.0,55691.882922,0
beta_decouple,LDOUSDT,2026-06-07 14:00:00+00:00,2026-06-07 14:02:00+00:00,SHORT,0.2672,0.2647,0.263192,0.271208,TIME,0.517448,0.584115,0.106667,0.0,61455.415709,0
beta_decouple,LDOUSDT,2026-06-07 19:00:00+00:00,2026-06-07 19:02:00+00:00,LONG,0.2604,0.2626,0.264306,0.256494,TIME,0.456244,0.52291,0.106667,0.0,67063.142949,0
beta_decouple,LDOUSDT,2026-06-07 22:00:00+00:00,2026-06-07 22:01:00+00:00,SHORT,0.2703,0.2662455,0.2662455,0.2743545,TP,0.893922,0.960588,0.106667,0.0,79052.980149,0
beta_decouple,LDOUSDT,2026-06-07 23:00:00+00:00,2026-06-07 23:02:00+00:00,SHORT,0.2717,0.271,0.2676245,0.2757755,TIME,0.065182,0.131849,0.106667,0.0,80083.55404,0
beta_decouple,LDOUSDT,2026-06-08 04:00:00+00:00,2026-06-08 04:02:00+00:00,LONG,0.2655,0.2684,0.2694825,0.2615175,TIME,0.621094,0.687761,0.106667,0.0,90031.442824,0
beta_decouple,LDOUSDT,2026-06-11 08:00:00+00:00,2026-06-11 08:02:00+00:00,SHORT,0.2644,0.2619,0.260434,0.268366,TIME,0.524058,0.590724,0.106667,0.0,99467.77702,0
beta_decouple,LDOUSDT,2026-06-11 17:00:00+00:00,2026-06-11 17:01:00+00:00,SHORT,0.2704,0.266344,0.266344,0.274456,TP,0.893922,0.960588,0.106667,0.0,117251.054102,0
beta_decouple,LDOUSDT,2026-06-11 23:00:00+00:00,2026-06-11 23:02:00+00:00,LONG,0.2668,0.2673,0.270802,0.262798,TIME,0.018208,0.084875,0.106667,0.0,117678.033686,0
beta_decouple,LDOUSDT,2026-06-12 00:00:00+00:00,2026-06-12 00:02:00+00:00,LONG,0.266,0.2667,0.26999,0.26201,TIME,0.068679,0.135345,0.106667,0.0,119294.428435,0
beta_decouple,LDOUSDT,2026-06-12 05:00:00+00:00,2026-06-12 05:02:00+00:00,LONG,0.264,0.2648,0.26796,0.26004,TIME,0.095244,0.161911,0.106667,0.0,121566.852636,0
beta_decouple,LDOUSDT,2026-06-12 06:00:00+00:00,2026-06-12 06:02:00+00:00,LONG,0.2625,0.2642,0.2664375,0.2585625,TIME,0.324832,0.391499,0.106667,0.0,129464.622931,0
beta_decouple,LDOUSDT,2026-06-12 15:00:00+00:00,2026-06-12 15:01:00+00:00,LONG,0.2614,0.265321,0.265321,0.257479,TP,0.892746,0.959412,0.106667,0.0,152580.415088,0
beta_decouple,LDOUSDT,2026-06-15 17:00:00+00:00,2026-06-15 17:02:00+00:00,LONG,0.281,0.281,0.285215,0.276785,TIME,-0.106655,-0.039988,0.106667,0.0,149325.732316,0
beta_decouple,LDOUSDT,2026-06-15 18:00:00+00:00,2026-06-15 18:02:00+00:00,LONG,0.2786,0.2811,0.282779,0.274421,TIME,0.491216,0.557882,0.106667,0.0,163995.962375,0
beta_decouple,LDOUSDT,2026-06-15 19:00:00+00:00,2026-06-15 19:02:00+00:00,LONG,0.2763,0.2793,0.2804445,0.2721555,TIME,0.616762,0.683429,0.106667,0.0,184225.259111,0
beta_decouple,LDOUSDT,2026-06-15 20:00:00+00:00,2026-06-15 20:02:00+00:00,LONG,0.2755,0.2768,0.2796325,0.2713675,TIME,0.207736,0.274403,0.106667,0.0,191879.309831,0
beta_decouple,LDOUSDT,2026-06-15 22:00:00+00:00,2026-06-15 22:02:00+00:00,LONG,0.2717,0.275,0.2757755,0.2676245,TIME,0.702576,0.769243,0.106667,0.0,218841.278817,0
beta_decouple,LDOUSDT,2026-06-16 02:00:00+00:00,2026-06-16 02:02:00+00:00,LONG,0.2696,0.2731,0.273644,0.265556,TIME,0.758306,0.824973,0.106667,0.0,252031.006301,0
beta_decouple,LDOUSDT,2026-06-16 07:00:00+00:00,2026-06-16 07:02:00+00:00,SHORT,0.2753,0.2736,0.2711705,0.2794295,TIME,0.305241,0.371907,0.106667,0.0,267417.021505,0
beta_decouple,LDOUSDT,2026-06-16 08:00:00+00:00,2026-06-16 08:01:00+00:00,SHORT,0.2808,0.276588,0.276588,0.285012,TP,0.893922,0.960588,0.106667,0.0,315226.987027,0
beta_decouple,LDOUSDT,2026-06-16 14:00:00+00:00,2026-06-16 14:01:00+00:00,LONG,0.2722,0.276283,0.276283,0.268117,TP,0.892746,0.959412,0.106667,0.0,371510.482466,0
beta_decouple,LDOUSDT,2026-06-16 20:00:00+00:00,2026-06-16 20:02:00+00:00,SHORT,0.2791,0.2759,0.2749135,0.2832865,TIME,0.658142,0.724808,0.106667,0.0,420411.792271,0
beta_decouple,LDOUSDT,2026-06-17 01:00:00+00:00,2026-06-17 01:01:00+00:00,SHORT,0.2895,0.2851575,0.2851575,0.2938425,TP,0.893922,0.960588,0.106667,0.0,495574.821086,0
beta_decouple,LDOUSDT,2026-06-17 02:00:00+00:00,2026-06-17 02:02:00+00:00,SHORT,0.2914,0.292,0.287029,0.295771,TIME,-0.244029,-0.177363,0.106667,0.0,471387.854287,0
beta_decouple,LDOUSDT,2026-06-17 08:00:00+00:00,2026-06-17 08:01:00+00:00,LONG,0.2918,0.296177,0.296177,0.287423,TP,0.892746,0.959412,0.106667,0.0,555553.732333,0
beta_decouple,LDOUSDT,2026-06-17 09:00:00+00:00,2026-06-17 09:02:00+00:00,LONG,0.2911,0.293,0.2954665,0.2867335,TIME,0.328215,0.394882,0.106667,0.0,592021.995012,0
beta_decouple,LDOUSDT,2026-06-17 10:00:00+00:00,2026-06-17 10:02:00+00:00,LONG,0.2893,0.2908,0.2936395,0.2849605,TIME,0.2388,0.305467,0.106667,0.0,620296.95808,0
beta_decouple,LDOUSDT,2026-06-17 11:00:00+00:00,2026-06-17 11:01:00+00:00,LONG,0.2837,0.2879555,0.2879555,0.2794445,TP,0.892746,0.959412,0.106667,0.0,731050.422879,0
beta_decouple,LDOUSDT,2026-06-17 15:00:00+00:00,2026-06-17 15:01:00+00:00,SHORT,0.2946,0.290181,0.290181,0.299019,TP,0.893922,0.960588,0.106667,0.0,861750.762429,0
beta_decouple,LDOUSDT,2026-06-17 18:00:00+00:00,2026-06-17 18:02:00+00:00,LONG,0.286,0.2848,0.29029,0.28171,TIME,-0.386207,-0.319541,0.106667,0.0,795187.898107,0
beta_decouple,LDOUSDT,2026-06-17 19:00:00+00:00,2026-06-17 19:01:00+00:00,LONG,0.2779,0.2820685,0.2820685,0.2737315,TP,0.892746,0.959412,0.106667,0.0,937167.983184,0
beta_decouple,LDOUSDT,2026-06-18 00:00:00+00:00,2026-06-18 00:02:00+00:00,SHORT,0.2798,0.2782,0.275603,0.283997,TIME,0.274775,0.341441,0.106667,0.0,988670.01549,0
beta_decouple,LDOUSDT,2026-06-18 01:00:00+00:00,2026-06-18 01:02:00+00:00,SHORT,0.2806,0.2807,0.276391,0.284809,TIME,-0.130452,-0.063785,0.106667,0.0,962875.309839,0
beta_decouple,LDOUSDT,2026-06-18 02:00:00+00:00,2026-06-18 02:02:00+00:00,SHORT,0.2822,0.2815,0.277967,0.286433,TIME,0.058788,0.125455,0.106667,0.0,974196.399425,0
beta_decouple,LDOUSDT,2026-06-18 05:00:00+00:00,2026-06-18 05:02:00+00:00,LONG,0.2738,0.2742,0.277907,0.269693,TIME,-0.009318,0.057348,0.106667,0.0,972380.809553,0
beta_decouple,LDOUSDT,2026-06-18 07:00:00+00:00,2026-06-18 07:01:00+00:00,SHORT,0.2797,0.2755045,0.2755045,0.2838955,TP,0.893922,0.960588,0.106667,0.0,1146227.233826,0
beta_decouple,LDOUSDT,2026-06-18 08:00:00+00:00,2026-06-18 08:02:00+00:00,SHORT,0.2838,0.2804,0.279543,0.288057,TIME,0.692485,0.759152,0.106667,0.0,1304976.313764,0
beta_decouple,LDOUSDT,2026-06-18 09:00:00+00:00,2026-06-18 09:02:00+00:00,SHORT,0.2869,0.2831,0.2825965,0.2912035,TIME,0.776853,0.84352,0.106667,0.0,1507731.396478,0
beta_decouple,LDOUSDT,2026-06-18 13:00:00+00:00,2026-06-18 13:01:00+00:00,LONG,0.2779,0.2820685,0.2820685,0.2737315,TP,0.892746,0.959412,0.106667,0.0,1776935.48328,0
beta_decouple,LDOUSDT,2026-06-18 15:00:00+00:00,2026-06-18 15:01:00+00:00,LONG,0.2672,0.271208,0.271208,0.263192,TP,0.892746,0.959412,0.106667,0.0,2094205.718017,0
beta_decouple,LDOUSDT,2026-06-18 20:00:00+00:00,2026-06-18 20:02:00+00:00,SHORT,0.2762,0.2744,0.272057,0.280343,TIME,0.32805,0.394717,0.106667,0.0,2231606.498884,0
beta_decouple,LDOUSDT,2026-06-19 00:00:00+00:00,2026-06-19 00:02:00+00:00,SHORT,0.2793,0.2771,0.2751105,0.2834895,TIME,0.418759,0.485425,0.106667,0.0,2418507.482984,0
beta_decouple,LDOUSDT,2026-06-19 02:00:00+00:00,2026-06-19 02:01:00+00:00,SHORT,0.2843,0.2800355,0.2800355,0.2885645,TP,0.893922,0.960588,0.106667,0.0,2850898.655108,0
beta_decouple,LDOUSDT,2026-06-19 04:00:00+00:00,2026-06-19 04:01:00+00:00,LONG,0.2739,0.2780085,0.2780085,0.2697915,TP,0.892746,0.959412,0.106667,0.0,3359924.049688,0
beta_decouple,LDOUSDT,2026-06-19 12:00:00+00:00,2026-06-19 12:02:00+00:00,SHORT,0.2738,0.2715,0.269693,0.277907,TIME,0.453677,0.520344,0.106667,0.0,3664788.049348,0
beta_decouple,LDOUSDT,2026-06-19 13:00:00+00:00,2026-06-19 13:01:00+00:00,SHORT,0.2779,0.2737315,0.2737315,0.2820685,TP,0.893922,0.960588,0.106667,0.0,4319994.622572,0
beta_decouple,LDOUSDT,2026-06-19 14:00:00+00:00,2026-06-19 14:02:00+00:00,SHORT,0.2807,0.2788,0.2764895,0.2849105,TIME,0.344845,0.411512,0.106667,0.0,4617940.317012,0
beta_decouple,LDOUSDT,2026-06-19 18:00:00+00:00,2026-06-19 18:02:00+00:00,LONG,0.2781,0.2809,0.2822715,0.2739285,TIME,0.564164,0.630831,0.106667,0.0,5138995.546388,0
beta_decouple,LDOUSDT,2026-06-19 19:00:00+00:00,2026-06-19 19:02:00+00:00,LONG,0.2761,0.2776,0.2802415,0.2719585,TIME,0.255316,0.321982,0.106667,0.0,5401408.790833,0
beta_decouple,LDOUSDT,2026-06-19 21:00:00+00:00,2026-06-19 21:02:00+00:00,LONG,0.2747,0.278,0.2788205,0.2705795,TIME,0.693739,0.760405,0.106667,0.0,6150841.977777,0
beta_decouple,LDOUSDT,2026-06-20 05:00:00+00:00,2026-06-20 05:02:00+00:00,SHORT,0.2799,0.2776,0.2757015,0.2840985,TIME,0.441465,0.508131,0.106667,0.0,6693918.03837,0
beta_decouple,LDOUSDT,2026-06-22 07:00:00+00:00,2026-06-22 07:02:00+00:00,SHORT,0.2719,0.2702,0.2678215,0.2759785,TIME,0.310391,0.377058,0.106667,0.0,7109464.964697,0
beta_decouple,LDOUSDT,2026-06-22 08:00:00+00:00,2026-06-22 08:02:00+00:00,SHORT,0.2722,0.2718,0.268117,0.276283,TIME,-0.008653,0.058014,0.106667,0.0,7097161.763531,0
beta_decouple,LDOUSDT,2026-06-22 12:00:00+00:00,2026-06-22 12:02:00+00:00,SHORT,0.2795,0.2788,0.2753075,0.2836925,TIME,0.060386,0.127053,0.106667,0.0,7182876.112054,0
beta_decouple,LDOUSDT,2026-06-22 13:00:00+00:00,2026-06-22 13:02:00+00:00,SHORT,0.282,0.2791,0.27777,0.28623,TIME,0.579312,0.645979,0.106667,0.0,8015101.372859,0
beta_decouple,LDOUSDT,2026-06-22 19:00:00+00:00,2026-06-22 19:02:00+00:00,LONG,0.2714,0.274,0.275471,0.267329,TIME,0.531626,0.598293,0.106667,0.0,8867308.573909,0
beta_decouple,LDOUSDT,2026-06-22 22:00:00+00:00,2026-06-22 22:02:00+00:00,LONG,0.2671,0.271,0.2711065,0.2630935,TIME,0.86618,0.932846,0.106667,0.0,10403445.020265,0
beta_decouple,LDOUSDT,2026-06-23 05:00:00+00:00,2026-06-23 05:02:00+00:00,LONG,0.2664,0.2669,0.270396,0.262404,TIME,0.018395,0.085062,0.106667,0.0,10441720.131556,0
beta_decouple,LDOUSDT,2026-06-23 06:00:00+00:00,2026-06-23 06:01:00+00:00,LONG,0.2613,0.2652195,0.2652195,0.2573805,TP,0.892746,0.959412,0.106667,0.0,12306079.883713,0
beta_decouple,LDOUSDT,2026-06-23 08:00:00+00:00,2026-06-23 08:01:00+00:00,LONG,0.255,0.25888958,0.25888958,0.25111042,TP,0.894516,0.960076,0.104896,0.0,14507677.994947,0
beta_decouple,LDOUSDT,2026-06-23 13:00:00+00:00,2026-06-23 13:01:00+00:00,SHORT,0.2589,0.2550165,0.2550165,0.2627835,TP,0.893922,0.960588,0.106667,0.0,17101423.078294,0
beta_decouple,LDOUSDT,2026-06-23 19:00:00+00:00,2026-06-23 19:02:00+00:00,SHORT,0.2572,0.256,0.253342,0.261058,TIME,0.20455,0.271217,0.106667,0.0,17801042.301898,0
beta_decouple,LDOUSDT,2026-06-23 20:00:00+00:00,2026-06-23 20:02:00+00:00,SHORT,0.2591,0.2583,0.2552135,0.2629865,TIME,0.099286,0.165952,0.106667,0.0,18154519.742018,0
beta_decouple,LDOUSDT,2026-06-24 00:00:00+00:00,2026-06-24 00:02:00+00:00,SHORT,0.2609,0.2599,0.2569865,0.2648135,TIME,0.149,0.215667,0.106667,0.0,18695526.011247,0
beta_decouple,LDOUSDT,2026-06-24 13:00:00+00:00,2026-06-24 13:02:00+00:00,LONG,0.2532,0.2565,0.256998,0.249402,TIME,0.761703,0.828369,0.106667,0.0,21543611.851768,0
beta_decouple,LDOUSDT,2026-06-24 16:00:00+00:00,2026-06-24 16:01:00+00:00,LONG,0.247,0.250705,0.250705,0.243295,TP,0.892746,0.959412,0.106667,0.0,25390204.400361,0
beta_decouple,LDOUSDT,2026-06-24 17:00:00+00:00,2026-06-24 17:01:00+00:00,LONG,0.2438,0.247457,0.247457,0.240143,TP,0.892746,0.959412,0.106667,0.0,29923602.594019,0
beta_decouple,LDOUSDT,2026-06-24 20:00:00+00:00,2026-06-24 20:01:00+00:00,SHORT,0.2522,0.248417,0.248417,0.255983,TP,0.893922,0.960588,0.106667,0.0,35273472.995838,0
beta_decouple,LDOUSDT,2026-06-24 21:00:00+00:00,2026-06-24 21:02:00+00:00,SHORT,0.2531,0.2514,0.2493035,0.2568965,TIME,0.341371,0.408038,0.106667,0.0,37681740.64956,0
beta_decouple,WIFUSDT,2026-05-15 12:00:00+00:00,2026-05-15 12:02:00+00:00,LONG,0.2094,0.2111,0.212541,0.206259,TIME,0.43425,0.500916,0.106667,0.0,7.607949,0
beta_decouple,WIFUSDT,2026-05-15 13:00:00+00:00,2026-05-15 13:01:00+00:00,LONG,0.202,0.20503,0.20503,0.19897,TP,0.892746,0.959412,0.106667,0.0,8.966342,0
beta_decouple,WIFUSDT,2026-05-16 00:00:00+00:00,2026-05-16 00:02:00+00:00,SHORT,0.2054,0.2043,0.202319,0.208481,TIME,0.250563,0.317229,0.106667,0.0,9.415668,0
beta_decouple,WIFUSDT,2026-05-16 01:00:00+00:00,2026-05-16 01:02:00+00:00,SHORT,0.2058,0.2054,0.202713,0.208887,TIME,0.022975,0.089641,0.106667,0.0,9.458932,0
beta_decouple,WIFUSDT,2026-05-16 06:00:00+00:00,2026-05-16 06:02:00+00:00,LONG,0.2006,0.203,0.203609,0.197591,TIME,0.690474,0.757141,0.106667,0.0,10.765162,0
beta_decouple,WIFUSDT,2026-05-16 07:00:00+00:00,2026-05-16 07:02:00+00:00,LONG,0.1986,0.2001,0.201579,0.195621,TIME,0.396568,0.463235,0.106667,0.0,11.618986,0
beta_decouple,WIFUSDT,2026-05-16 09:00:00+00:00,2026-05-16 09:01:00+00:00,LONG,0.1956,0.198534,0.198534,0.192666,TP,0.892746,0.959412,0.106667,0.0,13.693545,0
beta_decouple,WIFUSDT,2026-05-16 16:00:00+00:00,2026-05-16 16:02:00+00:00,SHORT,0.1987,0.1986,0.1957195,0.2016805,TIME,-0.073107,-0.00644,0.106667,0.0,13.493326,0
beta_decouple,WIFUSDT,2026-05-16 20:00:00+00:00,2026-05-16 20:02:00+00:00,SHORT,0.1985,0.1983,0.1955225,0.2014775,TIME,-0.039468,0.027199,0.106667,0.0,13.386815,0
beta_decouple,WIFUSDT,2026-05-16 21:00:00+00:00,2026-05-16 21:02:00+00:00,SHORT,0.1984,0.1988,0.195424,0.201376,TIME,-0.241168,-0.174501,0.106667,0.0,12.741121,0
beta_decouple,WIFUSDT,2026-05-17 01:00:00+00:00,2026-05-17 01:02:00+00:00,LONG,0.1945,0.1955,0.1974175,0.1915825,TIME,0.235899,0.302566,0.106667,0.0,13.342245,0
beta_decouple,WIFUSDT,2026-05-17 03:00:00+00:00,2026-05-17 03:02:00+00:00,SHORT,0.1964,0.1959,0.193454,0.199346,TIME,0.063145,0.129812,0.106667,0.0,13.510743,0
beta_decouple,WIFUSDT,2026-05-17 04:00:00+00:00,2026-05-17 04:02:00+00:00,SHORT,0.1974,0.1966,0.194439,0.200361,TIME,0.163662,0.230329,0.106667,0.0,13.952984,0
beta_decouple,WIFUSDT,2026-05-17 09:00:00+00:00,2026-05-17 09:02:00+00:00,SHORT,0.1992,0.1981,0.196212,0.202188,TIME,0.261682,0.328348,0.106667,0.0,14.683231,0
beta_decouple,WIFUSDT,2026-05-17 10:00:00+00:00,2026-05-17 10:02:00+00:00,SHORT,0.2,0.1997,0.197,0.203,TIME,-0.006619,0.060048,0.106667,0.0,14.663795,0
beta_decouple,WIFUSDT,2026-05-17 13:00:00+00:00,2026-05-17 13:02:00+00:00,LONG,0.1975,0.1986,0.2004625,0.1945375,TIME,0.264431,0.331097,0.106667,0.0,15.439306,0
beta_decouple,WIFUSDT,2026-05-17 17:00:00+00:00,2026-05-17 17:02:00+00:00,LONG,0.1957,0.1962,0.1986355,0.1927645,TIME,0.063572,0.130239,0.106667,0.0,15.635607,0
beta_decouple,WIFUSDT,2026-05-17 22:00:00+00:00,2026-05-17 22:02:00+00:00,LONG,0.1948,0.1963,0.197722,0.191878,TIME,0.406384,0.473051,0.106667,0.0,16.906421,0
beta_decouple,WIFUSDT,2026-05-17 23:00:00+00:00,2026-05-17 23:02:00+00:00,LONG,0.1924,0.1944,0.195286,0.189514,TIME,0.58593,0.652597,0.106667,0.0,18.887618,0
beta_decouple,WIFUSDT,2026-05-18 04:00:00+00:00,2026-05-18 04:02:00+00:00,SHORT,0.1929,0.192,0.1900065,0.1957935,TIME,0.20455,0.271217,0.106667,0.0,19.66031,0
beta_decouple,WIFUSDT,2026-05-18 07:00:00+00:00,2026-05-18 07:02:00+00:00,LONG,0.1893,0.1907,0.1921395,0.1864605,TIME,0.386094,0.452761,0.106667,0.0,21.178456,0
beta_decouple,WIFUSDT,2026-05-18 11:00:00+00:00,2026-05-18 11:02:00+00:00,SHORT,0.1907,0.1883,0.1878395,0.1935605,TIME,0.732839,0.799506,0.106667,0.0,24.282536,0
beta_decouple,WIFUSDT,2026-05-18 12:00:00+00:00,2026-05-18 12:02:00+00:00,SHORT,0.1919,0.1911,0.1890215,0.1947785,TIME,0.171411,0.238077,0.106667,0.0,25.114993,0
beta_decouple,WIFUSDT,2026-05-18 19:00:00+00:00,2026-05-18 19:01:00+00:00,SHORT,0.1916,0.188726,0.188726,0.194474,TP,0.893922,0.960588,0.106667,0.0,29.60516,0
beta_decouple,WIFUSDT,2026-05-18 21:00:00+00:00,2026-05-18 21:02:00+00:00,SHORT,0.1934,0.1915,0.190499,0.196301,TIME,0.548661,0.615328,0.106667,0.0,32.853799,0
beta_decouple,WIFUSDT,2026-05-19 02:00:00+00:00,2026-05-19 02:02:00+00:00,LONG,0.1914,0.1922,0.194271,0.188529,TIME,0.171827,0.238493,0.106667,0.0,33.982831,0
beta_decouple,WIFUSDT,2026-05-19 07:00:00+00:00,2026-05-19 07:02:00+00:00,SHORT,0.1933,0.192,0.1904005,0.1961995,TIME,0.341944,0.40861,0.106667,0.0,36.306873,0
beta_decouple,WIFUSDT,2026-05-19 09:00:00+00:00,2026-05-19 09:02:00+00:00,LONG,0.1916,0.1923,0.194474,0.188726,TIME,0.136762,0.203429,0.106667,0.0,37.299955,0
beta_decouple,WIFUSDT,2026-05-19 10:00:00+00:00,2026-05-19 10:02:00+00:00,LONG,0.191,0.1913,0.193865,0.188135,TIME,-0.002005,0.064661,0.106667,0.0,37.284994,0
beta_decouple,WIFUSDT,2026-05-19 11:00:00+00:00,2026-05-19 11:02:00+00:00,LONG,0.1899,0.1908,0.1927485,0.1870515,TIME,0.209112,0.275778,0.106667,0.0,38.844339,0
beta_decouple,WIFUSDT,2026-05-19 14:00:00+00:00,2026-05-19 14:02:00+00:00,LONG,0.1896,0.1912,0.192444,0.186756,TIME,0.455596,0.522262,0.106667,0.0,42.383803,0
beta_decouple,WIFUSDT,2026-05-19 22:00:00+00:00,2026-05-19 22:02:00+00:00,LONG,0.1885,0.1899,0.1913275,0.1856725,TIME,0.388185,0.454852,0.106667,0.0,45.674357,0
beta_decouple,WIFUSDT,2026-05-20 04:00:00+00:00,2026-05-20 04:02:00+00:00,SHORT,0.191,0.1904,0.188135,0.193865,TIME,0.102871,0.169538,0.106667,0.0,46.614072,0
beta_decouple,WIFUSDT,2026-05-20 05:00:00+00:00,2026-05-20 05:02:00+00:00,SHORT,0.1925,0.191,0.1896125,0.1953875,TIME,0.413114,0.47978,0.106667,0.0,50.465453,0
beta_decouple,WIFUSDT,2026-05-20 06:00:00+00:00,2026-05-20 06:02:00+00:00,SHORT,0.193,0.1927,0.190105,0.195895,TIME,-0.00299,0.063677,0.106667,0.0,50.43528,0
beta_decouple,WIFUSDT,2026-05-20 12:00:00+00:00,2026-05-20 12:02:00+00:00,SHORT,0.194,0.1932,0.19109,0.19691,TIME,0.1684,0.235067,0.106667,0.0,52.133944,0
beta_decouple,WIFUSDT,2026-05-20 13:00:00+00:00,2026-05-20 13:02:00+00:00,LONG,0.1926,0.1941,0.195489,0.189711,TIME,0.412245,0.478911,0.106667,0.0,56.432332,0
beta_decouple,WIFUSDT,2026-05-20 14:00:00+00:00,2026-05-20 14:02:00+00:00,SHORT,0.1951,0.1923,0.1921735,0.1980265,TIME,0.85067,0.917337,0.106667,0.0,66.033389,0
beta_decouple,WIFUSDT,2026-05-20 21:00:00+00:00,2026-05-20 21:02:00+00:00,LONG,0.1943,0.1956,0.1972145,0.1913855,TIME,0.339123,0.40579,0.106667,0.0,70.512083,0
beta_decouple,WIFUSDT,2026-05-20 22:00:00+00:00,2026-05-20 22:02:00+00:00,LONG,0.194,0.1942,0.19691,0.19109,TIME,-0.037967,0.028699,0.106667,0.0,69.976651,0
beta_decouple,WIFUSDT,2026-05-21 05:00:00+00:00,2026-05-21 05:02:00+00:00,LONG,0.1961,0.1974,0.1990415,0.1931585,TIME,0.335032,0.401698,0.106667,0.0,74.66553,0
beta_decouple,WIFUSDT,2026-05-21 06:00:00+00:00,2026-05-21 06:02:00+00:00,LONG,0.1956,0.1961,0.198534,0.192666,TIME,0.063659,0.130326,0.106667,0.0,75.616155,0
beta_decouple,WIFUSDT,2026-05-21 10:00:00+00:00,2026-05-21 10:02:00+00:00,LONG,0.1937,0.1964,0.1966055,0.1907945,TIME,0.82206,0.888727,0.106667,0.0,88.048359,0
beta_decouple,WIFUSDT,2026-05-21 17:00:00+00:00,2026-05-21 17:01:00+00:00,SHORT,0.1995,0.1965075,0.1965075,0.2024925,TP,0.893922,0.960588,0.106667,0.0,103.790023,0
beta_decouple,WIFUSDT,2026-05-22 00:00:00+00:00,2026-05-22 00:02:00+00:00,LONG,0.1979,0.1997,0.2008685,0.1949315,TIME,0.499348,0.566015,0.106667,0.0,114.155501,0
beta_decouple,WIFUSDT,2026-05-22 06:00:00+00:00,2026-05-22 06:02:00+00:00,LONG,0.2001,0.2012,0.2031015,0.1970985,TIME,0.259609,0.326276,0.106667,0.0,120.082658,0
beta_decouple,WIFUSDT,2026-05-22 12:00:00+00:00,2026-05-22 12:02:00+00:00,SHORT,0.2039,0.2017,0.2008415,0.2069585,TIME,0.61306,0.679727,0.106667,0.0,134.806231,0
beta_decouple,WIFUSDT,2026-05-22 14:00:00+00:00,2026-05-22 14:01:00+00:00,LONG,0.2002,0.203203,0.203203,0.197197,TP,0.892746,0.959412,0.106667,0.0,158.875762,0
beta_decouple,WIFUSDT,2026-05-22 18:00:00+00:00,2026-05-22 18:01:00+00:00,LONG,0.1955,0.1984325,0.1984325,0.1925675,TP,0.892746,0.959412,0.106667,0.0,187.242887,0
beta_decouple,WIFUSDT,2026-05-22 19:00:00+00:00,2026-05-22 19:02:00+00:00,LONG,0.1934,0.1947,0.196301,0.190499,TIME,0.341198,0.407865,0.106667,0.0,200.020262,0
beta_decouple,WIFUSDT,2026-05-22 23:00:00+00:00,2026-05-22 23:01:00+00:00,LONG,0.19,0.19285,0.19285,0.18715,TP,0.892746,0.959412,0.106667,0.0,235.7337,0
beta_decouple,WIFUSDT,2026-05-23 06:00:00+00:00,2026-05-23 06:02:00+00:00,LONG,0.1877,0.1892,0.1905155,0.1848845,TIME,0.425791,0.492457,0.106667,0.0,255.808349,0
beta_decouple,WIFUSDT,2026-05-23 07:00:00+00:00,2026-05-23 07:01:00+00:00,LONG,0.1818,0.18518229,0.18518229,0.17841771,TP,0.913409,0.96716,0.086001,0.0,302.539878,0
beta_decouple,WIFUSDT,2026-05-23 13:00:00+00:00,2026-05-23 13:02:00+00:00,SHORT,0.1842,0.1824,0.181437,0.186963,TIME,0.545178,0.611845,0.106667,0.0,335.527502,0
beta_decouple,WIFUSDT,2026-05-23 14:00:00+00:00,2026-05-23 14:02:00+00:00,SHORT,0.1862,0.1837,0.183407,0.188993,TIME,0.788953,0.85562,0.106667,0.0,388.470617,0
beta_decouple,WIFUSDT,2026-05-23 15:00:00+00:00,2026-05-23 15:02:00+00:00,SHORT,0.1876,0.1863,0.184786,0.190414,TIME,0.355574,0.422241,0.106667,0.0,416.096661,0
beta_decouple,WIFUSDT,2026-05-23 18:00:00+00:00,2026-05-23 18:02:00+00:00,SHORT,0.1919,0.1890215,0.1890215,0.1947785,TP,0.893922,0.960588,0.106667,0.0,490.488212,0
beta_decouple,WIFUSDT,2026-05-23 20:00:00+00:00,2026-05-23 20:01:00+00:00,SHORT,0.1983,0.1953255,0.1953255,0.2012745,TP,0.893922,0.960588,0.106667,0.0,578.179804,0
beta_decouple,WIFUSDT,2026-05-24 03:00:00+00:00,2026-05-24 03:02:00+00:00,LONG,0.1923,0.1935,0.1951845,0.1894155,TIME,0.309112,0.375779,0.106667,0.0,613.924318,0
beta_decouple,WIFUSDT,2026-05-24 05:00:00+00:00,2026-05-24 05:02:00+00:00,LONG,0.1913,0.1921,0.1941695,0.1884305,TIME,0.171972,0.238639,0.106667,0.0,635.039915,0
beta_decouple,WIFUSDT,2026-05-24 10:00:00+00:00,2026-05-24 10:02:00+00:00,LONG,0.1914,0.1919,0.194271,0.188529,TIME,0.067396,0.134063,0.106667,0.0,643.599773,0
beta_decouple,WIFUSDT,2026-05-24 11:00:00+00:00,2026-05-24 11:02:00+00:00,LONG,0.1914,0.1918,0.194271,0.188529,TIME,0.032586,0.099253,0.106667,0.0,647.794246,0
beta_decouple,WIFUSDT,2026-05-24 12:00:00+00:00,2026-05-24 12:02:00+00:00,LONG,0.1894,0.1911,0.192241,0.186559,TIME,0.491367,0.558034,0.106667,0.0,711.455223,0
beta_decouple,WIFUSDT,2026-05-24 13:00:00+00:00,2026-05-24 13:02:00+00:00,LONG,0.1885,0.1895,0.1913275,0.1856725,TIME,0.246803,0.313469,0.106667,0.0,746.57301,0
beta_decouple,WIFUSDT,2026-05-24 20:00:00+00:00,2026-05-24 20:02:00+00:00,LONG,0.1863,0.1872,0.1890945,0.1835055,TIME,0.215213,0.28188,0.106667,0.0,778.707504,0
beta_decouple,WIFUSDT,2026-05-24 21:00:00+00:00,2026-05-24 21:01:00+00:00,LONG,0.1834,0.186151,0.186151,0.180649,TP,0.892746,0.959412,0.106667,0.0,917.74503,0
beta_decouple,WIFUSDT,2026-05-25 04:00:00+00:00,2026-05-25 04:02:00+00:00,SHORT,0.1883,0.1866,0.1854755,0.1911245,TIME,0.495559,0.562226,0.106667,0.0,1008.704392,0
beta_decouple,WIFUSDT,2026-05-25 05:00:00+00:00,2026-05-25 05:02:00+00:00,SHORT,0.1894,0.1882,0.186559,0.192241,TIME,0.315961,0.382628,0.106667,0.0,1072.446707,0
beta_decouple,WIFUSDT,2026-05-25 09:00:00+00:00,2026-05-25 09:02:00+00:00,SHORT,0.1906,0.1903,0.187741,0.193459,TIME,-0.001684,0.064983,0.106667,0.0,1072.085529,0
beta_decouple,WIFUSDT,2026-05-25 10:00:00+00:00,2026-05-25 10:02:00+00:00,SHORT,0.1925,0.1905,0.1896125,0.1953875,TIME,0.586378,0.653044,0.106667,0.0,1197.814945,0
beta_decouple,WIFUSDT,2026-05-25 14:00:00+00:00,2026-05-25 14:02:00+00:00,SHORT,0.1951,0.1935,0.1921735,0.1980265,TIME,0.440378,0.507044,0.106667,0.0,1303.313128,0
beta_decouple,WIFUSDT,2026-05-25 15:00:00+00:00,2026-05-25 15:02:00+00:00,SHORT,0.1979,0.1952,0.1949315,0.2008685,TIME,0.803418,0.870084,0.106667,0.0,1512.734043,0
beta_decouple,WIFUSDT,2026-05-25 22:00:00+00:00,2026-05-25 22:02:00+00:00,LONG,0.1929,0.1949,0.1957935,0.1900065,TIME,0.584135,0.650802,0.106667,0.0,1689.46227,0
beta_decouple,WIFUSDT,2026-05-26 00:00:00+00:00,2026-05-26 00:02:00+00:00,LONG,0.191,0.1931,0.193865,0.188135,TIME,0.62589,0.692557,0.106667,0.0,1900.945766,0
beta_decouple,WIFUSDT,2026-05-26 01:00:00+00:00,2026-05-26 01:02:00+00:00,LONG,0.1896,0.1903,0.192444,0.186756,TIME,0.13933,0.205997,0.106667,0.0,1953.917484,0
beta_decouple,WIFUSDT,2026-05-26 05:00:00+00:00,2026-05-26 05:02:00+00:00,SHORT,0.1947,0.192,0.1917795,0.1976205,TIME,0.818375,0.885042,0.106667,0.0,2273.725095,0
beta_decouple,WIFUSDT,2026-05-26 06:00:00+00:00,2026-05-26 06:02:00+00:00,SHORT,0.1955,0.1943,0.1925675,0.1984325,TIME,0.302774,0.369441,0.106667,0.0,2411.410103,0
beta_decouple,WIFUSDT,2026-05-26 10:00:00+00:00,2026-05-26 10:01:00+00:00,SHORT,0.1984,0.195424,0.195424,0.201376,TP,0.893922,0.960588,0.106667,0.0,2842.532375,0
beta_decouple,WIFUSDT,2026-05-26 15:00:00+00:00,2026-05-26 15:02:00+00:00,LONG,0.1959,0.1968,0.1988385,0.1929615,TIME,0.19944,0.266107,0.106667,0.0,2955.915495,0
beta_decouple,WIFUSDT,2026-05-26 16:00:00+00:00,2026-05-26 16:02:00+00:00,LONG,0.195,0.1962,0.197925,0.192075,TIME,0.303356,0.370022,0.106667,0.0,3135.254234,0
beta_decouple,WIFUSDT,2026-05-26 17:00:00+00:00,2026-05-26 17:02:00+00:00,LONG,0.1936,0.1953,0.196504,0.190696,TIME,0.478394,0.54506,0.106667,0.0,3435.231374,0
beta_decouple,WIFUSDT,2026-05-26 18:00:00+00:00,2026-05-26 18:02:00+00:00,LONG,0.1927,0.1937,0.1955905,0.1898095,TIME,0.239099,0.305765,0.106667,0.0,3599.50326,0
beta_decouple,WIFUSDT,2026-05-27 00:00:00+00:00,2026-05-27 00:02:00+00:00,SHORT,0.1961,0.1945,0.1931585,0.1990415,TIME,0.437588,0.504255,0.106667,0.0,3914.523117,0
beta_decouple,WIFUSDT,2026-05-27 03:00:00+00:00,2026-05-27 03:02:00+00:00,LONG,0.1922,0.1932,0.195083,0.189317,TIME,0.239998,0.306665,0.106667,0.0,4102.418805,0
beta_decouple,WIFUSDT,2026-05-27 12:00:00+00:00,2026-05-27 12:01:00+00:00,SHORT,0.1952,0.192272,0.192272,0.198128,TP,0.893922,0.960588,0.106667,0.0,4835.866887,0
beta_decouple,WIFUSDT,2026-05-27 17:00:00+00:00,2026-05-27 17:01:00+00:00,LONG,0.19,0.19285,0.19285,0.18715,TP,0.892746,0.959412,0.106667,0.0,5699.306577,0
beta_decouple,WIFUSDT,2026-05-27 21:00:00+00:00,2026-05-27 21:01:00+00:00,LONG,0.1872,0.190008,0.190008,0.184392,TP,0.892746,0.959412,0.106667,0.0,6716.912648,0
beta_decouple,WIFUSDT,2026-05-27 22:00:00+00:00,2026-05-27 22:02:00+00:00,LONG,0.1864,0.1876,0.189196,0.183604,TIME,0.322272,0.388939,0.106667,0.0,7149.847821,0
beta_decouple,WIFUSDT,2026-05-28 02:00:00+00:00,2026-05-28 02:02:00+00:00,LONG,0.1844,0.1851,0.187166,0.181634,TIME,0.146267,0.212933,0.106667,0.0,7359.004552,0
beta_decouple,WIFUSDT,2026-05-28 03:00:00+00:00,2026-05-28 03:01:00+00:00,LONG,0.1782,0.18132813,0.18132813,0.17507187,TP,0.908263,0.96523,0.091147,0.0,8695.787125,0
beta_decouple,WIFUSDT,2026-05-28 12:00:00+00:00,2026-05-28 12:02:00+00:00,SHORT,0.1769,0.1759,0.1742465,0.1795535,TIME,0.270408,0.337075,0.106667,0.0,9166.069665,0
beta_decouple,WIFUSDT,2026-05-28 15:00:00+00:00,2026-05-28 15:02:00+00:00,SHORT,0.1758,0.1755,0.173163,0.178437,TIME,0.007155,0.073822,0.106667,0.0,9179.186773,0
beta_decouple,WIFUSDT,2026-05-28 16:00:00+00:00,2026-05-28 16:01:00+00:00,SHORT,0.179,0.176315,0.176315,0.181685,TP,0.893922,0.960588,0.106667,0.0,10820.281273,0
beta_decouple,WIFUSDT,2026-05-28 17:00:00+00:00,2026-05-28 17:02:00+00:00,SHORT,0.1815,0.1787775,0.1787775,0.1842225,TP,0.893922,0.960588,0.106667,0.0,12754.777707,0
beta_decouple,WIFUSDT,2026-05-28 18:00:00+00:00,2026-05-28 18:02:00+00:00,SHORT,0.184,0.1826,0.18124,0.18676,TIME,0.400872,0.467539,0.106667,0.0,13777.384729,0
beta_decouple,WIFUSDT,2026-05-29 04:00:00+00:00,2026-05-29 04:02:00+00:00,SHORT,0.1853,0.1839,0.1825205,0.1880795,TIME,0.397311,0.463978,0.106667,0.0,14872.166985,0
beta_decouple,WIFUSDT,2026-05-29 09:00:00+00:00,2026-05-29 09:02:00+00:00,SHORT,0.1881,0.1859,0.1852785,0.1909215,TIME,0.673516,0.740183,0.106667,0.0,16875.496664,0
beta_decouple,WIFUSDT,2026-05-29 11:00:00+00:00,2026-05-29 11:02:00+00:00,LONG,0.185,0.1874,0.187775,0.182225,TIME,0.757691,0.824358,0.106667,0.0,19432.780508,0
beta_decouple,WIFUSDT,2026-05-29 12:00:00+00:00,2026-05-29 12:02:00+00:00,LONG,0.1834,0.1848,0.186151,0.180649,TIME,0.401946,0.468613,0.106667,0.0,20994.965916,0
beta_decouple,WIFUSDT,2026-05-29 13:00:00+00:00,2026-05-29 13:02:00+00:00,LONG,0.1826,0.1828,0.185339,0.179861,TIME,-0.033679,0.032988,0.106667,0.0,20853.547526,0
beta_decouple,WIFUSDT,2026-05-29 16:00:00+00:00,2026-05-29 16:02:00+00:00,SHORT,0.1913,0.19,0.1884305,0.1941695,TIME,0.346634,0.413301,0.106667,0.0,22299.256557,0
beta_decouple,WIFUSDT,2026-05-29 21:00:00+00:00,2026-05-29 21:02:00+00:00,LONG,0.1862,0.1884,0.188993,0.183407,TIME,0.680556,0.747223,0.106667,0.0,25334.436713,0
beta_decouple,WIFUSDT,2026-05-30 01:00:00+00:00,2026-05-30 01:01:00+00:00,SHORT,0.1909,0.1880365,0.1880365,0.1937635,TP,0.893922,0.960588,0.106667,0.0,29863.836296,0
beta_decouple,WIFUSDT,2026-05-30 02:00:00+00:00,2026-05-30 02:01:00+00:00,SHORT,0.1947,0.1917795,0.1917795,0.1976205,TP,0.893922,0.960588,0.106667,0.0,35203.021422,0
beta_decouple,WIFUSDT,2026-05-30 15:00:00+00:00,2026-05-30 15:02:00+00:00,LONG,0.1912,0.1923,0.194068,0.188332,TIME,0.276658,0.343324,0.106667,0.0,37150.859596,0
beta_decouple,WIFUSDT,2026-05-30 21:00:00+00:00,2026-05-30 21:02:00+00:00,LONG,0.1917,0.1925,0.1945755,0.1888245,TIME,0.171391,0.238058,0.106667,0.0,38424.323724,0
beta_decouple,WIFUSDT,2026-05-30 22:00:00+00:00,2026-05-30 22:02:00+00:00,LONG,0.1902,0.1909,0.193053,0.187347,TIME,0.138554,0.205221,0.106667,0.0,39489.091907,0
beta_decouple,WIFUSDT,2026-05-31 03:00:00+00:00,2026-05-31 03:02:00+00:00,SHORT,0.1918,0.1919,0.188923,0.194677,TIME,-0.141458,-0.074791,0.106667,0.0,38371.882627,0
beta_decouple,WIFUSDT,2026-05-31 04:00:00+00:00,2026-05-31 04:02:00+00:00,SHORT,0.1928,0.1919,0.189908,0.195692,TIME,0.204711,0.271378,0.106667,0.0,39942.915198,0
beta_decouple,WIFUSDT,2026-05-31 07:00:00+00:00,2026-05-31 07:02:00+00:00,LONG,0.1903,0.191,0.1931545,0.1874455,TIME,0.138425,0.205092,0.106667,0.0,41048.735386,0
beta_decouple,WIFUSDT,2026-05-31 12:00:00+00:00,2026-05-31 12:02:00+00:00,SHORT,0.1905,0.1897,0.1876425,0.1933575,TIME,0.173454,0.240121,0.106667,0.0,42472.751839,0
beta_decouple,WIFUSDT,2026-05-31 14:00:00+00:00,2026-05-31 14:01:00+00:00,LONG,0.1867,0.1895005,0.1895005,0.1838995,TP,0.892746,0.959412,0.106667,0.0,50056.223537,0
beta_decouple,WIFUSDT,2026-05-31 21:00:00+00:00,2026-05-31 21:01:00+00:00,SHORT,0.1916,0.188726,0.188726,0.194474,TP,0.893922,0.960588,0.106667,0.0,59005.490521,0
beta_decouple,WIFUSDT,2026-05-31 22:00:00+00:00,2026-05-31 22:02:00+00:00,SHORT,0.1921,0.1912,0.1892185,0.1949815,TIME,0.205846,0.272513,0.106667,0.0,61434.700691,0
beta_decouple,WIFUSDT,2026-06-01 02:00:00+00:00,2026-06-01 02:01:00+00:00,SHORT,0.194,0.19109,0.19109,0.19691,TP,0.893922,0.960588,0.106667,0.0,72418.26077,0
beta_decouple,WIFUSDT,2026-06-01 05:00:00+00:00,2026-06-01 05:02:00+00:00,LONG,0.19,0.1912,0.19285,0.18715,TIME,0.314145,0.380812,0.106667,0.0,76968.233549,0
beta_decouple,WIFUSDT,2026-06-01 06:00:00+00:00,2026-06-01 06:02:00+00:00,LONG,0.1878,0.19,0.190617,0.184983,TIME,0.67385,0.740516,0.106667,0.0,87341.235498,0
beta_decouple,WIFUSDT,2026-06-01 07:00:00+00:00,2026-06-01 07:02:00+00:00,LONG,0.1855,0.1872,0.1882825,0.1827175,TIME,0.50394,0.570607,0.106667,0.0,96144.187933,0
beta_decouple,WIFUSDT,2026-06-01 13:00:00+00:00,2026-06-01 13:02:00+00:00,LONG,0.1838,0.1849,0.186557,0.181043,TIME,0.29209,0.358757,0.106667,0.0,101760.747069,0
beta_decouple,WIFUSDT,2026-06-01 14:00:00+00:00,2026-06-01 14:02:00+00:00,LONG,0.183,0.1843,0.185745,0.180255,TIME,0.36665,0.433316,0.106667,0.0,109222.8546,0
beta_decouple,WIFUSDT,2026-06-01 16:00:00+00:00,2026-06-01 16:01:00+00:00,SHORT,0.1868,0.183998,0.183998,0.189602,TP,0.893922,0.960588,0.106667,0.0,128750.186417,0
beta_decouple,WIFUSDT,2026-06-01 17:00:00+00:00,2026-06-01 17:02:00+00:00,SHORT,0.1894,0.1875,0.186559,0.192241,TIME,0.562501,0.629168,0.106667,0.0,143234.616286,0
beta_decouple,WIFUSDT,2026-06-01 19:00:00+00:00,2026-06-01 19:01:00+00:00,SHORT,0.1926,0.189711,0.189711,0.195489,TP,0.893922,0.960588,0.106667,0.0,168842.717175,0
beta_decouple,WIFUSDT,2026-06-04 00:00:00+00:00,2026-06-04 00:01:00+00:00,LONG,0.1866,0.189399,0.189399,0.183801,TP,0.892746,0.959412,0.106667,0.0,198989.432695,0
beta_decouple,WIFUSDT,2026-06-04 01:00:00+00:00,2026-06-04 01:01:00+00:00,LONG,0.175,0.17819271,0.17819271,0.17180729,TP,0.91171,0.966523,0.0877,0.0,235273.572044,0
beta_decouple,WIFUSDT,2026-06-04 10:00:00+00:00,2026-06-04 10:02:00+00:00,LONG,0.1655,0.1679,0.16986979,0.16113021,TIME,0.488305,0.526178,0.060598,0.0,258250.614598,0
beta_decouple,WIFUSDT,2026-06-04 12:00:00+00:00,2026-06-04 12:01:00+00:00,SHORT,0.1725,0.1699125,0.1699125,0.1750875,TP,0.893922,0.960588,0.106667,0.0,304421.770459,0
beta_decouple,WIFUSDT,2026-06-04 15:00:00+00:00,2026-06-04 15:01:00+00:00,SHORT,0.1795,0.1768075,0.1768075,0.1821925,TP,0.893922,0.960588,0.106667,0.0,358847.604191,0
beta_decouple,WIFUSDT,2026-06-04 21:00:00+00:00,2026-06-04 21:01:00+00:00,LONG,0.1653,0.16788125,0.16788125,0.16271875,TP,0.89695,0.960988,0.102462,0.0,423221.255668,0
beta_decouple,WIFUSDT,2026-06-05 02:00:00+00:00,2026-06-05 02:01:00+00:00,LONG,0.1588,0.16199792,0.16199792,0.15560208,TP,0.919957,0.969615,0.079452,0.0,501090.359951,0
beta_decouple,WIFUSDT,2026-06-05 13:00:00+00:00,2026-06-05 13:01:00+00:00,LONG,0.1508,0.15420417,0.15420417,0.14739583,TP,0.92853,0.972829,0.070878,0.0,594145.876956,0
beta_decouple,WIFUSDT,2026-06-05 16:00:00+00:00,2026-06-05 16:01:00+00:00,SHORT,0.1554,0.153069,0.153069,0.157731,TP,0.893922,0.960588,0.106667,0.0,700369.832829,0
beta_decouple,WIFUSDT,2026-06-05 20:00:00+00:00,2026-06-05 20:01:00+00:00,SHORT,0.1552,0.152872,0.152872,0.157528,TP,0.893922,0.960588,0.106667,0.0,825584.964503,0
beta_decouple,WIFUSDT,2026-06-08 00:00:00+00:00,2026-06-08 00:02:00+00:00,SHORT,0.1593,0.1583,0.1569105,0.1616895,TIME,0.31207,0.378737,0.106667,0.0,877113.04054,0
beta_decouple,WIFUSDT,2026-06-08 09:00:00+00:00,2026-06-08 09:01:00+00:00,SHORT,0.1602,0.157797,0.157797,0.162603,TP,0.893922,0.960588,0.106667,0.0,1033927.083231,0
beta_decouple,WIFUSDT,2026-06-08 11:00:00+00:00,2026-06-08 11:01:00+00:00,SHORT,0.1626,0.160161,0.160161,0.165039,TP,0.893922,0.960588,0.106667,0.0,1218777.015081,0
beta_decouple,WIFUSDT,2026-06-08 16:00:00+00:00,2026-06-08 16:02:00+00:00,LONG,0.1621,0.1628,0.1645315,0.1596685,TIME,0.181061,0.247727,0.106667,0.0,1262911.559346,0
beta_decouple,WIFUSDT,2026-06-08 18:00:00+00:00,2026-06-08 18:02:00+00:00,LONG,0.162,0.1631,0.16443,0.15957,TIME,0.345749,0.412415,0.106667,0.0,1350241.56617,0
beta_decouple,WIFUSDT,2026-06-08 19:00:00+00:00,2026-06-08 19:02:00+00:00,LONG,0.1609,0.1622,0.1633135,0.1584865,TIME,0.431659,0.498326,0.106667,0.0,1466810.372355,0
beta_decouple,WIFUSDT,2026-06-08 21:00:00+00:00,2026-06-08 21:02:00+00:00,LONG,0.1605,0.1617,0.1629075,0.1580925,TIME,0.391489,0.458155,0.106667,0.0,1581658.315857,0
beta_decouple,WIFUSDT,2026-06-08 22:00:00+00:00,2026-06-08 22:02:00+00:00,LONG,0.1595,0.1602,0.1618925,0.1571075,TIME,0.185751,0.252417,0.106667,0.0,1640417.180428,0
beta_decouple,WIFUSDT,2026-06-08 23:00:00+00:00,2026-06-08 23:02:00+00:00,LONG,0.1584,0.1596,0.160776,0.156024,TIME,0.398093,0.46476,0.106667,0.0,1771024.86542,0
beta_decouple,WIFUSDT,2026-06-09 00:00:00+00:00,2026-06-09 00:01:00+00:00,LONG,0.1539,0.1562085,0.1562085,0.1515915,TP,0.892746,0.959412,0.106667,0.0,2087239.764647,0
beta_decouple,WIFUSDT,2026-06-09 05:00:00+00:00,2026-06-09 05:02:00+00:00,SHORT,0.1587,0.158,0.1563195,0.1610805,TIME,0.187554,0.25422,0.106667,0.0,2165533.667273,0
beta_decouple,WIFUSDT,2026-06-09 09:00:00+00:00,2026-06-09 09:02:00+00:00,LONG,0.1563,0.1572,0.1586445,0.1539555,TIME,0.276992,0.343659,0.106667,0.0,2285500.867991,0
beta_decouple,WIFUSDT,2026-06-09 12:00:00+00:00,2026-06-09 12:02:00+00:00,SHORT,0.158,0.1573,0.15563,0.16037,TIME,0.188857,0.255524,0.106667,0.0,2371827.548787,0
beta_decouple,WIFUSDT,2026-06-09 15:00:00+00:00,2026-06-09 15:01:00+00:00,LONG,0.1532,0.155498,0.155498,0.150902,TP,0.892746,0.959412,0.106667,0.0,2795315.227571,0
beta_decouple,WIFUSDT,2026-06-10 02:00:00+00:00,2026-06-10 02:01:00+00:00,LONG,0.1516,0.153874,0.153874,0.149326,TP,0.892746,0.959412,0.106667,0.0,3294416.251081,0
beta_decouple,WIFUSDT,2026-06-10 07:00:00+00:00,2026-06-10 07:02:00+00:00,SHORT,0.1526,0.1526,0.150311,0.154889,TIME,-0.106679,-0.040012,0.106667,0.0,3224127.462087,0
beta_decouple,WIFUSDT,2026-06-10 11:00:00+00:00,2026-06-10 11:02:00+00:00,LONG,0.1495,0.1517425,0.1517425,0.1472575,TP,0.892746,0.959412,0.106667,0.0,3799792.52497,0
beta_decouple,WIFUSDT,2026-06-10 13:00:00+00:00,2026-06-10 13:02:00+00:00,SHORT,0.1539,0.1518,0.1515915,0.1562085,TIME,0.803549,0.870216,0.106667,0.0,4410456.356287,0
beta_decouple,WIFUSDT,2026-06-10 19:00:00+00:00,2026-06-10 19:01:00+00:00,LONG,0.1479,0.1501185,0.1501185,0.1456815,TP,0.892746,0.959412,0.106667,0.0,5197939.377831,0
beta_decouple,WIFUSDT,2026-06-10 21:00:00+00:00,2026-06-10 21:01:00+00:00,LONG,0.1452,0.147378,0.147378,0.143022,TP,0.892746,0.959412,0.106667,0.0,6126026.785661,0
beta_decouple,WIFUSDT,2026-06-11 00:00:00+00:00,2026-06-11 00:02:00+00:00,SHORT,0.1479,0.1479,0.1456815,0.1501185,TIME,-0.106679,-0.040012,0.106667,0.0,5995323.507357,0
beta_decouple,WIFUSDT,2026-06-11 01:00:00+00:00,2026-06-11 01:02:00+00:00,SHORT,0.15,0.1482,0.14775,0.15225,TIME,0.693801,0.760468,0.106667,0.0,6827236.36439,0
beta_decouple,WIFUSDT,2026-06-11 03:00:00+00:00,2026-06-11 03:01:00+00:00,SHORT,0.1524,0.150114,0.150114,0.154686,TP,0.893922,0.960588,0.106667,0.0,8047839.052094,0
beta_decouple,WIFUSDT,2026-06-11 04:00:00+00:00,2026-06-11 04:02:00+00:00,SHORT,0.1536,0.1524,0.151296,0.155904,TIME,0.414467,0.481134,0.106667,0.0,8714952.207183,0
beta_decouple,WIFUSDT,2026-06-11 08:00:00+00:00,2026-06-11 08:02:00+00:00,SHORT,0.1543,0.1526,0.1519855,0.1566145,TIME,0.628262,0.694929,0.106667,0.0,9810006.961852,0
beta_decouple,WIFUSDT,2026-06-11 17:00:00+00:00,2026-06-11 17:01:00+00:00,SHORT,0.1589,0.1565165,0.1565165,0.1612835,TP,0.893922,0.960588,0.106667,0.0,11563882.208722,0
beta_decouple,WIFUSDT,2026-06-11 23:00:00+00:00,2026-06-11 23:02:00+00:00,LONG,0.1573,0.1573,0.1596595,0.1549405,TIME,-0.106655,-0.039988,0.106667,0.0,11317213.79993,0
beta_decouple,WIFUSDT,2026-06-12 00:00:00+00:00,2026-06-12 00:02:00+00:00,LONG,0.1571,0.1571,0.1594565,0.1547435,TIME,-0.106655,-0.039988,0.106667,0.0,11075807.058699,0
beta_decouple,WIFUSDT,2026-06-12 01:00:00+00:00,2026-06-12 01:02:00+00:00,LONG,0.1566,0.1567,0.158949,0.154251,TIME,-0.064109,0.002558,0.106667,0.0,10933795.500703,0
beta_decouple,WIFUSDT,2026-06-12 05:00:00+00:00,2026-06-12 05:02:00+00:00,LONG,0.1564,0.1574,0.158746,0.154054,TIME,0.319347,0.386014,0.106667,0.0,11632130.702808,0
beta_decouple,WIFUSDT,2026-06-12 06:00:00+00:00,2026-06-12 06:02:00+00:00,LONG,0.1546,0.1564,0.156919,0.152281,TIME,0.669076,0.735743,0.106667,0.0,13188687.501668,0
beta_decouple,WIFUSDT,2026-06-12 13:00:00+00:00,2026-06-12 13:02:00+00:00,LONG,0.1573,0.1588,0.1596595,0.1549405,TIME,0.528692,0.595359,0.106667,0.0,14583237.994206,0
beta_decouple,WIFUSDT,2026-06-12 14:00:00+00:00,2026-06-12 14:01:00+00:00,SHORT,0.1607,0.1582895,0.1582895,0.1631105,TP,0.893922,0.960588,0.106667,0.0,17190492.019277,0
beta_decouple,WIFUSDT,2026-06-12 15:00:00+00:00,2026-06-12 15:01:00+00:00,LONG,0.1571,0.1594565,0.1594565,0.1547435,TP,0.892746,0.959412,0.106667,0.0,20259838.931158,0
beta_decouple,WIFUSDT,2026-06-13 01:00:00+00:00,2026-06-13 01:02:00+00:00,SHORT,0.1591,0.1575,0.1567135,0.1614865,TIME,0.564162,0.630828,0.106667,0.0,22545803.53188,0
beta_decouple,WIFUSDT,2026-06-13 07:00:00+00:00,2026-06-13 07:02:00+00:00,SHORT,0.1604,0.1587,0.157994,0.162806,TIME,0.600312,0.666979,0.106667,0.0,25252708.225868,0
beta_decouple,WIFUSDT,2026-06-13 11:00:00+00:00,2026-06-13 11:02:00+00:00,SHORT,0.1633,0.161,0.1608505,0.1657495,TIME,0.832852,0.899519,0.106667,0.0,29459062.013049,0
beta_decouple,WIFUSDT,2026-06-13 16:00:00+00:00,2026-06-13 16:02:00+00:00,LONG,0.1607,0.1621,0.1631105,0.1582895,TIME,0.473789,0.540456,0.106667,0.0,32250539.837576,0
beta_decouple,WIFUSDT,2026-06-13 17:00:00+00:00,2026-06-13 17:02:00+00:00,LONG,0.1604,0.1603,0.162806,0.157994,TIME,-0.148192,-0.081526,0.106667,0.0,31294682.213528,0
beta_decouple,WIFUSDT,2026-06-13 21:00:00+00:00,2026-06-13 21:02:00+00:00,SHORT,0.1617,0.1606,0.1592745,0.1641255,TIME,0.347108,0.413775,0.106667,0.0,33467210.748239,0
beta_decouple,WIFUSDT,2026-06-13 22:00:00+00:00,2026-06-13 22:02:00+00:00,LONG,0.1604,0.1615,0.162806,0.157994,TIME,0.350261,0.416928,0.106667,0.0,35811665.536068,0
beta_decouple,WIFUSDT,2026-06-13 23:00:00+00:00,2026-06-13 23:02:00+00:00,LONG,0.1602,0.1605,0.162603,0.157797,TIME,0.018114,0.084781,0.106667,0.0,35941406.837736,0
beta_decouple,WIFUSDT,2026-06-14 00:00:00+00:00,2026-06-14 00:02:00+00:00,LONG,0.1598,0.1601,0.162197,0.157403,TIME,0.018427,0.085093,0.106667,0.0,36073863.170373,0
beta_decouple,WIFUSDT,2026-06-14 04:00:00+00:00,2026-06-14 04:02:00+00:00,LONG,0.1585,0.1597,0.1608775,0.1561225,TIME,0.397774,0.464441,0.106667,0.0,38943715.333673,0
beta_decouple,WIFUSDT,2026-06-14 09:00:00+00:00,2026-06-14 09:02:00+00:00,SHORT,0.1593,0.1585,0.1569105,0.1616895,TIME,0.22832,0.294987,0.106667,0.0,40722043.828206,0
beta_decouple,WIFUSDT,2026-06-15 07:00:00+00:00,2026-06-15 07:02:00+00:00,LONG,0.1664,0.1664,0.168896,0.163904,TIME,-0.106655,-0.039988,0.106667,0.0,39853404.596798,0
beta_decouple,WIFUSDT,2026-06-15 09:00:00+00:00,2026-06-15 09:02:00+00:00,LONG,0.1666,0.1671,0.169099,0.164101,TIME,0.093305,0.159972,0.106667,0.0,40597111.767578,0
beta_decouple,WIFUSDT,2026-06-15 11:00:00+00:00,2026-06-15 11:02:00+00:00,SHORT,0.1694,0.1671,0.166859,0.171941,TIME,0.79902,0.865687,0.106667,0.0,47084692.91357,0
beta_decouple,WIFUSDT,2026-06-15 12:00:00+00:00,2026-06-15 12:02:00+00:00,SHORT,0.1701,0.1695,0.1675485,0.1726515,TIME,0.128618,0.195285,0.106667,0.0,48295883.133374,0
beta_decouple,WIFUSDT,2026-06-15 13:00:00+00:00,2026-06-15 13:01:00+00:00,SHORT,0.1729,0.1703065,0.1703065,0.1754935,TP,0.893922,0.960588,0.106667,0.0,56930428.886784,0
beta_decouple,WIFUSDT,2026-06-15 17:00:00+00:00,2026-06-15 17:02:00+00:00,LONG,0.1726,0.1732,0.175189,0.170011,TIME,0.124956,0.191623,0.106667,0.0,58353188.984663,0
beta_decouple,WIFUSDT,2026-06-15 18:00:00+00:00,2026-06-15 18:02:00+00:00,LONG,0.1712,0.1725,0.173768,0.168632,TIME,0.399272,0.465939,0.106667,0.0,63012950.354531,0
beta_decouple,WIFUSDT,2026-06-15 19:00:00+00:00,2026-06-15 19:02:00+00:00,LONG,0.1694,0.1715,0.171941,0.166859,TIME,0.719296,0.785963,0.106667,0.0,72077941.616976,0
beta_decouple,WIFUSDT,2026-06-16 02:00:00+00:00,2026-06-16 02:02:00+00:00,LONG,0.1655,0.1672,0.1679825,0.1630175,TIME,0.577728,0.644395,0.106667,0.0,80406232.526574,0
beta_decouple,WIFUSDT,2026-06-16 07:00:00+00:00,2026-06-16 07:02:00+00:00,SHORT,0.1695,0.1682,0.1669575,0.1720425,TIME,0.404936,0.471603,0.106667,0.0,86918107.749786,0
beta_decouple,WIFUSDT,2026-06-16 08:00:00+00:00,2026-06-16 08:01:00+00:00,SHORT,0.1722,0.169617,0.169617,0.174783,TP,0.893922,0.960588,0.106667,0.0,102457700.971277,0
beta_decouple,WIFUSDT,2026-06-16 13:00:00+00:00,2026-06-16 13:01:00+00:00,LONG,0.1689,0.1714335,0.1714335,0.1663665,TP,0.892746,0.959412,0.106667,0.0,120751431.466135,0
beta_decouple,WIFUSDT,2026-06-16 14:00:00+00:00,2026-06-16 14:01:00+00:00,LONG,0.1665,0.1689975,0.1689975,0.1640025,TP,0.892746,0.959412,0.106667,0.0,142311491.11191,0
beta_decouple,WIFUSDT,2026-06-16 20:00:00+00:00,2026-06-16 20:02:00+00:00,SHORT,0.1698,0.1675,0.167253,0.172347,TIME,0.796886,0.863553,0.106667,0.0,164992711.491242,0
beta_decouple,WIFUSDT,2026-06-17 01:00:00+00:00,2026-06-17 01:01:00+00:00,SHORT,0.1735,0.1708975,0.1708975,0.1761025,TP,0.893922,0.960588,0.106667,0.0,194490818.243238,0
beta_decouple,WIFUSDT,2026-06-17 02:00:00+00:00,2026-06-17 02:01:00+00:00,SHORT,0.1784,0.175724,0.175724,0.181076,TP,0.893922,0.960588,0.106667,0.0,229262723.419951,0
beta_decouple,WIFUSDT,2026-06-17 06:00:00+00:00,2026-06-17 06:01:00+00:00,LONG,0.1712,0.173768,0.173768,0.168632,TP,0.892746,0.959412,0.106667,0.0,270197376.794004,0
beta_decouple,WIFUSDT,2026-06-17 08:00:00+00:00,2026-06-17 08:01:00+00:00,LONG,0.1685,0.1710275,0.1710275,0.1659725,TP,0.892746,0.959412,0.106667,0.0,318440875.766061,0
beta_decouple,WIFUSDT,2026-06-17 14:00:00+00:00,2026-06-17 14:02:00+00:00,SHORT,0.169,0.1675,0.166465,0.171535,TIME,0.485392,0.552059,0.106667,0.0,349354634.642319,0
beta_decouple,WIFUSDT,2026-06-17 15:00:00+00:00,2026-06-17 15:01:00+00:00,SHORT,0.1723,0.1697155,0.1697155,0.1748845,TP,0.893922,0.960588,0.106667,0.0,411813759.132378,0
beta_decouple,WIFUSDT,2026-06-17 19:00:00+00:00,2026-06-17 19:01:00+00:00,LONG,0.1661,0.1685915,0.1685915,0.1636085,TP,0.892746,0.959412,0.106667,0.0,485342735.990387,0
beta_decouple,WIFUSDT,2026-06-18 00:00:00+00:00,2026-06-18 00:02:00+00:00,SHORT,0.1677,0.1675,0.1651845,0.1702155,TIME,-0.027124,0.039543,0.106667,0.0,482709858.863034,0
beta_decouple,WIFUSDT,2026-06-18 02:00:00+00:00,2026-06-18 02:02:00+00:00,SHORT,0.1685,0.1681,0.1659725,0.1710275,TIME,0.051675,0.118342,0.106667,0.0,487698709.960475,0
beta_decouple,WIFUSDT,2026-06-18 04:00:00+00:00,2026-06-18 04:02:00+00:00,LONG,0.1638,0.1659,0.166257,0.161343,TIME,0.747534,0.8142,0.106667,0.0,560612936.409567,0
beta_decouple,WIFUSDT,2026-06-18 08:00:00+00:00,2026-06-18 08:02:00+00:00,SHORT,0.1675,0.1662,0.1649875,0.1700125,TIME,0.411045,0.477711,0.106667,0.0,606700343.544738,0
beta_decouple,WIFUSDT,2026-06-18 15:00:00+00:00,2026-06-18 15:01:00+00:00,LONG,0.1596,0.161994,0.161994,0.157206,TP,0.892746,0.959412,0.106667,0.0,715026145.028966,0
beta_decouple,WIFUSDT,2026-06-18 20:00:00+00:00,2026-06-18 20:02:00+00:00,SHORT,0.1662,0.1645,0.163707,0.168693,TIME,0.57564,0.642307,0.106667,0.0,797345667.087002,0
beta_decouple,WIFUSDT,2026-06-19 03:00:00+00:00,2026-06-19 03:01:00+00:00,LONG,0.1634,0.165851,0.165851,0.160949,TP,0.892746,0.959412,0.106667,0.0,939711019.878018,0
beta_decouple,WIFUSDT,2026-06-19 04:00:00+00:00,2026-06-19 04:02:00+00:00,LONG,0.1609,0.1624,0.1633135,0.1584865,TIME,0.514477,0.581143,0.106667,0.0,1036402882.01482,0
beta_decouple,WIFUSDT,2026-06-19 12:00:00+00:00,2026-06-19 12:02:00+00:00,SHORT,0.1617,0.1603,0.1592745,0.1641255,TIME,0.470868,0.537535,0.106667,0.0,1134004741.117192,0
beta_decouple,WIFUSDT,2026-06-19 13:00:00+00:00,2026-06-19 13:01:00+00:00,SHORT,0.164,0.16154,0.16154,0.16646,TP,0.893922,0.960588,0.106667,0.0,1336746987.174046,0
beta_decouple,WIFUSDT,2026-06-19 23:00:00+00:00,2026-06-19 23:02:00+00:00,SHORT,0.1621,0.1614,0.1596685,0.1645315,TIME,0.181382,0.248049,0.106667,0.0,1385239422.24174,0
beta_decouple,WIFUSDT,2026-06-20 04:00:00+00:00,2026-06-20 04:02:00+00:00,SHORT,0.162,0.1606,0.15957,0.16443,TIME,0.469799,0.536465,0.106667,0.0,1515396185.821161,0
beta_decouple,WIFUSDT,2026-06-20 05:00:00+00:00,2026-06-20 05:02:00+00:00,SHORT,0.1634,0.1621,0.160949,0.165851,TIME,0.424035,0.490702,0.106667,0.0,1643912517.299955,0
beta_decouple,WIFUSDT,2026-06-20 06:00:00+00:00,2026-06-20 06:02:00+00:00,SHORT,0.1643,0.1635,0.1618355,0.1667645,TIME,0.218126,0.284792,0.106667,0.0,1715628400.800592,0
beta_decouple,WIFUSDT,2026-06-20 12:00:00+00:00,2026-06-20 12:02:00+00:00,LONG,0.162,0.1622,0.16443,0.15957,TIME,-0.0244,0.042267,0.106667,0.0,1707256301.848246,0
beta_decouple,WIFUSDT,2026-06-20 17:00:00+00:00,2026-06-20 17:02:00+00:00,LONG,0.1602,0.1614,0.162603,0.157797,TIME,0.392422,0.459088,0.106667,0.0,1841249143.02391,0
beta_decouple,WIFUSDT,2026-06-20 22:00:00+00:00,2026-06-20 22:02:00+00:00,SHORT,0.1626,0.1606,0.160161,0.165039,TIME,0.713822,0.780488,0.106667,0.0,2104113855.214752,0
beta_decouple,WIFUSDT,2026-06-21 04:00:00+00:00,2026-06-21 04:02:00+00:00,LONG,0.1617,0.1627,0.1641255,0.1592745,TIME,0.305384,0.372051,0.106667,0.0,2232626463.161822,0
beta_decouple,WIFUSDT,2026-06-21 05:00:00+00:00,2026-06-21 05:02:00+00:00,LONG,0.1612,0.1614,0.163618,0.158782,TIME,-0.023991,0.042675,0.106667,0.0,2221913742.143561,0
beta_decouple,WIFUSDT,2026-06-21 09:00:00+00:00,2026-06-21 09:02:00+00:00,SHORT,0.1636,0.1622,0.161146,0.166054,TIME,0.464161,0.530828,0.106667,0.0,2428178828.935742,0
beta_decouple,WIFUSDT,2026-06-21 20:00:00+00:00,2026-06-21 20:02:00+00:00,LONG,0.1633,0.1655,0.1657495,0.1608505,TIME,0.790949,0.857616,0.106667,0.0,2812291993.004602,0
beta_decouple,WIFUSDT,2026-06-21 21:00:00+00:00,2026-06-21 21:02:00+00:00,LONG,0.1623,0.1632,0.1647345,0.1598655,TIME,0.262809,0.329476,0.106667,0.0,2960111320.209156,0
beta_decouple,WIFUSDT,2026-06-21 23:00:00+00:00,2026-06-21 23:02:00+00:00,LONG,0.1601,0.1613,0.1625015,0.1576985,TIME,0.392733,0.4594,0.106667,0.0,3192618178.956802,0
beta_decouple,WIFUSDT,2026-06-22 01:00:00+00:00,2026-06-22 01:01:00+00:00,SHORT,0.1655,0.1630175,0.1630175,0.1679825,TP,0.893922,0.960588,0.106667,0.0,3763408191.497642,0
beta_decouple,WIFUSDT,2026-06-22 07:00:00+00:00,2026-06-22 07:02:00+00:00,SHORT,0.1648,0.1635,0.162328,0.167272,TIME,0.419527,0.486194,0.106667,0.0,4079178405.499428,0
beta_decouple,WIFUSDT,2026-06-22 08:00:00+00:00,2026-06-22 08:02:00+00:00,SHORT,0.1657,0.1647,0.1632145,0.1681855,TIME,0.295896,0.362563,0.106667,0.0,4320581194.963382,0
beta_decouple,WIFUSDT,2026-06-22 11:00:00+00:00,2026-06-22 11:02:00+00:00,SHORT,0.1683,0.1659,0.1657755,0.1708245,TIME,0.844575,0.911242,0.106667,0.0,5050392352.875012,0
beta_decouple,WIFUSDT,2026-06-22 12:00:00+00:00,2026-06-22 12:02:00+00:00,SHORT,0.1693,0.1686,0.1667605,0.1718395,TIME,0.169132,0.235798,0.106667,0.0,5221228518.730677,0
beta_decouple,WIFUSDT,2026-06-22 13:00:00+00:00,2026-06-22 13:01:00+00:00,SHORT,0.1723,0.1697155,0.1697155,0.1748845,TP,0.893922,0.960588,0.106667,0.0,6154702214.811256,0
beta_decouple,WIFUSDT,2026-06-22 18:00:00+00:00,2026-06-22 18:01:00+00:00,LONG,0.1658,0.168287,0.168287,0.163313,TP,0.892746,0.959412,0.106667,0.0,7253618767.94985,0
beta_decouple,WIFUSDT,2026-06-22 19:00:00+00:00,2026-06-22 19:02:00+00:00,LONG,0.1643,0.166,0.1667645,0.1618355,TIME,0.582727,0.649393,0.106667,0.0,8098994185.744914,0
beta_decouple,WIFUSDT,2026-06-22 23:00:00+00:00,2026-06-22 23:02:00+00:00,LONG,0.1626,0.163,0.165039,0.160161,TIME,0.057249,0.123915,0.106667,0.0,8191725398.66444,0
beta_decouple,WIFUSDT,2026-06-23 02:00:00+00:00,2026-06-23 02:02:00+00:00,SHORT,0.1654,0.1646,0.162919,0.167881,TIME,0.215965,0.282632,0.106667,0.0,8545551384.988269,0
beta_decouple,WIFUSDT,2026-06-23 06:00:00+00:00,2026-06-23 06:01:00+00:00,LONG,0.16,0.1624,0.1624,0.1576,TP,0.892746,0.959412,0.106667,0.0,10071351910.326605,0
beta_decouple,WIFUSDT,2026-06-23 07:00:00+00:00,2026-06-23 07:02:00+00:00,LONG,0.1589,0.1599,0.1612835,0.1565165,TIME,0.312645,0.379311,0.106667,0.0,10701102980.283665,0
beta_decouple,WIFUSDT,2026-06-23 08:00:00+00:00,2026-06-23 08:01:00+00:00,LONG,0.1554,0.15781979,0.15781979,0.15298021,TP,0.896659,0.960879,0.102753,0.0,12620151229.589409,0
beta_decouple,WIFUSDT,2026-06-23 13:00:00+00:00,2026-06-23 13:02:00+00:00,SHORT,0.1579,0.1562,0.1555315,0.1602685,TIME,0.611506,0.678173,0.106667,0.0,14163610778.102037,0
beta_decouple,WIFUSDT,2026-06-23 19:00:00+00:00,2026-06-23 19:02:00+00:00,SHORT,0.1558,0.1552,0.153463,0.158137,TIME,0.150215,0.216881,0.106667,0.0,14589127652.60844,0
beta_decouple,WIFUSDT,2026-06-23 20:00:00+00:00,2026-06-23 20:02:00+00:00,SHORT,0.1571,0.1563,0.1547435,0.1594565,TIME,0.233012,0.299678,0.106667,0.0,15269014875.431335,0
beta_decouple,WIFUSDT,2026-06-23 21:00:00+00:00,2026-06-23 21:02:00+00:00,SHORT,0.1577,0.1573,0.1553345,0.1600655,TIME,0.06252,0.129187,0.106667,0.0,15459939434.615429,0
beta_decouple,WIFUSDT,2026-06-24 02:00:00+00:00,2026-06-24 02:02:00+00:00,LONG,0.1556,0.1573,0.157934,0.153266,TIME,0.621272,0.687938,0.106667,0.0,17380904214.429134,0
beta_decouple,WIFUSDT,2026-06-24 10:00:00+00:00,2026-06-24 10:02:00+00:00,LONG,0.1535,0.1545,0.1558025,0.1511975,TIME,0.327395,0.394062,0.106667,0.0,18518989670.6565,0
beta_decouple,WIFUSDT,2026-06-24 13:00:00+00:00,2026-06-24 13:01:00+00:00,LONG,0.15,0.15225,0.15225,0.14775,TP,0.892746,0.959412,0.106667,0.0,21825538645.1159,0
beta_decouple,WIFUSDT,2026-06-24 15:00:00+00:00,2026-06-24 15:01:00+00:00,LONG,0.1477,0.1499155,0.1499155,0.1454845,TP,0.892746,0.959412,0.106667,0.0,25722468969.472694,0
beta_decouple,WIFUSDT,2026-06-24 16:00:00+00:00,2026-06-24 16:01:00+00:00,LONG,0.1433,0.1460875,0.1460875,0.1405125,TP,0.917157,0.968565,0.082253,0.0,30440774973.16706,0
beta_decouple,WIFUSDT,2026-06-24 17:00:00+00:00,2026-06-24 17:02:00+00:00,LONG,0.1415,0.1442,0.14459687,0.13840312,TIME,0.798226,0.843917,0.073106,0.0,35300498197.51161,0
beta_decouple,WIFUSDT,2026-06-24 20:00:00+00:00,2026-06-24 20:01:00+00:00,SHORT,0.1477,0.1454845,0.1454845,0.1499155,TP,0.893922,0.960588,0.106667,0.0,41611673126.49711,0
beta_decouple,WIFUSDT,2026-06-24 21:00:00+00:00,2026-06-24 21:02:00+00:00,SHORT,0.1492,0.1474,0.146962,0.151438,TIME,0.698094,0.76476,0.106667,0.0,47421441603.14515,0
beta_decouple,FETUSDT,2026-05-15 12:00:00+00:00,2026-05-15 12:02:00+00:00,LONG,0.2089,0.2102,0.2120335,0.2057665,TIME,0.307968,0.374635,0.106667,0.0,7.431155,0
beta_decouple,FETUSDT,2026-05-15 13:00:00+00:00,2026-05-15 13:01:00+00:00,LONG,0.2017,0.2047255,0.2047255,0.1986745,TP,0.892746,0.959412,0.106667,0.0,8.757981,0
beta_decouple,FETUSDT,2026-05-16 00:00:00+00:00,2026-05-16 00:02:00+00:00,SHORT,0.2038,0.2031,0.200743,0.206857,TIME,0.122441,0.189108,0.106667,0.0,8.972449,0
beta_decouple,FETUSDT,2026-05-16 01:00:00+00:00,2026-05-16 01:02:00+00:00,SHORT,0.2043,0.2038,0.2012355,0.2073645,TIME,0.056578,0.123245,0.106667,0.0,9.073978,0
beta_decouple,FETUSDT,2026-05-16 02:00:00+00:00,2026-05-16 02:02:00+00:00,SHORT,0.2049,0.2041,0.2018265,0.2079735,TIME,0.153767,0.220434,0.106667,0.0,9.353034,0
beta_decouple,FETUSDT,2026-05-16 06:00:00+00:00,2026-05-16 06:01:00+00:00,LONG,0.1988,0.201782,0.201782,0.195818,TP,0.892746,0.959412,0.106667,0.0,11.02301,0
beta_decouple,FETUSDT,2026-05-16 07:00:00+00:00,2026-05-16 07:02:00+00:00,LONG,0.1963,0.1987,0.1992445,0.1933555,TIME,0.707935,0.774602,0.106667,0.0,12.583725,0
beta_decouple,FETUSDT,2026-05-16 12:00:00+00:00,2026-05-16 12:02:00+00:00,SHORT,0.1948,0.1952,0.191878,0.197722,TIME,-0.243653,-0.176987,0.106667,0.0,11.970512,0
beta_decouple,FETUSDT,2026-05-16 13:00:00+00:00,2026-05-16 13:02:00+00:00,SHORT,0.1952,0.1945,0.192272,0.198128,TIME,0.132536,0.199203,0.106667,0.0,12.287816,0
beta_decouple,FETUSDT,2026-05-16 14:00:00+00:00,2026-05-16 14:02:00+00:00,SHORT,0.1956,0.1951,0.192666,0.198534,TIME,0.063839,0.130506,0.106667,0.0,12.444706,0
beta_decouple,FETUSDT,2026-05-16 15:00:00+00:00,2026-05-16 15:02:00+00:00,SHORT,0.1968,0.1962,0.193848,0.199752,TIME,0.096695,0.163362,0.106667,0.0,12.685375,0
beta_decouple,FETUSDT,2026-05-16 16:00:00+00:00,2026-05-16 16:02:00+00:00,SHORT,0.1973,0.1972,0.1943405,0.2002595,TIME,-0.072869,-0.006202,0.106667,0.0,12.500501,0
beta_decouple,FETUSDT,2026-05-16 22:00:00+00:00,2026-05-16 22:02:00+00:00,LONG,0.1953,0.1961,0.1982295,0.1923705,TIME,0.166266,0.232932,0.106667,0.0,12.916182,0
beta_decouple,FETUSDT,2026-05-17 01:00:00+00:00,2026-05-17 01:02:00+00:00,LONG,0.193,0.194,0.195895,0.190105,TIME,0.238561,0.305228,0.106667,0.0,13.532442,0
beta_decouple,FETUSDT,2026-05-17 03:00:00+00:00,2026-05-17 03:02:00+00:00,SHORT,0.195,0.1939,0.192075,0.197925,TIME,0.269615,0.336282,0.106667,0.0,14.262153,0
beta_decouple,FETUSDT,2026-05-17 04:00:00+00:00,2026-05-17 04:02:00+00:00,SHORT,0.1961,0.1953,0.1931585,0.1990415,TIME,0.165455,0.232121,0.106667,0.0,14.734101,0
beta_decouple,FETUSDT,2026-05-17 12:00:00+00:00,2026-05-17 12:02:00+00:00,LONG,0.1956,0.1961,0.198534,0.192666,TIME,0.063659,0.130326,0.106667,0.0,14.921692,0
beta_decouple,FETUSDT,2026-05-17 13:00:00+00:00,2026-05-17 13:02:00+00:00,LONG,0.1945,0.195,0.1974175,0.1915825,TIME,0.064622,0.131289,0.106667,0.0,15.114547,0
beta_decouple,FETUSDT,2026-05-17 19:00:00+00:00,2026-05-17 19:02:00+00:00,SHORT,0.1962,0.1953,0.193257,0.199143,TIME,0.199315,0.265982,0.106667,0.0,15.717059,0
beta_decouple,FETUSDT,2026-05-17 21:00:00+00:00,2026-05-17 21:02:00+00:00,SHORT,0.1966,0.195,0.193651,0.199549,TIME,0.436204,0.50287,0.106667,0.0,17.088227,0
beta_decouple,FETUSDT,2026-05-17 23:00:00+00:00,2026-05-17 23:01:00+00:00,LONG,0.1909,0.1937635,0.1937635,0.1880365,TP,0.892746,0.959412,0.106667,0.0,20.139314,0
beta_decouple,FETUSDT,2026-05-18 00:00:00+00:00,2026-05-18 00:02:00+00:00,LONG,0.1902,0.1907,0.193053,0.187347,TIME,0.068494,0.135161,0.106667,0.0,20.4152,0
beta_decouple,FETUSDT,2026-05-18 04:00:00+00:00,2026-05-18 04:02:00+00:00,SHORT,0.1909,0.1901,0.1880365,0.1937635,TIME,0.172867,0.239534,0.106667,0.0,21.121024,0
beta_decouple,FETUSDT,2026-05-18 11:00:00+00:00,2026-05-18 11:02:00+00:00,SHORT,0.189,0.187,0.186165,0.191835,TIME,0.599212,0.665879,0.106667,0.0,23.652219,0
beta_decouple,FETUSDT,2026-05-18 12:00:00+00:00,2026-05-18 12:02:00+00:00,SHORT,0.1917,0.1897,0.1888245,0.1945755,TIME,0.58927,0.655937,0.106667,0.0,26.439728,0
beta_decouple,FETUSDT,2026-05-18 19:00:00+00:00,2026-05-18 19:01:00+00:00,SHORT,0.1918,0.188923,0.188923,0.194677,TP,0.893922,0.960588,0.106667,0.0,31.166736,0
beta_decouple,FETUSDT,2026-05-18 21:00:00+00:00,2026-05-18 21:02:00+00:00,SHORT,0.1937,0.1914,0.1907945,0.1966055,TIME,0.685399,0.752065,0.106667,0.0,35.439063,0
beta_decouple,FETUSDT,2026-05-19 02:00:00+00:00,2026-05-19 02:02:00+00:00,LONG,0.1916,0.1922,0.194474,0.188726,TIME,0.101988,0.168655,0.106667,0.0,36.161937,0
beta_decouple,FETUSDT,2026-05-19 06:00:00+00:00,2026-05-19 06:02:00+00:00,SHORT,0.1944,0.1932,0.191484,0.197316,TIME,0.305091,0.371758,0.106667,0.0,38.368473,0
beta_decouple,FETUSDT,2026-05-19 09:00:00+00:00,2026-05-19 09:02:00+00:00,LONG,0.1923,0.1932,0.1951845,0.1894155,TIME,0.205171,0.271837,0.106667,0.0,39.94289,0
beta_decouple,FETUSDT,2026-05-19 14:00:00+00:00,2026-05-19 14:01:00+00:00,LONG,0.1896,0.192444,0.192444,0.186756,TP,0.892746,0.959412,0.106667,0.0,47.074658,0
beta_decouple,FETUSDT,2026-05-19 22:00:00+00:00,2026-05-19 22:02:00+00:00,LONG,0.1883,0.1886,0.1911245,0.1854755,TIME,-0.000505,0.066162,0.106667,0.0,47.069904,0
beta_decouple,FETUSDT,2026-05-20 03:00:00+00:00,2026-05-20 03:02:00+00:00,SHORT,0.1889,0.1877,0.1860665,0.1917335,TIME,0.31708,0.383747,0.106667,0.0,50.054889,0
beta_decouple,FETUSDT,2026-05-20 04:00:00+00:00,2026-05-20 04:02:00+00:00,SHORT,0.1895,0.1891,0.1866575,0.1923425,TIME,0.034127,0.100794,0.106667,0.0,50.396534,0
beta_decouple,FETUSDT,2026-05-20 05:00:00+00:00,2026-05-20 05:02:00+00:00,SHORT,0.1906,0.1896,0.187741,0.193459,TIME,0.243304,0.309971,0.106667,0.0,52.848868,0
beta_decouple,FETUSDT,2026-05-20 11:00:00+00:00,2026-05-20 11:02:00+00:00,LONG,0.1889,0.1898,0.1917335,0.1860665,TIME,0.210783,0.27745,0.106667,0.0,55.076799,0
beta_decouple,FETUSDT,2026-05-20 14:00:00+00:00,2026-05-20 14:01:00+00:00,SHORT,0.1926,0.189711,0.189711,0.195489,TP,0.893922,0.960588,0.106667,0.0,64.923666,0
beta_decouple,FETUSDT,2026-05-20 19:00:00+00:00,2026-05-20 19:02:00+00:00,SHORT,0.1938,0.1922,0.190893,0.196707,TIME,0.444047,0.510714,0.106667,0.0,70.689501,0
beta_decouple,FETUSDT,2026-05-20 22:00:00+00:00,2026-05-20 22:02:00+00:00,LONG,0.1913,0.1914,0.1941695,0.1884305,TIME,-0.071826,-0.00516,0.106667,0.0,69.674028,0
beta_decouple,FETUSDT,2026-05-21 03:00:00+00:00,2026-05-21 03:02:00+00:00,SHORT,0.195,0.1928,0.192075,0.197925,TIME,0.645909,0.712576,0.106667,0.0,78.674652,0
beta_decouple,FETUSDT,2026-05-21 09:00:00+00:00,2026-05-21 09:02:00+00:00,LONG,0.1935,0.1952,0.1964025,0.1905975,TIME,0.478696,0.545363,0.106667,0.0,86.2069,0
beta_decouple,FETUSDT,2026-05-21 10:00:00+00:00,2026-05-21 10:02:00+00:00,LONG,0.1912,0.1937,0.194068,0.188332,TIME,0.76451,0.831177,0.106667,0.0,99.388108,0
beta_decouple,FETUSDT,2026-05-21 17:00:00+00:00,2026-05-21 17:02:00+00:00,SHORT,0.1944,0.1924,0.191484,0.197316,TIME,0.579604,0.646271,0.106667,0.0,110.909258,0
beta_decouple,FETUSDT,2026-05-21 19:00:00+00:00,2026-05-21 19:02:00+00:00,SHORT,0.1949,0.1933,0.1919765,0.1978235,TIME,0.440939,0.507606,0.106667,0.0,120.690101,0
beta_decouple,FETUSDT,2026-05-21 22:00:00+00:00,2026-05-21 22:02:00+00:00,LONG,0.1933,0.1945,0.1961995,0.1904005,TIME,0.306962,0.373628,0.106667,0.0,128.099545,0
beta_decouple,FETUSDT,2026-05-22 02:00:00+00:00,2026-05-22 02:01:00+00:00,SHORT,0.1993,0.1963105,0.1963105,0.2022895,TP,0.893922,0.960588,0.106667,0.0,151.001733,0
beta_decouple,FETUSDT,2026-05-22 03:00:00+00:00,2026-05-22 03:01:00+00:00,SHORT,0.2053,0.2022205,0.2022205,0.2083795,TP,0.893922,0.960588,0.106667,0.0,177.998473,0
beta_decouple,FETUSDT,2026-05-22 04:00:00+00:00,2026-05-22 04:02:00+00:00,SHORT,0.2081,0.2059,0.20478333,0.21141667,TIME,0.563313,0.626057,0.10039,0.0,198.052259,0
beta_decouple,FETUSDT,2026-05-22 11:00:00+00:00,2026-05-22 11:01:00+00:00,SHORT,0.2202,0.21534479,0.21534479,0.22505521,TP,0.928027,0.97338,0.072565,0.0,234.811814,0
beta_decouple,FETUSDT,2026-05-22 13:00:00+00:00,2026-05-22 13:01:00+00:00,LONG,0.2116,0.214774,0.214774,0.208426,TP,0.892746,0.959412,0.106667,0.0,276.737252,0
beta_decouple,FETUSDT,2026-05-22 14:00:00+00:00,2026-05-22 14:01:00+00:00,LONG,0.207,0.210105,0.210105,0.203895,TP,0.892746,0.959412,0.106667,0.0,326.14844,0
beta_decouple,FETUSDT,2026-05-22 18:00:00+00:00,2026-05-22 18:01:00+00:00,LONG,0.2047,0.2077705,0.2077705,0.2016295,TP,0.892746,0.959412,0.106667,0.0,384.381951,0
beta_decouple,FETUSDT,2026-05-22 19:00:00+00:00,2026-05-22 19:02:00+00:00,LONG,0.2018,0.2032,0.204827,0.198773,TIME,0.355572,0.422239,0.106667,0.0,411.717046,0
beta_decouple,FETUSDT,2026-05-22 23:00:00+00:00,2026-05-22 23:01:00+00:00,LONG,0.1977,0.2006655,0.2006655,0.1947345,TP,0.892746,0.959412,0.106667,0.0,485.228755,0
beta_decouple,FETUSDT,2026-05-23 00:00:00+00:00,2026-05-23 00:02:00+00:00,LONG,0.197,0.1971,0.199955,0.194045,TIME,-0.072834,-0.006167,0.106667,0.0,478.160523,0
beta_decouple,FETUSDT,2026-05-23 03:00:00+00:00,2026-05-23 03:02:00+00:00,SHORT,0.2035,0.2014,0.2004475,0.2065525,TIME,0.581695,0.648362,0.106667,0.0,533.789232,0
beta_decouple,FETUSDT,2026-05-23 07:00:00+00:00,2026-05-23 07:01:00+00:00,LONG,0.1925,0.19579167,0.19579167,0.18920833,TP,0.905841,0.964322,0.09357,0.0,630.494875,0
beta_decouple,FETUSDT,2026-05-23 11:00:00+00:00,2026-05-23 11:02:00+00:00,SHORT,0.1959,0.1948,0.1929615,0.1988385,TIME,0.267887,0.334553,0.106667,0.0,664.275108,0
beta_decouple,FETUSDT,2026-05-23 13:00:00+00:00,2026-05-23 13:02:00+00:00,SHORT,0.1992,0.196212,0.196212,0.202188,TP,0.893922,0.960588,0.106667,0.0,783.037069,0
beta_decouple,FETUSDT,2026-05-23 14:00:00+00:00,2026-05-23 14:01:00+00:00,SHORT,0.2041,0.2010385,0.2010385,0.2071615,TP,0.893922,0.960588,0.106667,0.0,923.031805,0
beta_decouple,FETUSDT,2026-05-23 15:00:00+00:00,2026-05-23 15:01:00+00:00,SHORT,0.2088,0.205668,0.205668,0.211932,TP,0.893922,0.960588,0.106667,0.0,1088.055402,0
beta_decouple,FETUSDT,2026-05-24 09:00:00+00:00,2026-05-24 09:02:00+00:00,LONG,0.2137,0.2148,0.2169055,0.2104945,TIME,0.2363,0.302966,0.106667,0.0,1139.476832,0
beta_decouple,FETUSDT,2026-05-24 10:00:00+00:00,2026-05-24 10:02:00+00:00,LONG,0.2121,0.2134,0.2152815,0.2089185,TIME,0.301713,0.368379,0.106667,0.0,1208.235719,0
beta_decouple,FETUSDT,2026-05-24 12:00:00+00:00,2026-05-24 12:02:00+00:00,LONG,0.2101,0.2117,0.2132515,0.2069485,TIME,0.400736,0.467402,0.106667,0.0,1305.072321,0
beta_decouple,FETUSDT,2026-05-24 13:00:00+00:00,2026-05-24 13:02:00+00:00,LONG,0.2089,0.21,0.2120335,0.2057665,TIME,0.24418,0.310847,0.106667,0.0,1368.806812,0
beta_decouple,FETUSDT,2026-05-24 21:00:00+00:00,2026-05-24 21:02:00+00:00,LONG,0.2059,0.2089885,0.2089885,0.2028115,TP,0.892746,0.959412,0.106667,0.0,1613.20604,0
beta_decouple,FETUSDT,2026-05-25 03:00:00+00:00,2026-05-25 03:02:00+00:00,SHORT,0.2106,0.2082,0.207441,0.213759,TIME,0.653511,0.720178,0.106667,0.0,1824.055747,0
beta_decouple,FETUSDT,2026-05-25 04:00:00+00:00,2026-05-25 04:02:00+00:00,SHORT,0.2132,0.2115,0.210002,0.216398,TIME,0.425223,0.491889,0.106667,0.0,1979.181698,0
beta_decouple,FETUSDT,2026-05-25 09:00:00+00:00,2026-05-25 09:02:00+00:00,LONG,0.2122,0.2136,0.215383,0.209017,TIME,0.332918,0.399585,0.106667,0.0,2110.962795,0
beta_decouple,FETUSDT,2026-05-25 10:00:00+00:00,2026-05-25 10:02:00+00:00,SHORT,0.2142,0.2121,0.210987,0.217413,TIME,0.547308,0.613975,0.106667,0.0,2342.032319,0
beta_decouple,FETUSDT,2026-05-25 13:00:00+00:00,2026-05-25 13:01:00+00:00,SHORT,0.2174,0.214139,0.214139,0.220661,TP,0.893922,0.960588,0.106667,0.0,2760.750932,0
beta_decouple,FETUSDT,2026-05-25 14:00:00+00:00,2026-05-25 14:01:00+00:00,SHORT,0.2225,0.2191625,0.2191625,0.2258375,TP,0.893922,0.960588,0.106667,0.0,3254.32986,0
beta_decouple,FETUSDT,2026-05-25 15:00:00+00:00,2026-05-25 15:02:00+00:00,SHORT,0.2252,0.2224,0.221822,0.228578,TIME,0.722712,0.789378,0.106667,0.0,3724.718281,0
beta_decouple,FETUSDT,2026-05-25 20:00:00+00:00,2026-05-25 20:02:00+00:00,LONG,0.2272,0.2294,0.230608,0.223792,TIME,0.538498,0.605165,0.106667,0.0,4125.868971,0
beta_decouple,FETUSDT,2026-05-25 22:00:00+00:00,2026-05-25 22:01:00+00:00,LONG,0.2278,0.231217,0.231217,0.224383,TP,0.892746,0.959412,0.106667,0.0,4862.539171,0
beta_decouple,FETUSDT,2026-05-26 01:00:00+00:00,2026-05-26 01:02:00+00:00,LONG,0.2257,0.2271,0.2290855,0.2223145,TIME,0.306626,0.373292,0.106667,0.0,5160.734939,0
beta_decouple,FETUSDT,2026-05-26 04:00:00+00:00,2026-05-26 04:01:00+00:00,SHORT,0.2374,0.233839,0.233839,0.240961,TP,0.893922,0.960588,0.106667,0.0,6083.393333,0
beta_decouple,FETUSDT,2026-05-26 06:00:00+00:00,2026-05-26 06:01:00+00:00,SHORT,0.2433,0.23883021,0.23883021,0.24776979,TP,0.913499,0.967931,0.087091,0.0,7194.828166,0
beta_decouple,FETUSDT,2026-05-26 10:00:00+00:00,2026-05-26 10:01:00+00:00,SHORT,0.2525,0.247075,0.247075,0.257925,TP,0.926122,0.972666,0.07447,0.0,8527.485541,0
beta_decouple,FETUSDT,2026-05-26 11:00:00+00:00,2026-05-26 11:02:00+00:00,SHORT,0.2552,0.2526,0.24953229,0.26086771,TIME,0.386963,0.43199,0.072043,0.0,9187.450149,0
beta_decouple,FETUSDT,2026-05-26 17:00:00+00:00,2026-05-26 17:01:00+00:00,LONG,0.2516,0.255374,0.255374,0.247826,TP,0.892746,0.959412,0.106667,0.0,10827.861122,0
beta_decouple,FETUSDT,2026-05-26 18:00:00+00:00,2026-05-26 18:01:00+00:00,LONG,0.2458,0.249487,0.249487,0.242113,TP,0.892746,0.959412,0.106667,0.0,12761.166002,0
beta_decouple,FETUSDT,2026-05-27 00:00:00+00:00,2026-05-27 00:01:00+00:00,SHORT,0.2586,0.254721,0.254721,0.262479,TP,0.893922,0.960588,0.106667,0.0,15042.662157,0
beta_decouple,FETUSDT,2026-05-27 01:00:00+00:00,2026-05-27 01:01:00+00:00,LONG,0.2458,0.249487,0.249487,0.242113,TP,0.892746,0.959412,0.106667,0.0,17728.515976,0
beta_decouple,FETUSDT,2026-05-27 02:00:00+00:00,2026-05-27 02:02:00+00:00,LONG,0.2438,0.2445,0.247457,0.240143,TIME,0.084644,0.151311,0.106667,0.0,18028.639339,0
beta_decouple,FETUSDT,2026-05-27 09:00:00+00:00,2026-05-27 09:01:00+00:00,LONG,0.2405,0.2441075,0.2441075,0.2368925,TP,0.892746,0.959412,0.106667,0.0,21247.636702,0
beta_decouple,FETUSDT,2026-05-27 17:00:00+00:00,2026-05-27 17:02:00+00:00,LONG,0.2377,0.2394,0.2412655,0.2341345,TIME,0.369851,0.436517,0.106667,0.0,22819.327851,0
beta_decouple,FETUSDT,2026-05-27 19:00:00+00:00,2026-05-27 19:01:00+00:00,SHORT,0.2458,0.242113,0.242113,0.249487,TP,0.893922,0.960588,0.106667,0.0,26899.065451,0
beta_decouple,FETUSDT,2026-05-28 02:00:00+00:00,2026-05-28 02:01:00+00:00,LONG,0.2318,0.235277,0.235277,0.228323,TP,0.892746,0.959412,0.106667,0.0,31701.869431,0
beta_decouple,FETUSDT,2026-05-28 03:00:00+00:00,2026-05-28 03:01:00+00:00,LONG,0.224,0.22842187,0.22842187,0.21957813,TP,0.918358,0.969015,0.081052,0.0,37524.600644,0
beta_decouple,FETUSDT,2026-05-28 04:00:00+00:00,2026-05-28 04:02:00+00:00,LONG,0.221,0.2209,0.22594271,0.21605729,TIME,-0.091751,-0.047039,0.07154,0.0,36836.013958,0
beta_decouple,FETUSDT,2026-05-28 12:00:00+00:00,2026-05-28 12:01:00+00:00,SHORT,0.2233,0.2199505,0.2199505,0.2266495,TP,0.893922,0.960588,0.106667,0.0,43421.715,0
beta_decouple,FETUSDT,2026-05-28 14:00:00+00:00,2026-05-28 14:01:00+00:00,SHORT,0.2227,0.2193595,0.2193595,0.2260405,TP,0.893922,0.960588,0.106667,0.0,51184.836006,0
beta_decouple,FETUSDT,2026-05-28 16:00:00+00:00,2026-05-28 16:01:00+00:00,SHORT,0.2253,0.2219205,0.2219205,0.2286795,TP,0.893922,0.960588,0.106667,0.0,60335.881182,0
beta_decouple,FETUSDT,2026-05-28 17:00:00+00:00,2026-05-28 17:01:00+00:00,SHORT,0.2318,0.228323,0.228323,0.235277,TP,0.893922,0.960588,0.106667,0.0,71122.989582,0
beta_decouple,FETUSDT,2026-05-29 00:00:00+00:00,2026-05-29 00:01:00+00:00,SHORT,0.2383,0.2347255,0.2347255,0.2418745,TP,0.893922,0.960588,0.106667,0.0,83838.663628,0
beta_decouple,FETUSDT,2026-05-29 01:00:00+00:00,2026-05-29 01:01:00+00:00,SHORT,0.2451,0.24045625,0.24045625,0.24974375,TP,0.916142,0.968922,0.084449,0.0,99200.282559,0
beta_decouple,FETUSDT,2026-05-29 12:00:00+00:00,2026-05-29 12:01:00+00:00,LONG,0.233,0.236495,0.236495,0.229505,TP,0.892746,0.959412,0.106667,0.0,116912.403922,0
beta_decouple,FETUSDT,2026-05-29 13:00:00+00:00,2026-05-29 13:02:00+00:00,LONG,0.232,0.2326,0.23548,0.22852,TIME,0.065656,0.132322,0.106667,0.0,118447.597196,0
beta_decouple,FETUSDT,2026-05-29 15:00:00+00:00,2026-05-29 15:01:00+00:00,SHORT,0.2439,0.2402415,0.2402415,0.2475585,TP,0.893922,0.960588,0.106667,0.0,139624.168179,0
beta_decouple,FETUSDT,2026-05-29 17:00:00+00:00,2026-05-29 17:01:00+00:00,SHORT,0.2622,0.25613958,0.25613958,0.26826042,TP,0.931369,0.974634,0.069223,0.0,165632.50448,0
beta_decouple,FETUSDT,2026-05-29 21:00:00+00:00,2026-05-29 21:01:00+00:00,LONG,0.2422,0.245833,0.245833,0.238567,TP,0.892746,0.959412,0.106667,0.0,195206.039406,0
beta_decouple,FETUSDT,2026-05-30 03:00:00+00:00,2026-05-30 03:01:00+00:00,LONG,0.238,0.24157,0.24157,0.23443,TP,0.892746,0.959412,0.106667,0.0,230059.902434,0
beta_decouple,FETUSDT,2026-05-30 04:00:00+00:00,2026-05-30 04:02:00+00:00,LONG,0.2368,0.2382,0.240352,0.233248,TIME,0.287253,0.35392,0.106667,0.0,243276.984548,0
beta_decouple,FETUSDT,2026-05-30 07:00:00+00:00,2026-05-30 07:01:00+00:00,SHORT,0.2494,0.245659,0.245659,0.253141,TP,0.893922,0.960588,0.106667,0.0,286771.090413,0
beta_decouple,FETUSDT,2026-05-30 08:00:00+00:00,2026-05-30 08:01:00+00:00,SHORT,0.2531,0.2493035,0.2493035,0.2568965,TP,0.893922,0.960588,0.106667,0.0,338041.259634,0
beta_decouple,FETUSDT,2026-05-30 11:00:00+00:00,2026-05-30 11:01:00+00:00,SHORT,0.2602,0.256297,0.256297,0.264103,TP,0.893922,0.960588,0.106667,0.0,398477.730271,0
beta_decouple,FETUSDT,2026-05-30 12:00:00+00:00,2026-05-30 12:01:00+00:00,SHORT,0.269,0.26358437,0.26358437,0.27441563,TP,0.921117,0.970789,0.079474,0.0,471886.691746,0
beta_decouple,FETUSDT,2026-05-30 13:00:00+00:00,2026-05-30 13:02:00+00:00,SHORT,0.2739,0.2696,0.26769583,0.28010417,TIME,0.622854,0.667002,0.070636,0.0,530670.016236,0
beta_decouple,FETUSDT,2026-05-30 14:00:00+00:00,2026-05-30 14:01:00+00:00,SHORT,0.2818,0.27410625,0.27410625,0.28949375,TP,0.94199,0.978617,0.058603,0.0,630647.204351,0
beta_decouple,FETUSDT,2026-05-31 00:00:00+00:00,2026-05-31 00:01:00+00:00,LONG,0.273,0.277095,0.277095,0.268905,TP,0.892746,0.959412,0.106667,0.0,743248.696326,0
beta_decouple,FETUSDT,2026-05-31 05:00:00+00:00,2026-05-31 05:01:00+00:00,LONG,0.2695,0.2735425,0.2735425,0.2654575,TP,0.892746,0.959412,0.106667,0.0,875955.083571,0
beta_decouple,FETUSDT,2026-05-31 06:00:00+00:00,2026-05-31 06:02:00+00:00,LONG,0.269,0.2684,0.273035,0.264965,TIME,-0.255264,-0.188598,0.106667,0.0,831235.060382,0
beta_decouple,FETUSDT,2026-05-31 14:00:00+00:00,2026-05-31 14:01:00+00:00,LONG,0.2664,0.270396,0.270396,0.262404,TP,0.892746,0.959412,0.106667,0.0,979651.333911,0
beta_decouple,FETUSDT,2026-05-31 15:00:00+00:00,2026-05-31 15:02:00+00:00,LONG,0.2653,0.2667,0.2692795,0.2613205,TIME,0.244937,0.311604,0.106667,0.0,1027641.964753,0
beta_decouple,FETUSDT,2026-05-31 16:00:00+00:00,2026-05-31 16:01:00+00:00,LONG,0.2614,0.265321,0.265321,0.257479,TP,0.892746,0.959412,0.106667,0.0,1211126.514671,0
beta_decouple,FETUSDT,2026-05-31 19:00:00+00:00,2026-05-31 19:01:00+00:00,SHORT,0.2728,0.268708,0.268708,0.276892,TP,0.893922,0.960588,0.106667,0.0,1427656.923179,0
beta_decouple,FETUSDT,2026-05-31 20:00:00+00:00,2026-05-31 20:01:00+00:00,SHORT,0.2811,0.2768835,0.2768835,0.2853165,TP,0.893922,0.960588,0.106667,0.0,1682899.569624,0
beta_decouple,FETUSDT,2026-06-01 02:00:00+00:00,2026-06-01 02:01:00+00:00,SHORT,0.2851,0.2808235,0.2808235,0.2893765,TP,0.893922,0.960588,0.106667,0.0,1983775.594443,0
beta_decouple,FETUSDT,2026-06-01 07:00:00+00:00,2026-06-01 07:01:00+00:00,LONG,0.2726,0.276689,0.276689,0.268511,TP,0.892746,0.959412,0.106667,0.0,2337976.945274,0
beta_decouple,FETUSDT,2026-06-01 12:00:00+00:00,2026-06-01 12:01:00+00:00,LONG,0.2678,0.271817,0.271817,0.263783,TP,0.892746,0.959412,0.106667,0.0,2755420.629199,0
beta_decouple,FETUSDT,2026-06-01 13:00:00+00:00,2026-06-01 13:02:00+00:00,LONG,0.2661,0.2664,0.2700915,0.2621085,TIME,-0.03154,0.035127,0.106667,0.0,2738039.414832,0
beta_decouple,FETUSDT,2026-06-01 17:00:00+00:00,2026-06-01 17:01:00+00:00,SHORT,0.2767,0.2725495,0.2725495,0.2808505,TP,0.893922,0.960588,0.106667,0.0,3227557.880344,0
beta_decouple,FETUSDT,2026-06-01 21:00:00+00:00,2026-06-01 21:01:00+00:00,LONG,0.269,0.273035,0.273035,0.264965,TP,0.892746,0.959412,0.106667,0.0,3803835.441326,0
beta_decouple,FETUSDT,2026-06-02 09:00:00+00:00,2026-06-02 09:02:00+00:00,LONG,0.2686,0.271,0.272629,0.264571,TIME,0.488669,0.555336,0.106667,0.0,4175598.991206,0
beta_decouple,FETUSDT,2026-06-02 15:00:00+00:00,2026-06-02 15:01:00+00:00,LONG,0.2577,0.2615655,0.2615655,0.2538345,TP,0.892746,0.959412,0.106667,0.0,4921148.441131,0
beta_decouple,FETUSDT,2026-06-04 00:00:00+00:00,2026-06-04 00:01:00+00:00,SHORT,0.2502,0.253953,0.246447,0.253953,SL,-1.107279,-1.040612,0.106667,0.0,3831331.7235,0
beta_decouple,FETUSDT,2026-06-04 03:00:00+00:00,2026-06-04 03:01:00+00:00,SHORT,0.2545,0.2506825,0.2506825,0.2583175,TP,0.893922,0.960588,0.106667,0.0,4516313.691252,0
beta_decouple,FETUSDT,2026-06-04 07:00:00+00:00,2026-06-04 07:01:00+00:00,LONG,0.2318,0.23680521,0.23680521,0.22679479,TP,0.92531,0.971621,0.074099,0.0,5352111.464447,0
beta_decouple,FETUSDT,2026-06-04 10:00:00+00:00,2026-06-04 10:01:00+00:00,LONG,0.2219,0.22796667,0.22796667,0.21583333,TP,0.940884,0.977461,0.058523,0.0,6359254.335774,0
beta_decouple,FETUSDT,2026-06-04 14:00:00+00:00,2026-06-04 14:02:00+00:00,SHORT,0.2271,0.2263,0.2236935,0.2305065,TIME,0.128307,0.194974,0.106667,0.0,6522442.249449,0
beta_decouple,FETUSDT,2026-06-04 15:00:00+00:00,2026-06-04 15:01:00+00:00,SHORT,0.2302,0.226747,0.226747,0.233653,TP,0.893922,0.960588,0.106667,0.0,7688552.534073,0
beta_decouple,FETUSDT,2026-06-04 21:00:00+00:00,2026-06-04 21:01:00+00:00,LONG,0.2144,0.2191125,0.2191125,0.2096875,TP,0.926615,0.972111,0.072794,0.0,9113417.744502,0
beta_decouple,FETUSDT,2026-06-05 04:00:00+00:00,2026-06-05 04:01:00+00:00,SHORT,0.2137,0.2104945,0.2104945,0.2169055,TP,0.893922,0.960588,0.106667,0.0,10742753.774397,0
beta_decouple,FETUSDT,2026-06-05 13:00:00+00:00,2026-06-05 13:01:00+00:00,LONG,0.1954,0.19971146,0.19971146,0.19108854,TP,0.926895,0.972216,0.072514,0.0,12734233.841168,0
beta_decouple,FETUSDT,2026-06-05 15:00:00+00:00,2026-06-05 15:01:00+00:00,LONG,0.192,0.19645104,0.19645104,0.18754896,TP,0.93039,0.973526,0.069018,0.0,15103795.599188,0
beta_decouple,FETUSDT,2026-06-05 16:00:00+00:00,2026-06-05 16:01:00+00:00,SHORT,0.1965,0.19352188,0.19352188,0.19947813,TP,0.895019,0.961,0.10557,0.0,17807430.956647,0
beta_decouple,FETUSDT,2026-06-05 18:00:00+00:00,2026-06-05 18:01:00+00:00,LONG,0.1858,0.19072812,0.19072812,0.18087187,TP,0.939084,0.976786,0.060323,0.0,21151965.010702,0
beta_decouple,FETUSDT,2026-06-05 20:00:00+00:00,2026-06-05 20:01:00+00:00,SHORT,0.1993,0.1963105,0.1963105,0.2022895,TP,0.893922,0.960588,0.106667,0.0,24933604.310164,0
beta_decouple,FETUSDT,2026-06-05 21:00:00+00:00,2026-06-05 21:02:00+00:00,SHORT,0.2005,0.1994,0.1974925,0.2035075,TIME,0.259293,0.32596,0.106667,0.0,26226626.785433,0
beta_decouple,FETUSDT,2026-06-08 00:00:00+00:00,2026-06-08 00:02:00+00:00,SHORT,0.2125,0.2122,0.20929271,0.21570729,TIME,-0.012427,0.053828,0.106008,0.0,26161441.174637,0
beta_decouple,FETUSDT,2026-06-08 07:00:00+00:00,2026-06-08 07:01:00+00:00,SHORT,0.2114,0.208229,0.208229,0.214571,TP,0.893922,0.960588,0.106667,0.0,30838696.173241,0
beta_decouple,FETUSDT,2026-06-08 09:00:00+00:00,2026-06-08 09:01:00+00:00,SHORT,0.2132,0.210002,0.210002,0.216398,TP,0.893922,0.960588,0.106667,0.0,36352170.941845,0
beta_decouple,FETUSDT,2026-06-08 16:00:00+00:00,2026-06-08 16:02:00+00:00,LONG,0.2132,0.2155,0.216398,0.210002,TIME,0.612113,0.67878,0.106667,0.0,40802501.416922,0
beta_decouple,FETUSDT,2026-06-08 19:00:00+00:00,2026-06-08 19:02:00+00:00,LONG,0.2137,0.216,0.2169055,0.2104945,TIME,0.610432,0.677098,0.106667,0.0,45783929.615204,0
beta_decouple,FETUSDT,2026-06-08 21:00:00+00:00,2026-06-08 21:02:00+00:00,LONG,0.2127,0.2148,0.2158905,0.2095095,TIME,0.551155,0.617821,0.106667,0.0,50830734.014071,0
beta_decouple,FETUSDT,2026-06-08 22:00:00+00:00,2026-06-08 22:02:00+00:00,LONG,0.2117,0.2116,0.2148755,0.2085245,TIME,-0.138127,-0.07146,0.106667,0.0,49426515.823408,0
beta_decouple,FETUSDT,2026-06-08 23:00:00+00:00,2026-06-08 23:02:00+00:00,LONG,0.2093,0.2118,0.2124395,0.2061605,TIME,0.689173,0.75584,0.106667,0.0,56239198.221063,0
beta_decouple,FETUSDT,2026-06-09 00:00:00+00:00,2026-06-09 00:02:00+00:00,LONG,0.207,0.2093,0.210105,0.203895,TIME,0.633642,0.700308,0.106667,0.0,63366299.121817,0
beta_decouple,FETUSDT,2026-06-09 05:00:00+00:00,2026-06-09 05:02:00+00:00,SHORT,0.2113,0.2089,0.2081305,0.2144695,TIME,0.650993,0.71766,0.106667,0.0,71616502.847414,0
beta_decouple,FETUSDT,2026-06-09 09:00:00+00:00,2026-06-09 09:02:00+00:00,LONG,0.2063,0.2075,0.2093945,0.2032055,TIME,0.280898,0.347564,0.106667,0.0,75639882.28507,0
beta_decouple,FETUSDT,2026-06-09 14:00:00+00:00,2026-06-09 14:02:00+00:00,LONG,0.2023,0.2053345,0.2053345,0.1992655,TP,0.892746,0.959412,0.106667,0.0,89145315.33762,0
beta_decouple,FETUSDT,2026-06-09 15:00:00+00:00,2026-06-09 15:02:00+00:00,LONG,0.1995,0.2012,0.2024925,0.1965075,TIME,0.461091,0.527758,0.106667,0.0,97366144.123921,0
beta_decouple,FETUSDT,2026-06-09 19:00:00+00:00,2026-06-09 19:02:00+00:00,SHORT,0.203,0.202,0.199955,0.206045,TIME,0.221926,0.288592,0.106667,0.0,101687753.247307,0
beta_decouple,FETUSDT,2026-06-09 20:00:00+00:00,2026-06-09 20:02:00+00:00,SHORT,0.2047,0.203,0.2016295,0.2077705,TIME,0.447309,0.513976,0.106667,0.0,110784930.404099,0
beta_decouple,FETUSDT,2026-06-10 06:00:00+00:00,2026-06-10 06:02:00+00:00,SHORT,0.1977,0.1961,0.1947345,0.2006655,TIME,0.433183,0.49985,0.106667,0.0,120382963.878005,0
beta_decouple,FETUSDT,2026-06-10 07:00:00+00:00,2026-06-10 07:02:00+00:00,SHORT,0.1998,0.1986,0.196803,0.202797,TIME,0.293962,0.360629,0.106667,0.0,127460568.265958,0
beta_decouple,FETUSDT,2026-06-10 11:00:00+00:00,2026-06-10 11:02:00+00:00,LONG,0.1936,0.1958,0.196504,0.190696,TIME,0.650467,0.717133,0.106667,0.0,144042338.753695,0
beta_decouple,FETUSDT,2026-06-10 13:00:00+00:00,2026-06-10 13:02:00+00:00,SHORT,0.1987,0.1967,0.1957195,0.2016805,TIME,0.564752,0.631419,0.106667,0.0,160311990.589549,0
beta_decouple,FETUSDT,2026-06-10 19:00:00+00:00,2026-06-10 19:01:00+00:00,LONG,0.1882,0.191023,0.191023,0.185377,TP,0.892746,0.959412,0.106667,0.0,188935552.5389,0
beta_decouple,FETUSDT,2026-06-10 21:00:00+00:00,2026-06-10 21:01:00+00:00,LONG,0.1842,0.18707187,0.18707187,0.18132813,TP,0.896789,0.960928,0.102623,0.0,222822612.695518,0
beta_decouple,FETUSDT,2026-06-11 01:00:00+00:00,2026-06-11 01:01:00+00:00,SHORT,0.1871,0.1842935,0.1842935,0.1899065,TP,0.893922,0.960588,0.106667,0.0,262659797.966578,0
beta_decouple,FETUSDT,2026-06-11 03:00:00+00:00,2026-06-11 03:01:00+00:00,SHORT,0.1894,0.186559,0.186559,0.192241,TP,0.893922,0.960588,0.106667,0.0,309619246.598266,0
beta_decouple,FETUSDT,2026-06-11 04:00:00+00:00,2026-06-11 04:02:00+00:00,SHORT,0.1903,0.1893,0.1874455,0.1931545,TIME,0.243856,0.310522,0.106667,0.0,324719726.318697,0
beta_decouple,FETUSDT,2026-06-11 08:00:00+00:00,2026-06-11 08:02:00+00:00,SHORT,0.1917,0.1909,0.1888245,0.1945755,TIME,0.171701,0.238367,0.106667,0.0,335870653.162688,0
beta_decouple,FETUSDT,2026-06-11 12:00:00+00:00,2026-06-11 12:01:00+00:00,LONG,0.1867,0.1895005,0.1895005,0.1838995,TP,0.892746,0.959412,0.106667,0.0,395840056.651573,0
beta_decouple,FETUSDT,2026-06-11 14:00:00+00:00,2026-06-11 14:02:00+00:00,LONG,0.185,0.1875,0.187775,0.182225,TIME,0.793706,0.860373,0.106667,0.0,458676170.552138,0
beta_decouple,FETUSDT,2026-06-11 17:00:00+00:00,2026-06-11 17:01:00+00:00,SHORT,0.1913,0.1884305,0.1884305,0.1941695,TP,0.893922,0.960588,0.106667,0.0,540680269.528729,0
beta_decouple,FETUSDT,2026-06-11 18:00:00+00:00,2026-06-11 18:02:00+00:00,SHORT,0.1916,0.1907,0.188726,0.194474,TIME,0.206662,0.273328,0.106667,0.0,563027847.923597,0
beta_decouple,FETUSDT,2026-06-11 23:00:00+00:00,2026-06-11 23:02:00+00:00,LONG,0.1928,0.1931,0.195692,0.189908,TIME,-0.002982,0.063684,0.106667,0.0,562692007.169086,0
beta_decouple,FETUSDT,2026-06-12 00:00:00+00:00,2026-06-12 00:02:00+00:00,LONG,0.1918,0.1924,0.194677,0.188923,TIME,0.101771,0.168437,0.106667,0.0,574145131.487753,0
beta_decouple,FETUSDT,2026-06-12 01:00:00+00:00,2026-06-12 01:02:00+00:00,LONG,0.191,0.1911,0.193865,0.188135,TIME,-0.071772,-0.005105,0.106667,0.0,565903669.413017,0
beta_decouple,FETUSDT,2026-06-12 05:00:00+00:00,2026-06-12 05:02:00+00:00,LONG,0.1893,0.1916,0.1921395,0.1864605,TIME,0.702861,0.769528,0.106667,0.0,645454019.842796,0
beta_decouple,FETUSDT,2026-06-12 06:00:00+00:00,2026-06-12 06:02:00+00:00,LONG,0.1874,0.1897,0.190211,0.184589,TIME,0.711069,0.777735,0.106667,0.0,737246450.923865,0
beta_decouple,FETUSDT,2026-06-12 13:00:00+00:00,2026-06-12 13:02:00+00:00,LONG,0.1881,0.1901,0.1909215,0.1852785,TIME,0.601763,0.66843,0.106667,0.0,825975973.076605,0
beta_decouple,FETUSDT,2026-06-12 21:00:00+00:00,2026-06-12 21:02:00+00:00,LONG,0.1868,0.1877,0.189602,0.183998,TIME,0.214352,0.281018,0.106667,0.0,861385862.296103,0
beta_decouple,FETUSDT,2026-06-12 22:00:00+00:00,2026-06-12 22:02:00+00:00,LONG,0.1859,0.1867,0.1886885,0.1831115,TIME,0.180066,0.246733,0.106667,0.0,892407096.134597,0
beta_decouple,FETUSDT,2026-06-13 01:00:00+00:00,2026-06-13 01:02:00+00:00,SHORT,0.1888,0.1869,0.185968,0.191632,TIME,0.564628,0.631295,0.106667,0.0,993182693.576409,0
beta_decouple,FETUSDT,2026-06-13 06:00:00+00:00,2026-06-13 06:01:00+00:00,SHORT,0.1883,0.1854755,0.1854755,0.1911245,TP,0.893922,0.960588,0.106667,0.0,1170748168.163493,0
beta_decouple,FETUSDT,2026-06-13 07:00:00+00:00,2026-06-13 07:01:00+00:00,SHORT,0.1907,0.1878395,0.1878395,0.1935605,TP,0.893922,0.960588,0.106667,0.0,1380059562.176337,0
beta_decouple,FETUSDT,2026-06-13 09:00:00+00:00,2026-06-13 09:01:00+00:00,SHORT,0.1926,0.189711,0.189711,0.195489,TP,0.893922,0.960588,0.106667,0.0,1626792547.659467,0
beta_decouple,FETUSDT,2026-06-13 11:00:00+00:00,2026-06-13 11:01:00+00:00,SHORT,0.1987,0.1957195,0.1957195,0.2016805,TP,0.893922,0.960588,0.106667,0.0,1917637517.722029,0
beta_decouple,FETUSDT,2026-06-13 12:00:00+00:00,2026-06-13 12:01:00+00:00,SHORT,0.2029,0.19953542,0.19953542,0.20626458,TP,0.904102,0.964407,0.096487,0.0,2264385459.164869,0
beta_decouple,FETUSDT,2026-06-13 13:00:00+00:00,2026-06-13 13:02:00+00:00,SHORT,0.2071,0.2039,0.20288333,0.21131667,TIME,0.680757,0.729871,0.078583,0.0,2572684487.998647,0
beta_decouple,FETUSDT,2026-06-13 23:00:00+00:00,2026-06-13 23:02:00+00:00,LONG,0.2079,0.2072,0.2110185,0.2047815,TIME,-0.330987,-0.26432,0.106667,0.0,2402379504.183482,0
beta_decouple,FETUSDT,2026-06-14 03:00:00+00:00,2026-06-14 03:01:00+00:00,SHORT,0.2146,0.211381,0.211381,0.217819,TP,0.893922,0.960588,0.106667,0.0,2831887246.875341,0
beta_decouple,FETUSDT,2026-06-14 04:00:00+00:00,2026-06-14 04:01:00+00:00,LONG,0.2091,0.2122365,0.2122365,0.2059635,TP,0.892746,0.959412,0.106667,0.0,3337518171.589194,0
beta_decouple,FETUSDT,2026-06-14 10:00:00+00:00,2026-06-14 10:02:00+00:00,LONG,0.2111,0.2137,0.2142665,0.2079335,TIME,0.713949,0.780615,0.106667,0.0,3814081501.61411,0
beta_decouple,FETUSDT,2026-06-14 11:00:00+00:00,2026-06-14 11:02:00+00:00,LONG,0.21,0.2109,0.21315,0.20685,TIME,0.178888,0.245555,0.106667,0.0,3950540365.718081,0
beta_decouple,FETUSDT,2026-06-14 12:00:00+00:00,2026-06-14 12:01:00+00:00,LONG,0.2045,0.2075675,0.2075675,0.2014325,TP,0.892746,0.959412,0.106667,0.0,4655905800.179305,0
beta_decouple,FETUSDT,2026-06-14 13:00:00+00:00,2026-06-14 13:01:00+00:00,LONG,0.2023,0.2053345,0.2053345,0.1992655,TP,0.892746,0.959412,0.106667,0.0,5487213599.500334,0
beta_decouple,FETUSDT,2026-06-14 20:00:00+00:00,2026-06-14 20:02:00+00:00,SHORT,0.2038,0.2013,0.200743,0.206857,TIME,0.711607,0.778274,0.106667,0.0,6268161936.122025,0
beta_decouple,FETUSDT,2026-06-14 21:00:00+00:00,2026-06-14 21:01:00+00:00,SHORT,0.2099,0.2067515,0.2067515,0.2130485,TP,0.893922,0.960588,0.106667,0.0,7388810892.42663,0
beta_decouple,FETUSDT,2026-06-14 22:00:00+00:00,2026-06-14 22:02:00+00:00,SHORT,0.2112,0.2108,0.208032,0.214368,TIME,0.01966,0.086326,0.106667,0.0,7417863307.176771,0
beta_decouple,FETUSDT,2026-06-15 02:00:00+00:00,2026-06-15 02:02:00+00:00,SHORT,0.2131,0.2116,0.2099035,0.2162965,TIME,0.362866,0.429533,0.106667,0.0,7956201724.080519,0
beta_decouple,FETUSDT,2026-06-15 05:00:00+00:00,2026-06-15 05:01:00+00:00,SHORT,0.2168,0.213548,0.213548,0.220052,TP,0.893922,0.960588,0.106667,0.0,9378645695.551369,0
beta_decouple,FETUSDT,2026-06-15 09:00:00+00:00,2026-06-15 09:02:00+00:00,LONG,0.2126,0.2147,0.215789,0.209411,TIME,0.551464,0.618131,0.106667,0.0,10413042753.295046,0
beta_decouple,FETUSDT,2026-06-15 11:00:00+00:00,2026-06-15 11:01:00+00:00,SHORT,0.2212,0.217882,0.217882,0.224518,TP,0.893922,0.960588,0.106667,0.0,12274731333.193943,0
beta_decouple,FETUSDT,2026-06-15 16:00:00+00:00,2026-06-15 16:02:00+00:00,LONG,0.2188,0.22,0.222082,0.215518,TIME,0.258757,0.325423,0.106667,0.0,12909965201.672262,0
beta_decouple,FETUSDT,2026-06-15 19:00:00+00:00,2026-06-15 19:02:00+00:00,LONG,0.2168,0.220052,0.220052,0.213548,TP,0.892746,0.959412,0.106667,0.0,15215027894.456976,0
beta_decouple,FETUSDT,2026-06-15 21:00:00+00:00,2026-06-15 21:02:00+00:00,LONG,0.2173,0.2202,0.2205595,0.2140405,TIME,0.782519,0.849185,0.106667,0.0,17596236590.82303,0
beta_decouple,FETUSDT,2026-06-15 22:00:00+00:00,2026-06-15 22:01:00+00:00,LONG,0.2115,0.2146725,0.2146725,0.2083275,TP,0.892746,0.959412,0.106667,0.0,20738028831.56938,0
beta_decouple,FETUSDT,2026-06-16 06:00:00+00:00,2026-06-16 06:02:00+00:00,SHORT,0.2142,0.2116,0.210987,0.217413,TIME,0.70302,0.769686,0.106667,0.0,23653876882.539074,0
beta_decouple,FETUSDT,2026-06-16 08:00:00+00:00,2026-06-16 08:02:00+00:00,SHORT,0.216,0.2138,0.21276,0.21924,TIME,0.572741,0.639408,0.106667,0.0,26363386872.631493,0
beta_decouple,FETUSDT,2026-06-16 13:00:00+00:00,2026-06-16 13:01:00+00:00,LONG,0.2085,0.2116275,0.2116275,0.2053725,TP,0.892746,0.959412,0.106667,0.0,31070545922.733463,0
beta_decouple,FETUSDT,2026-06-16 14:00:00+00:00,2026-06-16 14:01:00+00:00,LONG,0.2054,0.208481,0.208481,0.202319,TP,0.892746,0.959412,0.106667,0.0,36618163993.90148,0
beta_decouple,FETUSDT,2026-06-16 20:00:00+00:00,2026-06-16 20:02:00+00:00,SHORT,0.2094,0.2072,0.206259,0.212541,TIME,0.594156,0.660822,0.106667,0.0,40969541324.53874,0
beta_decouple,FETUSDT,2026-06-16 23:00:00+00:00,2026-06-16 23:02:00+00:00,LONG,0.205,0.207,0.208075,0.201925,TIME,0.543362,0.610028,0.106667,0.0,45421797305.828514,0
beta_decouple,FETUSDT,2026-06-17 01:00:00+00:00,2026-06-17 01:02:00+00:00,SHORT,0.2097,0.2079,0.2065545,0.2128455,TIME,0.465911,0.532578,0.106667,0.0,49654298909.70361,0
beta_decouple,FETUSDT,2026-06-17 08:00:00+00:00,2026-06-17 08:02:00+00:00,LONG,0.205,0.2068,0.208075,0.201925,TIME,0.47836,0.545027,0.106667,0.0,54404825682.357475,0
beta_decouple,FETUSDT,2026-06-17 15:00:00+00:00,2026-06-17 15:01:00+00:00,SHORT,0.2108,0.207638,0.207638,0.213962,TP,0.893922,0.960588,0.106667,0.0,64131554465.08387,0
beta_decouple,FETUSDT,2026-06-17 19:00:00+00:00,2026-06-17 19:01:00+00:00,LONG,0.2013,0.2043195,0.2043195,0.1982805,TP,0.892746,0.959412,0.106667,0.0,75582185920.58978,0
beta_decouple,FETUSDT,2026-06-18 02:00:00+00:00,2026-06-18 02:02:00+00:00,SHORT,0.2013,0.2008,0.1982805,0.2043195,TIME,0.059011,0.125678,0.106667,0.0,76474222649.349,0
beta_decouple,FETUSDT,2026-06-18 04:00:00+00:00,2026-06-18 04:01:00+00:00,LONG,0.1967,0.1996505,0.1996505,0.1937495,TP,0.892746,0.959412,0.106667,0.0,90128626424.6506,0
beta_decouple,FETUSDT,2026-06-18 15:00:00+00:00,2026-06-18 15:01:00+00:00,LONG,0.1898,0.192647,0.192647,0.186953,TP,0.892746,0.959412,0.106667,0.0,106221011731.50504,0
beta_decouple,FETUSDT,2026-06-18 20:00:00+00:00,2026-06-18 20:02:00+00:00,SHORT,0.195,0.1938,0.192075,0.197925,TIME,0.303824,0.370491,0.106667,0.0,112675509579.0466,0
beta_decouple,FETUSDT,2026-06-18 21:00:00+00:00,2026-06-18 21:02:00+00:00,SHORT,0.1956,0.1953,0.192666,0.198534,TIME,-0.004368,0.062299,0.106667,0.0,112577080458.66896,0
beta_decouple,FETUSDT,2026-06-19 00:00:00+00:00,2026-06-19 00:02:00+00:00,SHORT,0.1986,0.197,0.195621,0.201579,TIME,0.430737,0.497403,0.106667,0.0,122275295729.78906,0
beta_decouple,FETUSDT,2026-06-19 04:00:00+00:00,2026-06-19 04:01:00+00:00,LONG,0.1927,0.1955905,0.1955905,0.1898095,TP,0.892746,0.959412,0.106667,0.0,144107439971.31235,0
beta_decouple,FETUSDT,2026-06-19 12:00:00+00:00,2026-06-19 12:02:00+00:00,SHORT,0.1944,0.1925,0.191484,0.197316,TIME,0.54529,0.611957,0.106667,0.0,159823506190.59497,0
beta_decouple,FETUSDT,2026-06-19 13:00:00+00:00,2026-06-19 13:02:00+00:00,SHORT,0.1967,0.1937495,0.1937495,0.1996505,TP,0.893922,0.960588,0.106667,0.0,188397440181.24158,0
beta_decouple,FETUSDT,2026-06-19 18:00:00+00:00,2026-06-19 18:01:00+00:00,LONG,0.1919,0.1947785,0.1947785,0.1890215,TP,0.892746,0.959412,0.106667,0.0,222035633932.6598,0
beta_decouple,FETUSDT,2026-06-19 19:00:00+00:00,2026-06-19 19:02:00+00:00,LONG,0.1912,0.1918,0.194068,0.188332,TIME,0.102425,0.169092,0.106667,0.0,226584027911.59607,0
beta_decouple,FETUSDT,2026-06-19 23:00:00+00:00,2026-06-19 23:02:00+00:00,SHORT,0.1926,0.1915,0.189711,0.195489,TIME,0.274304,0.340971,0.106667,0.0,239014628771.7337,0
beta_decouple,FETUSDT,2026-06-20 05:00:00+00:00,2026-06-20 05:02:00+00:00,SHORT,0.1917,0.1901,0.1888245,0.1945755,TIME,0.45008,0.516747,0.106667,0.0,260529781759.71185,0
beta_decouple,FETUSDT,2026-06-20 13:00:00+00:00,2026-06-20 13:01:00+00:00,LONG,0.1866,0.189399,0.189399,0.183801,TP,0.892746,0.959412,0.106667,0.0,307047140320.51337,0
beta_decouple,FETUSDT,2026-06-20 15:00:00+00:00,2026-06-20 15:02:00+00:00,SHORT,0.1904,0.1888,0.187544,0.193256,TIME,0.453882,0.520548,0.106667,0.0,334919753143.9681,0
beta_decouple,FETUSDT,2026-06-20 22:00:00+00:00,2026-06-20 22:02:00+00:00,SHORT,0.1894,0.1871,0.186559,0.192241,TIME,0.703381,0.770048,0.106667,0.0,382035012326.32935,0
beta_decouple,FETUSDT,2026-06-21 07:00:00+00:00,2026-06-21 07:02:00+00:00,SHORT,0.1869,0.1857,0.1840965,0.1897035,TIME,0.321615,0.388281,0.106667,0.0,406608620757.2175,0
beta_decouple,FETUSDT,2026-06-21 09:00:00+00:00,2026-06-21 09:02:00+00:00,SHORT,0.1878,0.1861,0.184983,0.190617,TIME,0.497162,0.563829,0.106667,0.0,447038724630.2984,0
beta_decouple,FETUSDT,2026-06-21 10:00:00+00:00,2026-06-21 10:02:00+00:00,SHORT,0.1887,0.1878,0.1858695,0.1915305,TIME,0.211477,0.278144,0.106667,0.0,465946423277.62494,0
beta_decouple,FETUSDT,2026-06-21 17:00:00+00:00,2026-06-21 17:02:00+00:00,LONG,0.1857,0.187,0.1884855,0.1829145,TIME,0.359768,0.426435,0.106667,0.0,499472942022.51117,0
beta_decouple,FETUSDT,2026-06-21 21:00:00+00:00,2026-06-21 21:01:00+00:00,LONG,0.1827,0.1854405,0.1854405,0.1799595,TP,0.892746,0.959412,0.106667,0.0,588653387262.0062,0
beta_decouple,FETUSDT,2026-06-21 22:00:00+00:00,2026-06-21 22:01:00+00:00,LONG,0.1791,0.1817865,0.1817865,0.1764135,TP,0.892746,0.959412,0.106667,0.0,693756920909.2728,0
beta_decouple,FETUSDT,2026-06-22 11:00:00+00:00,2026-06-22 11:01:00+00:00,SHORT,0.186,0.18321,0.18321,0.18879,TP,0.893922,0.960588,0.106667,0.0,817789767742.0515,0
beta_decouple,FETUSDT,2026-06-22 12:00:00+00:00,2026-06-22 12:02:00+00:00,SHORT,0.1881,0.1855,0.1852785,0.1909215,TIME,0.81537,0.882037,0.106667,0.0,951150024731.083,0
beta_decouple,FETUSDT,2026-06-22 13:00:00+00:00,2026-06-22 13:02:00+00:00,SHORT,0.1893,0.188,0.1864605,0.1921395,TIME,0.351423,0.41809,0.106667,0.0,1018001260026.2653,0
beta_decouple,FETUSDT,2026-06-22 23:00:00+00:00,2026-06-22 23:02:00+00:00,SHORT,0.1815,0.1804,0.1787775,0.1842225,TIME,0.297604,0.364271,0.106667,0.0,1078593556407.6829,0
beta_decouple,FETUSDT,2026-06-23 00:00:00+00:00,2026-06-23 00:01:00+00:00,SHORT,0.1859,0.1831115,0.1831115,0.1886885,TP,0.893922,0.960588,0.106667,0.0,1271429152485.6245,0
beta_decouple,FETUSDT,2026-06-23 04:00:00+00:00,2026-06-23 04:01:00+00:00,LONG,0.1811,0.1838165,0.1838165,0.1783835,TP,0.892746,0.959412,0.106667,0.0,1498441685837.2922,0
beta_decouple,FETUSDT,2026-06-23 06:00:00+00:00,2026-06-23 06:01:00+00:00,LONG,0.1757,0.1783355,0.1783355,0.1730645,TP,0.892746,0.959412,0.106667,0.0,1765987103147.1392,0
beta_decouple,FETUSDT,2026-06-23 08:00:00+00:00,2026-06-23 08:01:00+00:00,LONG,0.171,0.17373333,0.17373333,0.16826667,TP,0.899314,0.961875,0.100098,0.0,2083622444687.4697,0
beta_decouple,FETUSDT,2026-06-23 13:00:00+00:00,2026-06-23 13:01:00+00:00,SHORT,0.1755,0.1728675,0.1728675,0.1781325,TP,0.893922,0.960588,0.106667,0.0,2456141429003.3867,0
beta_decouple,FETUSDT,2026-06-23 20:00:00+00:00,2026-06-23 20:02:00+00:00,SHORT,0.1741,0.1736,0.1714885,0.1767115,TIME,0.084897,0.151564,0.106667,0.0,2497845279505.256,0
beta_decouple,FETUSDT,2026-06-23 21:00:00+00:00,2026-06-23 21:02:00+00:00,SHORT,0.1744,0.1746,0.171784,0.177016,TIME,-0.183177,-0.11651,0.106667,0.0,2406335641128.581,0
beta_decouple,FETUSDT,2026-06-24 00:00:00+00:00,2026-06-24 00:02:00+00:00,SHORT,0.1753,0.1751,0.1726705,0.1779295,TIME,-0.030573,0.036094,0.106667,0.0,2391621893437.577,0
beta_decouple,FETUSDT,2026-06-24 01:00:00+00:00,2026-06-24 01:02:00+00:00,SHORT,0.1756,0.175,0.172966,0.178234,TIME,0.121248,0.187915,0.106667,0.0,2449617996252.064,0
beta_decouple,FETUSDT,2026-06-24 05:00:00+00:00,2026-06-24 05:02:00+00:00,SHORT,0.1758,0.1741,0.173163,0.178437,TIME,0.53838,0.605047,0.106667,0.0,2713383173713.835,0
beta_decouple,FETUSDT,2026-06-24 10:00:00+00:00,2026-06-24 10:02:00+00:00,LONG,0.1722,0.1735,0.174783,0.169617,TIME,0.396334,0.463001,0.106667,0.0,2928464479828.6895,0
beta_decouple,FETUSDT,2026-06-24 13:00:00+00:00,2026-06-24 13:01:00+00:00,LONG,0.1695,0.1720425,0.1720425,0.1669575,TP,0.892746,0.959412,0.106667,0.0,3451339182753.8345,0
beta_decouple,FETUSDT,2026-06-24 15:00:00+00:00,2026-06-24 15:01:00+00:00,LONG,0.1672,0.169708,0.169708,0.164692,TP,0.892746,0.959412,0.106667,0.0,4067572694311.3604,0
beta_decouple,FETUSDT,2026-06-24 16:00:00+00:00,2026-06-24 16:01:00+00:00,LONG,0.1649,0.1673735,0.1673735,0.1624265,TP,0.892746,0.959412,0.106667,0.0,4793834145940.4,0
beta_decouple,FETUSDT,2026-06-24 20:00:00+00:00,2026-06-24 20:01:00+00:00,SHORT,0.1711,0.1685335,0.1685335,0.1736665,TP,0.893922,0.960588,0.106667,0.0,5650896437421.214,0
beta_decouple,FETUSDT,2026-06-24 21:00:00+00:00,2026-06-24 21:02:00+00:00,SHORT,0.1723,0.1708,0.1697155,0.1748845,TIME,0.474053,0.540719,0.106667,0.0,6186660999213.606,0
beta_decouple,RENDERUSDT,2026-05-15 13:00:00+00:00,2026-05-15 13:01:00+00:00,LONG,1.806,1.83309,1.83309,1.77891,TP,0.892746,0.959412,0.106667,0.0,8.249844,0
beta_decouple,RENDERUSDT,2026-05-15 21:00:00+00:00,2026-05-15 21:02:00+00:00,SHORT,1.861,1.84,1.833085,1.888915,TIME,0.646057,0.712723,0.106667,0.0,9.315817,0
beta_decouple,RENDERUSDT,2026-05-15 22:00:00+00:00,2026-05-15 22:02:00+00:00,SHORT,1.866,1.861,1.83801,1.89399,TIME,0.072064,0.13873,0.106667,0.0,9.450083,0
beta_decouple,RENDERUSDT,2026-05-15 23:00:00+00:00,2026-05-15 23:02:00+00:00,SHORT,1.882,1.871,1.85377,1.91023,TIME,0.283212,0.349878,0.106667,0.0,9.985358,0
beta_decouple,RENDERUSDT,2026-05-16 00:00:00+00:00,2026-05-16 00:02:00+00:00,SHORT,1.895,1.877,1.866575,1.923425,TIME,0.526947,0.593613,0.106667,0.0,11.037708,0
beta_decouple,RENDERUSDT,2026-05-16 02:00:00+00:00,2026-05-16 02:02:00+00:00,SHORT,1.913,1.902,1.884305,1.941695,TIME,0.276893,0.34356,0.106667,0.0,11.648962,0
beta_decouple,RENDERUSDT,2026-05-16 04:00:00+00:00,2026-05-16 04:01:00+00:00,LONG,1.868,1.89602,1.89602,1.83998,TP,0.892746,0.959412,0.106667,0.0,13.728874,0
beta_decouple,RENDERUSDT,2026-05-16 06:00:00+00:00,2026-05-16 06:01:00+00:00,LONG,1.832,1.85948,1.85948,1.80452,TP,0.892746,0.959412,0.106667,0.0,16.180152,0
beta_decouple,RENDERUSDT,2026-05-16 07:00:00+00:00,2026-05-16 07:01:00+00:00,LONG,1.8,1.827,1.827,1.773,TP,0.892746,0.959412,0.106667,0.0,19.069104,0
beta_decouple,RENDERUSDT,2026-05-16 11:00:00+00:00,2026-05-16 11:02:00+00:00,SHORT,1.819,1.809,1.791715,1.846285,TIME,0.260043,0.32671,0.106667,0.0,20.060861,0
beta_decouple,RENDERUSDT,2026-05-16 12:00:00+00:00,2026-05-16 12:02:00+00:00,SHORT,1.824,1.822,1.79664,1.85136,TIME,-0.033535,0.033131,0.106667,0.0,19.926312,0
beta_decouple,RENDERUSDT,2026-05-16 20:00:00+00:00,2026-05-16 20:02:00+00:00,LONG,1.837,1.842,1.864555,1.809445,TIME,0.074692,0.141358,0.106667,0.0,20.223978,0
beta_decouple,RENDERUSDT,2026-05-16 21:00:00+00:00,2026-05-16 21:02:00+00:00,LONG,1.83,1.839,1.85745,1.80255,TIME,0.221018,0.287684,0.106667,0.0,21.117949,0
beta_decouple,RENDERUSDT,2026-05-16 22:00:00+00:00,2026-05-16 22:02:00+00:00,LONG,1.825,1.829,1.852375,1.797625,TIME,0.039376,0.106043,0.106667,0.0,21.284258,0
beta_decouple,RENDERUSDT,2026-05-17 00:00:00+00:00,2026-05-17 00:02:00+00:00,LONG,1.812,1.818,1.83918,1.78482,TIME,0.113963,0.18063,0.106667,0.0,21.769384,0
beta_decouple,RENDERUSDT,2026-05-17 01:00:00+00:00,2026-05-17 01:02:00+00:00,LONG,1.802,1.806,1.82903,1.77497,TIME,0.04124,0.107907,0.106667,0.0,21.948939,0
beta_decouple,RENDERUSDT,2026-05-17 03:00:00+00:00,2026-05-17 03:02:00+00:00,SHORT,1.819,1.81,1.791715,1.846285,TIME,0.223371,0.290038,0.106667,0.0,22.92949,0
beta_decouple,RENDERUSDT,2026-05-17 04:00:00+00:00,2026-05-17 04:02:00+00:00,SHORT,1.838,1.82,1.81043,1.86557,TIME,0.546597,0.613263,0.106667,0.0,25.436127,0
beta_decouple,RENDERUSDT,2026-05-17 13:00:00+00:00,2026-05-17 13:02:00+00:00,LONG,1.834,1.833,1.86151,1.80649,TIME,-0.142983,-0.076317,0.106667,0.0,24.708739,0
beta_decouple,RENDERUSDT,2026-05-17 14:00:00+00:00,2026-05-17 14:02:00+00:00,LONG,1.826,1.831,1.85339,1.79861,TIME,0.075784,0.142451,0.106667,0.0,25.083245,0
beta_decouple,RENDERUSDT,2026-05-17 16:00:00+00:00,2026-05-17 16:02:00+00:00,LONG,1.818,1.828,1.84527,1.79073,TIME,0.259829,0.326495,0.106667,0.0,26.386714,0
beta_decouple,RENDERUSDT,2026-05-17 19:00:00+00:00,2026-05-17 19:02:00+00:00,SHORT,1.836,1.831,1.80846,1.86354,TIME,0.074984,0.141651,0.106667,0.0,26.782433,0
beta_decouple,RENDERUSDT,2026-05-17 23:00:00+00:00,2026-05-17 23:02:00+00:00,LONG,1.79,1.814,1.81685,1.76315,TIME,0.786664,0.853331,0.106667,0.0,30.996188,0
beta_decouple,RENDERUSDT,2026-05-18 11:00:00+00:00,2026-05-18 11:02:00+00:00,SHORT,1.763,1.743,1.736555,1.789445,TIME,0.650062,0.716729,0.106667,0.0,35.026075,0
beta_decouple,RENDERUSDT,2026-05-18 12:00:00+00:00,2026-05-18 12:02:00+00:00,SHORT,1.78,1.771,1.7533,1.8067,TIME,0.230602,0.297269,0.106667,0.0,36.641494,0
beta_decouple,RENDERUSDT,2026-05-18 19:00:00+00:00,2026-05-18 19:01:00+00:00,SHORT,1.783,1.756255,1.756255,1.809745,TP,0.893922,0.960588,0.106667,0.0,43.192418,0
beta_decouple,RENDERUSDT,2026-05-18 21:00:00+00:00,2026-05-18 21:01:00+00:00,SHORT,1.811,1.783835,1.783835,1.838165,TP,0.893922,0.960588,0.106667,0.0,50.914544,0
beta_decouple,RENDERUSDT,2026-05-19 00:00:00+00:00,2026-05-19 00:02:00+00:00,SHORT,1.842,1.834,1.81437,1.86963,TIME,0.183035,0.249702,0.106667,0.0,52.778378,0
beta_decouple,RENDERUSDT,2026-05-19 07:00:00+00:00,2026-05-19 07:02:00+00:00,SHORT,1.844,1.828,1.81634,1.87166,TIME,0.472121,0.538788,0.106667,0.0,57.761935,0
beta_decouple,RENDERUSDT,2026-05-19 09:00:00+00:00,2026-05-19 09:02:00+00:00,LONG,1.811,1.824,1.838165,1.783835,TIME,0.371615,0.438282,0.106667,0.0,62.054979,0
beta_decouple,RENDERUSDT,2026-05-19 10:00:00+00:00,2026-05-19 10:02:00+00:00,LONG,1.81,1.809,1.83715,1.78285,TIME,-0.143465,-0.076798,0.106667,0.0,60.274435,0
beta_decouple,RENDERUSDT,2026-05-19 11:00:00+00:00,2026-05-19 11:02:00+00:00,LONG,1.794,1.808,1.82091,1.76709,TIME,0.413286,0.479953,0.106667,0.0,65.256551,0
beta_decouple,RENDERUSDT,2026-05-19 14:00:00+00:00,2026-05-19 14:02:00+00:00,LONG,1.792,1.811,1.81888,1.76512,TIME,0.599767,0.666433,0.106667,0.0,73.084291,0
beta_decouple,RENDERUSDT,2026-05-19 16:00:00+00:00,2026-05-19 16:01:00+00:00,SHORT,1.854,1.82619,1.82619,1.88181,TP,0.893922,0.960588,0.106667,0.0,86.150615,0
beta_decouple,RENDERUSDT,2026-05-19 22:00:00+00:00,2026-05-19 22:02:00+00:00,LONG,1.808,1.82,1.83512,1.78088,TIME,0.335558,0.402224,0.106667,0.0,91.932317,0
beta_decouple,RENDERUSDT,2026-05-20 03:00:00+00:00,2026-05-20 03:02:00+00:00,SHORT,1.827,1.811,1.799595,1.854405,TIME,0.477507,0.544173,0.106667,0.0,100.711978,0
beta_decouple,RENDERUSDT,2026-05-20 04:00:00+00:00,2026-05-20 04:02:00+00:00,SHORT,1.839,1.831,1.811415,1.866585,TIME,0.183508,0.250175,0.106667,0.0,104.40827,0
beta_decouple,RENDERUSDT,2026-05-20 05:00:00+00:00,2026-05-20 05:02:00+00:00,SHORT,1.848,1.835,1.82028,1.87572,TIME,0.362578,0.429245,0.106667,0.0,111.979504,0
beta_decouple,RENDERUSDT,2026-05-20 08:00:00+00:00,2026-05-20 08:02:00+00:00,SHORT,1.874,1.856,1.84589,1.90211,TIME,0.534047,0.600714,0.106667,0.0,123.939972,0
beta_decouple,RENDERUSDT,2026-05-20 14:00:00+00:00,2026-05-20 14:01:00+00:00,SHORT,1.906,1.87741,1.87741,1.93459,TP,0.893922,0.960588,0.106667,0.0,146.098493,0
beta_decouple,RENDERUSDT,2026-05-20 15:00:00+00:00,2026-05-20 15:02:00+00:00,SHORT,1.926,1.9,1.89711,1.95489,TIME,0.793827,0.860494,0.106667,0.0,169.293874,0
beta_decouple,RENDERUSDT,2026-05-20 21:00:00+00:00,2026-05-20 21:02:00+00:00,LONG,1.902,1.921,1.93053,1.87347,TIME,0.558912,0.625578,0.106667,0.0,188.217934,0
beta_decouple,RENDERUSDT,2026-05-20 22:00:00+00:00,2026-05-20 22:02:00+00:00,LONG,1.902,1.896,1.93053,1.87347,TIME,-0.316833,-0.250167,0.106667,0.0,176.291186,0
beta_decouple,RENDERUSDT,2026-05-21 03:00:00+00:00,2026-05-21 03:02:00+00:00,SHORT,1.943,1.919,1.913855,1.972145,TIME,0.717284,0.783951,0.106667,0.0,201.58137,0
beta_decouple,RENDERUSDT,2026-05-21 06:00:00+00:00,2026-05-21 06:02:00+00:00,LONG,1.92,1.923,1.9488,1.8912,TIME,-0.00255,0.064116,0.106667,0.0,201.478544,0
beta_decouple,RENDERUSDT,2026-05-21 10:00:00+00:00,2026-05-21 10:01:00+00:00,LONG,1.895,1.923425,1.923425,1.866575,TP,0.892746,0.959412,0.106667,0.0,237.452357,0
beta_decouple,RENDERUSDT,2026-05-21 15:00:00+00:00,2026-05-21 15:02:00+00:00,SHORT,1.919,1.901,1.890215,1.947785,TIME,0.519022,0.585689,0.106667,0.0,262.100972,0
beta_decouple,RENDERUSDT,2026-05-21 17:00:00+00:00,2026-05-21 17:01:00+00:00,SHORT,1.936,1.90696,1.90696,1.96504,TP,0.893922,0.960588,0.106667,0.0,308.960511,0
beta_decouple,RENDERUSDT,2026-05-22 00:00:00+00:00,2026-05-22 00:02:00+00:00,LONG,1.926,1.934,1.95489,1.89711,TIME,0.170092,0.236758,0.106667,0.0,319.470832,0
beta_decouple,RENDERUSDT,2026-05-22 03:00:00+00:00,2026-05-22 03:02:00+00:00,SHORT,1.974,1.95,1.94439,2.00361,TIME,0.704345,0.771011,0.106667,0.0,364.474355,0
beta_decouple,RENDERUSDT,2026-05-22 04:00:00+00:00,2026-05-22 04:01:00+00:00,SHORT,2.009,1.978865,1.978865,2.039135,TP,0.893922,0.960588,0.106667,0.0,429.636648,0
beta_decouple,RENDERUSDT,2026-05-22 12:00:00+00:00,2026-05-22 12:01:00+00:00,SHORT,2.094,2.06135417,2.06135417,2.12664583,TP,0.89796,0.962103,0.102629,0.0,506.795946,0
beta_decouple,RENDERUSDT,2026-05-22 14:00:00+00:00,2026-05-22 14:01:00+00:00,LONG,1.997,2.026955,2.026955,1.967045,TP,0.892746,0.959412,0.106667,0.0,597.283907,0
beta_decouple,RENDERUSDT,2026-05-22 18:00:00+00:00,2026-05-22 18:01:00+00:00,LONG,1.932,1.96098,1.96098,1.90302,TP,0.892746,0.959412,0.106667,0.0,703.928412,0
beta_decouple,RENDERUSDT,2026-05-22 19:00:00+00:00,2026-05-22 19:01:00+00:00,LONG,1.884,1.91226,1.91226,1.85574,TP,0.892746,0.959412,0.106667,0.0,829.614197,0
beta_decouple,RENDERUSDT,2026-05-22 23:00:00+00:00,2026-05-22 23:01:00+00:00,LONG,1.85,1.87970833,1.87970833,1.82029167,TP,0.899776,0.962048,0.099635,0.0,978.907593,0
beta_decouple,RENDERUSDT,2026-05-23 07:00:00+00:00,2026-05-23 07:01:00+00:00,LONG,1.783,1.8185,1.8185,1.7475,TP,0.919049,0.969274,0.080361,0.0,1158.840334,0
beta_decouple,RENDERUSDT,2026-05-23 12:00:00+00:00,2026-05-23 12:02:00+00:00,SHORT,1.811,1.795,1.783835,1.838165,TIME,0.482668,0.549335,0.106667,0.0,1270.707369,0
beta_decouple,RENDERUSDT,2026-05-23 13:00:00+00:00,2026-05-23 13:02:00+00:00,SHORT,1.834,1.82,1.80649,1.86151,TIME,0.402533,0.469199,0.106667,0.0,1373.007601,0
beta_decouple,RENDERUSDT,2026-05-23 14:00:00+00:00,2026-05-23 14:01:00+00:00,SHORT,1.864,1.83604,1.83604,1.89196,TP,0.893922,0.960588,0.106667,0.0,1618.479807,0
beta_decouple,RENDERUSDT,2026-05-23 15:00:00+00:00,2026-05-23 15:02:00+00:00,SHORT,1.876,1.87,1.84786,1.90414,TIME,0.106669,0.173336,0.106667,0.0,1653.008104,0
beta_decouple,RENDERUSDT,2026-05-23 18:00:00+00:00,2026-05-23 18:01:00+00:00,SHORT,1.923,1.894155,1.894155,1.951845,TP,0.893922,0.960588,0.106667,0.0,1948.540004,0
beta_decouple,RENDERUSDT,2026-05-23 20:00:00+00:00,2026-05-23 20:01:00+00:00,SHORT,1.969,1.939465,1.939465,1.998535,TP,0.893922,0.960588,0.106667,0.0,2296.908369,0
beta_decouple,RENDERUSDT,2026-05-24 00:00:00+00:00,2026-05-24 00:01:00+00:00,SHORT,1.986,1.95621,1.95621,2.01579,TP,0.893922,0.960588,0.106667,0.0,2707.559528,0
beta_decouple,RENDERUSDT,2026-05-24 01:00:00+00:00,2026-05-24 01:02:00+00:00,SHORT,2.007,1.992,1.97422917,2.03977083,TIME,0.359998,0.421242,0.09799,0.0,2902.502845,0
beta_decouple,RENDERUSDT,2026-05-24 05:00:00+00:00,2026-05-24 05:02:00+00:00,LONG,1.946,1.969,1.97519,1.91681,TIME,0.680814,0.74748,0.106667,0.0,3297.715633,0
beta_decouple,RENDERUSDT,2026-05-24 11:00:00+00:00,2026-05-24 11:02:00+00:00,LONG,1.973,1.984,2.002595,1.943405,TIME,0.264807,0.331473,0.106667,0.0,3472.367132,0
beta_decouple,RENDERUSDT,2026-05-24 12:00:00+00:00,2026-05-24 12:02:00+00:00,LONG,1.963,1.972,1.992445,1.933555,TIME,0.198817,0.265483,0.106667,0.0,3610.439979,0
beta_decouple,RENDERUSDT,2026-05-24 13:00:00+00:00,2026-05-24 13:02:00+00:00,LONG,1.952,1.96,1.98128,1.92272,TIME,0.166405,0.233072,0.106667,0.0,3730.599385,0
beta_decouple,RENDERUSDT,2026-05-24 20:00:00+00:00,2026-05-24 20:02:00+00:00,LONG,1.977,1.981,2.006655,1.947345,TIME,0.028149,0.094816,0.106667,0.0,3751.60186,0
beta_decouple,RENDERUSDT,2026-05-24 21:00:00+00:00,2026-05-24 21:01:00+00:00,LONG,1.942,1.97113,1.97113,1.91287,TP,0.892746,0.959412,0.106667,0.0,4421.447003,0
beta_decouple,RENDERUSDT,2026-05-25 05:00:00+00:00,2026-05-25 05:02:00+00:00,SHORT,2.009,1.999,1.978865,2.039135,TIME,0.225361,0.292027,0.106667,0.0,4620.730945,0
beta_decouple,RENDERUSDT,2026-05-25 06:00:00+00:00,2026-05-25 06:02:00+00:00,SHORT,2.019,2.014,1.988715,2.049285,TIME,0.058519,0.125185,0.106667,0.0,4674.810734,0
beta_decouple,RENDERUSDT,2026-05-25 10:00:00+00:00,2026-05-25 10:01:00+00:00,SHORT,2.103,2.071455,2.071455,2.134545,TP,0.893922,0.960588,0.106667,0.0,5510.593508,0
beta_decouple,RENDERUSDT,2026-05-25 14:00:00+00:00,2026-05-25 14:01:00+00:00,SHORT,2.181,2.13923958,2.13923958,2.22276042,TP,0.917028,0.969255,0.083562,0.0,6521.267649,0
beta_decouple,RENDERUSDT,2026-05-25 20:00:00+00:00,2026-05-25 20:02:00+00:00,LONG,2.167,2.188,2.199505,2.134495,TIME,0.539012,0.605679,0.106667,0.0,7224.2763,0
beta_decouple,RENDERUSDT,2026-05-25 22:00:00+00:00,2026-05-25 22:01:00+00:00,LONG,2.156,2.18834,2.18834,2.12366,TP,0.892746,0.959412,0.106667,0.0,8514.164346,0
beta_decouple,RENDERUSDT,2026-05-26 03:00:00+00:00,2026-05-26 03:01:00+00:00,SHORT,2.222,2.18867,2.18867,2.25533,TP,0.893922,0.960588,0.106667,0.0,10036.363275,0
beta_decouple,RENDERUSDT,2026-05-26 04:00:00+00:00,2026-05-26 04:01:00+00:00,SHORT,2.267,2.232995,2.232995,2.301005,TP,0.893922,0.960588,0.106667,0.0,11830.707477,0
beta_decouple,RENDERUSDT,2026-05-26 05:00:00+00:00,2026-05-26 05:01:00+00:00,SHORT,2.299,2.26180208,2.26180208,2.33619792,TP,0.901702,0.963506,0.098887,0.0,13964.261507,0
beta_decouple,RENDERUSDT,2026-05-26 07:00:00+00:00,2026-05-26 07:01:00+00:00,SHORT,2.362,2.31578125,2.31578125,2.40821875,TP,0.918823,0.969928,0.081768,0.0,16530.399268,0
beta_decouple,RENDERUSDT,2026-05-26 11:00:00+00:00,2026-05-26 11:01:00+00:00,LONG,2.333,2.367995,2.367995,2.298005,TP,0.892746,0.959412,0.106667,0.0,19481.887212,0
beta_decouple,RENDERUSDT,2026-05-26 17:00:00+00:00,2026-05-26 17:01:00+00:00,LONG,2.333,2.367995,2.367995,2.298005,TP,0.892746,0.959412,0.106667,0.0,22960.360678,0
beta_decouple,RENDERUSDT,2026-05-26 18:00:00+00:00,2026-05-26 18:01:00+00:00,LONG,2.295,2.329425,2.329425,2.260575,TP,0.892746,0.959412,0.106667,0.0,27059.912457,0
beta_decouple,RENDERUSDT,2026-05-27 04:00:00+00:00,2026-05-27 04:01:00+00:00,LONG,2.265,2.298975,2.298975,2.231025,TP,0.892746,0.959412,0.106667,0.0,31891.435525,0
beta_decouple,RENDERUSDT,2026-05-27 05:00:00+00:00,2026-05-27 05:02:00+00:00,LONG,2.248,2.265,2.28172,2.21428,TIME,0.397195,0.463861,0.106667,0.0,34424.857792,0
beta_decouple,RENDERUSDT,2026-05-27 07:00:00+00:00,2026-05-27 07:01:00+00:00,LONG,2.195,2.227925,2.227925,2.162075,TP,0.892746,0.959412,0.106667,0.0,40571.385235,0
beta_decouple,RENDERUSDT,2026-05-27 11:00:00+00:00,2026-05-27 11:01:00+00:00,SHORT,2.269,2.234965,2.234965,2.303035,TP,0.893922,0.960588,0.106667,0.0,47824.912023,0
beta_decouple,RENDERUSDT,2026-05-27 12:00:00+00:00,2026-05-27 12:02:00+00:00,SHORT,2.276,2.262,2.24186,2.31014,TIME,0.303644,0.37031,0.106667,0.0,50729.257775,0
beta_decouple,RENDERUSDT,2026-05-27 17:00:00+00:00,2026-05-27 17:01:00+00:00,LONG,2.171,2.203565,2.203565,2.138435,TP,0.892746,0.959412,0.106667,0.0,59786.921192,0
beta_decouple,RENDERUSDT,2026-05-27 21:00:00+00:00,2026-05-27 21:01:00+00:00,LONG,2.12,2.1518,2.1518,2.0882,TP,0.892746,0.959412,0.106667,0.0,70461.822278,0
beta_decouple,RENDERUSDT,2026-05-28 02:00:00+00:00,2026-05-28 02:01:00+00:00,LONG,2.045,2.08284375,2.08284375,2.00715625,TP,0.912949,0.966987,0.086461,0.0,83327.434115,0
beta_decouple,RENDERUSDT,2026-05-28 03:00:00+00:00,2026-05-28 03:02:00+00:00,LONG,2.012,2.038,2.05492708,1.96907292,TIME,0.530331,0.577201,0.074992,0.0,92165.659843,0
beta_decouple,RENDERUSDT,2026-05-28 09:00:00+00:00,2026-05-28 09:02:00+00:00,SHORT,2.013,1.998,1.982805,2.043195,TIME,0.39039,0.457057,0.106667,0.0,99361.778902,0
beta_decouple,RENDERUSDT,2026-05-28 15:00:00+00:00,2026-05-28 15:02:00+00:00,SHORT,1.97,1.951,1.94045,1.99955,TIME,0.536685,0.603352,0.106667,0.0,110026.978848,0
beta_decouple,RENDERUSDT,2026-05-28 16:00:00+00:00,2026-05-28 16:01:00+00:00,SHORT,1.995,1.965075,1.965075,2.024925,TP,0.893922,0.960588,0.106667,0.0,129698.075458,0
beta_decouple,RENDERUSDT,2026-05-28 21:00:00+00:00,2026-05-28 21:01:00+00:00,SHORT,2.026,1.99561,1.99561,2.05639,TP,0.893922,0.960588,0.106667,0.0,152886.055344,0
beta_decouple,RENDERUSDT,2026-05-29 00:00:00+00:00,2026-05-29 00:01:00+00:00,SHORT,2.062,2.03107,2.03107,2.09293,TP,0.893922,0.960588,0.106667,0.0,180219.682027,0
beta_decouple,RENDERUSDT,2026-05-29 11:00:00+00:00,2026-05-29 11:01:00+00:00,LONG,2.02,2.0503,2.0503,1.9897,TP,0.892746,0.959412,0.106667,0.0,212397.744404,0
beta_decouple,RENDERUSDT,2026-05-29 12:00:00+00:00,2026-05-29 12:02:00+00:00,LONG,1.997,2.017,2.026955,1.967045,TIME,0.560613,0.62728,0.106667,0.0,236212.332501,0
beta_decouple,RENDERUSDT,2026-05-29 13:00:00+00:00,2026-05-29 13:02:00+00:00,LONG,1.974,1.987,2.00361,1.94439,TIME,0.332123,0.39879,0.106667,0.0,251902.63506,0
beta_decouple,RENDERUSDT,2026-05-29 21:00:00+00:00,2026-05-29 21:01:00+00:00,LONG,1.954,1.98331,1.98331,1.92469,TP,0.892746,0.959412,0.106667,0.0,296879.624325,0
beta_decouple,RENDERUSDT,2026-05-30 02:00:00+00:00,2026-05-30 02:02:00+00:00,SHORT,1.994,1.99,1.96409,2.02391,TIME,0.027136,0.093803,0.106667,0.0,298490.857228,0
beta_decouple,RENDERUSDT,2026-05-30 05:00:00+00:00,2026-05-30 05:01:00+00:00,SHORT,2.004,1.97394,1.97394,2.03406,TP,0.893922,0.960588,0.106667,0.0,351856.336779,0
beta_decouple,RENDERUSDT,2026-05-30 11:00:00+00:00,2026-05-30 11:01:00+00:00,SHORT,2.033,2.002505,2.002505,2.063495,TP,0.893922,0.960588,0.106667,0.0,414762.726339,0
beta_decouple,RENDERUSDT,2026-05-30 12:00:00+00:00,2026-05-30 12:02:00+00:00,SHORT,2.04,2.033,2.0094,2.0706,TIME,0.122217,0.188883,0.106667,0.0,424900.920621,0
beta_decouple,RENDERUSDT,2026-05-30 14:00:00+00:00,2026-05-30 14:01:00+00:00,SHORT,2.082,2.05077,2.05077,2.11323,TP,0.893922,0.960588,0.106667,0.0,500866.535116,0
beta_decouple,RENDERUSDT,2026-05-30 21:00:00+00:00,2026-05-30 21:02:00+00:00,SHORT,2.116,2.092,2.08426,2.14774,TIME,0.649919,0.716585,0.106667,0.0,565971.052549,0
beta_decouple,RENDERUSDT,2026-05-31 01:00:00+00:00,2026-05-31 01:02:00+00:00,LONG,2.084,2.096,2.11526,2.05274,TIME,0.276992,0.343659,0.106667,0.0,597324.969548,0
beta_decouple,RENDERUSDT,2026-05-31 06:00:00+00:00,2026-05-31 06:01:00+00:00,SHORT,2.134,2.10199,2.10199,2.16601,TP,0.893922,0.960588,0.106667,0.0,704117.29727,0
beta_decouple,RENDERUSDT,2026-05-31 09:00:00+00:00,2026-05-31 09:02:00+00:00,LONG,2.087,2.103,2.118305,2.055695,TIME,0.404139,0.470806,0.106667,0.0,761029.580981,0
beta_decouple,RENDERUSDT,2026-05-31 14:00:00+00:00,2026-05-31 14:01:00+00:00,LONG,2.025,2.055375,2.055375,1.994625,TP,0.892746,0.959412,0.106667,0.0,896910.729212,0
beta_decouple,RENDERUSDT,2026-05-31 19:00:00+00:00,2026-05-31 19:02:00+00:00,SHORT,2.054,2.042,2.02319,2.08481,TIME,0.283039,0.349706,0.106667,0.0,947682.876696,0
beta_decouple,RENDERUSDT,2026-05-31 20:00:00+00:00,2026-05-31 20:02:00+00:00,SHORT,2.083,2.062,2.051755,2.114245,TIME,0.565832,0.632499,0.106667,0.0,1054928.784047,0
beta_decouple,RENDERUSDT,2026-05-31 21:00:00+00:00,2026-05-31 21:02:00+00:00,SHORT,2.093,2.076,2.061605,2.124395,TIME,0.435134,0.5018,0.106667,0.0,1146735.821896,0
beta_decouple,RENDERUSDT,2026-06-01 00:00:00+00:00,2026-06-01 00:01:00+00:00,SHORT,2.117,2.085245,2.085245,2.148755,TP,0.893922,0.960588,0.106667,0.0,1351754.185343,0
beta_decouple,RENDERUSDT,2026-06-01 01:00:00+00:00,2026-06-01 01:01:00+00:00,LONG,2.059,2.089885,2.089885,2.028115,TP,0.892746,0.959412,0.106667,0.0,1593108.681174,0
beta_decouple,RENDERUSDT,2026-06-01 02:00:00+00:00,2026-06-01 02:01:00+00:00,SHORT,2.131,2.099035,2.099035,2.162965,TP,0.893922,0.960588,0.106667,0.0,1877931.504679,0
beta_decouple,RENDERUSDT,2026-06-01 07:00:00+00:00,2026-06-01 07:01:00+00:00,LONG,2.041,2.071615,2.071615,2.010385,TP,0.892746,0.959412,0.106667,0.0,2213234.488338,0
beta_decouple,RENDERUSDT,2026-06-01 13:00:00+00:00,2026-06-01 13:01:00+00:00,LONG,1.981,2.010715,2.010715,1.951285,TP,0.892746,0.959412,0.106667,0.0,2608405.518604,0
beta_decouple,RENDERUSDT,2026-06-01 14:00:00+00:00,2026-06-01 14:02:00+00:00,LONG,1.963,1.992445,1.992445,1.933555,TP,0.892746,0.959412,0.106667,0.0,3074133.981436,0
beta_decouple,RENDERUSDT,2026-06-01 16:00:00+00:00,2026-06-01 16:01:00+00:00,SHORT,2.032,2.00152,2.00152,2.06248,TP,0.893922,0.960588,0.106667,0.0,3623740.87943,0
beta_decouple,RENDERUSDT,2026-06-01 17:00:00+00:00,2026-06-01 17:01:00+00:00,SHORT,2.056,2.02516,2.02516,2.08684,TP,0.893922,0.960588,0.106667,0.0,4271608.863033,0
beta_decouple,RENDERUSDT,2026-06-01 18:00:00+00:00,2026-06-01 18:01:00+00:00,SHORT,2.097,2.065545,2.065545,2.128455,TP,0.893922,0.960588,0.106667,0.0,5035305.471845,0
beta_decouple,RENDERUSDT,2026-06-01 19:00:00+00:00,2026-06-01 19:02:00+00:00,SHORT,2.128,2.113,2.09608,2.15992,TIME,0.363528,0.430195,0.106667,0.0,5401400.5599,0
beta_decouple,RENDERUSDT,2026-06-05 00:00:00+00:00,2026-06-05 00:02:00+00:00,LONG,1.853,1.865,1.90445833,1.80154167,TIME,0.175449,0.211459,0.057616,0.0,5590935.097077,0
beta_decouple,RENDERUSDT,2026-06-05 01:00:00+00:00,2026-06-05 01:02:00+00:00,LONG,1.84,1.836,1.89205208,1.78794792,TIME,-0.133352,-0.098003,0.056559,0.0,5441822.187673,0
beta_decouple,RENDERUSDT,2026-06-05 15:00:00+00:00,2026-06-05 15:02:00+00:00,LONG,1.627,1.661,1.68751042,1.56648958,TIME,0.518534,0.545422,0.043021,0.0,6006175.981956,0
beta_decouple,RENDERUSDT,2026-06-05 16:00:00+00:00,2026-06-05 16:01:00+00:00,SHORT,1.668,1.62253125,1.62253125,1.71346875,TP,0.941898,0.978583,0.058695,0.0,7137617.391907,0
beta_decouple,RENDERUSDT,2026-06-05 17:00:00+00:00,2026-06-05 17:02:00+00:00,SHORT,1.653,1.659,1.60901042,1.69698958,TIME,-0.196608,-0.159031,0.060123,0.0,6856955.02755,0
beta_decouple,RENDERUSDT,2026-06-05 19:00:00+00:00,2026-06-05 19:01:00+00:00,SHORT,1.632,1.59317708,1.59317708,1.67082292,TP,0.933333,0.97537,0.067259,0.0,8136920.013237,0
beta_decouple,RENDERUSDT,2026-06-05 20:00:00+00:00,2026-06-05 20:01:00+00:00,SHORT,1.69,1.66465,1.66465,1.71535,TP,0.893922,0.960588,0.106667,0.0,9591673.577886,0
beta_decouple,RENDERUSDT,2026-06-05 21:00:00+00:00,2026-06-05 21:02:00+00:00,SHORT,1.707,1.689,1.681395,1.732605,TIME,0.596731,0.663398,0.106667,0.0,10736403.268688,0
beta_decouple,RENDERUSDT,2026-06-07 00:00:00+00:00,2026-06-07 00:02:00+00:00,LONG,1.606,1.6,1.63009,1.58191,TIME,-0.355571,-0.288905,0.106667,0.0,9972891.942472,0
beta_decouple,RENDERUSDT,2026-06-07 06:00:00+00:00,2026-06-07 06:01:00+00:00,SHORT,1.685,1.659725,1.659725,1.710275,TP,0.893922,0.960588,0.106667,0.0,11755888.466901,0
beta_decouple,RENDERUSDT,2026-06-07 08:00:00+00:00,2026-06-07 08:01:00+00:00,SHORT,1.709,1.683365,1.683365,1.734635,TP,0.893922,0.960588,0.106667,0.0,13857656.780344,0
beta_decouple,RENDERUSDT,2026-06-07 12:00:00+00:00,2026-06-07 12:01:00+00:00,LONG,1.641,1.665615,1.665615,1.616385,TP,0.892746,0.959412,0.106667,0.0,16331928.953413,0
beta_decouple,RENDERUSDT,2026-06-07 19:00:00+00:00,2026-06-07 19:01:00+00:00,LONG,1.608,1.63212,1.63212,1.58388,TP,0.892746,0.959412,0.106667,0.0,19247980.200929,0
beta_decouple,RENDERUSDT,2026-06-07 23:00:00+00:00,2026-06-07 23:02:00+00:00,SHORT,1.679,1.665,1.653815,1.704185,TIME,0.449541,0.516208,0.106667,0.0,20978533.002073,0
beta_decouple,RENDERUSDT,2026-06-08 04:00:00+00:00,2026-06-08 04:01:00+00:00,LONG,1.63,1.65445,1.65445,1.60555,TP,0.892746,0.959412,0.106667,0.0,24724231.22953,0
beta_decouple,RENDERUSDT,2026-06-08 09:00:00+00:00,2026-06-08 09:02:00+00:00,SHORT,1.675,1.653,1.649875,1.700125,TIME,0.769469,0.836135,0.106667,0.0,28529135.894616,0
beta_decouple,RENDERUSDT,2026-06-08 11:00:00+00:00,2026-06-08 11:01:00+00:00,SHORT,1.682,1.65677,1.65677,1.70723,TP,0.893922,0.960588,0.106667,0.0,33629697.540978,0
beta_decouple,RENDERUSDT,2026-06-08 12:00:00+00:00,2026-06-08 12:02:00+00:00,SHORT,1.691,1.677,1.665635,1.716365,TIME,0.445594,0.512261,0.106667,0.0,36626737.484675,0
beta_decouple,RENDERUSDT,2026-06-08 15:00:00+00:00,2026-06-08 15:01:00+00:00,LONG,1.639,1.663585,1.663585,1.614415,TP,0.892746,0.959412,0.106667,0.0,43166408.569412,0
beta_decouple,RENDERUSDT,2026-06-08 22:00:00+00:00,2026-06-08 22:02:00+00:00,LONG,1.654,1.663,1.67881,1.62919,TIME,0.255885,0.322551,0.106667,0.0,45375533.216231,0
beta_decouple,RENDERUSDT,2026-06-08 23:00:00+00:00,2026-06-08 23:02:00+00:00,LONG,1.641,1.65,1.665615,1.616385,TIME,0.258757,0.325423,0.106667,0.0,47723778.136367,0
beta_decouple,RENDERUSDT,2026-06-09 00:00:00+00:00,2026-06-09 00:01:00+00:00,LONG,1.595,1.618925,1.618925,1.571075,TP,0.892746,0.959412,0.106667,0.0,56244815.863612,0
beta_decouple,RENDERUSDT,2026-06-09 05:00:00+00:00,2026-06-09 05:02:00+00:00,SHORT,1.644,1.625,1.61934,1.66866,TIME,0.664262,0.730929,0.106667,0.0,63717077.600159,0
beta_decouple,RENDERUSDT,2026-06-09 12:00:00+00:00,2026-06-09 12:02:00+00:00,SHORT,1.646,1.646,1.62131,1.67069,TIME,-0.106679,-0.040012,0.106667,0.0,62357626.977813,0
beta_decouple,RENDERUSDT,2026-06-09 15:00:00+00:00,2026-06-09 15:01:00+00:00,LONG,1.584,1.60776,1.60776,1.56024,TP,0.892746,0.959412,0.106667,0.0,73491525.273567,0
beta_decouple,RENDERUSDT,2026-06-10 02:00:00+00:00,2026-06-10 02:01:00+00:00,LONG,1.593,1.616895,1.616895,1.569105,TP,0.892746,0.959412,0.106667,0.0,86613371.111076,0
beta_decouple,RENDERUSDT,2026-06-10 11:00:00+00:00,2026-06-10 11:01:00+00:00,LONG,1.534,1.55701,1.55701,1.51099,TP,0.892746,0.959412,0.106667,0.0,102078110.738615,0
beta_decouple,RENDERUSDT,2026-06-10 12:00:00+00:00,2026-06-10 12:01:00+00:00,SHORT,1.574,1.55039,1.55039,1.59761,TP,0.893922,0.960588,0.106667,0.0,120328074.512134,0
beta_decouple,RENDERUSDT,2026-06-10 13:00:00+00:00,2026-06-10 13:02:00+00:00,SHORT,1.585,1.573,1.561225,1.608775,TIME,0.398356,0.465023,0.106667,0.0,129914759.512381,0
beta_decouple,RENDERUSDT,2026-06-10 19:00:00+00:00,2026-06-10 19:02:00+00:00,LONG,1.523,1.537,1.545845,1.500155,TIME,0.505803,0.57247,0.106667,0.0,143057022.542818,0
beta_decouple,RENDERUSDT,2026-06-10 21:00:00+00:00,2026-06-10 21:01:00+00:00,LONG,1.485,1.507275,1.507275,1.462725,TP,0.892746,0.959412,0.106667,0.0,168599725.443489,0
beta_decouple,RENDERUSDT,2026-06-11 00:00:00+00:00,2026-06-11 00:02:00+00:00,SHORT,1.526,1.519,1.50311,1.54889,TIME,0.199315,0.265982,0.106667,0.0,175320625.355571,0
beta_decouple,RENDERUSDT,2026-06-11 01:00:00+00:00,2026-06-11 01:02:00+00:00,SHORT,1.54,1.531,1.5169,1.5631,TIME,0.283166,0.349832,0.106667,0.0,185249577.817426,0
beta_decouple,RENDERUSDT,2026-06-11 03:00:00+00:00,2026-06-11 03:01:00+00:00,SHORT,1.563,1.539555,1.539555,1.586445,TP,0.893922,0.960588,0.106667,0.0,218369294.27539,0
beta_decouple,RENDERUSDT,2026-06-11 04:00:00+00:00,2026-06-11 04:02:00+00:00,SHORT,1.569,1.563,1.545465,1.592535,TIME,0.148414,0.21508,0.106667,0.0,224851097.243814,0
beta_decouple,RENDERUSDT,2026-06-11 08:00:00+00:00,2026-06-11 08:02:00+00:00,SHORT,1.584,1.572,1.56024,1.60776,TIME,0.398675,0.465342,0.106667,0.0,242779597.504856,0
beta_decouple,RENDERUSDT,2026-06-11 12:00:00+00:00,2026-06-11 12:02:00+00:00,LONG,1.558,1.575,1.58137,1.53463,TIME,0.620337,0.687004,0.106667,0.0,272900646.990536,0
beta_decouple,RENDERUSDT,2026-06-11 17:00:00+00:00,2026-06-11 17:01:00+00:00,SHORT,1.602,1.57797,1.57797,1.62603,TP,0.893922,0.960588,0.106667,0.0,321690998.666422,0
beta_decouple,RENDERUSDT,2026-06-11 21:00:00+00:00,2026-06-11 21:01:00+00:00,SHORT,1.665,1.640025,1.640025,1.689975,TP,0.893922,0.960588,0.106667,0.0,379204299.308931,0
beta_decouple,RENDERUSDT,2026-06-12 05:00:00+00:00,2026-06-12 05:01:00+00:00,LONG,1.632,1.65648,1.65648,1.60752,TP,0.892746,0.959412,0.106667,0.0,446910886.400843,0
beta_decouple,RENDERUSDT,2026-06-12 06:00:00+00:00,2026-06-12 06:01:00+00:00,LONG,1.607,1.631105,1.631105,1.582895,TP,0.892746,0.959412,0.106667,0.0,526706423.813175,0
beta_decouple,RENDERUSDT,2026-06-12 13:00:00+00:00,2026-06-12 13:02:00+00:00,LONG,1.641,1.659,1.665615,1.616385,TIME,0.624168,0.690835,0.106667,0.0,592457096.580163,0
beta_decouple,RENDERUSDT,2026-06-13 00:00:00+00:00,2026-06-13 00:01:00+00:00,SHORT,1.678,1.65283,1.65283,1.70317,TP,0.893922,0.960588,0.106667,0.0,698379125.031869,0
beta_decouple,RENDERUSDT,2026-06-13 01:00:00+00:00,2026-06-13 01:02:00+00:00,SHORT,1.687,1.68,1.661695,1.712305,TIME,0.170113,0.236779,0.106667,0.0,722139732.659129,0
beta_decouple,RENDERUSDT,2026-06-13 07:00:00+00:00,2026-06-13 07:01:00+00:00,SHORT,1.734,1.70799,1.70799,1.76001,TP,0.893922,0.960588,0.106667,0.0,851246980.678189,0
beta_decouple,RENDERUSDT,2026-06-13 12:00:00+00:00,2026-06-13 12:02:00+00:00,SHORT,1.771,1.76,1.744435,1.797565,TIME,0.307649,0.374315,0.106667,0.0,903623956.526957,0
beta_decouple,RENDERUSDT,2026-06-13 13:00:00+00:00,2026-06-13 13:02:00+00:00,SHORT,1.794,1.771,1.76709,1.82091,TIME,0.748535,0.815202,0.106667,0.0,1038902816.892748,0
beta_decouple,RENDERUSDT,2026-06-13 14:00:00+00:00,2026-06-13 14:02:00+00:00,SHORT,1.807,1.792,1.77961458,1.83438542,TIME,0.442479,0.508463,0.105574,0.0,1130841394.995968,0
beta_decouple,RENDERUSDT,2026-06-13 16:00:00+00:00,2026-06-13 16:02:00+00:00,LONG,1.769,1.785,1.795535,1.742465,TIME,0.495961,0.562628,0.106667,0.0,1243012007.308146,0
beta_decouple,RENDERUSDT,2026-06-13 17:00:00+00:00,2026-06-13 17:02:00+00:00,LONG,1.76,1.764,1.7864,1.7336,TIME,0.04477,0.111436,0.106667,0.0,1254141837.237231,0
beta_decouple,RENDERUSDT,2026-06-13 18:00:00+00:00,2026-06-13 18:02:00+00:00,LONG,1.75,1.762,1.77625,1.72375,TIME,0.350214,0.416881,0.106667,0.0,1341985438.956746,0
beta_decouple,RENDERUSDT,2026-06-14 00:00:00+00:00,2026-06-14 00:02:00+00:00,LONG,1.763,1.773,1.789445,1.736555,TIME,0.271262,0.337928,0.106667,0.0,1414791323.649594,0
beta_decouple,RENDERUSDT,2026-06-14 04:00:00+00:00,2026-06-14 04:02:00+00:00,LONG,1.761,1.783,1.787415,1.734585,TIME,0.725706,0.792373,0.106667,0.0,1620135800.410928,0
beta_decouple,RENDERUSDT,2026-06-14 09:00:00+00:00,2026-06-14 09:02:00+00:00,SHORT,1.786,1.772,1.75921,1.81279,TIME,0.416218,0.482885,0.106667,0.0,1755001745.686279,0
beta_decouple,RENDERUSDT,2026-06-14 11:00:00+00:00,2026-06-14 11:02:00+00:00,LONG,1.761,1.768,1.787415,1.734585,TIME,0.158187,0.224854,0.106667,0.0,1810525551.388183,0
beta_decouple,RENDERUSDT,2026-06-14 12:00:00+00:00,2026-06-14 12:02:00+00:00,LONG,1.747,1.762,1.773205,1.720795,TIME,0.465412,0.532078,0.106667,0.0,1979053554.240214,0
beta_decouple,RENDERUSDT,2026-06-14 13:00:00+00:00,2026-06-14 13:02:00+00:00,LONG,1.738,1.747,1.76407,1.71193,TIME,0.238363,0.305029,0.106667,0.0,2073400045.393837,0
beta_decouple,RENDERUSDT,2026-06-14 14:00:00+00:00,2026-06-14 14:02:00+00:00,LONG,1.719,1.733,1.744785,1.693215,TIME,0.435971,0.502638,0.106667,0.0,2254188497.383107,0
beta_decouple,RENDERUSDT,2026-06-14 21:00:00+00:00,2026-06-14 21:01:00+00:00,SHORT,1.802,1.77497,1.77497,1.82903,TP,0.893922,0.960588,0.106667,0.0,2657202014.367819,0
beta_decouple,RENDERUSDT,2026-06-15 02:00:00+00:00,2026-06-15 02:02:00+00:00,SHORT,1.82,1.809,1.7927,1.8473,TIME,0.296494,0.36316,0.106667,0.0,2814770673.179049,0
beta_decouple,RENDERUSDT,2026-06-15 03:00:00+00:00,2026-06-15 03:02:00+00:00,SHORT,1.825,1.819,1.797625,1.852375,TIME,0.112631,0.179298,0.106667,0.0,2878176736.8067,0
beta_decouple,RENDERUSDT,2026-06-15 07:00:00+00:00,2026-06-15 07:02:00+00:00,LONG,1.82,1.828,1.8473,1.7927,TIME,0.18621,0.252877,0.106667,0.0,2985365709.259331,0
beta_decouple,RENDERUSDT,2026-06-15 11:00:00+00:00,2026-06-15 11:02:00+00:00,SHORT,1.85,1.832,1.82225,1.87775,TIME,0.542359,0.609026,0.106667,0.0,3309193871.185814,0
beta_decouple,RENDERUSDT,2026-06-15 14:00:00+00:00,2026-06-15 14:02:00+00:00,LONG,1.837,1.831,1.864555,1.809445,TIME,-0.32427,-0.257604,0.106667,0.0,3094579155.610807,0
beta_decouple,RENDERUSDT,2026-06-15 16:00:00+00:00,2026-06-15 16:01:00+00:00,LONG,1.82,1.8473,1.8473,1.7927,TP,0.892746,0.959412,0.106667,0.0,3647113484.715251,0
beta_decouple,RENDERUSDT,2026-06-15 17:00:00+00:00,2026-06-15 17:02:00+00:00,LONG,1.817,1.817,1.844255,1.789745,TIME,-0.106655,-0.039988,0.106667,0.0,3569317147.488563,0
beta_decouple,RENDERUSDT,2026-06-15 19:00:00+00:00,2026-06-15 19:01:00+00:00,LONG,1.78,1.8067,1.8067,1.7533,TP,0.892746,0.959412,0.106667,0.0,4206615518.697717,0
beta_decouple,RENDERUSDT,2026-06-16 01:00:00+00:00,2026-06-16 01:02:00+00:00,LONG,1.765,1.785,1.791475,1.738525,TIME,0.648322,0.714989,0.106667,0.0,4752063676.908408,0
beta_decouple,RENDERUSDT,2026-06-16 02:00:00+00:00,2026-06-16 02:02:00+00:00,LONG,1.745,1.763,1.771175,1.718825,TIME,0.580612,0.647279,0.106667,0.0,5303884648.662594,0
beta_decouple,RENDERUSDT,2026-06-16 08:00:00+00:00,2026-06-16 08:02:00+00:00,SHORT,1.817,1.793,1.789745,1.844255,TIME,0.774422,0.841089,0.106667,0.0,6125373856.27099,0
beta_decouple,RENDERUSDT,2026-06-16 13:00:00+00:00,2026-06-16 13:01:00+00:00,LONG,1.757,1.783355,1.783355,1.730645,TP,0.892746,0.959412,0.106667,0.0,7219053857.330952,0
beta_decouple,RENDERUSDT,2026-06-16 14:00:00+00:00,2026-06-16 14:01:00+00:00,LONG,1.72,1.7458,1.7458,1.6942,TP,0.892746,0.959412,0.106667,0.0,8508009440.385633,0
beta_decouple,RENDERUSDT,2026-06-16 20:00:00+00:00,2026-06-16 20:01:00+00:00,SHORT,1.751,1.724735,1.724735,1.777265,TP,0.893922,0.960588,0.106667,0.0,10029107969.230713,0
beta_decouple,RENDERUSDT,2026-06-17 02:00:00+00:00,2026-06-17 02:02:00+00:00,SHORT,1.757,1.745,1.730645,1.783355,TIME,0.348916,0.415583,0.106667,0.0,10728971568.524246,0
beta_decouple,RENDERUSDT,2026-06-17 07:00:00+00:00,2026-06-17 07:02:00+00:00,LONG,1.734,1.742,1.76001,1.70799,TIME,0.200735,0.267402,0.106667,0.0,11159707269.657087,0
beta_decouple,RENDERUSDT,2026-06-17 08:00:00+00:00,2026-06-17 08:01:00+00:00,LONG,1.7,1.7255,1.7255,1.6745,TP,0.892746,0.959412,0.106667,0.0,13152262980.523975,0
beta_decouple,RENDERUSDT,2026-06-17 12:00:00+00:00,2026-06-17 12:02:00+00:00,SHORT,1.718,1.702,1.69223,1.74377,TIME,0.514571,0.581238,0.106667,0.0,14505817488.833542,0
beta_decouple,RENDERUSDT,2026-06-17 15:00:00+00:00,2026-06-17 15:01:00+00:00,SHORT,1.735,1.708975,1.708975,1.761025,TP,0.893922,0.960588,0.106667,0.0,17099229942.893995,0
beta_decouple,RENDERUSDT,2026-06-17 19:00:00+00:00,2026-06-17 19:01:00+00:00,LONG,1.666,1.69099,1.69099,1.64101,TP,0.892746,0.959412,0.106667,0.0,20152282092.996346,0
beta_decouple,RENDERUSDT,2026-06-18 00:00:00+00:00,2026-06-18 00:02:00+00:00,SHORT,1.719,1.698,1.693215,1.744785,TIME,0.708237,0.774904,0.106667,0.0,23006800959.367237,0
beta_decouple,RENDERUSDT,2026-06-18 04:00:00+00:00,2026-06-18 04:02:00+00:00,LONG,1.669,1.692,1.694035,1.643965,TIME,0.811508,0.878175,0.106667,0.0,26740841876.324783,0
beta_decouple,RENDERUSDT,2026-06-18 15:00:00+00:00,2026-06-18 15:01:00+00:00,LONG,1.623,1.647345,1.647345,1.598655,TP,0.892746,0.959412,0.106667,0.0,31515395178.3575,0
beta_decouple,RENDERUSDT,2026-06-19 00:00:00+00:00,2026-06-19 00:01:00+00:00,SHORT,1.722,1.69617,1.69617,1.74783,TP,0.893922,0.960588,0.106667,0.0,37149853106.22719,0
beta_decouple,RENDERUSDT,2026-06-19 01:00:00+00:00,2026-06-19 01:02:00+00:00,SHORT,1.743,1.723,1.716855,1.769145,TIME,0.658745,0.725412,0.106667,0.0,42044309598.14681,0
beta_decouple,RENDERUSDT,2026-06-19 12:00:00+00:00,2026-06-19 12:01:00+00:00,SHORT,1.705,1.679425,1.679425,1.730575,TP,0.893922,0.960588,0.106667,0.0,49561172140.926155,0
beta_decouple,RENDERUSDT,2026-06-19 13:00:00+00:00,2026-06-19 13:01:00+00:00,SHORT,1.729,1.703065,1.703065,1.754935,TP,0.893922,0.960588,0.106667,0.0,58421931706.32497,0
beta_decouple,RENDERUSDT,2026-06-19 23:00:00+00:00,2026-06-19 23:02:00+00:00,SHORT,1.757,1.741,1.730645,1.783355,TIME,0.500781,0.567448,0.106667,0.0,64273251832.85634,0
beta_decouple,RENDERUSDT,2026-06-20 06:00:00+00:00,2026-06-20 06:02:00+00:00,LONG,1.748,1.756,1.77422,1.72178,TIME,0.198273,0.26494,0.106667,0.0,66821980907.79562,0
beta_decouple,RENDERUSDT,2026-06-20 07:00:00+00:00,2026-06-20 07:02:00+00:00,LONG,1.739,1.743,1.765085,1.712915,TIME,0.046598,0.113265,0.106667,0.0,67444737508.446686,0
beta_decouple,RENDERUSDT,2026-06-20 10:00:00+00:00,2026-06-20 10:02:00+00:00,LONG,1.742,1.755,1.76813,1.71587,TIME,0.390559,0.457226,0.106667,0.0,72712972071.60364,0
beta_decouple,RENDERUSDT,2026-06-20 11:00:00+00:00,2026-06-20 11:02:00+00:00,LONG,1.737,1.744,1.763055,1.710945,TIME,0.161847,0.228513,0.106667,0.0,75066641902.71127,0
beta_decouple,RENDERUSDT,2026-06-20 12:00:00+00:00,2026-06-20 12:02:00+00:00,LONG,1.731,1.741,1.756965,1.705035,TIME,0.278248,0.344915,0.106667,0.0,79244072791.14575,0
beta_decouple,RENDERUSDT,2026-06-20 13:00:00+00:00,2026-06-20 13:02:00+00:00,LONG,1.718,1.729,1.74377,1.69223,TIME,0.319942,0.386609,0.106667,0.0,84314777777.39142,0
beta_decouple,RENDERUSDT,2026-06-20 17:00:00+00:00,2026-06-20 17:02:00+00:00,LONG,1.717,1.737,1.742755,1.691245,TIME,0.669428,0.736094,0.106667,0.0,95603308739.58667,0
beta_decouple,RENDERUSDT,2026-06-20 22:00:00+00:00,2026-06-20 22:02:00+00:00,SHORT,1.726,1.708,1.70011,1.75189,TIME,0.588988,0.655654,0.106667,0.0,106865144000.53809,0
beta_decouple,RENDERUSDT,2026-06-21 00:00:00+00:00,2026-06-21 00:01:00+00:00,LONG,1.689,1.714335,1.714335,1.663665,TP,0.892746,0.959412,0.106667,0.0,125945819490.10487,0
beta_decouple,RENDERUSDT,2026-06-21 08:00:00+00:00,2026-06-21 08:02:00+00:00,LONG,1.679,1.684,1.704185,1.653815,TIME,0.091757,0.158424,0.106667,0.0,128257104586.48036,0
beta_decouple,RENDERUSDT,2026-06-21 09:00:00+00:00,2026-06-21 09:02:00+00:00,SHORT,1.693,1.677,1.667605,1.718395,TIME,0.523745,0.590411,0.106667,0.0,141691901746.36295,0
beta_decouple,RENDERUSDT,2026-06-21 10:00:00+00:00,2026-06-21 10:02:00+00:00,SHORT,1.7,1.69,1.6745,1.7255,TIME,0.285714,0.35238,0.106667,0.0,149788561201.36526,0
beta_decouple,RENDERUSDT,2026-06-21 20:00:00+00:00,2026-06-21 20:02:00+00:00,LONG,1.674,1.682,1.69911,1.64889,TIME,0.211752,0.278419,0.106667,0.0,156132178553.64975,0
beta_decouple,RENDERUSDT,2026-06-21 21:00:00+00:00,2026-06-21 21:02:00+00:00,LONG,1.659,1.672,1.683885,1.634115,TIME,0.415435,0.482102,0.106667,0.0,169104733995.8819,0
beta_decouple,RENDERUSDT,2026-06-21 23:00:00+00:00,2026-06-21 23:02:00+00:00,LONG,1.651,1.668,1.675765,1.626235,TIME,0.579386,0.646053,0.106667,0.0,188700125080.86502,0
beta_decouple,RENDERUSDT,2026-06-22 01:00:00+00:00,2026-06-22 01:01:00+00:00,SHORT,1.686,1.66071,1.66071,1.71129,TP,0.893922,0.960588,0.106667,0.0,222436745222.69403,0
beta_decouple,RENDERUSDT,2026-06-22 11:00:00+00:00,2026-06-22 11:02:00+00:00,SHORT,1.691,1.675,1.665635,1.716365,TIME,0.52449,0.591157,0.106667,0.0,245769931689.38928,0
beta_decouple,RENDERUSDT,2026-06-22 12:00:00+00:00,2026-06-22 12:02:00+00:00,SHORT,1.706,1.693,1.68041,1.73159,TIME,0.401637,0.468304,0.106667,0.0,265511999633.78467,0
beta_decouple,RENDERUSDT,2026-06-22 13:00:00+00:00,2026-06-22 13:02:00+00:00,SHORT,1.714,1.705,1.68829,1.73971,TIME,0.24359,0.310256,0.106667,0.0,278447201062.18335,0
beta_decouple,RENDERUSDT,2026-06-22 21:00:00+00:00,2026-06-22 21:02:00+00:00,LONG,1.648,1.669,1.67272,1.62328,TIME,0.74235,0.809017,0.106667,0.0,319788275769.5627,0
beta_decouple,RENDERUSDT,2026-06-22 22:00:00+00:00,2026-06-22 22:02:00+00:00,LONG,1.63,1.65445,1.65445,1.60555,TP,0.892746,0.959412,0.106667,0.0,376886185217.90753,0
beta_decouple,RENDERUSDT,2026-06-23 00:00:00+00:00,2026-06-23 00:02:00+00:00,LONG,1.608,1.623,1.63212,1.58388,TIME,0.514863,0.58153,0.106667,0.0,415695124652.2533,0
beta_decouple,RENDERUSDT,2026-06-23 06:00:00+00:00,2026-06-23 06:02:00+00:00,LONG,1.58,1.601,1.6037,1.5563,TIME,0.77889,0.845556,0.106667,0.0,480451262568.7015,0
beta_decouple,RENDERUSDT,2026-06-23 07:00:00+00:00,2026-06-23 07:02:00+00:00,LONG,1.572,1.583,1.59558,1.54842,TIME,0.359563,0.426229,0.106667,0.0,515001718489.2705,0
beta_decouple,RENDERUSDT,2026-06-23 08:00:00+00:00,2026-06-23 08:02:00+00:00,LONG,1.55,1.561,1.57347917,1.52652083,TIME,0.362606,0.428622,0.105626,0.0,552350235616.9731,0
beta_decouple,RENDERUSDT,2026-06-23 11:00:00+00:00,2026-06-23 11:02:00+00:00,SHORT,1.572,1.561,1.54842,1.59558,TIME,0.360098,0.426765,0.106667,0.0,592130316573.5051,0
beta_decouple,RENDERUSDT,2026-06-23 13:00:00+00:00,2026-06-23 13:02:00+00:00,SHORT,1.578,1.563,1.55433,1.60167,TIME,0.527415,0.594082,0.106667,0.0,654590026402.2485,0
beta_decouple,RENDERUSDT,2026-06-23 19:00:00+00:00,2026-06-23 19:02:00+00:00,SHORT,1.562,1.557,1.53857,1.58543,TIME,0.106851,0.173518,0.106667,0.0,668578750240.5073,0
beta_decouple,RENDERUSDT,2026-06-23 20:00:00+00:00,2026-06-23 20:02:00+00:00,SHORT,1.575,1.577,1.551375,1.598625,TIME,-0.191386,-0.124719,0.106667,0.0,642987486026.2998,0
beta_decouple,RENDERUSDT,2026-06-23 21:00:00+00:00,2026-06-23 21:02:00+00:00,SHORT,1.576,1.576,1.55236,1.59964,TIME,-0.106679,-0.040012,0.106667,0.0,629268876024.6819,0
beta_decouple,RENDERUSDT,2026-06-24 00:00:00+00:00,2026-06-24 00:02:00+00:00,SHORT,1.595,1.584,1.571075,1.618925,TIME,0.353367,0.420034,0.106667,0.0,673741496030.9935,0
beta_decouple,RENDERUSDT,2026-06-24 01:00:00+00:00,2026-06-24 01:02:00+00:00,SHORT,1.609,1.597,1.584865,1.633135,TIME,0.390823,0.45749,0.106667,0.0,726404226935.5826,0
beta_decouple,RENDERUSDT,2026-06-24 07:00:00+00:00,2026-06-24 07:02:00+00:00,LONG,1.588,1.593,1.61182,1.56418,TIME,0.103127,0.169794,0.106667,0.0,741386613911.8987,0
beta_decouple,RENDERUSDT,2026-06-24 08:00:00+00:00,2026-06-24 08:01:00+00:00,SHORT,1.611,1.586835,1.586835,1.635165,TP,0.893922,0.960588,0.106667,0.0,873934902160.5905,0
beta_decouple,RENDERUSDT,2026-06-24 10:00:00+00:00,2026-06-24 10:02:00+00:00,LONG,1.585,1.602,1.608775,1.561225,TIME,0.607953,0.67462,0.106667,0.0,980197213169.1094,0
beta_decouple,RENDERUSDT,2026-06-24 13:00:00+00:00,2026-06-24 13:01:00+00:00,LONG,1.558,1.58137,1.58137,1.53463,TP,0.892746,0.959412,0.106667,0.0,1155210545300.7087,0
beta_decouple,RENDERUSDT,2026-06-24 15:00:00+00:00,2026-06-24 15:01:00+00:00,LONG,1.541,1.564115,1.564115,1.517885,TP,0.892746,0.959412,0.106667,0.0,1361472350711.248,0
beta_decouple,RENDERUSDT,2026-06-24 16:00:00+00:00,2026-06-24 16:01:00+00:00,LONG,1.506,1.52859,1.52859,1.48341,TP,0.892746,0.959412,0.106667,0.0,1604562016241.5547,0
beta_decouple,RENDERUSDT,2026-06-24 20:00:00+00:00,2026-06-24 20:01:00+00:00,SHORT,1.569,1.545465,1.545465,1.592535,TP,0.893922,0.960588,0.106667,0.0,1891432516262.4268,0
beta_decouple,RENDERUSDT,2026-06-24 21:00:00+00:00,2026-06-24 21:02:00+00:00,SHORT,1.581,1.564,1.557285,1.604715,TIME,0.610597,0.677264,0.106667,0.0,2122413288424.492,0
beta_decouple,TIAUSDT,2026-05-15 11:00:00+00:00,2026-05-15 11:02:00+00:00,SHORT,0.4478,0.446,0.441083,0.454517,TIME,0.161459,0.228126,0.106667,0.0,7.226043,0
beta_decouple,TIAUSDT,2026-05-15 13:00:00+00:00,2026-05-15 13:01:00+00:00,LONG,0.4207,0.42752143,0.42752143,0.41387857,TP,0.900734,0.962407,0.098677,0.0,8.527791,0
beta_decouple,TIAUSDT,2026-05-16 00:00:00+00:00,2026-05-16 00:02:00+00:00,SHORT,0.4214,0.42,0.415079,0.427721,TIME,0.114938,0.181605,0.106667,0.0,8.723825,0
beta_decouple,TIAUSDT,2026-05-16 01:00:00+00:00,2026-05-16 01:02:00+00:00,SHORT,0.4215,0.4211,0.4151775,0.4278225,TIME,-0.043375,0.023292,0.106667,0.0,8.648146,0
beta_decouple,TIAUSDT,2026-05-16 02:00:00+00:00,2026-05-16 02:02:00+00:00,SHORT,0.4231,0.4211,0.4167535,0.4294465,TIME,0.208645,0.275311,0.106667,0.0,9.009024,0
beta_decouple,TIAUSDT,2026-05-16 03:00:00+00:00,2026-05-16 03:02:00+00:00,SHORT,0.4233,0.4235,0.4169505,0.4296495,TIME,-0.138196,-0.071529,0.106667,0.0,8.760022,0
beta_decouple,TIAUSDT,2026-05-16 06:00:00+00:00,2026-05-16 06:01:00+00:00,LONG,0.4129,0.4190935,0.4190935,0.4067065,TP,0.892746,0.959412,0.106667,0.0,10.324116,0
beta_decouple,TIAUSDT,2026-05-16 07:00:00+00:00,2026-05-16 07:02:00+00:00,LONG,0.4067,0.4116,0.4128005,0.4005995,TIME,0.696076,0.762743,0.106667,0.0,11.761391,0
beta_decouple,TIAUSDT,2026-05-16 13:00:00+00:00,2026-05-16 13:02:00+00:00,SHORT,0.3993,0.397,0.3933105,0.4052895,TIME,0.277557,0.344224,0.106667,0.0,12.414282,0
beta_decouple,TIAUSDT,2026-05-16 14:00:00+00:00,2026-05-16 14:02:00+00:00,SHORT,0.4005,0.3986,0.3944925,0.4065075,TIME,0.209782,0.276449,0.106667,0.0,12.935142,0
beta_decouple,TIAUSDT,2026-05-16 15:00:00+00:00,2026-05-16 15:02:00+00:00,SHORT,0.4017,0.4012,0.3956745,0.4077255,TIME,-0.023648,0.043018,0.106667,0.0,12.873964,0
beta_decouple,TIAUSDT,2026-05-16 19:00:00+00:00,2026-05-16 19:02:00+00:00,SHORT,0.3994,0.399,0.393409,0.405391,TIME,-0.039872,0.026795,0.106667,0.0,12.771302,0
beta_decouple,TIAUSDT,2026-05-16 21:00:00+00:00,2026-05-16 21:02:00+00:00,SHORT,0.3985,0.3993,0.3925225,0.4044775,TIME,-0.240594,-0.173928,0.106667,0.0,12.156762,0
beta_decouple,TIAUSDT,2026-05-17 00:00:00+00:00,2026-05-17 00:02:00+00:00,LONG,0.3934,0.3961,0.399301,0.387499,TIME,0.35062,0.417287,0.106667,0.0,13.009244,0
beta_decouple,TIAUSDT,2026-05-17 01:00:00+00:00,2026-05-17 01:02:00+00:00,LONG,0.3911,0.3927,0.3969665,0.3852335,TIME,0.165917,0.232583,0.106667,0.0,13.440934,0
beta_decouple,TIAUSDT,2026-05-17 03:00:00+00:00,2026-05-17 03:02:00+00:00,SHORT,0.3958,0.3928,0.389863,0.401737,TIME,0.39893,0.465597,0.106667,0.0,14.513333,0
beta_decouple,TIAUSDT,2026-05-17 04:00:00+00:00,2026-05-17 04:02:00+00:00,SHORT,0.3968,0.3961,0.390848,0.402752,TIME,0.010999,0.077666,0.106667,0.0,14.545261,0
beta_decouple,TIAUSDT,2026-05-17 05:00:00+00:00,2026-05-17 05:02:00+00:00,SHORT,0.3994,0.3965,0.393409,0.405391,TIME,0.377671,0.444338,0.106667,0.0,15.643926,0
beta_decouple,TIAUSDT,2026-05-17 11:00:00+00:00,2026-05-17 11:02:00+00:00,LONG,0.3969,0.398,0.4028535,0.3909465,TIME,0.078,0.144666,0.106667,0.0,15.887971,0
beta_decouple,TIAUSDT,2026-05-17 12:00:00+00:00,2026-05-17 12:02:00+00:00,LONG,0.3946,0.3976,0.400519,0.388681,TIME,0.399884,0.46655,0.106667,0.0,17.158639,0
beta_decouple,TIAUSDT,2026-05-17 13:00:00+00:00,2026-05-17 13:02:00+00:00,LONG,0.3918,0.394,0.397677,0.385923,TIME,0.267461,0.334128,0.106667,0.0,18.076494,0
beta_decouple,TIAUSDT,2026-05-17 16:00:00+00:00,2026-05-17 16:02:00+00:00,LONG,0.3864,0.3903,0.392196,0.380604,TIME,0.56582,0.632486,0.106667,0.0,20.1221,0
beta_decouple,TIAUSDT,2026-05-17 19:00:00+00:00,2026-05-17 19:02:00+00:00,SHORT,0.3897,0.3875,0.3838545,0.3955455,TIME,0.269905,0.336572,0.106667,0.0,21.208312,0
beta_decouple,TIAUSDT,2026-05-17 23:00:00+00:00,2026-05-17 23:01:00+00:00,LONG,0.3806,0.386309,0.386309,0.374891,TP,0.892746,0.959412,0.106667,0.0,24.995037,0
beta_decouple,TIAUSDT,2026-05-18 04:00:00+00:00,2026-05-18 04:02:00+00:00,SHORT,0.3872,0.3861,0.381392,0.393008,TIME,0.082829,0.149496,0.106667,0.0,25.409099,0
beta_decouple,TIAUSDT,2026-05-18 07:00:00+00:00,2026-05-18 07:02:00+00:00,LONG,0.3779,0.381,0.3835685,0.3722315,TIME,0.439899,0.506566,0.106667,0.0,27.644588,0
beta_decouple,TIAUSDT,2026-05-18 11:00:00+00:00,2026-05-18 11:01:00+00:00,SHORT,0.3854,0.379619,0.379619,0.391181,TP,0.893922,0.960588,0.106667,0.0,32.587006,0
beta_decouple,TIAUSDT,2026-05-18 12:00:00+00:00,2026-05-18 12:02:00+00:00,SHORT,0.3899,0.3867,0.3840515,0.3957485,TIME,0.440799,0.507465,0.106667,0.0,35.459867,0
beta_decouple,TIAUSDT,2026-05-18 18:00:00+00:00,2026-05-18 18:02:00+00:00,LONG,0.3783,0.3818,0.3839745,0.3726255,TIME,0.50977,0.576436,0.106667,0.0,39.075141,0
beta_decouple,TIAUSDT,2026-05-18 19:00:00+00:00,2026-05-18 19:01:00+00:00,SHORT,0.387,0.381195,0.381195,0.392805,TP,0.893922,0.960588,0.106667,0.0,46.061163,0
beta_decouple,TIAUSDT,2026-05-18 20:00:00+00:00,2026-05-18 20:02:00+00:00,SHORT,0.3893,0.3877,0.3834605,0.3951395,TIME,0.167482,0.234149,0.106667,0.0,47.604045,0
beta_decouple,TIAUSDT,2026-05-18 21:00:00+00:00,2026-05-18 21:01:00+00:00,SHORT,0.4008,0.394788,0.394788,0.406812,TP,0.893922,0.960588,0.106667,0.0,56.114901,0
beta_decouple,TIAUSDT,2026-05-19 02:00:00+00:00,2026-05-19 02:02:00+00:00,LONG,0.3956,0.3975,0.401534,0.389666,TIME,0.213342,0.280009,0.106667,0.0,58.509234,0
beta_decouple,TIAUSDT,2026-05-19 08:00:00+00:00,2026-05-19 08:02:00+00:00,LONG,0.3957,0.3957,0.4016355,0.3897645,TIME,-0.106655,-0.039988,0.106667,0.0,57.261177,0
beta_decouple,TIAUSDT,2026-05-19 09:00:00+00:00,2026-05-19 09:02:00+00:00,LONG,0.3938,0.3951,0.399707,0.387893,TIME,0.113291,0.179958,0.106667,0.0,58.558615,0
beta_decouple,TIAUSDT,2026-05-19 10:00:00+00:00,2026-05-19 10:02:00+00:00,LONG,0.3928,0.3932,0.398692,0.386908,TIME,-0.038807,0.02786,0.106667,0.0,58.104121,0
beta_decouple,TIAUSDT,2026-05-19 11:00:00+00:00,2026-05-19 11:02:00+00:00,LONG,0.3892,0.3928,0.395038,0.383362,TIME,0.509625,0.576292,0.106667,0.0,64.026383,0
beta_decouple,TIAUSDT,2026-05-19 22:00:00+00:00,2026-05-19 22:02:00+00:00,LONG,0.3849,0.3866,0.3906735,0.3791265,TIME,0.187617,0.254284,0.106667,0.0,66.428877,0
beta_decouple,TIAUSDT,2026-05-20 03:00:00+00:00,2026-05-20 03:02:00+00:00,SHORT,0.3864,0.3836,0.380604,0.392196,TIME,0.376703,0.44337,0.106667,0.0,71.43367,0
beta_decouple,TIAUSDT,2026-05-20 04:00:00+00:00,2026-05-20 04:02:00+00:00,SHORT,0.3904,0.3869,0.384544,0.396256,TIME,0.491358,0.558024,0.106667,0.0,78.453565,0
beta_decouple,TIAUSDT,2026-05-20 05:00:00+00:00,2026-05-20 05:02:00+00:00,SHORT,0.3952,0.3906,0.389272,0.401128,TIME,0.669765,0.736432,0.106667,0.0,88.962663,0
beta_decouple,TIAUSDT,2026-05-20 06:00:00+00:00,2026-05-20 06:02:00+00:00,SHORT,0.3977,0.3963,0.3917345,0.4036655,TIME,0.128145,0.194812,0.106667,0.0,91.242686,0
beta_decouple,TIAUSDT,2026-05-20 11:00:00+00:00,2026-05-20 11:02:00+00:00,LONG,0.3968,0.3989,0.402752,0.390848,TIME,0.245956,0.312623,0.106667,0.0,95.731029,0
beta_decouple,TIAUSDT,2026-05-20 14:00:00+00:00,2026-05-20 14:01:00+00:00,SHORT,0.4074,0.401289,0.401289,0.413511,TP,0.893922,0.960588,0.106667,0.0,112.846234,0
beta_decouple,TIAUSDT,2026-05-20 19:00:00+00:00,2026-05-20 19:01:00+00:00,SHORT,0.4129,0.4067065,0.4067065,0.4190935,TP,0.893922,0.960588,0.106667,0.0,133.021369,0
beta_decouple,TIAUSDT,2026-05-20 20:00:00+00:00,2026-05-20 20:01:00+00:00,SHORT,0.4184,0.412124,0.412124,0.424676,TP,0.893922,0.960588,0.106667,0.0,156.803501,0
beta_decouple,TIAUSDT,2026-05-21 05:00:00+00:00,2026-05-21 05:01:00+00:00,LONG,0.4066,0.412699,0.412699,0.400501,TP,0.892746,0.959412,0.106667,0.0,184.800626,0
beta_decouple,TIAUSDT,2026-05-21 09:00:00+00:00,2026-05-21 09:02:00+00:00,LONG,0.4012,0.4055,0.407218,0.395182,TIME,0.60744,0.674107,0.106667,0.0,207.251678,0
beta_decouple,TIAUSDT,2026-05-21 10:00:00+00:00,2026-05-21 10:02:00+00:00,LONG,0.3976,0.4022,0.403564,0.391636,TIME,0.664177,0.730844,0.106667,0.0,234.782043,0
beta_decouple,TIAUSDT,2026-05-21 15:00:00+00:00,2026-05-21 15:01:00+00:00,SHORT,0.4082,0.402077,0.402077,0.414323,TP,0.893922,0.960588,0.106667,0.0,276.757387,0
beta_decouple,TIAUSDT,2026-05-21 17:00:00+00:00,2026-05-21 17:01:00+00:00,SHORT,0.4221,0.4157685,0.4157685,0.4284315,TP,0.893922,0.960588,0.106667,0.0,326.237263,0
beta_decouple,TIAUSDT,2026-05-21 19:00:00+00:00,2026-05-21 19:01:00+00:00,SHORT,0.429,0.422565,0.422565,0.435435,TP,0.893922,0.960588,0.106667,0.0,384.563364,0
beta_decouple,TIAUSDT,2026-05-22 00:00:00+00:00,2026-05-22 00:02:00+00:00,LONG,0.4224,0.4251,0.428736,0.416064,TIME,0.319226,0.385893,0.106667,0.0,409.115896,0
beta_decouple,TIAUSDT,2026-05-22 02:00:00+00:00,2026-05-22 02:01:00+00:00,SHORT,0.4354,0.428869,0.428869,0.441931,TP,0.893922,0.960588,0.106667,0.0,482.259396,0
beta_decouple,TIAUSDT,2026-05-22 03:00:00+00:00,2026-05-22 03:01:00+00:00,SHORT,0.4442,0.43698229,0.43698229,0.45141771,TP,0.90212,0.963663,0.098469,0.0,569.270581,0
beta_decouple,TIAUSDT,2026-05-22 12:00:00+00:00,2026-05-22 12:01:00+00:00,SHORT,0.4581,0.45095833,0.45095833,0.46524167,TP,0.897957,0.962102,0.102632,0.0,671.506696,0
beta_decouple,TIAUSDT,2026-05-22 14:00:00+00:00,2026-05-22 14:01:00+00:00,LONG,0.4456,0.452284,0.452284,0.438916,TP,0.892746,0.959412,0.106667,0.0,791.403614,0
beta_decouple,TIAUSDT,2026-05-22 18:00:00+00:00,2026-05-22 18:01:00+00:00,LONG,0.4278,0.434217,0.434217,0.421383,TP,0.892746,0.959412,0.106667,0.0,932.708018,0
beta_decouple,TIAUSDT,2026-05-22 19:00:00+00:00,2026-05-22 19:01:00+00:00,LONG,0.4235,0.4298525,0.4298525,0.4171475,TP,0.892746,0.959412,0.106667,0.0,1099.242198,0
beta_decouple,TIAUSDT,2026-05-22 23:00:00+00:00,2026-05-22 23:01:00+00:00,LONG,0.4158,0.422037,0.422037,0.409563,TP,0.892746,0.959412,0.106667,0.0,1295.510905,0
beta_decouple,TIAUSDT,2026-05-23 07:00:00+00:00,2026-05-23 07:01:00+00:00,LONG,0.4,0.40768854,0.40768854,0.39231146,TP,0.916169,0.968194,0.083241,0.0,1532.892236,0
beta_decouple,TIAUSDT,2026-05-23 12:00:00+00:00,2026-05-23 12:02:00+00:00,SHORT,0.4033,0.3987,0.3972505,0.4093495,TIME,0.654171,0.720838,0.106667,0.0,1733.447003,0
beta_decouple,TIAUSDT,2026-05-23 13:00:00+00:00,2026-05-23 13:01:00+00:00,SHORT,0.4122,0.406017,0.406017,0.418383,TP,0.893922,0.960588,0.106667,0.0,2043.360116,0
beta_decouple,TIAUSDT,2026-05-23 14:00:00+00:00,2026-05-23 14:02:00+00:00,SHORT,0.4155,0.4119,0.4092675,0.4217325,TIME,0.471285,0.537952,0.106667,0.0,2235.961246,0
beta_decouple,TIAUSDT,2026-05-23 15:00:00+00:00,2026-05-23 15:02:00+00:00,SHORT,0.4203,0.4154,0.4139955,0.4266045,TIME,0.67101,0.737677,0.106667,0.0,2536.031906,0
beta_decouple,TIAUSDT,2026-05-23 16:00:00+00:00,2026-05-23 16:01:00+00:00,SHORT,0.4284,0.421974,0.421974,0.434826,TP,0.893922,0.960588,0.106667,0.0,2989.4346,0
beta_decouple,TIAUSDT,2026-05-23 18:00:00+00:00,2026-05-23 18:01:00+00:00,SHORT,0.4383,0.4317255,0.4317255,0.4448745,TP,0.893922,0.960588,0.106667,0.0,3523.898578,0
beta_decouple,TIAUSDT,2026-05-23 19:00:00+00:00,2026-05-23 19:02:00+00:00,SHORT,0.4436,0.4379,0.436946,0.450254,TIME,0.750463,0.81713,0.106667,0.0,4052.809715,0
beta_decouple,TIAUSDT,2026-05-23 20:00:00+00:00,2026-05-23 20:02:00+00:00,SHORT,0.4506,0.4432,0.44249271,0.45870729,TIME,0.824369,0.879949,0.088927,0.0,4721.011881,0
beta_decouple,TIAUSDT,2026-05-24 10:00:00+00:00,2026-05-24 10:02:00+00:00,LONG,0.4248,0.4279,0.431172,0.418428,TIME,0.379557,0.446224,0.106667,0.0,5079.390472,0
beta_decouple,TIAUSDT,2026-05-24 11:00:00+00:00,2026-05-24 11:02:00+00:00,LONG,0.4236,0.4252,0.429954,0.417246,TIME,0.145004,0.211671,0.106667,0.0,5226.697035,0
beta_decouple,TIAUSDT,2026-05-24 12:00:00+00:00,2026-05-24 12:02:00+00:00,LONG,0.42,0.423,0.4263,0.4137,TIME,0.36925,0.435917,0.106667,0.0,5612.688796,0
beta_decouple,TIAUSDT,2026-05-24 13:00:00+00:00,2026-05-24 13:02:00+00:00,LONG,0.4153,0.4198,0.4215295,0.4090705,TIME,0.615281,0.681948,0.106667,0.0,6303.365411,0
beta_decouple,TIAUSDT,2026-05-24 19:00:00+00:00,2026-05-24 19:02:00+00:00,SHORT,0.4141,0.4143,0.4078885,0.4203115,TIME,-0.138896,-0.07223,0.106667,0.0,6128.262538,0
beta_decouple,TIAUSDT,2026-05-24 21:00:00+00:00,2026-05-24 21:01:00+00:00,LONG,0.4041,0.4101615,0.4101615,0.3980385,TP,0.892746,0.959412,0.106667,0.0,7222.45831,0
beta_decouple,TIAUSDT,2026-05-24 23:00:00+00:00,2026-05-24 23:02:00+00:00,SHORT,0.4149,0.4125,0.4086765,0.4211235,TIME,0.279188,0.345855,0.106667,0.0,7625.742865,0
beta_decouple,TIAUSDT,2026-05-25 00:00:00+00:00,2026-05-25 00:02:00+00:00,SHORT,0.4184,0.416,0.412124,0.424676,TIME,0.27596,0.342627,0.106667,0.0,8046.622899,0
beta_decouple,TIAUSDT,2026-05-25 04:00:00+00:00,2026-05-25 04:01:00+00:00,SHORT,0.427,0.420595,0.420595,0.433405,TP,0.893922,0.960588,0.106667,0.0,9485.232757,0
beta_decouple,TIAUSDT,2026-05-25 05:00:00+00:00,2026-05-25 05:01:00+00:00,SHORT,0.4377,0.4311345,0.4311345,0.4442655,TP,0.893922,0.960588,0.106667,0.0,11181.043474,0
beta_decouple,TIAUSDT,2026-05-25 11:00:00+00:00,2026-05-25 11:02:00+00:00,LONG,0.4303,0.4358,0.4367545,0.4238455,TIME,0.744953,0.81162,0.106667,0.0,12846.913601,0
beta_decouple,TIAUSDT,2026-05-25 13:00:00+00:00,2026-05-25 13:01:00+00:00,SHORT,0.4437,0.4370445,0.4370445,0.4503555,TP,0.893922,0.960588,0.106667,0.0,15143.740082,0
beta_decouple,TIAUSDT,2026-05-25 15:00:00+00:00,2026-05-25 15:02:00+00:00,SHORT,0.4512,0.444432,0.444432,0.457968,TP,0.893922,0.960588,0.106667,0.0,17851.203081,0
beta_decouple,TIAUSDT,2026-05-25 16:00:00+00:00,2026-05-25 16:01:00+00:00,SHORT,0.4682,0.45810417,0.45810417,0.47829583,TP,0.926391,0.972766,0.074201,0.0,21158.641577,0
beta_decouple,TIAUSDT,2026-05-25 17:00:00+00:00,2026-05-25 17:01:00+00:00,SHORT,0.482,0.46916458,0.46916458,0.49483542,TP,0.94051,0.978062,0.060084,0.0,25138.622962,0
beta_decouple,TIAUSDT,2026-05-25 22:00:00+00:00,2026-05-25 22:01:00+00:00,LONG,0.4671,0.4741065,0.4741065,0.4600935,TP,0.892746,0.959412,0.106667,0.0,29627.101516,0
beta_decouple,TIAUSDT,2026-05-26 00:00:00+00:00,2026-05-26 00:01:00+00:00,LONG,0.4658,0.472787,0.472787,0.458813,TP,0.892746,0.959412,0.106667,0.0,34916.993884,0
beta_decouple,TIAUSDT,2026-05-26 11:00:00+00:00,2026-05-26 11:01:00+00:00,LONG,0.4777,0.4848655,0.4848655,0.4705345,TP,0.892746,0.959412,0.106667,0.0,41151.391785,0
beta_decouple,TIAUSDT,2026-05-26 17:00:00+00:00,2026-05-26 17:01:00+00:00,LONG,0.4664,0.473396,0.473396,0.459404,TP,0.892746,0.959412,0.106667,0.0,48498.935831,0
beta_decouple,TIAUSDT,2026-05-27 01:00:00+00:00,2026-05-27 01:02:00+00:00,LONG,0.4636,0.4676,0.470554,0.456646,TIME,0.468209,0.534875,0.106667,0.0,53040.461746,0
beta_decouple,TIAUSDT,2026-05-27 02:00:00+00:00,2026-05-27 02:02:00+00:00,LONG,0.4618,0.4628,0.468727,0.454873,TIME,0.037621,0.104288,0.106667,0.0,53439.552789,0
beta_decouple,TIAUSDT,2026-05-27 03:00:00+00:00,2026-05-27 03:02:00+00:00,LONG,0.4585,0.4608,0.4653775,0.4516225,TIME,0.227569,0.294235,0.106667,0.0,55871.785433,0
beta_decouple,TIAUSDT,2026-05-27 04:00:00+00:00,2026-05-27 04:02:00+00:00,LONG,0.4551,0.4574,0.4619265,0.4482735,TIME,0.230066,0.296732,0.106667,0.0,58442.619764,0
beta_decouple,TIAUSDT,2026-05-27 06:00:00+00:00,2026-05-27 06:02:00+00:00,SHORT,0.4655,0.4599,0.4585175,0.4724825,TIME,0.695808,0.762474,0.106667,0.0,66575.584612,0
beta_decouple,TIAUSDT,2026-05-27 07:00:00+00:00,2026-05-27 07:02:00+00:00,SHORT,0.4714,0.4658,0.464329,0.478471,TIME,0.685764,0.752431,0.106667,0.0,75706.610357,0
beta_decouple,TIAUSDT,2026-05-27 14:00:00+00:00,2026-05-27 14:01:00+00:00,SHORT,0.4587,0.4655805,0.4518195,0.4655805,SL,-1.107279,-1.040612,0.106667,0.0,58940.944661,0
beta_decouple,TIAUSDT,2026-05-27 15:00:00+00:00,2026-05-27 15:01:00+00:00,SHORT,0.4657,0.4587145,0.4587145,0.4726855,TP,0.893922,0.960588,0.106667,0.0,69478.660309,0
beta_decouple,TIAUSDT,2026-05-27 21:00:00+00:00,2026-05-27 21:01:00+00:00,LONG,0.4405,0.4471075,0.4471075,0.4338925,TP,0.892746,0.959412,0.106667,0.0,81884.012711,0
beta_decouple,TIAUSDT,2026-05-27 22:00:00+00:00,2026-05-27 22:02:00+00:00,LONG,0.4355,0.4407,0.4420325,0.4289675,TIME,0.688888,0.755554,0.106667,0.0,93165.791556,0
beta_decouple,TIAUSDT,2026-05-28 03:00:00+00:00,2026-05-28 03:01:00+00:00,LONG,0.4184,0.42650729,0.42650729,0.41029271,TP,0.916837,0.968445,0.082573,0.0,110249.358385,0
beta_decouple,TIAUSDT,2026-05-28 14:00:00+00:00,2026-05-28 14:02:00+00:00,SHORT,0.4139,0.4087,0.4076915,0.4201085,TIME,0.731385,0.798052,0.106667,0.0,126376.313155,0
beta_decouple,TIAUSDT,2026-05-28 16:00:00+00:00,2026-05-28 16:01:00+00:00,SHORT,0.4172,0.410942,0.410942,0.423458,TP,0.893922,0.960588,0.106667,0.0,148970.414087,0
beta_decouple,TIAUSDT,2026-05-28 17:00:00+00:00,2026-05-28 17:02:00+00:00,SHORT,0.4198,0.4167,0.413503,0.426097,TIME,0.385915,0.452581,0.106667,0.0,160468.389119,0
beta_decouple,TIAUSDT,2026-05-28 18:00:00+00:00,2026-05-28 18:02:00+00:00,SHORT,0.4234,0.4222,0.417049,0.429751,TIME,0.082381,0.149048,0.106667,0.0,163112.309763,0
beta_decouple,TIAUSDT,2026-05-28 22:00:00+00:00,2026-05-28 22:01:00+00:00,LONG,0.4113,0.4174695,0.4174695,0.4051305,TP,0.892746,0.959412,0.106667,0.0,192235.866185,0
beta_decouple,TIAUSDT,2026-05-29 00:00:00+00:00,2026-05-29 00:01:00+00:00,SHORT,0.4208,0.414488,0.414488,0.427112,TP,0.893922,0.960588,0.106667,0.0,226604.621332,0
beta_decouple,TIAUSDT,2026-05-29 01:00:00+00:00,2026-05-29 01:02:00+00:00,SHORT,0.4245,0.4217,0.4181325,0.4308675,TIME,0.333318,0.399985,0.106667,0.0,241710.913311,0
beta_decouple,TIAUSDT,2026-05-29 09:00:00+00:00,2026-05-29 09:02:00+00:00,SHORT,0.4218,0.4178,0.415473,0.428127,TIME,0.525912,0.592579,0.106667,0.0,267134.643837,0
beta_decouple,TIAUSDT,2026-05-29 11:00:00+00:00,2026-05-29 11:02:00+00:00,LONG,0.4097,0.4137,0.4158455,0.4035545,TIME,0.543838,0.610504,0.106667,0.0,296190.220664,0
beta_decouple,TIAUSDT,2026-05-29 12:00:00+00:00,2026-05-29 12:01:00+00:00,LONG,0.4032,0.409248,0.409248,0.397152,TP,0.892746,0.959412,0.106667,0.0,349074.718566,0
beta_decouple,TIAUSDT,2026-05-29 15:00:00+00:00,2026-05-29 15:01:00+00:00,SHORT,0.4216,0.415276,0.415276,0.427924,TP,0.893922,0.960588,0.106667,0.0,411483.798455,0
beta_decouple,TIAUSDT,2026-05-29 21:00:00+00:00,2026-05-29 21:01:00+00:00,LONG,0.4078,0.413917,0.413917,0.401683,TP,0.892746,0.959412,0.106667,0.0,484953.861131,0
beta_decouple,TIAUSDT,2026-05-31 01:00:00+00:00,2026-05-31 01:02:00+00:00,LONG,0.4085,0.4096,0.4146275,0.4023725,TIME,0.072756,0.139423,0.106667,0.0,492010.542584,0
beta_decouple,TIAUSDT,2026-05-31 02:00:00+00:00,2026-05-31 02:02:00+00:00,LONG,0.4077,0.4087,0.4138155,0.4015845,TIME,0.056766,0.123433,0.106667,0.0,497596.453908,0
beta_decouple,TIAUSDT,2026-05-31 05:00:00+00:00,2026-05-31 05:02:00+00:00,LONG,0.4037,0.4061,0.4097555,0.3976445,TIME,0.289442,0.356108,0.106667,0.0,526401.467908,0
beta_decouple,TIAUSDT,2026-05-31 06:00:00+00:00,2026-05-31 06:02:00+00:00,LONG,0.4025,0.4015,0.4085375,0.3964625,TIME,-0.272187,-0.20552,0.106667,0.0,497745.562625,0
beta_decouple,TIAUSDT,2026-05-31 07:00:00+00:00,2026-05-31 07:02:00+00:00,LONG,0.3987,0.4021,0.4046805,0.3927195,TIME,0.461519,0.528185,0.106667,0.0,543689.33581,0
beta_decouple,TIAUSDT,2026-05-31 12:00:00+00:00,2026-05-31 12:02:00+00:00,SHORT,0.4,0.398,0.394,0.406,TIME,0.226855,0.293521,0.106667,0.0,568357.034554,0
beta_decouple,TIAUSDT,2026-05-31 14:00:00+00:00,2026-05-31 14:02:00+00:00,LONG,0.3929,0.3978,0.3987935,0.3870065,TIME,0.724271,0.790938,0.106667,0.0,650685.946673,0
beta_decouple,TIAUSDT,2026-05-31 16:00:00+00:00,2026-05-31 16:02:00+00:00,LONG,0.3894,0.3936,0.395241,0.383559,TIME,0.611969,0.678636,0.106667,0.0,730325.870015,0
beta_decouple,TIAUSDT,2026-05-31 20:00:00+00:00,2026-05-31 20:02:00+00:00,SHORT,0.3936,0.3932,0.387696,0.399504,TIME,-0.038887,0.027779,0.106667,0.0,724645.785369,0
beta_decouple,TIAUSDT,2026-05-31 21:00:00+00:00,2026-05-31 21:02:00+00:00,SHORT,0.3985,0.3935,0.3925225,0.4044775,TIME,0.730293,0.79696,0.106667,0.0,830486.60074,0
beta_decouple,TIAUSDT,2026-05-31 22:00:00+00:00,2026-05-31 22:02:00+00:00,SHORT,0.4016,0.3979,0.395576,0.407624,TIME,0.5079,0.574566,0.106667,0.0,914847.395357,0
beta_decouple,TIAUSDT,2026-06-01 06:00:00+00:00,2026-06-01 06:02:00+00:00,LONG,0.3856,0.3898,0.391384,0.379816,TIME,0.619051,0.685718,0.106667,0.0,1028114.80774,0
beta_decouple,TIAUSDT,2026-06-01 15:00:00+00:00,2026-06-01 15:02:00+00:00,SHORT,0.3867,0.3853,0.3808995,0.3925005,TIME,0.134825,0.201491,0.106667,0.0,1055837.860172,0
beta_decouple,TIAUSDT,2026-06-01 16:00:00+00:00,2026-06-01 16:01:00+00:00,SHORT,0.3939,0.3879915,0.3879915,0.3998085,TP,0.893922,0.960588,0.106667,0.0,1244605.094983,0
beta_decouple,TIAUSDT,2026-06-01 22:00:00+00:00,2026-06-01 22:01:00+00:00,SHORT,0.3998,0.393803,0.393803,0.405797,TP,0.893922,0.960588,0.106667,0.0,1467120.948101,0
beta_decouple,TIAUSDT,2026-06-03 00:00:00+00:00,2026-06-03 00:02:00+00:00,LONG,0.3623,0.3593,0.36940417,0.35519583,TIME,-0.503622,-0.452624,0.081597,0.0,1319346.041122,0
beta_decouple,TIAUSDT,2026-06-03 05:00:00+00:00,2026-06-03 05:01:00+00:00,SHORT,0.3698,0.364253,0.364253,0.375347,TP,0.893922,0.960588,0.106667,0.0,1555224.402124,0
beta_decouple,TIAUSDT,2026-06-03 10:00:00+00:00,2026-06-03 10:01:00+00:00,SHORT,0.3801,0.3743985,0.3743985,0.3858015,TP,0.893922,0.960588,0.106667,0.0,1833274.111245,0
beta_decouple,TIAUSDT,2026-06-03 11:00:00+00:00,2026-06-03 11:02:00+00:00,SHORT,0.3818,0.3838,0.376073,0.387527,TIME,-0.456111,-0.389445,0.106667,0.0,1666038.723488,0
beta_decouple,TIAUSDT,2026-06-03 15:00:00+00:00,2026-06-03 15:01:00+00:00,LONG,0.3764,0.382046,0.382046,0.370754,TP,0.892746,0.959412,0.106667,0.0,1963508.441357,0
beta_decouple,TIAUSDT,2026-06-03 16:00:00+00:00,2026-06-03 16:02:00+00:00,LONG,0.3719,0.373,0.3774785,0.3663215,TIME,0.090413,0.157079,0.106667,0.0,1999013.652342,0
beta_decouple,TIAUSDT,2026-06-03 20:00:00+00:00,2026-06-03 20:01:00+00:00,LONG,0.3623,0.3677345,0.3677345,0.3568655,TP,0.892746,0.959412,0.106667,0.0,2355935.744726,0
beta_decouple,TIAUSDT,2026-06-03 21:00:00+00:00,2026-06-03 21:01:00+00:00,SHORT,0.3777,0.3720345,0.3720345,0.3833655,TP,0.893922,0.960588,0.106667,0.0,2777140.072303,0
beta_decouple,TIAUSDT,2026-06-04 01:00:00+00:00,2026-06-04 01:01:00+00:00,LONG,0.3464,0.35246354,0.35246354,0.34033646,TP,0.908005,0.965133,0.091405,0.0,3281471.561231,0
beta_decouple,TIAUSDT,2026-06-04 07:00:00+00:00,2026-06-04 07:01:00+00:00,LONG,0.3406,0.34716667,0.34716667,0.33403333,TP,0.916421,0.968289,0.082989,0.0,3882913.241732,0
beta_decouple,TIAUSDT,2026-06-04 09:00:00+00:00,2026-06-04 09:02:00+00:00,LONG,0.334,0.3386,0.34149167,0.32650833,TIME,0.542323,0.586906,0.071333,0.0,4304071.644042,0
beta_decouple,TIAUSDT,2026-06-04 12:00:00+00:00,2026-06-04 12:01:00+00:00,SHORT,0.3431,0.3379535,0.3379535,0.3482465,TP,0.893922,0.960588,0.106667,0.0,5073572.088496,0
beta_decouple,TIAUSDT,2026-06-04 21:00:00+00:00,2026-06-04 21:01:00+00:00,LONG,0.3303,0.3352545,0.3352545,0.3253455,TP,0.892746,0.959412,0.106667,0.0,5979453.828505,0
beta_decouple,TIAUSDT,2026-06-05 06:00:00+00:00,2026-06-05 06:01:00+00:00,LONG,0.3145,0.32006771,0.32006771,0.30893229,TP,0.909032,0.965518,0.090378,0.0,7066556.859216,0
beta_decouple,TIAUSDT,2026-06-05 13:00:00+00:00,2026-06-05 13:01:00+00:00,LONG,0.3016,0.30857083,0.30857083,0.29462917,TP,0.930182,0.973448,0.069226,0.0,8381194.198579,0
beta_decouple,TIAUSDT,2026-06-05 16:00:00+00:00,2026-06-05 16:01:00+00:00,SHORT,0.3075,0.3028875,0.3028875,0.3121125,TP,0.893922,0.960588,0.106667,0.0,9879620.15294,0
beta_decouple,TIAUSDT,2026-06-06 04:00:00+00:00,2026-06-06 04:01:00+00:00,LONG,0.2817,0.28763333,0.28763333,0.27576667,TP,0.923445,0.970922,0.075964,0.0,11704276.683897,0
beta_decouple,TIAUSDT,2026-06-06 12:00:00+00:00,2026-06-06 12:02:00+00:00,SHORT,0.2995,0.2974,0.2950075,0.3039925,TIME,0.361048,0.427714,0.106667,0.0,12549436.941951,0
beta_decouple,TIAUSDT,2026-06-06 17:00:00+00:00,2026-06-06 17:02:00+00:00,LONG,0.2942,0.2971,0.298613,0.289787,TIME,0.5501,0.616767,0.106667,0.0,13930127.223916,0
beta_decouple,TIAUSDT,2026-06-06 21:00:00+00:00,2026-06-06 21:02:00+00:00,SHORT,0.2978,0.2975,0.293333,0.302267,TIME,-0.039479,0.027187,0.106667,0.0,13820137.180856,0
beta_decouple,TIAUSDT,2026-06-06 22:00:00+00:00,2026-06-06 22:02:00+00:00,SHORT,0.2998,0.2989,0.295303,0.304297,TIME,0.093575,0.160242,0.106667,0.0,14078780.683626,0
beta_decouple,TIAUSDT,2026-06-06 23:00:00+00:00,2026-06-06 23:02:00+00:00,SHORT,0.3015,0.3007,0.2969775,0.3060225,TIME,0.070321,0.136987,0.106667,0.0,14276786.932519,0
beta_decouple,TIAUSDT,2026-06-07 01:00:00+00:00,2026-06-07 01:01:00+00:00,SHORT,0.31,0.30535,0.30535,0.31465,TP,0.893922,0.960588,0.106667,0.0,16829252.318442,0
beta_decouple,TIAUSDT,2026-06-07 07:00:00+00:00,2026-06-07 07:02:00+00:00,SHORT,0.3126,0.31,0.307911,0.317289,TIME,0.448143,0.51481,0.106667,0.0,18337635.831681,0
beta_decouple,TIAUSDT,2026-06-07 08:00:00+00:00,2026-06-07 08:01:00+00:00,SHORT,0.3174,0.312639,0.312639,0.322161,TP,0.893922,0.960588,0.106667,0.0,21616117.253395,0
beta_decouple,TIAUSDT,2026-06-07 12:00:00+00:00,2026-06-07 12:01:00+00:00,LONG,0.3124,0.317086,0.317086,0.307714,TP,0.892746,0.959412,0.106667,0.0,25475655.576333,0
beta_decouple,TIAUSDT,2026-06-07 17:00:00+00:00,2026-06-07 17:02:00+00:00,LONG,0.3144,0.3163,0.319116,0.309684,TIME,0.295987,0.362654,0.106667,0.0,26983750.55354,0
beta_decouple,TIAUSDT,2026-06-07 18:00:00+00:00,2026-06-07 18:02:00+00:00,LONG,0.311,0.3149,0.315665,0.306335,TIME,0.728857,0.795523,0.106667,0.0,30917208.214475,0
beta_decouple,TIAUSDT,2026-06-07 19:00:00+00:00,2026-06-07 19:01:00+00:00,LONG,0.3044,0.308966,0.308966,0.299834,TP,0.892746,0.959412,0.106667,0.0,36437447.975541,0
beta_decouple,TIAUSDT,2026-06-10 00:00:00+00:00,2026-06-10 00:02:00+00:00,SHORT,0.3262,0.3258,0.321307,0.331093,TIME,-0.02488,0.041786,0.106667,0.0,36256134.01075,0
beta_decouple,TIAUSDT,2026-06-10 04:00:00+00:00,2026-06-10 04:02:00+00:00,LONG,0.3165,0.3199,0.3212475,0.3117525,TIME,0.609082,0.675749,0.106667,0.0,40672726.909526,0
beta_decouple,TIAUSDT,2026-06-10 11:00:00+00:00,2026-06-10 11:01:00+00:00,LONG,0.3128,0.317492,0.317492,0.308108,TP,0.892746,0.959412,0.106667,0.0,47934805.772514,0
beta_decouple,TIAUSDT,2026-06-10 17:00:00+00:00,2026-06-10 17:02:00+00:00,LONG,0.3149,0.319,0.3196235,0.3101765,TIME,0.760825,0.827492,0.106667,0.0,55228806.538715,0
beta_decouple,TIAUSDT,2026-06-10 19:00:00+00:00,2026-06-10 19:01:00+00:00,LONG,0.3081,0.3127215,0.3127215,0.3034785,TP,0.892746,0.959412,0.106667,0.0,65089860.347205,0
beta_decouple,TIAUSDT,2026-06-10 20:00:00+00:00,2026-06-10 20:02:00+00:00,LONG,0.3054,0.308,0.309981,0.300819,TIME,0.460567,0.527233,0.106667,0.0,71085502.995541,0
beta_decouple,TIAUSDT,2026-06-10 21:00:00+00:00,2026-06-10 21:02:00+00:00,LONG,0.302,0.3042,0.30653,0.29747,TIME,0.378705,0.445372,0.106667,0.0,76469593.497494,0
beta_decouple,TIAUSDT,2026-06-11 00:00:00+00:00,2026-06-11 00:02:00+00:00,SHORT,0.3116,0.3092,0.306926,0.316274,TIME,0.407108,0.473775,0.106667,0.0,82695875.175099,0
beta_decouple,TIAUSDT,2026-06-11 01:00:00+00:00,2026-06-11 01:02:00+00:00,SHORT,0.3155,0.3128,0.3107675,0.3202325,TIME,0.464187,0.530853,0.106667,0.0,90373140.679435,0
beta_decouple,TIAUSDT,2026-06-11 03:00:00+00:00,2026-06-11 03:01:00+00:00,SHORT,0.3231,0.3182535,0.3182535,0.3279465,TP,0.893922,0.960588,0.106667,0.0,106530439.551493,0
beta_decouple,TIAUSDT,2026-06-11 04:00:00+00:00,2026-06-11 04:01:00+00:00,SHORT,0.3287,0.3237695,0.3237695,0.3336305,TP,0.893922,0.960588,0.106667,0.0,125576409.823906,0
beta_decouple,TIAUSDT,2026-06-11 10:00:00+00:00,2026-06-11 10:02:00+00:00,LONG,0.3224,0.3233,0.327236,0.317564,TIME,0.079338,0.146005,0.106667,0.0,127569004.031456,0
beta_decouple,TIAUSDT,2026-06-11 16:00:00+00:00,2026-06-11 16:02:00+00:00,LONG,0.3195,0.3228,0.3242925,0.3147075,TIME,0.581508,0.648175,0.106667,0.0,142405488.616176,0
beta_decouple,TIAUSDT,2026-06-11 17:00:00+00:00,2026-06-11 17:01:00+00:00,SHORT,0.3276,0.322686,0.322686,0.332514,TP,0.893922,0.960588,0.106667,0.0,167865354.4933,0
beta_decouple,TIAUSDT,2026-06-11 23:00:00+00:00,2026-06-11 23:02:00+00:00,LONG,0.3228,0.3228,0.327642,0.317958,TIME,-0.106655,-0.039988,0.106667,0.0,164284629.686801,0
beta_decouple,TIAUSDT,2026-06-12 00:00:00+00:00,2026-06-12 00:02:00+00:00,LONG,0.3217,0.3217,0.3265255,0.3168745,TIME,-0.106655,-0.039988,0.106667,0.0,160780285.085011,0
beta_decouple,TIAUSDT,2026-06-12 05:00:00+00:00,2026-06-12 05:02:00+00:00,LONG,0.3213,0.3241,0.3261195,0.3164805,TIME,0.47397,0.540637,0.106667,0.0,176021290.798874,0
beta_decouple,TIAUSDT,2026-06-12 06:00:00+00:00,2026-06-12 06:01:00+00:00,LONG,0.3171,0.3218565,0.3218565,0.3123435,TP,0.892746,0.959412,0.106667,0.0,207449734.192644,0
beta_decouple,TIAUSDT,2026-06-12 09:00:00+00:00,2026-06-12 09:02:00+00:00,SHORT,0.3269,0.3238,0.3219965,0.3318035,TIME,0.525902,0.592569,0.106667,0.0,229269390.719695,0
beta_decouple,TIAUSDT,2026-06-12 12:00:00+00:00,2026-06-12 12:01:00+00:00,SHORT,0.3361,0.3310585,0.3310585,0.3411415,TP,0.893922,0.960588,0.106667,0.0,270259158.699681,0
beta_decouple,TIAUSDT,2026-06-12 21:00:00+00:00,2026-06-12 21:02:00+00:00,LONG,0.3223,0.3253,0.3271345,0.3174655,TIME,0.513513,0.58018,0.106667,0.0,298015476.278083,0
beta_decouple,TIAUSDT,2026-06-13 01:00:00+00:00,2026-06-13 01:02:00+00:00,SHORT,0.3279,0.3248,0.3229815,0.3328185,TIME,0.523973,0.59064,0.106667,0.0,329245892.761485,0
beta_decouple,TIAUSDT,2026-06-13 06:00:00+00:00,2026-06-13 06:01:00+00:00,SHORT,0.3333,0.3283005,0.3283005,0.3382995,TP,0.893922,0.960588,0.106667,0.0,388109889.871141,0
beta_decouple,TIAUSDT,2026-06-13 07:00:00+00:00,2026-06-13 07:02:00+00:00,SHORT,0.335,0.3329,0.329975,0.340025,TIME,0.311483,0.378149,0.106667,0.0,412287785.310739,0
beta_decouple,TIAUSDT,2026-06-13 11:00:00+00:00,2026-06-13 11:02:00+00:00,SHORT,0.3374,0.3341,0.332339,0.342461,TIME,0.545758,0.612424,0.106667,0.0,457289634.02502,0
beta_decouple,TIAUSDT,2026-06-13 12:00:00+00:00,2026-06-13 12:02:00+00:00,SHORT,0.341,0.3372,0.335885,0.346115,TIME,0.63668,0.703347,0.106667,0.0,515519086.277447,0
beta_decouple,TIAUSDT,2026-06-13 15:00:00+00:00,2026-06-13 15:01:00+00:00,SHORT,0.3494,0.344159,0.344159,0.354641,TP,0.893922,0.960588,0.106667,0.0,607685806.263202,0
beta_decouple,TIAUSDT,2026-06-14 00:00:00+00:00,2026-06-14 00:02:00+00:00,LONG,0.3443,0.346,0.3494645,0.3391355,TIME,0.222318,0.288985,0.106667,0.0,634705727.242666,0
beta_decouple,TIAUSDT,2026-06-14 02:00:00+00:00,2026-06-14 02:02:00+00:00,LONG,0.3428,0.3449,0.347942,0.337658,TIME,0.301502,0.368168,0.106667,0.0,672978706.344128,0
beta_decouple,TIAUSDT,2026-06-14 04:00:00+00:00,2026-06-14 04:02:00+00:00,LONG,0.3389,0.3427,0.3439835,0.3338165,TIME,0.640413,0.70708,0.106667,0.0,759175626.57009,0
beta_decouple,TIAUSDT,2026-06-14 10:00:00+00:00,2026-06-14 10:02:00+00:00,LONG,0.3367,0.339,0.3417505,0.3316495,TIME,0.348473,0.415139,0.106667,0.0,812086011.530159,0
beta_decouple,TIAUSDT,2026-06-14 12:00:00+00:00,2026-06-14 12:02:00+00:00,LONG,0.3346,0.3371,0.339619,0.329581,TIME,0.391154,0.45782,0.106667,0.0,875616108.906211,0
beta_decouple,TIAUSDT,2026-06-14 18:00:00+00:00,2026-06-14 18:02:00+00:00,SHORT,0.3356,0.3327,0.330566,0.340634,TIME,0.46975,0.536416,0.106667,0.0,957880193.496483,0
beta_decouple,TIAUSDT,2026-06-14 19:00:00+00:00,2026-06-14 19:02:00+00:00,SHORT,0.3375,0.3351,0.3324375,0.3425625,TIME,0.36768,0.434347,0.106667,0.0,1028318858.686653,0
beta_decouple,TIAUSDT,2026-06-14 20:00:00+00:00,2026-06-14 20:02:00+00:00,SHORT,0.3387,0.3371,0.3336195,0.3437805,TIME,0.20844,0.275107,0.106667,0.0,1071187410.56333,0
beta_decouple,TIAUSDT,2026-06-14 21:00:00+00:00,2026-06-14 21:01:00+00:00,SHORT,0.3491,0.3438635,0.3438635,0.3543365,TP,0.893922,0.960588,0.106667,0.0,1262698904.026295,0
beta_decouple,TIAUSDT,2026-06-15 02:00:00+00:00,2026-06-15 02:01:00+00:00,SHORT,0.3546,0.349281,0.349281,0.359919,TP,0.893922,0.960588,0.106667,0.0,1488449646.164828,0
beta_decouple,TIAUSDT,2026-06-15 03:00:00+00:00,2026-06-15 03:02:00+00:00,SHORT,0.3566,0.3537,0.351251,0.361949,TIME,0.435804,0.502471,0.106667,0.0,1618184148.093177,0
beta_decouple,TIAUSDT,2026-06-15 04:00:00+00:00,2026-06-15 04:02:00+00:00,SHORT,0.3601,0.3578,0.3546985,0.3655015,TIME,0.319385,0.386051,0.106667,0.0,1721548747.081116,0
beta_decouple,TIAUSDT,2026-06-15 05:00:00+00:00,2026-06-15 05:02:00+00:00,SHORT,0.3642,0.3594,0.358737,0.369663,TIME,0.772487,0.839153,0.106667,0.0,1987523477.325642,0
beta_decouple,TIAUSDT,2026-06-15 09:00:00+00:00,2026-06-15 09:02:00+00:00,LONG,0.3585,0.3605,0.3638775,0.3531225,TIME,0.265042,0.331709,0.106667,0.0,2092879028.849714,0
beta_decouple,TIAUSDT,2026-06-15 12:00:00+00:00,2026-06-15 12:01:00+00:00,SHORT,0.3743,0.36823542,0.36823542,0.38036458,TP,0.901839,0.963558,0.09875,0.0,2470366877.760207,0
beta_decouple,TIAUSDT,2026-06-15 13:00:00+00:00,2026-06-15 13:02:00+00:00,SHORT,0.3766,0.378,0.37039896,0.38280104,TIME,-0.323086,-0.262354,0.097171,0.0,2310738821.599513,0
beta_decouple,TIAUSDT,2026-06-15 17:00:00+00:00,2026-06-15 17:02:00+00:00,LONG,0.3728,0.3722,0.378392,0.367208,TIME,-0.213886,-0.14722,0.106667,0.0,2211891677.269658,0
beta_decouple,TIAUSDT,2026-06-15 18:00:00+00:00,2026-06-15 18:02:00+00:00,LONG,0.3704,0.3727,0.375956,0.364844,TIME,0.307064,0.373731,0.106667,0.0,2347730097.213892,0
beta_decouple,TIAUSDT,2026-06-15 22:00:00+00:00,2026-06-15 22:02:00+00:00,LONG,0.3662,0.3714,0.371693,0.360707,TIME,0.839437,0.906104,0.106667,0.0,2741884347.074838,0
beta_decouple,TIAUSDT,2026-06-16 00:00:00+00:00,2026-06-16 00:01:00+00:00,SHORT,0.3773,0.3716405,0.3716405,0.3829595,TP,0.893922,0.960588,0.106667,0.0,3232090226.114135,0
beta_decouple,TIAUSDT,2026-06-16 06:00:00+00:00,2026-06-16 06:01:00+00:00,SHORT,0.3826,0.376861,0.376861,0.388339,TP,0.893922,0.960588,0.106667,0.0,3809937221.052819,0
beta_decouple,TIAUSDT,2026-06-16 14:00:00+00:00,2026-06-16 14:01:00+00:00,LONG,0.3722,0.377783,0.377783,0.366617,TP,0.892746,0.959412,0.106667,0.0,4490198090.304667,0
beta_decouple,TIAUSDT,2026-06-16 20:00:00+00:00,2026-06-16 20:01:00+00:00,SHORT,0.3914,0.385529,0.385529,0.397271,TP,0.893922,0.960588,0.106667,0.0,5292975021.52959,0
beta_decouple,TIAUSDT,2026-06-16 22:00:00+00:00,2026-06-16 22:01:00+00:00,SHORT,0.4017,0.3956745,0.3956745,0.4077255,TP,0.893922,0.960588,0.106667,0.0,6239275866.030945,0
beta_decouple,TIAUSDT,2026-06-17 01:00:00+00:00,2026-06-17 01:01:00+00:00,SHORT,0.4105,0.40361458,0.40361458,0.41738542,TP,0.905199,0.964818,0.09539,0.0,7368833657.949474,0
beta_decouple,TIAUSDT,2026-06-17 02:00:00+00:00,2026-06-17 02:02:00+00:00,SHORT,0.417,0.4101,0.40900312,0.42499687,TIME,0.779913,0.832058,0.083433,0.0,8518243378.091746,0
beta_decouple,TIAUSDT,2026-06-17 07:00:00+00:00,2026-06-17 07:01:00+00:00,LONG,0.4036,0.409654,0.409654,0.397546,TP,0.892746,0.959412,0.106667,0.0,10039168083.32304,0
beta_decouple,TIAUSDT,2026-06-17 08:00:00+00:00,2026-06-17 08:01:00+00:00,LONG,0.3983,0.4042745,0.4042745,0.3923255,TP,0.892746,0.959412,0.106667,0.0,11831652528.785793,0
beta_decouple,TIAUSDT,2026-06-17 13:00:00+00:00,2026-06-17 13:01:00+00:00,LONG,0.3947,0.4006205,0.4006205,0.3887795,TP,0.892746,0.959412,0.106667,0.0,13944183462.220318,0
beta_decouple,TIAUSDT,2026-06-17 14:00:00+00:00,2026-06-17 14:02:00+00:00,LONG,0.3931,0.3938,0.3989965,0.3872035,TIME,0.011989,0.078655,0.106667,0.0,13977617748.972311,0
beta_decouple,TIAUSDT,2026-06-17 15:00:00+00:00,2026-06-17 15:01:00+00:00,SHORT,0.4078,0.401683,0.401683,0.413917,TP,0.893922,0.960588,0.106667,0.0,16476596381.247654,0
beta_decouple,TIAUSDT,2026-06-17 19:00:00+00:00,2026-06-17 19:01:00+00:00,LONG,0.3919,0.3977785,0.3977785,0.3860215,TP,0.892746,0.959412,0.106667,0.0,19418477868.082787,0
beta_decouple,TIAUSDT,2026-06-18 04:00:00+00:00,2026-06-18 04:02:00+00:00,LONG,0.3871,0.3915,0.3929065,0.3812935,TIME,0.650662,0.717329,0.106667,0.0,21945452031.360165,0
beta_decouple,TIAUSDT,2026-06-18 09:00:00+00:00,2026-06-18 09:02:00+00:00,SHORT,0.3925,0.3893,0.3866125,0.3983875,TIME,0.437172,0.503839,0.106667,0.0,23864239279.783936,0
beta_decouple,TIAUSDT,2026-06-18 13:00:00+00:00,2026-06-18 13:02:00+00:00,LONG,0.3836,0.3887,0.389354,0.377846,TIME,0.779154,0.84582,0.106667,0.0,27583020977.34922,0
beta_decouple,TIAUSDT,2026-06-18 15:00:00+00:00,2026-06-18 15:01:00+00:00,LONG,0.3701,0.3756515,0.3756515,0.3645485,TP,0.892746,0.959412,0.106667,0.0,32507944601.53915,0
beta_decouple,TIAUSDT,2026-06-18 20:00:00+00:00,2026-06-18 20:01:00+00:00,SHORT,0.3936,0.387696,0.387696,0.399504,TP,0.893922,0.960588,0.106667,0.0,38319854785.19048,0
beta_decouple,TIAUSDT,2026-06-19 00:00:00+00:00,2026-06-19 00:01:00+00:00,SHORT,0.3987,0.3927195,0.3927195,0.4046805,TP,0.893922,0.960588,0.106667,0.0,45170843274.06413,0
beta_decouple,TIAUSDT,2026-06-19 04:00:00+00:00,2026-06-19 04:01:00+00:00,LONG,0.3772,0.382858,0.382858,0.371542,TP,0.892746,0.959412,0.106667,0.0,53236056774.34396,0
beta_decouple,TIAUSDT,2026-06-19 10:00:00+00:00,2026-06-19 10:02:00+00:00,LONG,0.378,0.3785,0.38367,0.37233,TIME,-0.018524,0.048143,0.106667,0.0,53038826309.36343,0
beta_decouple,TIAUSDT,2026-06-19 11:00:00+00:00,2026-06-19 11:02:00+00:00,LONG,0.3758,0.3769,0.381437,0.370163,TIME,0.088368,0.155034,0.106667,0.0,53976208427.95635,0
beta_decouple,TIAUSDT,2026-06-19 12:00:00+00:00,2026-06-19 12:02:00+00:00,SHORT,0.3811,0.3788,0.3753835,0.3868165,TIME,0.295907,0.362574,0.106667,0.0,57170594933.07937,0
beta_decouple,TIAUSDT,2026-06-19 13:00:00+00:00,2026-06-19 13:01:00+00:00,SHORT,0.3918,0.385923,0.385923,0.397677,TP,0.893922,0.960588,0.106667,0.0,67391799840.67098,0
beta_decouple,TIAUSDT,2026-06-20 00:00:00+00:00,2026-06-20 00:02:00+00:00,LONG,0.3748,0.3784,0.380422,0.369178,TIME,0.533303,0.599969,0.106667,0.0,74579846351.66116,0
beta_decouple,TIAUSDT,2026-06-20 03:00:00+00:00,2026-06-20 03:01:00+00:00,SHORT,0.381,0.375285,0.375285,0.386715,TP,0.893922,0.960588,0.106667,0.0,87913552121.72217,0
beta_decouple,TIAUSDT,2026-06-20 04:00:00+00:00,2026-06-20 04:02:00+00:00,SHORT,0.3823,0.3805,0.3765655,0.3880345,TIME,0.207399,0.274066,0.106667,0.0,91560194580.0879,0
beta_decouple,TIAUSDT,2026-06-20 10:00:00+00:00,2026-06-20 10:02:00+00:00,LONG,0.3782,0.3822,0.383873,0.372527,TIME,0.598017,0.664683,0.106667,0.0,102511099779.98491,0
beta_decouple,TIAUSDT,2026-06-20 11:00:00+00:00,2026-06-20 11:02:00+00:00,LONG,0.3757,0.3779,0.3813355,0.3700645,TIME,0.283494,0.35016,0.106667,0.0,108323347264.08653,0
beta_decouple,TIAUSDT,2026-06-20 12:00:00+00:00,2026-06-20 12:02:00+00:00,LONG,0.3741,0.3757,0.3797115,0.3684885,TIME,0.178303,0.24497,0.106667,0.0,112186224061.67992,0
beta_decouple,TIAUSDT,2026-06-20 13:00:00+00:00,2026-06-20 13:02:00+00:00,LONG,0.3706,0.3735,0.376159,0.365041,TIME,0.414709,0.481376,0.106667,0.0,121491150931.52109,0
beta_decouple,TIAUSDT,2026-06-20 22:00:00+00:00,2026-06-20 22:02:00+00:00,SHORT,0.3725,0.3696,0.3669125,0.3780875,TIME,0.412648,0.479315,0.106667,0.0,131517778989.15211,0
beta_decouple,TIAUSDT,2026-06-21 03:00:00+00:00,2026-06-21 03:02:00+00:00,LONG,0.3682,0.3688,0.373723,0.362677,TIME,0.001917,0.068583,0.106667,0.0,131568197062.40184,0
beta_decouple,TIAUSDT,2026-06-21 07:00:00+00:00,2026-06-21 07:02:00+00:00,SHORT,0.369,0.3658,0.363465,0.374535,TIME,0.471807,0.538474,0.106667,0.0,143983167700.75302,0
beta_decouple,TIAUSDT,2026-06-21 08:00:00+00:00,2026-06-21 08:02:00+00:00,SHORT,0.3699,0.3697,0.3643515,0.3754485,TIME,-0.070611,-0.003945,0.106667,0.0,141949801175.3527,0
beta_decouple,TIAUSDT,2026-06-21 09:00:00+00:00,2026-06-21 09:01:00+00:00,SHORT,0.3756,0.369966,0.369966,0.381234,TP,0.893922,0.960588,0.106667,0.0,167328197291.4594,0
beta_decouple,TIAUSDT,2026-06-21 14:00:00+00:00,2026-06-21 14:02:00+00:00,LONG,0.3728,0.3769,0.378392,0.367208,TIME,0.626096,0.692762,0.106667,0.0,188280894247.26273,0
beta_decouple,TIAUSDT,2026-06-21 16:00:00+00:00,2026-06-21 16:02:00+00:00,LONG,0.371,0.3752,0.376565,0.365435,TIME,0.64761,0.714276,0.106667,0.0,212667397790.28973,0
beta_decouple,TIAUSDT,2026-06-21 17:00:00+00:00,2026-06-21 17:02:00+00:00,LONG,0.3692,0.3712,0.374738,0.363662,TIME,0.25427,0.320937,0.106667,0.0,223482382073.56195,0
beta_decouple,TIAUSDT,2026-06-21 21:00:00+00:00,2026-06-21 21:02:00+00:00,LONG,0.3649,0.3668,0.3703735,0.3594265,TIME,0.240264,0.306931,0.106667,0.0,234221344450.4668,0
beta_decouple,TIAUSDT,2026-06-22 01:00:00+00:00,2026-06-22 01:01:00+00:00,SHORT,0.375,0.369375,0.369375,0.380625,TP,0.893922,0.960588,0.106667,0.0,276096444021.5333,0
beta_decouple,TIAUSDT,2026-06-22 07:00:00+00:00,2026-06-22 07:02:00+00:00,SHORT,0.3823,0.3779,0.3765655,0.3880345,TIME,0.661068,0.727734,0.106667,0.0,312600124871.1166,0
beta_decouple,TIAUSDT,2026-06-22 08:00:00+00:00,2026-06-22 08:01:00+00:00,SHORT,0.3887,0.3828695,0.3828695,0.3945305,TP,0.893922,0.960588,0.106667,0.0,368488119987.9499,0
beta_decouple,TIAUSDT,2026-06-22 11:00:00+00:00,2026-06-22 11:01:00+00:00,SHORT,0.3958,0.389863,0.389863,0.401737,TP,0.893922,0.960588,0.106667,0.0,434368011299.53674,0
beta_decouple,TIAUSDT,2026-06-22 13:00:00+00:00,2026-06-22 13:02:00+00:00,SHORT,0.4018,0.3973,0.39549583,0.40810417,TIME,0.612254,0.675989,0.101977,0.0,487556683278.1247,0
beta_decouple,TIAUSDT,2026-06-22 14:00:00+00:00,2026-06-22 14:02:00+00:00,SHORT,0.408,0.4017,0.4005125,0.4154875,TIME,0.754712,0.809203,0.087185,0.0,561149679664.5914,0
beta_decouple,TIAUSDT,2026-06-22 18:00:00+00:00,2026-06-22 18:01:00+00:00,LONG,0.3927,0.3985905,0.3985905,0.3868095,TP,0.892746,0.959412,0.106667,0.0,661342451020.4268,0
beta_decouple,TIAUSDT,2026-06-23 03:00:00+00:00,2026-06-23 03:01:00+00:00,SHORT,0.4039,0.3978415,0.3978415,0.4099585,TP,0.893922,0.960588,0.106667,0.0,779580099480.8131,0
beta_decouple,TIAUSDT,2026-06-23 05:00:00+00:00,2026-06-23 05:02:00+00:00,LONG,0.3889,0.3914,0.3947335,0.3830665,TIME,0.321647,0.388314,0.106667,0.0,829730090531.0272,0
beta_decouple,TIAUSDT,2026-06-23 06:00:00+00:00,2026-06-23 06:02:00+00:00,LONG,0.3819,0.3876285,0.3876285,0.3761715,TP,0.892746,0.959412,0.106667,0.0,977877653044.6897,0
beta_decouple,TIAUSDT,2026-06-23 13:00:00+00:00,2026-06-23 13:01:00+00:00,SHORT,0.3796,0.373906,0.373906,0.385294,TP,0.893922,0.960588,0.106667,0.0,1152706826643.8816,0
beta_decouple,TIAUSDT,2026-06-23 14:00:00+00:00,2026-06-23 14:01:00+00:00,SHORT,0.3884,0.382574,0.382574,0.394226,TP,0.893922,0.960588,0.106667,0.0,1358792712006.7688,0
beta_decouple,TIAUSDT,2026-06-23 23:00:00+00:00,2026-06-23 23:02:00+00:00,LONG,0.3763,0.3789,0.3819445,0.3706555,TIME,0.353694,0.420361,0.106667,0.0,1454912193382.5862,0
beta_decouple,TIAUSDT,2026-06-24 01:00:00+00:00,2026-06-24 01:02:00+00:00,SHORT,0.3872,0.3848,0.381392,0.393008,TIME,0.306792,0.373459,0.106667,0.0,1544183416948.47,0
beta_decouple,TIAUSDT,2026-06-24 04:00:00+00:00,2026-06-24 04:01:00+00:00,LONG,0.3706,0.376159,0.376159,0.365041,TP,0.892746,0.959412,0.106667,0.0,1819895979269.2178,0
beta_decouple,TIAUSDT,2026-06-24 13:00:00+00:00,2026-06-24 13:02:00+00:00,LONG,0.3648,0.3682,0.370272,0.359328,TIME,0.514318,0.580984,0.106667,0.0,2007096908939.9077,0
beta_decouple,TIAUSDT,2026-06-24 15:00:00+00:00,2026-06-24 15:01:00+00:00,LONG,0.3578,0.363167,0.363167,0.352433,TP,0.892746,0.959412,0.106667,0.0,2365462259529.821,0
beta_decouple,TIAUSDT,2026-06-24 16:00:00+00:00,2026-06-24 16:01:00+00:00,LONG,0.347,0.35378958,0.35378958,0.34021042,TP,0.917637,0.968745,0.081772,0.0,2799589423259.972,0
beta_decouple,TIAUSDT,2026-06-24 20:00:00+00:00,2026-06-24 20:01:00+00:00,SHORT,0.3621,0.3566685,0.3566685,0.3675315,TP,0.893922,0.960588,0.106667,0.0,3300112064064.416,0
beta_decouple,TIAUSDT,2026-06-24 21:00:00+00:00,2026-06-24 21:02:00+00:00,SHORT,0.3636,0.3607,0.358146,0.369054,TIME,0.42536,0.492027,0.106667,0.0,3580859392961.152,0
beta_decouple,TIAUSDT,2026-06-24 23:00:00+00:00,2026-06-24 23:01:00+00:00,SHORT,0.3733,0.3677005,0.3677005,0.3788995,TP,0.893922,0.960588,0.106667,0.0,4221060839938.784,0
beta_decouple,SEIUSDT,2026-05-15 13:00:00+00:00,2026-05-15 13:01:00+00:00,LONG,0.06352,0.0644728,0.0644728,0.0625672,TP,0.892746,0.959412,0.106667,0.0,8.249844,0
beta_decouple,SEIUSDT,2026-05-16 00:00:00+00:00,2026-05-16 00:02:00+00:00,SHORT,0.06354,0.06353,0.0625869,0.0644931,TIME,-0.09618,-0.029514,0.106667,0.0,8.091149,0
beta_decouple,SEIUSDT,2026-05-16 02:00:00+00:00,2026-05-16 02:02:00+00:00,SHORT,0.06337,0.0634,0.06241945,0.06432055,TIME,-0.138258,-0.071592,0.106667,0.0,7.867416,0
beta_decouple,SEIUSDT,2026-05-16 03:00:00+00:00,2026-05-16 03:02:00+00:00,SHORT,0.06339,0.0634,0.06243915,0.06434085,TIME,-0.117202,-0.050535,0.106667,0.0,7.683,0
beta_decouple,SEIUSDT,2026-05-16 06:00:00+00:00,2026-05-16 06:02:00+00:00,LONG,0.0624,0.06279,0.063336,0.061464,TIME,0.309762,0.376429,0.106667,0.0,8.158981,0
beta_decouple,SEIUSDT,2026-05-16 07:00:00+00:00,2026-05-16 07:02:00+00:00,LONG,0.06195,0.06224,0.06287925,0.06102075,TIME,0.205238,0.271904,0.106667,0.0,8.493887,0
beta_decouple,SEIUSDT,2026-05-16 09:00:00+00:00,2026-05-16 09:02:00+00:00,LONG,0.06123,0.06191,0.06214845,0.06031155,TIME,0.633279,0.699946,0.106667,0.0,9.569687,0
beta_decouple,SEIUSDT,2026-05-16 11:00:00+00:00,2026-05-16 11:02:00+00:00,SHORT,0.06165,0.06142,0.06072525,0.06257475,TIME,0.142186,0.208853,0.106667,0.0,9.841823,0
beta_decouple,SEIUSDT,2026-05-16 12:00:00+00:00,2026-05-16 12:02:00+00:00,SHORT,0.06173,0.06167,0.06080405,0.06265595,TIME,-0.041841,0.024825,0.106667,0.0,9.759464,0
beta_decouple,SEIUSDT,2026-05-16 14:00:00+00:00,2026-05-16 14:02:00+00:00,SHORT,0.06212,0.06167,0.0611882,0.0630518,TIME,0.376547,0.443214,0.106667,0.0,10.494444,0
beta_decouple,SEIUSDT,2026-05-16 15:00:00+00:00,2026-05-16 15:02:00+00:00,SHORT,0.06245,0.06227,0.06151325,0.06338675,TIME,0.08559,0.152257,0.106667,0.0,10.674089,0
beta_decouple,SEIUSDT,2026-05-16 22:00:00+00:00,2026-05-16 22:02:00+00:00,SHORT,0.06245,0.06233,0.06151325,0.06338675,TIME,0.021501,0.088167,0.106667,0.0,10.719989,0
beta_decouple,SEIUSDT,2026-05-16 23:00:00+00:00,2026-05-16 23:02:00+00:00,SHORT,0.06257,0.06246,0.06163145,0.06350855,TIME,0.010594,0.07726,0.106667,0.0,10.742702,0
beta_decouple,SEIUSDT,2026-05-17 01:00:00+00:00,2026-05-17 01:02:00+00:00,LONG,0.06182,0.06208,0.0627473,0.0608927,TIME,0.173561,0.240228,0.106667,0.0,11.115605,0
beta_decouple,SEIUSDT,2026-05-17 04:00:00+00:00,2026-05-17 04:02:00+00:00,SHORT,0.06295,0.06253,0.06200575,0.06389425,TIME,0.338386,0.405052,0.106667,0.0,11.867877,0
beta_decouple,SEIUSDT,2026-05-17 11:00:00+00:00,2026-05-17 11:02:00+00:00,LONG,0.063,0.06308,0.063945,0.062055,TIME,-0.022049,0.044617,0.106667,0.0,11.815541,0
beta_decouple,SEIUSDT,2026-05-17 13:00:00+00:00,2026-05-17 13:02:00+00:00,LONG,0.06283,0.06282,0.06377245,0.06188755,TIME,-0.117259,-0.050592,0.106667,0.0,11.538446,0
beta_decouple,SEIUSDT,2026-05-17 14:00:00+00:00,2026-05-17 14:02:00+00:00,LONG,0.06256,0.06282,0.0634984,0.0616216,TIME,0.170246,0.236913,0.106667,0.0,11.931322,0
beta_decouple,SEIUSDT,2026-05-17 21:00:00+00:00,2026-05-17 21:02:00+00:00,SHORT,0.06258,0.06227,0.0616413,0.0635187,TIME,0.223763,0.29043,0.106667,0.0,12.465281,0
beta_decouple,SEIUSDT,2026-05-17 22:00:00+00:00,2026-05-17 22:02:00+00:00,LONG,0.06192,0.06226,0.0628488,0.0609912,TIME,0.259189,0.325856,0.106667,0.0,13.111455,0
beta_decouple,SEIUSDT,2026-05-17 23:00:00+00:00,2026-05-17 23:02:00+00:00,LONG,0.06117,0.06188,0.06208755,0.06025245,TIME,0.666681,0.733348,0.106667,0.0,14.859686,0
beta_decouple,SEIUSDT,2026-05-18 06:00:00+00:00,2026-05-18 06:02:00+00:00,LONG,0.06024,0.06056,0.0611436,0.0593364,TIME,0.247272,0.313939,0.106667,0.0,15.594563,0
beta_decouple,SEIUSDT,2026-05-18 11:00:00+00:00,2026-05-18 11:02:00+00:00,SHORT,0.06037,0.05989,0.05946445,0.06127555,TIME,0.423704,0.490371,0.106667,0.0,16.916058,0
beta_decouple,SEIUSDT,2026-05-18 12:00:00+00:00,2026-05-18 12:02:00+00:00,SHORT,0.06084,0.06053,0.0599274,0.0617526,TIME,0.233214,0.299881,0.106667,0.0,17.705071,0
beta_decouple,SEIUSDT,2026-05-18 19:00:00+00:00,2026-05-18 19:01:00+00:00,SHORT,0.06072,0.0598092,0.0598092,0.0616308,TP,0.893922,0.960588,0.106667,0.0,20.87046,0
beta_decouple,SEIUSDT,2026-05-18 21:00:00+00:00,2026-05-18 21:02:00+00:00,SHORT,0.06109,0.06053,0.06017365,0.06200635,TIME,0.504808,0.571475,0.106667,0.0,22.977576,0
beta_decouple,SEIUSDT,2026-05-19 02:00:00+00:00,2026-05-19 02:02:00+00:00,LONG,0.06085,0.06107,0.06176275,0.05993725,TIME,0.134231,0.200897,0.106667,0.0,23.594435,0
beta_decouple,SEIUSDT,2026-05-19 08:00:00+00:00,2026-05-19 08:02:00+00:00,LONG,0.06085,0.0612,0.06176275,0.05993725,TIME,0.276572,0.343239,0.106667,0.0,24.899546,0
beta_decouple,SEIUSDT,2026-05-19 09:00:00+00:00,2026-05-19 09:02:00+00:00,LONG,0.06073,0.06077,0.06164095,0.05981905,TIME,-0.062771,0.003896,0.106667,0.0,24.586953,0
beta_decouple,SEIUSDT,2026-05-19 10:00:00+00:00,2026-05-19 10:02:00+00:00,LONG,0.06063,0.06066,0.06153945,0.05972055,TIME,-0.073687,-0.007021,0.106667,0.0,24.224603,0
beta_decouple,SEIUSDT,2026-05-19 11:00:00+00:00,2026-05-19 11:02:00+00:00,LONG,0.06026,0.06061,0.0611639,0.0593561,TIME,0.280324,0.346991,0.106667,0.0,25.582751,0
beta_decouple,SEIUSDT,2026-05-19 14:00:00+00:00,2026-05-19 14:02:00+00:00,LONG,0.06006,0.06041,0.0609609,0.0591591,TIME,0.281613,0.348279,0.106667,0.0,27.023636,0
beta_decouple,SEIUSDT,2026-05-20 22:00:00+00:00,2026-05-20 22:02:00+00:00,LONG,0.06106,0.06109,0.0619759,0.0601441,TIME,-0.07392,-0.007253,0.106667,0.0,26.624121,0
beta_decouple,SEIUSDT,2026-05-21 05:00:00+00:00,2026-05-21 05:02:00+00:00,LONG,0.06197,0.0625,0.06289955,0.06104045,TIME,0.463172,0.529838,0.106667,0.0,29.090429,0
beta_decouple,SEIUSDT,2026-05-21 06:00:00+00:00,2026-05-21 06:02:00+00:00,LONG,0.06185,0.06192,0.06277775,0.06092225,TIME,-0.031249,0.035418,0.106667,0.0,28.908622,0
beta_decouple,SEIUSDT,2026-05-21 10:00:00+00:00,2026-05-21 10:02:00+00:00,LONG,0.06137,0.06199,0.06229055,0.06044945,TIME,0.566452,0.633118,0.106667,0.0,32.18369,0
beta_decouple,SEIUSDT,2026-05-21 11:00:00+00:00,2026-05-21 11:02:00+00:00,LONG,0.06122,0.06138,0.0621383,0.0603017,TIME,0.067476,0.134142,0.106667,0.0,32.618014,0
beta_decouple,SEIUSDT,2026-05-21 15:00:00+00:00,2026-05-21 15:02:00+00:00,SHORT,0.06198,0.06161,0.0610503,0.0629097,TIME,0.291538,0.358205,0.106667,0.0,34.519892,0
beta_decouple,SEIUSDT,2026-05-21 17:00:00+00:00,2026-05-21 17:01:00+00:00,SHORT,0.06319,0.06224215,0.06224215,0.06413785,TP,0.893922,0.960588,0.106667,0.0,40.691507,0
beta_decouple,SEIUSDT,2026-05-21 20:00:00+00:00,2026-05-21 20:02:00+00:00,SHORT,0.0643,0.06366,0.0633355,0.0652645,TIME,0.557276,0.623942,0.106667,0.0,45.226786,0
beta_decouple,SEIUSDT,2026-05-22 00:00:00+00:00,2026-05-22 00:02:00+00:00,LONG,0.06274,0.06334,0.0636811,0.0617989,TIME,0.530515,0.597181,0.106667,0.0,50.025481,0
beta_decouple,SEIUSDT,2026-05-22 12:00:00+00:00,2026-05-22 12:02:00+00:00,SHORT,0.06502,0.06459,0.0640447,0.0659953,TIME,0.334476,0.401143,0.106667,0.0,53.371945,0
beta_decouple,SEIUSDT,2026-05-22 13:00:00+00:00,2026-05-22 13:02:00+00:00,LONG,0.06431,0.065,0.06527465,0.06334535,TIME,0.608202,0.674868,0.106667,0.0,59.864125,0
beta_decouple,SEIUSDT,2026-05-22 14:00:00+00:00,2026-05-22 14:02:00+00:00,LONG,0.06337,0.06408,0.06432055,0.06241945,TIME,0.639833,0.7065,0.106667,0.0,67.524737,0
beta_decouple,SEIUSDT,2026-05-22 18:00:00+00:00,2026-05-22 18:01:00+00:00,LONG,0.06249,0.06342735,0.06342735,0.06155265,TP,0.892746,0.959412,0.106667,0.0,79.581218,0
beta_decouple,SEIUSDT,2026-05-22 19:00:00+00:00,2026-05-22 19:01:00+00:00,LONG,0.06142,0.0623413,0.0623413,0.0604987,TP,0.892746,0.959412,0.106667,0.0,93.790374,0
beta_decouple,SEIUSDT,2026-05-22 23:00:00+00:00,2026-05-22 23:02:00+00:00,LONG,0.06069,0.06153,0.06160035,0.05977965,TIME,0.815514,0.882181,0.106667,0.0,109.087844,0
beta_decouple,SEIUSDT,2026-05-23 06:00:00+00:00,2026-05-23 06:02:00+00:00,LONG,0.05985,0.0602,0.06074775,0.05895225,TIME,0.282975,0.349642,0.106667,0.0,115.261671,0
beta_decouple,SEIUSDT,2026-05-23 07:00:00+00:00,2026-05-23 07:01:00+00:00,LONG,0.05874,0.0596211,0.0596211,0.0578589,TP,0.892746,0.959412,0.106667,0.0,135.841539,0
beta_decouple,SEIUSDT,2026-05-23 12:00:00+00:00,2026-05-23 12:02:00+00:00,SHORT,0.05908,0.05874,0.0581938,0.0599662,TIME,0.277212,0.343879,0.106667,0.0,143.372925,0
beta_decouple,SEIUSDT,2026-05-23 13:00:00+00:00,2026-05-23 13:02:00+00:00,SHORT,0.05956,0.0592,0.0586666,0.0604534,TIME,0.296518,0.363185,0.106667,0.0,151.87546,0
beta_decouple,SEIUSDT,2026-05-23 14:00:00+00:00,2026-05-23 14:02:00+00:00,SHORT,0.06003,0.05944,0.05912955,0.06093045,TIME,0.548943,0.615609,0.106667,0.0,168.54964,0
beta_decouple,SEIUSDT,2026-05-23 15:00:00+00:00,2026-05-23 15:02:00+00:00,SHORT,0.06042,0.06004,0.0595137,0.0613263,TIME,0.31286,0.379527,0.106667,0.0,179.096135,0
beta_decouple,SEIUSDT,2026-05-23 18:00:00+00:00,2026-05-23 18:02:00+00:00,SHORT,0.0612,0.06059,0.060282,0.062118,TIME,0.558208,0.624875,0.106667,0.0,199.090719,0
beta_decouple,SEIUSDT,2026-05-23 20:00:00+00:00,2026-05-23 20:01:00+00:00,SHORT,0.06306,0.0621141,0.0621141,0.0640059,TP,0.893922,0.960588,0.106667,0.0,234.685015,0
beta_decouple,SEIUSDT,2026-05-24 03:00:00+00:00,2026-05-24 03:02:00+00:00,LONG,0.06149,0.06174,0.06241235,0.06056765,TIME,0.16423,0.230896,0.106667,0.0,242.393457,0
beta_decouple,SEIUSDT,2026-05-24 05:00:00+00:00,2026-05-24 05:02:00+00:00,LONG,0.06132,0.06139,0.0622398,0.0604002,TIME,-0.030597,0.03607,0.106667,0.0,240.910163,0
beta_decouple,SEIUSDT,2026-05-24 10:00:00+00:00,2026-05-24 10:02:00+00:00,LONG,0.06166,0.06191,0.0625849,0.0607351,TIME,0.163483,0.230149,0.106667,0.0,248.787091,0
beta_decouple,SEIUSDT,2026-05-24 11:00:00+00:00,2026-05-24 11:02:00+00:00,LONG,0.06167,0.06176,0.06259505,0.06074495,TIME,-0.009421,0.057246,0.106667,0.0,248.318327,0
beta_decouple,SEIUSDT,2026-05-24 12:00:00+00:00,2026-05-24 12:02:00+00:00,LONG,0.06138,0.0617,0.0623007,0.0604593,TIME,0.240698,0.307365,0.106667,0.0,260.272297,0
beta_decouple,SEIUSDT,2026-05-24 13:00:00+00:00,2026-05-24 13:02:00+00:00,LONG,0.06097,0.06135,0.06188455,0.06005545,TIME,0.308601,0.375268,0.106667,0.0,276.336354,0
beta_decouple,SEIUSDT,2026-05-24 14:00:00+00:00,2026-05-24 14:02:00+00:00,LONG,0.06066,0.06086,0.0615699,0.0597501,TIME,0.113018,0.179685,0.106667,0.0,282.582543,0
beta_decouple,SEIUSDT,2026-05-24 20:00:00+00:00,2026-05-24 20:02:00+00:00,LONG,0.06049,0.06066,0.06139735,0.05958265,TIME,0.080592,0.147258,0.106667,0.0,287.137307,0
beta_decouple,SEIUSDT,2026-05-24 21:00:00+00:00,2026-05-24 21:02:00+00:00,LONG,0.05973,0.06057,0.06062595,0.05883405,TIME,0.830335,0.897002,0.106667,0.0,334.821355,0
beta_decouple,SEIUSDT,2026-05-25 04:00:00+00:00,2026-05-25 04:02:00+00:00,SHORT,0.06145,0.0609,0.06052825,0.06237175,TIME,0.490371,0.557037,0.106667,0.0,367.658659,0
beta_decouple,SEIUSDT,2026-05-25 05:00:00+00:00,2026-05-25 05:02:00+00:00,SHORT,0.0618,0.06154,0.060873,0.062727,TIME,0.173964,0.240631,0.106667,0.0,380.450557,0
beta_decouple,SEIUSDT,2026-05-25 11:00:00+00:00,2026-05-25 11:02:00+00:00,LONG,0.06172,0.06204,0.0626458,0.0607942,TIME,0.238785,0.305452,0.106667,0.0,398.619735,0
beta_decouple,SEIUSDT,2026-05-25 14:00:00+00:00,2026-05-25 14:02:00+00:00,SHORT,0.06265,0.06218,0.06171025,0.06358975,TIME,0.393755,0.460421,0.106667,0.0,430.011399,0
beta_decouple,SEIUSDT,2026-05-25 20:00:00+00:00,2026-05-25 20:02:00+00:00,LONG,0.06211,0.06261,0.06304165,0.06117835,TIME,0.429706,0.496372,0.106667,0.0,466.967064,0
beta_decouple,SEIUSDT,2026-05-25 22:00:00+00:00,2026-05-25 22:02:00+00:00,LONG,0.06174,0.06225,0.0626661,0.0608139,TIME,0.443711,0.510378,0.106667,0.0,508.406794,0
beta_decouple,SEIUSDT,2026-05-26 00:00:00+00:00,2026-05-26 00:02:00+00:00,LONG,0.06122,0.06171,0.0621383,0.0603017,TIME,0.42662,0.493287,0.106667,0.0,551.78609,0
beta_decouple,SEIUSDT,2026-05-26 01:00:00+00:00,2026-05-26 01:02:00+00:00,LONG,0.06106,0.06101,0.0619759,0.0601441,TIME,-0.161213,-0.094546,0.106667,0.0,533.995068,0
beta_decouple,SEIUSDT,2026-05-26 04:00:00+00:00,2026-05-26 04:01:00+00:00,SHORT,0.06305,0.06210425,0.06210425,0.06399575,TP,0.893922,0.960588,0.106667,0.0,629.465003,0
beta_decouple,SEIUSDT,2026-05-26 05:00:00+00:00,2026-05-26 05:01:00+00:00,SHORT,0.06363,0.06267555,0.06267555,0.06458445,TP,0.893922,0.960588,0.106667,0.0,742.003465,0
beta_decouple,SEIUSDT,2026-05-26 09:00:00+00:00,2026-05-26 09:02:00+00:00,LONG,0.0632,0.0633,0.064148,0.062252,TIME,-0.001233,0.065434,0.106667,0.0,741.82053,0
beta_decouple,SEIUSDT,2026-05-26 10:00:00+00:00,2026-05-26 10:01:00+00:00,SHORT,0.0645,0.0635325,0.0635325,0.0654675,TP,0.893922,0.960588,0.106667,0.0,874.446395,0
beta_decouple,SEIUSDT,2026-05-26 12:00:00+00:00,2026-05-26 12:02:00+00:00,SHORT,0.06549,0.06476,0.06450765,0.06647235,TIME,0.636883,0.70355,0.106667,0.0,985.830462,0
beta_decouple,SEIUSDT,2026-05-26 17:00:00+00:00,2026-05-26 17:01:00+00:00,LONG,0.06443,0.06539645,0.06539645,0.06346355,TP,0.892746,0.959412,0.106667,0.0,1161.849605,0
beta_decouple,SEIUSDT,2026-05-27 00:00:00+00:00,2026-05-27 00:01:00+00:00,SHORT,0.06787,0.06685195,0.06685195,0.06888805,TP,0.893922,0.960588,0.106667,0.0,1369.570076,0
beta_decouple,SEIUSDT,2026-05-27 04:00:00+00:00,2026-05-27 04:01:00+00:00,SHORT,0.06912,0.0680832,0.0680832,0.0701568,TP,0.893922,0.960588,0.106667,0.0,1614.427706,0
beta_decouple,SEIUSDT,2026-05-27 05:00:00+00:00,2026-05-27 05:01:00+00:00,SHORT,0.07052,0.0693274,0.0693274,0.0717126,TP,0.90598,0.965111,0.09461,0.0,1906.955474,0
beta_decouple,SEIUSDT,2026-05-27 06:00:00+00:00,2026-05-27 06:02:00+00:00,SHORT,0.07186,0.07111,0.07041719,0.07330281,TIME,0.440432,0.490238,0.079689,0.0,2074.932422,0
beta_decouple,SEIUSDT,2026-05-27 12:00:00+00:00,2026-05-27 12:01:00+00:00,LONG,0.07028,0.0713342,0.0713342,0.0692258,TP,0.892746,0.959412,0.106667,0.0,2445.409743,0
beta_decouple,SEIUSDT,2026-05-27 13:00:00+00:00,2026-05-27 13:02:00+00:00,LONG,0.06934,0.07017,0.0703801,0.0682999,TIME,0.690867,0.757534,0.106667,0.0,2783.300256,0
beta_decouple,SEIUSDT,2026-05-27 17:00:00+00:00,2026-05-27 17:01:00+00:00,LONG,0.06808,0.0691012,0.0691012,0.0670588,TP,0.892746,0.959412,0.106667,0.0,3280.256017,0
beta_decouple,SEIUSDT,2026-05-27 21:00:00+00:00,2026-05-27 21:01:00+00:00,LONG,0.06745,0.06846175,0.06846175,0.06643825,TP,0.892746,0.959412,0.106667,0.0,3865.942783,0
beta_decouple,SEIUSDT,2026-05-27 22:00:00+00:00,2026-05-27 22:02:00+00:00,LONG,0.0665,0.06734,0.0674975,0.0655025,TIME,0.734945,0.801612,0.106667,0.0,4434.194218,0
beta_decouple,SEIUSDT,2026-05-28 02:00:00+00:00,2026-05-28 02:02:00+00:00,SHORT,0.06924,0.06847,0.0682014,0.0702786,TIME,0.635149,0.701816,0.106667,0.0,4997.468955,0
beta_decouple,SEIUSDT,2026-05-28 09:00:00+00:00,2026-05-28 09:02:00+00:00,SHORT,0.06887,0.06826,0.06783695,0.06990305,TIME,0.48416,0.550827,0.106667,0.0,5481.384083,0
beta_decouple,SEIUSDT,2026-05-28 12:00:00+00:00,2026-05-28 12:02:00+00:00,SHORT,0.06902,0.06825,0.0679847,0.0700553,TIME,0.637513,0.70418,0.106667,0.0,6180.275337,0
beta_decouple,SEIUSDT,2026-05-28 16:00:00+00:00,2026-05-28 16:01:00+00:00,SHORT,0.06976,0.0687136,0.0687136,0.0708064,TP,0.893922,0.960588,0.106667,0.0,7285.211549,0
beta_decouple,SEIUSDT,2026-05-28 17:00:00+00:00,2026-05-28 17:02:00+00:00,SHORT,0.07071,0.06964935,0.06964935,0.07177065,TP,0.893922,0.960588,0.106667,0.0,8587.693011,0
beta_decouple,SEIUSDT,2026-05-28 21:00:00+00:00,2026-05-28 21:02:00+00:00,LONG,0.0688,0.06933,0.069832,0.067768,TIME,0.406603,0.47327,0.106667,0.0,9286.049658,0
beta_decouple,SEIUSDT,2026-05-28 22:00:00+00:00,2026-05-28 22:02:00+00:00,LONG,0.06811,0.06875,0.06913165,0.06708835,TIME,0.519407,0.586074,0.106667,0.0,10250.697878,0
beta_decouple,SEIUSDT,2026-05-29 02:00:00+00:00,2026-05-29 02:01:00+00:00,LONG,0.06544,0.0664216,0.0664216,0.0644584,TP,0.892746,0.959412,0.106667,0.0,12080.950779,0
beta_decouple,SEIUSDT,2026-05-29 06:00:00+00:00,2026-05-29 06:02:00+00:00,SHORT,0.06693,0.06619,0.06592605,0.06793395,TIME,0.630852,0.697519,0.106667,0.0,13605.209693,0
beta_decouple,SEIUSDT,2026-05-29 08:00:00+00:00,2026-05-29 08:01:00+00:00,SHORT,0.06801,0.06698985,0.06698985,0.06903015,TP,0.893922,0.960588,0.106667,0.0,16037.607611,0
beta_decouple,SEIUSDT,2026-05-29 12:00:00+00:00,2026-05-29 12:01:00+00:00,LONG,0.06487,0.06584305,0.06584305,0.06389695,TP,0.892746,0.959412,0.106667,0.0,18901.108047,0
beta_decouple,SEIUSDT,2026-05-29 13:00:00+00:00,2026-05-29 13:01:00+00:00,LONG,0.0635,0.06450312,0.06450312,0.06249688,TP,0.898128,0.96143,0.101283,0.0,22296.23123,0
beta_decouple,SEIUSDT,2026-05-29 16:00:00+00:00,2026-05-29 16:02:00+00:00,SHORT,0.06674,0.06578,0.0657389,0.0677411,TIME,0.852842,0.919509,0.106667,0.0,26099.26385,0
beta_decouple,SEIUSDT,2026-05-29 23:00:00+00:00,2026-05-29 23:02:00+00:00,SHORT,0.06603,0.06541,0.06503955,0.06702045,TIME,0.519675,0.586342,0.106667,0.0,28811.891465,0
beta_decouple,SEIUSDT,2026-05-30 00:00:00+00:00,2026-05-30 00:01:00+00:00,SHORT,0.06907,0.06803395,0.06803395,0.07010605,TP,0.893922,0.960588,0.106667,0.0,33963.005368,0
beta_decouple,SEIUSDT,2026-05-30 13:00:00+00:00,2026-05-30 13:01:00+00:00,SHORT,0.06733,0.06632005,0.06632005,0.06833995,TP,0.893922,0.960588,0.106667,0.0,40035.057575,0
beta_decouple,SEIUSDT,2026-05-30 22:00:00+00:00,2026-05-30 22:02:00+00:00,LONG,0.06623,0.06627,0.06722345,0.06523655,TIME,-0.066415,0.000252,0.106667,0.0,39503.271154,0
beta_decouple,SEIUSDT,2026-05-31 03:00:00+00:00,2026-05-31 03:02:00+00:00,SHORT,0.06617,0.06588,0.06517745,0.06716255,TIME,0.185673,0.25234,0.106667,0.0,40970.212526,0
beta_decouple,SEIUSDT,2026-05-31 04:00:00+00:00,2026-05-31 04:01:00+00:00,SHORT,0.06742,0.0664087,0.0664087,0.0684313,TP,0.893922,0.960588,0.106667,0.0,48295.043374,0
beta_decouple,SEIUSDT,2026-05-31 11:00:00+00:00,2026-05-31 11:02:00+00:00,SHORT,0.06801,0.06769,0.06698985,0.06903015,TIME,0.207189,0.273856,0.106667,0.0,50296.283284,0
beta_decouple,SEIUSDT,2026-05-31 14:00:00+00:00,2026-05-31 14:01:00+00:00,LONG,0.06604,0.0670306,0.0670306,0.0650494,TP,0.892746,0.959412,0.106667,0.0,59276.639495,0
beta_decouple,SEIUSDT,2026-05-31 15:00:00+00:00,2026-05-31 15:02:00+00:00,LONG,0.06591,0.06611,0.06689865,0.06492135,TIME,0.09552,0.162187,0.106667,0.0,60409.060995,0
beta_decouple,SEIUSDT,2026-05-31 20:00:00+00:00,2026-05-31 20:01:00+00:00,SHORT,0.06716,0.0661526,0.0661526,0.0681674,TP,0.893922,0.960588,0.106667,0.0,71209.252797,0
beta_decouple,SEIUSDT,2026-05-31 21:00:00+00:00,2026-05-31 21:02:00+00:00,SHORT,0.06784,0.06719,0.0668224,0.0688576,TIME,0.532463,0.599129,0.106667,0.0,78792.50502,0
beta_decouple,SEIUSDT,2026-05-31 22:00:00+00:00,2026-05-31 22:02:00+00:00,SHORT,0.06847,0.06744295,0.06744295,0.06949705,TP,0.893922,0.960588,0.106667,0.0,92879.36803,0
beta_decouple,SEIUSDT,2026-06-01 01:00:00+00:00,2026-06-01 01:01:00+00:00,LONG,0.06692,0.0679238,0.0679238,0.0659162,TP,0.892746,0.959412,0.106667,0.0,109462.89578,0
beta_decouple,SEIUSDT,2026-06-01 07:00:00+00:00,2026-06-01 07:02:00+00:00,LONG,0.06605,0.06643,0.06704075,0.06505925,TIME,0.276663,0.34333,0.106667,0.0,115519.76432,0
beta_decouple,SEIUSDT,2026-06-01 15:00:00+00:00,2026-06-01 15:02:00+00:00,SHORT,0.06719,0.0664,0.06618215,0.06819785,TIME,0.677639,0.744305,0.106667,0.0,131175.894166,0
beta_decouple,SEIUSDT,2026-06-01 16:00:00+00:00,2026-06-01 16:02:00+00:00,SHORT,0.06799,0.06739,0.06697015,0.06900985,TIME,0.481996,0.548663,0.106667,0.0,143821.15174,0
beta_decouple,SEIUSDT,2026-06-01 17:00:00+00:00,2026-06-01 17:01:00+00:00,SHORT,0.06913,0.06809305,0.06809305,0.07016695,TP,0.893922,0.960588,0.106667,0.0,169534.115961,0
beta_decouple,SEIUSDT,2026-06-01 19:00:00+00:00,2026-06-01 19:01:00+00:00,SHORT,0.07101,0.06994485,0.06994485,0.07207515,TP,0.893922,0.960588,0.106667,0.0,199844.154541,0
beta_decouple,SEIUSDT,2026-06-03 00:00:00+00:00,2026-06-03 00:02:00+00:00,LONG,0.06228,0.06233,0.06379521,0.06076479,TIME,-0.032779,0.008324,0.065765,0.0,198534.022299,0
beta_decouple,SEIUSDT,2026-06-03 05:00:00+00:00,2026-06-03 05:01:00+00:00,SHORT,0.06385,0.06289225,0.06289225,0.06480775,TP,0.893922,0.960588,0.106667,0.0,234028.788891,0
beta_decouple,SEIUSDT,2026-06-03 10:00:00+00:00,2026-06-03 10:02:00+00:00,SHORT,0.06419,0.0636,0.06322715,0.06515285,TIME,0.506453,0.57312,0.106667,0.0,257733.718825,0
beta_decouple,SEIUSDT,2026-06-03 15:00:00+00:00,2026-06-03 15:01:00+00:00,LONG,0.06273,0.06367095,0.06367095,0.06178905,TP,0.892746,0.959412,0.106667,0.0,303751.84286,0
beta_decouple,SEIUSDT,2026-06-03 16:00:00+00:00,2026-06-03 16:02:00+00:00,LONG,0.06211,0.06239,0.06304165,0.06117835,TIME,0.193707,0.260374,0.106667,0.0,315519.621044,0
beta_decouple,SEIUSDT,2026-06-03 20:00:00+00:00,2026-06-03 20:01:00+00:00,LONG,0.05986,0.0608826,0.0608826,0.0588374,TP,0.905752,0.964289,0.093659,0.0,372676.113682,0
beta_decouple,SEIUSDT,2026-06-04 01:00:00+00:00,2026-06-04 01:01:00+00:00,LONG,0.056,0.05750896,0.05750896,0.05449104,TP,0.940028,0.97714,0.059379,0.0,442741.321039,0
beta_decouple,SEIUSDT,2026-06-04 07:00:00+00:00,2026-06-04 07:02:00+00:00,LONG,0.05414,0.05508,0.0556526,0.0526274,TIME,0.56381,0.599603,0.057268,0.0,492665.750443,0
beta_decouple,SEIUSDT,2026-06-04 11:00:00+00:00,2026-06-04 11:02:00+00:00,SHORT,0.05332,0.05259,0.05204865,0.05459135,TIME,0.507425,0.549364,0.067103,0.0,542663.906454,0
beta_decouple,SEIUSDT,2026-06-04 12:00:00+00:00,2026-06-04 12:02:00+00:00,SHORT,0.05407,0.05334,0.05308958,0.05505042,TIME,0.656778,0.711928,0.08824,0.0,613945.882519,0
beta_decouple,SEIUSDT,2026-06-04 13:00:00+00:00,2026-06-04 13:02:00+00:00,SHORT,0.05413,0.05398,0.05326406,0.05499594,TIME,0.073299,0.135809,0.100016,0.0,622946.19614,0
beta_decouple,SEIUSDT,2026-06-04 18:00:00+00:00,2026-06-04 18:02:00+00:00,SHORT,0.05294,0.05276,0.0521459,0.0537341,TIME,0.120129,0.186796,0.106667,0.0,637912.986501,0
beta_decouple,SEIUSDT,2026-06-04 22:00:00+00:00,2026-06-04 22:02:00+00:00,SHORT,0.05232,0.05185,0.0515352,0.0531048,TIME,0.492559,0.559226,0.106667,0.0,700755.001731,0
beta_decouple,SEIUSDT,2026-06-04 23:00:00+00:00,2026-06-04 23:02:00+00:00,SHORT,0.05216,0.0524,0.0513776,0.0529424,TIME,-0.413611,-0.346945,0.106667,0.0,642786.972573,0
beta_decouple,SEIUSDT,2026-06-05 08:00:00+00:00,2026-06-05 08:01:00+00:00,LONG,0.04935,0.05009025,0.05009025,0.04860975,TP,0.892746,0.959412,0.106667,0.0,757556.009262,0
beta_decouple,SEIUSDT,2026-06-05 13:00:00+00:00,2026-06-05 13:01:00+00:00,LONG,0.04743,0.04839313,0.04839313,0.04646687,TP,0.920616,0.969861,0.078794,0.0,897039.574785,0
beta_decouple,SEIUSDT,2026-06-05 18:00:00+00:00,2026-06-05 18:01:00+00:00,LONG,0.04557,0.04667375,0.04667375,0.04446625,TP,0.933349,0.974636,0.066058,0.0,1064489.803687,0
beta_decouple,SEIUSDT,2026-06-05 20:00:00+00:00,2026-06-05 20:01:00+00:00,SHORT,0.04771,0.04699435,0.04699435,0.04842565,TP,0.893922,0.960588,0.106667,0.0,1254803.870179,0
beta_decouple,SEIUSDT,2026-06-05 21:00:00+00:00,2026-06-05 21:02:00+00:00,SHORT,0.04812,0.04793,0.0473982,0.0488418,TIME,0.15671,0.223377,0.106667,0.0,1294131.96507,0
beta_decouple,SEIUSDT,2026-06-06 04:00:00+00:00,2026-06-06 04:01:00+00:00,LONG,0.04503,0.04576927,0.04576927,0.04429073,TP,0.901953,0.962864,0.097458,0.0,1527581.193036,0
beta_decouple,SEIUSDT,2026-06-06 08:00:00+00:00,2026-06-06 08:01:00+00:00,SHORT,0.04791,0.04719135,0.04719135,0.04862865,TP,0.893922,0.960588,0.106667,0.0,1800688.730316,0
beta_decouple,SEIUSDT,2026-06-06 17:00:00+00:00,2026-06-06 17:02:00+00:00,LONG,0.04691,0.04732,0.04761365,0.04620635,TIME,0.475672,0.542339,0.106667,0.0,1971996.127348,0
beta_decouple,SEIUSDT,2026-06-06 18:00:00+00:00,2026-06-06 18:02:00+00:00,LONG,0.04693,0.0469,0.04763395,0.04622605,TIME,-0.149246,-0.082579,0.106667,0.0,1913133.71084,0
beta_decouple,SEIUSDT,2026-06-06 19:00:00+00:00,2026-06-06 19:02:00+00:00,LONG,0.04649,0.04697,0.04718735,0.04579265,TIME,0.581253,0.647919,0.106667,0.0,2135536.472919,0
beta_decouple,SEIUSDT,2026-06-06 23:00:00+00:00,2026-06-06 23:02:00+00:00,SHORT,0.04684,0.04677,0.0461374,0.0475426,TIME,-0.006989,0.059678,0.106667,0.0,2132551.450598,0
beta_decouple,SEIUSDT,2026-06-07 00:00:00+00:00,2026-06-07 00:02:00+00:00,SHORT,0.04695,0.04694,0.04624575,0.04765425,TIME,-0.092471,-0.025804,0.106667,0.0,2093111.768975,0
beta_decouple,SEIUSDT,2026-06-07 01:00:00+00:00,2026-06-07 01:01:00+00:00,SHORT,0.04808,0.0473588,0.0473588,0.0488012,TP,0.893922,0.960588,0.106667,0.0,2467327.29551,0
beta_decouple,SEIUSDT,2026-06-07 06:00:00+00:00,2026-06-07 06:01:00+00:00,SHORT,0.04993,0.04918105,0.04918105,0.05067895,TP,0.893922,0.960588,0.106667,0.0,2908446.683738,0
beta_decouple,SEIUSDT,2026-06-07 10:00:00+00:00,2026-06-07 10:02:00+00:00,LONG,0.04948,0.04992,0.0502222,0.0487378,TIME,0.485822,0.552489,0.106667,0.0,3191044.078015,0
beta_decouple,SEIUSDT,2026-06-07 12:00:00+00:00,2026-06-07 12:01:00+00:00,LONG,0.04886,0.0495929,0.0495929,0.0481271,TP,0.892746,0.959412,0.106667,0.0,3760802.132383,0
beta_decouple,SEIUSDT,2026-06-07 18:00:00+00:00,2026-06-07 18:02:00+00:00,LONG,0.04875,0.04925,0.04948125,0.04801875,TIME,0.576696,0.643363,0.106667,0.0,4194569.951525,0
beta_decouple,SEIUSDT,2026-06-07 19:00:00+00:00,2026-06-07 19:01:00+00:00,LONG,0.04781,0.04852715,0.04852715,0.04709285,TP,0.892746,0.959412,0.106667,0.0,4943506.649378,0
beta_decouple,SEIUSDT,2026-06-08 04:00:00+00:00,2026-06-08 04:01:00+00:00,LONG,0.04876,0.0494914,0.0494914,0.0480286,TP,0.892746,0.959412,0.106667,0.0,5826165.322039,0
beta_decouple,SEIUSDT,2026-06-08 07:00:00+00:00,2026-06-08 07:01:00+00:00,SHORT,0.04977,0.04902345,0.04902345,0.05051655,TP,0.893922,0.960588,0.106667,0.0,6867792.222227,0
beta_decouple,SEIUSDT,2026-06-08 09:00:00+00:00,2026-06-08 09:01:00+00:00,SHORT,0.05003,0.04927955,0.04927955,0.05078045,TP,0.893922,0.960588,0.106667,0.0,8095645.660666,0
beta_decouple,SEIUSDT,2026-06-08 12:00:00+00:00,2026-06-08 12:02:00+00:00,SHORT,0.0505,0.05004,0.0497425,0.0512575,TIME,0.500947,0.567613,0.106667,0.0,8906742.767397,0
beta_decouple,SEIUSDT,2026-06-08 19:00:00+00:00,2026-06-08 19:02:00+00:00,LONG,0.04978,0.05011,0.0505267,0.0490333,TIME,0.335025,0.401691,0.106667,0.0,9503538.707716,0
beta_decouple,SEIUSDT,2026-06-08 22:00:00+00:00,2026-06-08 22:02:00+00:00,LONG,0.04964,0.04977,0.0503846,0.0488954,TIME,0.067831,0.134498,0.106667,0.0,9632465.597463,0
beta_decouple,SEIUSDT,2026-06-08 23:00:00+00:00,2026-06-08 23:02:00+00:00,LONG,0.04923,0.04968,0.04996845,0.04849155,TIME,0.502364,0.569031,0.106667,0.0,10600267.023286,0
beta_decouple,SEIUSDT,2026-06-09 00:00:00+00:00,2026-06-09 00:01:00+00:00,LONG,0.048,0.04872,0.04872,0.04728,TP,0.892746,0.959412,0.106667,0.0,12492935.180576,0
beta_decouple,SEIUSDT,2026-06-09 09:00:00+00:00,2026-06-09 09:02:00+00:00,LONG,0.04786,0.04846,0.0485779,0.0471421,TIME,0.728615,0.795282,0.106667,0.0,14313443.21456,0
beta_decouple,SEIUSDT,2026-06-09 15:00:00+00:00,2026-06-09 15:02:00+00:00,LONG,0.04679,0.04735,0.04749185,0.04608815,TIME,0.690758,0.757425,0.106667,0.0,16290868.370166,0
beta_decouple,SEIUSDT,2026-06-09 19:00:00+00:00,2026-06-09 19:02:00+00:00,SHORT,0.04817,0.04781,0.04744745,0.04889255,TIME,0.391856,0.458522,0.106667,0.0,17567602.546562,0
beta_decouple,SEIUSDT,2026-06-09 20:00:00+00:00,2026-06-09 20:02:00+00:00,SHORT,0.0485,0.0482,0.0477725,0.0492275,TIME,0.30594,0.372607,0.106667,0.0,18642528.873038,0
beta_decouple,SEIUSDT,2026-06-10 00:00:00+00:00,2026-06-10 00:02:00+00:00,SHORT,0.04855,0.04836,0.04782175,0.04927825,TIME,0.154377,0.221044,0.106667,0.0,19218125.649729,0
beta_decouple,SEIUSDT,2026-06-10 02:00:00+00:00,2026-06-10 02:01:00+00:00,LONG,0.04739,0.04810085,0.04810085,0.04667915,TP,0.892746,0.959412,0.106667,0.0,22649504.725383,0
beta_decouple,SEIUSDT,2026-06-10 07:00:00+00:00,2026-06-10 07:02:00+00:00,SHORT,0.04754,0.04737,0.0468269,0.0482531,TIME,0.13186,0.198527,0.106667,0.0,23246818.129995,0
beta_decouple,SEIUSDT,2026-06-10 11:00:00+00:00,2026-06-10 11:02:00+00:00,LONG,0.04673,0.04722,0.04743095,0.04602905,TIME,0.591977,0.658644,0.106667,0.0,25999135.913181,0
beta_decouple,SEIUSDT,2026-06-10 12:00:00+00:00,2026-06-10 12:01:00+00:00,SHORT,0.0477,0.0469845,0.0469845,0.0484155,TP,0.893922,0.960588,0.106667,0.0,30647373.278911,0
beta_decouple,SEIUSDT,2026-06-10 13:00:00+00:00,2026-06-10 13:02:00+00:00,SHORT,0.04818,0.04763,0.0474573,0.0489027,TIME,0.654813,0.72148,0.106667,0.0,34661033.551284,0
beta_decouple,SEIUSDT,2026-06-10 17:00:00+00:00,2026-06-10 17:02:00+00:00,LONG,0.04713,0.04762,0.04783695,0.04642305,TIME,0.586048,0.652715,0.106667,0.0,38723638.796249,0
beta_decouple,SEIUSDT,2026-06-10 19:00:00+00:00,2026-06-10 19:02:00+00:00,LONG,0.04656,0.04706,0.0472584,0.0458616,TIME,0.608838,0.675505,0.106667,0.0,43438923.456199,0
beta_decouple,SEIUSDT,2026-06-10 21:00:00+00:00,2026-06-10 21:02:00+00:00,LONG,0.04583,0.04623,0.04651745,0.04514255,TIME,0.474857,0.541523,0.106667,0.0,47564377.242191,0
beta_decouple,SEIUSDT,2026-06-11 00:00:00+00:00,2026-06-11 00:02:00+00:00,SHORT,0.04677,0.04656,0.04606845,0.04747155,TIME,0.192838,0.259505,0.106667,0.0,49398822.715058,0
beta_decouple,SEIUSDT,2026-06-11 01:00:00+00:00,2026-06-11 01:02:00+00:00,SHORT,0.0472,0.04691,0.046492,0.047908,TIME,0.303172,0.369838,0.106667,0.0,52394087.58854,0
beta_decouple,SEIUSDT,2026-06-11 03:00:00+00:00,2026-06-11 03:01:00+00:00,SHORT,0.04798,0.0472603,0.0472603,0.0486997,TP,0.893922,0.960588,0.106667,0.0,61761327.964745,0
beta_decouple,SEIUSDT,2026-06-11 04:00:00+00:00,2026-06-11 04:02:00+00:00,SHORT,0.04823,0.04792,0.04750655,0.04895345,TIME,0.322081,0.388747,0.106667,0.0,65739755.839874,0
beta_decouple,SEIUSDT,2026-06-11 12:00:00+00:00,2026-06-11 12:02:00+00:00,LONG,0.04809,0.04867,0.04881135,0.04736865,TIME,0.696911,0.763578,0.106667,0.0,74902707.784349,0
beta_decouple,SEIUSDT,2026-06-11 15:00:00+00:00,2026-06-11 15:01:00+00:00,SHORT,0.04885,0.04811725,0.04811725,0.04958275,TP,0.893922,0.960588,0.106667,0.0,88294136.110282,0
beta_decouple,SEIUSDT,2026-06-11 17:00:00+00:00,2026-06-11 17:01:00+00:00,SHORT,0.04982,0.0490727,0.0490727,0.0505673,TP,0.893922,0.960588,0.106667,0.0,104079741.601677,0
beta_decouple,SEIUSDT,2026-06-12 00:00:00+00:00,2026-06-12 00:02:00+00:00,LONG,0.04942,0.04938,0.0501613,0.0486787,TIME,-0.160582,-0.093915,0.106667,0.0,100737084.039754,0
beta_decouple,SEIUSDT,2026-06-12 05:00:00+00:00,2026-06-12 05:02:00+00:00,LONG,0.0496,0.04997,0.050344,0.048856,TIME,0.390359,0.457026,0.106667,0.0,108601806.698541,0
beta_decouple,SEIUSDT,2026-06-12 06:00:00+00:00,2026-06-12 06:02:00+00:00,LONG,0.04921,0.04968,0.04994815,0.04847185,TIME,0.52969,0.596357,0.106667,0.0,120106872.730146,0
beta_decouple,SEIUSDT,2026-06-12 09:00:00+00:00,2026-06-12 09:02:00+00:00,SHORT,0.05097,0.05049,0.05020545,0.05173455,TIME,0.521518,0.588185,0.106667,0.0,132634462.062978,0
beta_decouple,SEIUSDT,2026-06-12 10:00:00+00:00,2026-06-12 10:02:00+00:00,SHORT,0.05158,0.05118,0.0508063,0.0523537,TIME,0.410628,0.477295,0.106667,0.0,143527143.454359,0
beta_decouple,SEIUSDT,2026-06-12 11:00:00+00:00,2026-06-12 11:01:00+00:00,SHORT,0.05226,0.0514761,0.0514761,0.0530439,TP,0.893922,0.960588,0.106667,0.0,169187543.608766,0
beta_decouple,SEIUSDT,2026-06-12 15:00:00+00:00,2026-06-12 15:01:00+00:00,LONG,0.05107,0.05183605,0.05183605,0.05030395,TP,0.892746,0.959412,0.106667,0.0,199395827.578883,0
beta_decouple,SEIUSDT,2026-06-12 21:00:00+00:00,2026-06-12 21:02:00+00:00,LONG,0.05108,0.05134,0.0518462,0.0503138,TIME,0.232479,0.299145,0.106667,0.0,208666887.179283,0
beta_decouple,SEIUSDT,2026-06-13 01:00:00+00:00,2026-06-13 01:02:00+00:00,SHORT,0.05293,0.05242,0.05213605,0.05372395,TIME,0.536065,0.602731,0.106667,0.0,231038677.266655,0
beta_decouple,SEIUSDT,2026-06-13 06:00:00+00:00,2026-06-13 06:01:00+00:00,SHORT,0.05511,0.05428335,0.05428335,0.05593665,TP,0.893922,0.960588,0.106667,0.0,272344765.906901,0
beta_decouple,SEIUSDT,2026-06-13 13:00:00+00:00,2026-06-13 13:02:00+00:00,LONG,0.05441,0.05444,0.05522615,0.05359385,TIME,-0.069919,-0.003252,0.106667,0.0,268536363.723742,0
beta_decouple,SEIUSDT,2026-06-13 14:00:00+00:00,2026-06-13 14:02:00+00:00,LONG,0.05442,0.05439,0.0552363,0.0536037,TIME,-0.143384,-0.076717,0.106667,0.0,260835609.764883,0
beta_decouple,SEIUSDT,2026-06-13 17:00:00+00:00,2026-06-13 17:02:00+00:00,LONG,0.05405,0.05441,0.05486075,0.05323925,TIME,0.337112,0.403779,0.106667,0.0,278421787.821457,0
beta_decouple,SEIUSDT,2026-06-13 18:00:00+00:00,2026-06-13 18:02:00+00:00,LONG,0.05403,0.05406,0.05484045,0.05321955,TIME,-0.06966,-0.002994,0.106667,0.0,274542793.135312,0
beta_decouple,SEIUSDT,2026-06-13 22:00:00+00:00,2026-06-13 22:02:00+00:00,LONG,0.05404,0.05419,0.0548506,0.0532294,TIME,0.078282,0.144949,0.106667,0.0,278841169.448027,0
beta_decouple,SEIUSDT,2026-06-14 00:00:00+00:00,2026-06-14 00:02:00+00:00,LONG,0.05372,0.0544,0.0545258,0.0529142,TIME,0.736721,0.803388,0.106667,0.0,319926798.990093,0
beta_decouple,SEIUSDT,2026-06-14 01:00:00+00:00,2026-06-14 01:02:00+00:00,LONG,0.05348,0.05367,0.0542822,0.0526778,TIME,0.130052,0.196719,0.106667,0.0,328248218.480234,0
beta_decouple,SEIUSDT,2026-06-14 05:00:00+00:00,2026-06-14 05:02:00+00:00,LONG,0.05317,0.05345,0.05396755,0.05237245,TIME,0.24421,0.310877,0.106667,0.0,344280512.420471,0
beta_decouple,SEIUSDT,2026-06-14 12:00:00+00:00,2026-06-14 12:02:00+00:00,LONG,0.05282,0.0531,0.0536123,0.0520277,TIME,0.246535,0.313202,0.106667,0.0,361255940.751207,0
beta_decouple,SEIUSDT,2026-06-14 16:00:00+00:00,2026-06-14 16:02:00+00:00,SHORT,0.05358,0.05307,0.0527763,0.0543837,TIME,0.528267,0.594934,0.106667,0.0,399423882.232651,0
beta_decouple,SEIUSDT,2026-06-14 21:00:00+00:00,2026-06-14 21:01:00+00:00,SHORT,0.05462,0.0538007,0.0538007,0.0554393,TP,0.893922,0.960588,0.106667,0.0,470834602.202672,0
beta_decouple,SEIUSDT,2026-06-14 22:00:00+00:00,2026-06-14 22:02:00+00:00,SHORT,0.05477,0.05475,0.05394845,0.05559155,TIME,-0.08232,-0.015653,0.106667,0.0,463082797.134596,0
beta_decouple,SEIUSDT,2026-06-15 04:00:00+00:00,2026-06-15 04:02:00+00:00,LONG,0.05448,0.05495,0.0552972,0.0536628,TIME,0.468135,0.534802,0.106667,0.0,506439846.332367,0
beta_decouple,SEIUSDT,2026-06-15 11:00:00+00:00,2026-06-15 11:02:00+00:00,SHORT,0.05558,0.0551,0.0547463,0.0564137,TIME,0.469414,0.53608,0.106667,0.0,553985791.848241,0
beta_decouple,SEIUSDT,2026-06-15 14:00:00+00:00,2026-06-15 14:02:00+00:00,LONG,0.0554,0.05545,0.056231,0.054569,TIME,-0.046522,0.020144,0.106667,0.0,548831254.448269,0
beta_decouple,SEIUSDT,2026-06-15 17:00:00+00:00,2026-06-15 17:02:00+00:00,LONG,0.05537,0.05555,0.05620055,0.05453945,TIME,0.109939,0.176606,0.106667,0.0,560898867.39126,0
beta_decouple,SEIUSDT,2026-06-15 18:00:00+00:00,2026-06-15 18:02:00+00:00,LONG,0.05485,0.05531,0.05567275,0.05402725,TIME,0.452111,0.518777,0.106667,0.0,611616526.17765,0
beta_decouple,SEIUSDT,2026-06-15 19:00:00+00:00,2026-06-15 19:02:00+00:00,LONG,0.05412,0.0549318,0.0549318,0.0533082,TP,0.892746,0.959412,0.106667,0.0,720820107.65594,0
beta_decouple,SEIUSDT,2026-06-16 02:00:00+00:00,2026-06-16 02:02:00+00:00,LONG,0.05338,0.05402,0.0541807,0.0525793,TIME,0.692167,0.758833,0.106667,0.0,820605614.609386,0
beta_decouple,SEIUSDT,2026-06-16 08:00:00+00:00,2026-06-16 08:01:00+00:00,SHORT,0.05448,0.0536628,0.0536628,0.0552972,TP,0.893922,0.960588,0.106667,0.0,967317016.599528,0
beta_decouple,SEIUSDT,2026-06-16 13:00:00+00:00,2026-06-16 13:01:00+00:00,LONG,0.05323,0.05402845,0.05402845,0.05243155,TP,0.892746,0.959412,0.106667,0.0,1140030601.200869,0
beta_decouple,SEIUSDT,2026-06-16 14:00:00+00:00,2026-06-16 14:02:00+00:00,LONG,0.05276,0.05331,0.0535514,0.0519686,TIME,0.587899,0.654566,0.106667,0.0,1274075264.722702,0
beta_decouple,SEIUSDT,2026-06-16 18:00:00+00:00,2026-06-16 18:02:00+00:00,SHORT,0.05386,0.05396,0.0530521,0.0546679,TIME,-0.230531,-0.163864,0.106667,0.0,1215332583.808556,0
beta_decouple,SEIUSDT,2026-06-16 19:00:00+00:00,2026-06-16 19:02:00+00:00,SHORT,0.05426,0.05366,0.0534461,0.0550739,TIME,0.630955,0.697622,0.106667,0.0,1368696636.945888,0
beta_decouple,SEIUSDT,2026-06-16 20:00:00+00:00,2026-06-16 20:01:00+00:00,SHORT,0.05508,0.0542538,0.0542538,0.0559062,TP,0.893922,0.960588,0.106667,0.0,1613398109.7735,0
beta_decouple,SEIUSDT,2026-06-17 01:00:00+00:00,2026-06-17 01:01:00+00:00,SHORT,0.05585,0.05501225,0.05501225,0.05668775,TP,0.893922,0.960588,0.106667,0.0,1901848364.608508,0
beta_decouple,SEIUSDT,2026-06-17 08:00:00+00:00,2026-06-17 08:02:00+00:00,LONG,0.054,0.05454,0.05481,0.05319,TIME,0.559612,0.626279,0.106667,0.0,2114707842.273319,0
beta_decouple,SEIUSDT,2026-06-17 12:00:00+00:00,2026-06-17 12:01:00+00:00,SHORT,0.05518,0.0543523,0.0543523,0.0560077,TP,0.893922,0.960588,0.106667,0.0,2492784407.697689,0
beta_decouple,SEIUSDT,2026-06-17 15:00:00+00:00,2026-06-17 15:01:00+00:00,SHORT,0.05604,0.0551994,0.0551994,0.0568806,TP,0.893922,0.960588,0.106667,0.0,2938455127.957849,0
beta_decouple,SEIUSDT,2026-06-17 19:00:00+00:00,2026-06-17 19:01:00+00:00,LONG,0.05439,0.05520585,0.05520585,0.05357415,TP,0.892746,0.959412,0.106667,0.0,3463113652.134214,0
beta_decouple,SEIUSDT,2026-06-18 03:00:00+00:00,2026-06-18 03:02:00+00:00,LONG,0.0541,0.05477,0.0549115,0.0532885,TIME,0.718482,0.785148,0.106667,0.0,3960750371.475167,0
beta_decouple,SEIUSDT,2026-06-18 04:00:00+00:00,2026-06-18 04:02:00+00:00,LONG,0.0536,0.05394,0.054404,0.052796,TIME,0.315977,0.382644,0.106667,0.0,4211051770.866293,0
beta_decouple,SEIUSDT,2026-06-18 11:00:00+00:00,2026-06-18 11:02:00+00:00,LONG,0.05397,0.0545,0.05477955,0.05316045,TIME,0.547637,0.614304,0.106667,0.0,4672277607.344989,0
beta_decouple,SEIUSDT,2026-06-18 15:00:00+00:00,2026-06-18 15:01:00+00:00,LONG,0.05248,0.0532672,0.0532672,0.0516928,TP,0.892746,0.959412,0.106667,0.0,5506508578.132525,0
beta_decouple,SEIUSDT,2026-06-18 19:00:00+00:00,2026-06-18 19:01:00+00:00,SHORT,0.0545,0.0536825,0.0536825,0.0553175,TP,0.893922,0.960588,0.106667,0.0,6490985870.495587,0
beta_decouple,SEIUSDT,2026-06-18 20:00:00+00:00,2026-06-18 20:02:00+00:00,SHORT,0.05502,0.05477,0.0541947,0.0558453,TIME,0.196423,0.26309,0.106667,0.0,6745982026.103573,0
beta_decouple,SEIUSDT,2026-06-19 04:00:00+00:00,2026-06-19 04:01:00+00:00,LONG,0.05418,0.0549927,0.0549927,0.0533673,TP,0.892746,0.959412,0.106667,0.0,7950471058.54135,0
beta_decouple,SEIUSDT,2026-06-19 07:00:00+00:00,2026-06-19 07:02:00+00:00,LONG,0.05377,0.05423,0.05457655,0.05296345,TIME,0.463334,0.53,0.106667,0.0,8687215219.538519,0
beta_decouple,SEIUSDT,2026-06-19 09:00:00+00:00,2026-06-19 09:02:00+00:00,LONG,0.0532,0.0536,0.053998,0.052402,TIME,0.394298,0.460964,0.106667,0.0,9372285190.914803,0
beta_decouple,SEIUSDT,2026-06-19 12:00:00+00:00,2026-06-19 12:02:00+00:00,SHORT,0.05384,0.05337,0.0530324,0.0546476,TIME,0.475642,0.542309,0.106667,0.0,10263855479.635433,0
beta_decouple,SEIUSDT,2026-06-19 13:00:00+00:00,2026-06-19 13:01:00+00:00,SHORT,0.05483,0.05400755,0.05400755,0.05565245,TP,0.893922,0.960588,0.106667,0.0,12098871716.9522,0
beta_decouple,SEIUSDT,2026-06-19 18:00:00+00:00,2026-06-19 18:02:00+00:00,LONG,0.05378,0.05425,0.0545867,0.0529733,TIME,0.475616,0.542283,0.106667,0.0,13249756115.537142,0
beta_decouple,SEIUSDT,2026-06-19 19:00:00+00:00,2026-06-19 19:02:00+00:00,LONG,0.05336,0.05375,0.0541604,0.0525596,TIME,0.380309,0.446976,0.106667,0.0,14257557569.048624,0
beta_decouple,SEIUSDT,2026-06-19 23:00:00+00:00,2026-06-19 23:02:00+00:00,SHORT,0.05409,0.05363,0.05327865,0.05490135,TIME,0.460618,0.527285,0.106667,0.0,15571014851.401968,0
beta_decouple,SEIUSDT,2026-06-20 05:00:00+00:00,2026-06-20 05:02:00+00:00,SHORT,0.05433,0.05364,0.05351505,0.05514495,TIME,0.740507,0.807174,0.106667,0.0,17877104570.33805,0
beta_decouple,SEIUSDT,2026-06-20 06:00:00+00:00,2026-06-20 06:01:00+00:00,SHORT,0.0555,0.0546675,0.0546675,0.0563325,TP,0.893922,0.960588,0.106667,0.0,21073250231.962772,0
beta_decouple,SEIUSDT,2026-06-20 16:00:00+00:00,2026-06-20 16:02:00+00:00,LONG,0.05376,0.05422,0.0545664,0.0529536,TIME,0.46344,0.530106,0.106667,0.0,23026486294.090206,0
beta_decouple,SEIUSDT,2026-06-20 22:00:00+00:00,2026-06-20 22:02:00+00:00,SHORT,0.0545,0.05382,0.0536825,0.0553175,TIME,0.725625,0.792292,0.106667,0.0,26368204396.405697,0
beta_decouple,SEIUSDT,2026-06-20 23:00:00+00:00,2026-06-20 23:02:00+00:00,SHORT,0.05456,0.05456,0.0537416,0.0553784,TIME,-0.106679,-0.040012,0.106667,0.0,25805619399.934406,0
beta_decouple,SEIUSDT,2026-06-21 00:00:00+00:00,2026-06-21 00:01:00+00:00,SHORT,0.05535,0.05451975,0.05451975,0.05618025,TP,0.893922,0.960588,0.106667,0.0,30419259050.926296,0
beta_decouple,SEIUSDT,2026-06-21 09:00:00+00:00,2026-06-21 09:02:00+00:00,LONG,0.05486,0.05518,0.0556829,0.0540371,TIME,0.281981,0.348647,0.106667,0.0,32134787927.27572,0
beta_decouple,SEIUSDT,2026-06-21 14:00:00+00:00,2026-06-21 14:02:00+00:00,SHORT,0.05568,0.0552,0.0548448,0.0565152,TIME,0.468379,0.535046,0.106667,0.0,35145039280.26456,0
beta_decouple,SEIUSDT,2026-06-21 17:00:00+00:00,2026-06-21 17:02:00+00:00,LONG,0.05488,0.05498,0.0557032,0.0540568,TIME,0.01475,0.081416,0.106667,0.0,35248714528.467545,0
beta_decouple,SEIUSDT,2026-06-21 21:00:00+00:00,2026-06-21 21:02:00+00:00,LONG,0.05453,0.05456,0.05534795,0.05371205,TIME,-0.07,-0.003333,0.106667,0.0,34755235264.59282,0
beta_decouple,SEIUSDT,2026-06-22 00:00:00+00:00,2026-06-22 00:02:00+00:00,SHORT,0.05511,0.05463,0.05428335,0.05593665,TIME,0.474327,0.540993,0.106667,0.0,38052302450.313576,0
beta_decouple,SEIUSDT,2026-06-22 01:00:00+00:00,2026-06-22 01:02:00+00:00,SHORT,0.05531,0.0552,0.05448035,0.05613965,TIME,0.025987,0.092654,0.106667,0.0,38250074996.01742,0
beta_decouple,SEIUSDT,2026-06-23 06:00:00+00:00,2026-06-23 06:02:00+00:00,LONG,0.05318,0.05378,0.0539777,0.0523823,TIME,0.645057,0.711723,0.106667,0.0,43184767926.77521,0
beta_decouple,SEIUSDT,2026-06-23 07:00:00+00:00,2026-06-23 07:02:00+00:00,LONG,0.05292,0.05318,0.0537138,0.0521262,TIME,0.220687,0.287354,0.106667,0.0,45090833793.53364,0
beta_decouple,SEIUSDT,2026-06-23 08:00:00+00:00,2026-06-23 08:02:00+00:00,LONG,0.05238,0.05292,0.0531657,0.0515943,TIME,0.580218,0.646885,0.106667,0.0,50323339230.27043,0
beta_decouple,SEIUSDT,2026-06-23 11:00:00+00:00,2026-06-23 11:02:00+00:00,SHORT,0.05312,0.05275,0.0523232,0.0539168,TIME,0.357957,0.424624,0.106667,0.0,53926062143.21099,0
beta_decouple,SEIUSDT,2026-06-23 18:00:00+00:00,2026-06-23 18:02:00+00:00,LONG,0.05179,0.05213,0.05256685,0.05101315,TIME,0.330748,0.397414,0.106667,0.0,57493246762.28388,0
beta_decouple,SEIUSDT,2026-06-23 20:00:00+00:00,2026-06-23 20:02:00+00:00,SHORT,0.05215,0.0521,0.05136775,0.05293225,TIME,-0.042722,0.023945,0.106667,0.0,57002000048.8813,0
beta_decouple,SEIUSDT,2026-06-23 21:00:00+00:00,2026-06-23 21:02:00+00:00,SHORT,0.05233,0.05215,0.05154505,0.05311495,TIME,0.122773,0.18944,0.106667,0.0,58401660543.52811,0
beta_decouple,SEIUSDT,2026-06-23 22:00:00+00:00,2026-06-23 22:02:00+00:00,SHORT,0.05262,0.05232,0.0518307,0.0534093,TIME,0.273633,0.3403,0.106667,0.0,61597785638.91572,0
beta_decouple,SEIUSDT,2026-06-24 00:00:00+00:00,2026-06-24 00:01:00+00:00,SHORT,0.05359,0.05278615,0.05278615,0.05439385,TP,0.893922,0.960588,0.106667,0.0,72610502746.48189,0
beta_decouple,SEIUSDT,2026-06-24 11:00:00+00:00,2026-06-24 11:01:00+00:00,SHORT,0.05373,0.05292405,0.05292405,0.05453595,TP,0.893922,0.960588,0.106667,0.0,85592120794.77698,0
beta_decouple,SEIUSDT,2026-06-24 16:00:00+00:00,2026-06-24 16:01:00+00:00,LONG,0.05182,0.0525973,0.0525973,0.0510427,TP,0.892746,0.959412,0.106667,0.0,100874517095.48953,0
beta_decouple,SEIUSDT,2026-06-24 17:00:00+00:00,2026-06-24 17:01:00+00:00,LONG,0.05138,0.0521507,0.0521507,0.0506093,TP,0.892746,0.959412,0.106667,0.0,118885571531.12561,0
beta_decouple,SEIUSDT,2026-06-24 20:00:00+00:00,2026-06-24 20:01:00+00:00,SHORT,0.05494,0.0541159,0.0541159,0.0557641,TP,0.893922,0.960588,0.106667,0.0,140140445450.10718,0
beta_decouple,ATOMUSDT,2026-05-15 13:00:00+00:00,2026-05-15 13:01:00+00:00,LONG,1.944,1.97316,1.97316,1.91484,TP,0.892746,0.959412,0.106667,0.0,8.249844,0
beta_decouple,ATOMUSDT,2026-05-16 00:00:00+00:00,2026-05-16 00:02:00+00:00,SHORT,1.932,1.922,1.90302,1.96098,TIME,0.238594,0.305261,0.106667,0.0,8.643516,0
beta_decouple,ATOMUSDT,2026-05-16 02:00:00+00:00,2026-05-16 02:02:00+00:00,SHORT,1.933,1.929,1.904005,1.961995,TIME,0.031359,0.098026,0.106667,0.0,8.697727,0
beta_decouple,ATOMUSDT,2026-05-16 03:00:00+00:00,2026-05-16 03:02:00+00:00,SHORT,1.936,1.936,1.90696,1.96504,TIME,-0.106679,-0.040012,0.106667,0.0,8.512154,0
beta_decouple,ATOMUSDT,2026-05-16 05:00:00+00:00,2026-05-16 05:02:00+00:00,SHORT,1.941,1.933,1.911885,1.970115,TIME,0.168259,0.234925,0.106667,0.0,8.798603,0
beta_decouple,ATOMUSDT,2026-05-16 07:00:00+00:00,2026-05-16 07:02:00+00:00,SHORT,1.948,1.943,1.91878,1.97722,TIME,0.06454,0.131206,0.106667,0.0,8.912175,0
beta_decouple,ATOMUSDT,2026-05-16 10:00:00+00:00,2026-05-16 10:02:00+00:00,SHORT,1.945,1.92,1.915825,1.974175,TIME,0.750734,0.8174,0.106667,0.0,10.250309,0
beta_decouple,ATOMUSDT,2026-05-16 11:00:00+00:00,2026-05-16 11:02:00+00:00,SHORT,1.972,1.946,1.94242,2.00158,TIME,0.772821,0.839488,0.106667,0.0,11.83464,0
beta_decouple,ATOMUSDT,2026-05-16 12:00:00+00:00,2026-05-16 12:02:00+00:00,SHORT,1.988,1.97,1.95818,2.01782,TIME,0.497305,0.563972,0.106667,0.0,13.011726,0
beta_decouple,ATOMUSDT,2026-05-16 19:00:00+00:00,2026-05-16 19:02:00+00:00,SHORT,2.033,2.009,2.002505,2.063495,TIME,0.680808,0.747475,0.106667,0.0,14.783423,0
beta_decouple,ATOMUSDT,2026-05-16 21:00:00+00:00,2026-05-16 21:02:00+00:00,SHORT,2.052,2.033,2.02122,2.08278,TIME,0.510976,0.577642,0.106667,0.0,16.294217,0
beta_decouple,ATOMUSDT,2026-05-17 01:00:00+00:00,2026-05-17 01:01:00+00:00,LONG,2.007,2.037105,2.037105,1.976895,TP,0.892746,0.959412,0.106667,0.0,19.203535,0
beta_decouple,ATOMUSDT,2026-05-17 12:00:00+00:00,2026-05-17 12:02:00+00:00,LONG,2.067,2.077,2.098005,2.035995,TIME,0.21568,0.282347,0.106667,0.0,20.031901,0
beta_decouple,ATOMUSDT,2026-05-17 16:00:00+00:00,2026-05-17 16:02:00+00:00,LONG,2.048,2.067,2.07872,2.01728,TIME,0.511464,0.578131,0.106667,0.0,22.08102,0
beta_decouple,ATOMUSDT,2026-05-17 21:00:00+00:00,2026-05-17 21:02:00+00:00,SHORT,2.067,2.062,2.035995,2.098005,TIME,0.054682,0.121349,0.106667,0.0,22.322508,0
beta_decouple,ATOMUSDT,2026-05-17 22:00:00+00:00,2026-05-17 22:02:00+00:00,LONG,2.047,2.059,2.077705,2.016295,TIME,0.283927,0.350593,0.106667,0.0,23.5901,0
beta_decouple,ATOMUSDT,2026-05-17 23:00:00+00:00,2026-05-17 23:02:00+00:00,LONG,2.033,2.043,2.063495,2.002505,TIME,0.221071,0.287738,0.106667,0.0,24.633118,0
beta_decouple,ATOMUSDT,2026-05-18 00:00:00+00:00,2026-05-18 00:02:00+00:00,LONG,2.025,2.028,2.055375,1.994625,TIME,-0.007948,0.058718,0.106667,0.0,24.593959,0
beta_decouple,ATOMUSDT,2026-05-18 04:00:00+00:00,2026-05-18 04:01:00+00:00,SHORT,2.074,2.04289,2.04289,2.10511,TP,0.893922,0.960588,0.106667,0.0,28.990973,0
beta_decouple,ATOMUSDT,2026-05-18 09:00:00+00:00,2026-05-18 09:02:00+00:00,LONG,2.03,2.043,2.06045,1.99955,TIME,0.320019,0.386685,0.106667,0.0,30.846503,0
beta_decouple,ATOMUSDT,2026-05-18 10:00:00+00:00,2026-05-18 10:02:00+00:00,LONG,2.017,2.027,2.047255,1.986745,TIME,0.223671,0.290338,0.106667,0.0,32.226397,0
beta_decouple,ATOMUSDT,2026-05-18 16:00:00+00:00,2026-05-18 16:02:00+00:00,SHORT,2.038,2.023,2.00743,2.06857,TIME,0.384293,0.45096,0.106667,0.0,34.703272,0
beta_decouple,ATOMUSDT,2026-05-18 21:00:00+00:00,2026-05-18 21:02:00+00:00,SHORT,2.046,2.022,2.01531,2.07669,TIME,0.675804,0.742471,0.106667,0.0,39.393797,0
beta_decouple,ATOMUSDT,2026-05-18 23:00:00+00:00,2026-05-18 23:02:00+00:00,SHORT,2.075,2.056,2.043875,2.106125,TIME,0.504129,0.570796,0.106667,0.0,43.365712,0
beta_decouple,ATOMUSDT,2026-05-19 06:00:00+00:00,2026-05-19 06:02:00+00:00,SHORT,2.056,2.052,2.02516,2.08684,TIME,0.023101,0.089768,0.106667,0.0,43.566069,0
beta_decouple,ATOMUSDT,2026-05-19 07:00:00+00:00,2026-05-19 07:02:00+00:00,SHORT,2.069,2.051,2.037965,2.100035,TIME,0.47366,0.540326,0.106667,0.0,47.693168,0
beta_decouple,ATOMUSDT,2026-05-19 11:00:00+00:00,2026-05-19 11:01:00+00:00,LONG,2.037,2.067555,2.067555,2.006445,TP,0.892746,0.959412,0.106667,0.0,56.20874,0
beta_decouple,ATOMUSDT,2026-05-19 16:00:00+00:00,2026-05-19 16:01:00+00:00,SHORT,2.077,2.045845,2.045845,2.108155,TP,0.893922,0.960588,0.106667,0.0,66.25798,0
beta_decouple,ATOMUSDT,2026-05-20 00:00:00+00:00,2026-05-20 00:02:00+00:00,LONG,2.01,2.039,2.04015,1.97985,TIME,0.854626,0.921292,0.106667,0.0,77.583136,0
beta_decouple,ATOMUSDT,2026-05-20 05:00:00+00:00,2026-05-20 05:02:00+00:00,SHORT,2.021,1.997,1.990685,2.051315,TIME,0.685484,0.75215,0.106667,0.0,88.219532,0
beta_decouple,ATOMUSDT,2026-05-20 11:00:00+00:00,2026-05-20 11:02:00+00:00,LONG,1.998,2.002,2.02797,1.96803,TIME,0.026732,0.093399,0.106667,0.0,88.69119,0
beta_decouple,ATOMUSDT,2026-05-20 14:00:00+00:00,2026-05-20 14:02:00+00:00,SHORT,2.012,2.0,1.98182,2.04218,TIME,0.291174,0.357841,0.106667,0.0,93.856108,0
beta_decouple,ATOMUSDT,2026-05-20 15:00:00+00:00,2026-05-20 15:02:00+00:00,SHORT,2.02,2.008,1.9897,2.0503,TIME,0.289599,0.356265,0.106667,0.0,99.292229,0
beta_decouple,ATOMUSDT,2026-05-20 22:00:00+00:00,2026-05-20 22:02:00+00:00,LONG,1.987,1.995,2.016805,1.957195,TIME,0.161596,0.228262,0.106667,0.0,102.501267,0
beta_decouple,ATOMUSDT,2026-05-21 00:00:00+00:00,2026-05-21 00:02:00+00:00,SHORT,2.018,1.992,1.98773,2.04827,TIME,0.752773,0.81944,0.106667,0.0,117.933306,0
beta_decouple,ATOMUSDT,2026-05-21 01:00:00+00:00,2026-05-21 01:01:00+00:00,SHORT,2.049,2.018265,2.018265,2.079735,TP,0.893922,0.960588,0.106667,0.0,139.01793,0
beta_decouple,ATOMUSDT,2026-05-21 08:00:00+00:00,2026-05-21 08:02:00+00:00,LONG,2.068,2.079,2.09902,2.03698,TIME,0.247743,0.314409,0.106667,0.0,145.906062,0
beta_decouple,ATOMUSDT,2026-05-21 09:00:00+00:00,2026-05-21 09:02:00+00:00,LONG,2.055,2.071,2.085825,2.024175,TIME,0.412093,0.47876,0.106667,0.0,157.931441,0
beta_decouple,ATOMUSDT,2026-05-21 10:00:00+00:00,2026-05-21 10:01:00+00:00,LONG,2.026,2.05639,2.05639,1.99561,TP,0.892746,0.959412,0.106667,0.0,186.129958,0
beta_decouple,ATOMUSDT,2026-05-21 11:00:00+00:00,2026-05-21 11:02:00+00:00,LONG,2.018,2.024,2.04827,1.98773,TIME,0.091442,0.158109,0.106667,0.0,189.533995,0
beta_decouple,ATOMUSDT,2026-05-21 15:00:00+00:00,2026-05-21 15:02:00+00:00,LONG,1.999,2.007,2.028985,1.969015,TIME,0.159985,0.226652,0.106667,0.0,195.598528,0
beta_decouple,ATOMUSDT,2026-05-21 17:00:00+00:00,2026-05-21 17:02:00+00:00,SHORT,2.03,2.001,1.99955,2.06045,TIME,0.846274,0.912941,0.106667,0.0,228.704513,0
beta_decouple,ATOMUSDT,2026-05-21 19:00:00+00:00,2026-05-21 19:02:00+00:00,SHORT,2.047,2.032,2.016295,2.077705,TIME,0.382134,0.448801,0.106667,0.0,246.183682,0
beta_decouple,ATOMUSDT,2026-05-22 00:00:00+00:00,2026-05-22 00:02:00+00:00,LONG,2.043,2.051,2.073645,2.012355,TIME,0.154243,0.220909,0.106667,0.0,253.778092,0
beta_decouple,ATOMUSDT,2026-05-22 02:00:00+00:00,2026-05-22 02:02:00+00:00,SHORT,2.074,2.058,2.04289,2.10511,TIME,0.407934,0.474601,0.106667,0.0,274.483038,0
beta_decouple,ATOMUSDT,2026-05-22 03:00:00+00:00,2026-05-22 03:01:00+00:00,SHORT,2.148,2.11578,2.11578,2.18022,TP,0.893922,0.960588,0.106667,0.0,323.556297,0
beta_decouple,ATOMUSDT,2026-05-22 11:00:00+00:00,2026-05-22 11:02:00+00:00,SHORT,2.184,2.164,2.15124,2.21676,TIME,0.504188,0.570855,0.106667,0.0,356.18296,0
beta_decouple,ATOMUSDT,2026-05-22 13:00:00+00:00,2026-05-22 13:02:00+00:00,LONG,2.147,2.16,2.179205,2.114795,TIME,0.296767,0.363434,0.106667,0.0,377.323646,0
beta_decouple,ATOMUSDT,2026-05-22 14:00:00+00:00,2026-05-22 14:02:00+00:00,LONG,2.125,2.138,2.156875,2.093125,TIME,0.300944,0.367611,0.106667,0.0,400.034291,0
beta_decouple,ATOMUSDT,2026-05-22 18:00:00+00:00,2026-05-22 18:01:00+00:00,LONG,2.095,2.126425,2.126425,2.063575,TP,0.892746,0.959412,0.106667,0.0,471.460054,0
beta_decouple,ATOMUSDT,2026-05-22 19:00:00+00:00,2026-05-22 19:01:00+00:00,LONG,2.07,2.10105,2.10105,2.03895,TP,0.892746,0.959412,0.106667,0.0,555.638824,0
beta_decouple,ATOMUSDT,2026-05-22 23:00:00+00:00,2026-05-22 23:02:00+00:00,LONG,2.068,2.086,2.09902,2.03698,TIME,0.473268,0.539935,0.106667,0.0,608.232046,0
beta_decouple,ATOMUSDT,2026-05-23 01:00:00+00:00,2026-05-23 01:02:00+00:00,SHORT,2.117,2.096,2.085245,2.148755,TIME,0.555031,0.621698,0.106667,0.0,675.749625,0
beta_decouple,ATOMUSDT,2026-05-23 02:00:00+00:00,2026-05-23 02:02:00+00:00,SHORT,2.125,2.111,2.093125,2.156875,TIME,0.332801,0.399467,0.106667,0.0,720.727604,0
beta_decouple,ATOMUSDT,2026-05-23 05:00:00+00:00,2026-05-23 05:02:00+00:00,LONG,2.076,2.096,2.10714,2.04486,TIME,0.535221,0.601888,0.106667,0.0,797.877292,0
beta_decouple,ATOMUSDT,2026-05-23 07:00:00+00:00,2026-05-23 07:01:00+00:00,LONG,2.035,2.065525,2.065525,2.004475,TP,0.892746,0.959412,0.106667,0.0,940.337566,0
beta_decouple,ATOMUSDT,2026-05-23 12:00:00+00:00,2026-05-23 12:02:00+00:00,SHORT,2.025,2.017,1.994625,2.055375,TIME,0.156854,0.223521,0.106667,0.0,969.836686,0
beta_decouple,ATOMUSDT,2026-05-23 13:00:00+00:00,2026-05-23 13:02:00+00:00,SHORT,2.051,2.029,2.020235,2.081765,TIME,0.608849,0.675516,0.106667,0.0,1087.933475,0
beta_decouple,ATOMUSDT,2026-05-23 14:00:00+00:00,2026-05-23 14:02:00+00:00,SHORT,2.051,2.051,2.020235,2.081765,TIME,-0.106679,-0.040012,0.106667,0.0,1064.721616,0
beta_decouple,ATOMUSDT,2026-05-23 15:00:00+00:00,2026-05-23 15:02:00+00:00,SHORT,2.068,2.053,2.03698,2.09902,TIME,0.377171,0.443837,0.106667,0.0,1145.037942,0
beta_decouple,ATOMUSDT,2026-05-23 18:00:00+00:00,2026-05-23 18:02:00+00:00,SHORT,2.083,2.058,2.051755,2.114245,TIME,0.69393,0.760596,0.106667,0.0,1303.95308,0
beta_decouple,ATOMUSDT,2026-05-23 20:00:00+00:00,2026-05-23 20:01:00+00:00,SHORT,2.145,2.112825,2.112825,2.177175,TP,0.893922,0.960588,0.106667,0.0,1537.079421,0
beta_decouple,ATOMUSDT,2026-05-24 04:00:00+00:00,2026-05-24 04:02:00+00:00,LONG,2.093,2.11,2.124395,2.061605,TIME,0.434508,0.501175,0.106667,0.0,1670.654092,0
beta_decouple,ATOMUSDT,2026-05-24 05:00:00+00:00,2026-05-24 05:02:00+00:00,LONG,2.084,2.088,2.11526,2.05274,TIME,0.021228,0.087894,0.106667,0.0,1677.746898,0
beta_decouple,ATOMUSDT,2026-05-24 12:00:00+00:00,2026-05-24 12:02:00+00:00,LONG,2.086,2.099,2.11729,2.05471,TIME,0.308564,0.375231,0.106667,0.0,1781.285466,0
beta_decouple,ATOMUSDT,2026-05-24 13:00:00+00:00,2026-05-24 13:02:00+00:00,LONG,2.072,2.087,2.10308,2.04092,TIME,0.375681,0.442348,0.106667,0.0,1915.124602,0
beta_decouple,ATOMUSDT,2026-05-24 14:00:00+00:00,2026-05-24 14:02:00+00:00,LONG,2.049,2.072,2.079735,2.018265,TIME,0.641229,0.707896,0.106667,0.0,2160.731283,0
beta_decouple,ATOMUSDT,2026-05-24 20:00:00+00:00,2026-05-24 20:02:00+00:00,LONG,2.031,2.04,2.061465,2.000535,TIME,0.188589,0.255256,0.106667,0.0,2242.229359,0
beta_decouple,ATOMUSDT,2026-05-24 21:00:00+00:00,2026-05-24 21:02:00+00:00,LONG,2.011,2.032,2.041165,1.980835,TIME,0.589099,0.655765,0.106667,0.0,2506.408289,0
beta_decouple,ATOMUSDT,2026-05-24 23:00:00+00:00,2026-05-24 23:02:00+00:00,SHORT,2.053,2.04,2.022205,2.083795,TIME,0.315721,0.382388,0.106667,0.0,2664.673508,0
beta_decouple,ATOMUSDT,2026-05-25 00:00:00+00:00,2026-05-25 00:02:00+00:00,SHORT,2.06,2.05,2.0291,2.0909,TIME,0.21714,0.283807,0.106667,0.0,2780.395034,0
beta_decouple,ATOMUSDT,2026-05-25 03:00:00+00:00,2026-05-25 03:02:00+00:00,SHORT,2.068,2.057,2.03698,2.09902,TIME,0.248144,0.314811,0.106667,0.0,2918.382752,0
beta_decouple,ATOMUSDT,2026-05-25 04:00:00+00:00,2026-05-25 04:02:00+00:00,SHORT,2.091,2.07,2.059635,2.122365,TIME,0.563259,0.629926,0.106667,0.0,3247.143985,0
beta_decouple,ATOMUSDT,2026-05-25 05:00:00+00:00,2026-05-25 05:01:00+00:00,SHORT,2.143,2.110855,2.110855,2.175145,TP,0.893922,0.960588,0.106667,0.0,3827.682356,0
beta_decouple,ATOMUSDT,2026-05-25 06:00:00+00:00,2026-05-25 06:02:00+00:00,SHORT,2.177,2.144345,2.144345,2.209655,TP,0.893922,0.960588,0.106667,0.0,4512.011874,0
beta_decouple,ATOMUSDT,2026-05-25 16:00:00+00:00,2026-05-25 16:02:00+00:00,SHORT,2.155,2.129,2.122675,2.187325,TIME,0.698135,0.764802,0.106667,0.0,5142.010633,0
beta_decouple,ATOMUSDT,2026-05-25 19:00:00+00:00,2026-05-25 19:02:00+00:00,LONG,2.137,2.141,2.169055,2.104945,TIME,0.018056,0.084723,0.106667,0.0,5160.579468,0
beta_decouple,ATOMUSDT,2026-05-25 20:00:00+00:00,2026-05-25 20:02:00+00:00,LONG,2.136,2.143,2.16804,2.10396,TIME,0.111691,0.178358,0.106667,0.0,5275.857717,0
beta_decouple,ATOMUSDT,2026-05-25 22:00:00+00:00,2026-05-25 22:02:00+00:00,LONG,2.125,2.156875,2.156875,2.093125,TP,0.892746,0.959412,0.106667,0.0,6217.857374,0
beta_decouple,ATOMUSDT,2026-05-26 05:00:00+00:00,2026-05-26 05:02:00+00:00,LONG,2.137,2.152,2.169055,2.104945,TIME,0.36101,0.427677,0.106667,0.0,6666.799566,0
beta_decouple,ATOMUSDT,2026-05-26 09:00:00+00:00,2026-05-26 09:02:00+00:00,SHORT,2.166,2.153,2.13351,2.19849,TIME,0.293685,0.360351,0.106667,0.0,7058.386826,0
beta_decouple,ATOMUSDT,2026-05-26 10:00:00+00:00,2026-05-26 10:01:00+00:00,SHORT,2.231,2.197535,2.197535,2.264465,TP,0.893922,0.960588,0.106667,0.0,8320.315588,0
beta_decouple,ATOMUSDT,2026-05-26 17:00:00+00:00,2026-05-26 17:01:00+00:00,LONG,2.198,2.23097,2.23097,2.16503,TP,0.892746,0.959412,0.106667,0.0,9805.900464,0
beta_decouple,ATOMUSDT,2026-05-26 18:00:00+00:00,2026-05-26 18:02:00+00:00,LONG,2.174,2.193,2.20661,2.14139,TIME,0.475639,0.542306,0.106667,0.0,10738.714613,0
beta_decouple,ATOMUSDT,2026-05-26 23:00:00+00:00,2026-05-26 23:02:00+00:00,SHORT,2.217,2.206,2.183745,2.250255,TIME,0.224297,0.290964,0.106667,0.0,11220.447299,0
beta_decouple,ATOMUSDT,2026-05-27 00:00:00+00:00,2026-05-27 00:02:00+00:00,SHORT,2.245,2.218,2.211325,2.278675,TIME,0.695584,0.762251,0.106667,0.0,12781.400651,0
beta_decouple,ATOMUSDT,2026-05-27 04:00:00+00:00,2026-05-27 04:02:00+00:00,LONG,2.2,2.219,2.233,2.167,TIME,0.468758,0.535424,0.106667,0.0,13979.676274,0
beta_decouple,ATOMUSDT,2026-05-27 08:00:00+00:00,2026-05-27 08:02:00+00:00,LONG,2.21,2.238,2.24315,2.17685,TIME,0.737484,0.804151,0.106667,0.0,16041.634474,0
beta_decouple,ATOMUSDT,2026-05-27 12:00:00+00:00,2026-05-27 12:02:00+00:00,LONG,2.189,2.208,2.221835,2.156165,TIME,0.471649,0.538316,0.106667,0.0,17554.838881,0
beta_decouple,ATOMUSDT,2026-05-27 16:00:00+00:00,2026-05-27 16:02:00+00:00,LONG,2.161,2.184,2.193415,2.128585,TIME,0.602468,0.669134,0.106667,0.0,19670.083833,0
beta_decouple,ATOMUSDT,2026-05-27 17:00:00+00:00,2026-05-27 17:02:00+00:00,LONG,2.154,2.157,2.18631,2.12169,TIME,-0.01386,0.052807,0.106667,0.0,19615.558938,0
beta_decouple,ATOMUSDT,2026-05-27 21:00:00+00:00,2026-05-27 21:01:00+00:00,LONG,2.122,2.15383,2.15383,2.09017,TP,0.892746,0.959412,0.106667,0.0,23117.89937,0
beta_decouple,ATOMUSDT,2026-05-28 02:00:00+00:00,2026-05-28 02:02:00+00:00,SHORT,2.134,2.126,2.10199,2.16601,TIME,0.143393,0.21006,0.106667,0.0,23780.88941,0
beta_decouple,ATOMUSDT,2026-05-28 03:00:00+00:00,2026-05-28 03:01:00+00:00,LONG,2.089,2.120335,2.120335,2.057665,TP,0.892746,0.959412,0.106667,0.0,28026.945858,0
beta_decouple,ATOMUSDT,2026-05-28 10:00:00+00:00,2026-05-28 10:01:00+00:00,LONG,2.023,2.053345,2.053345,1.992655,TP,0.892746,0.959412,0.106667,0.0,33031.13187,0
beta_decouple,ATOMUSDT,2026-05-28 14:00:00+00:00,2026-05-28 14:02:00+00:00,SHORT,2.026,2.008,1.99561,2.05639,TIME,0.485977,0.552644,0.106667,0.0,36241.605385,0
beta_decouple,ATOMUSDT,2026-05-28 15:00:00+00:00,2026-05-28 15:02:00+00:00,SHORT,2.023,2.026,1.992655,2.053345,TIME,-0.205601,-0.138934,0.106667,0.0,34751.342739,0
beta_decouple,ATOMUSDT,2026-05-28 18:00:00+00:00,2026-05-28 18:02:00+00:00,SHORT,2.032,2.029,2.00152,2.06248,TIME,-0.008194,0.058472,0.106667,0.0,34694.389454,0
beta_decouple,ATOMUSDT,2026-05-28 20:00:00+00:00,2026-05-28 20:02:00+00:00,SHORT,2.038,2.026,2.00743,2.06857,TIME,0.286099,0.352765,0.106667,0.0,36679.592933,0
beta_decouple,ATOMUSDT,2026-05-28 21:00:00+00:00,2026-05-28 21:02:00+00:00,SHORT,2.063,2.038,2.032055,2.093945,TIME,0.701691,0.768358,0.106667,0.0,41827.142181,0
beta_decouple,ATOMUSDT,2026-05-29 01:00:00+00:00,2026-05-29 01:02:00+00:00,SHORT,2.096,2.078,2.06456,2.12744,TIME,0.466184,0.532851,0.106667,0.0,45726.971307,0
beta_decouple,ATOMUSDT,2026-05-29 07:00:00+00:00,2026-05-29 07:02:00+00:00,LONG,2.033,2.053,2.063495,2.002505,TIME,0.548797,0.615464,0.106667,0.0,50745.937715,0
beta_decouple,ATOMUSDT,2026-05-29 08:00:00+00:00,2026-05-29 08:02:00+00:00,LONG,2.021,2.033,2.051315,1.990685,TIME,0.288952,0.355618,0.106667,0.0,53678.56105,0
beta_decouple,ATOMUSDT,2026-05-29 12:00:00+00:00,2026-05-29 12:02:00+00:00,LONG,2.001,2.007,2.031015,1.970985,TIME,0.093125,0.159792,0.106667,0.0,54678.329356,0
beta_decouple,ATOMUSDT,2026-05-29 15:00:00+00:00,2026-05-29 15:01:00+00:00,SHORT,2.032,2.00152,2.00152,2.06248,TP,0.893922,0.960588,0.106667,0.0,64453.956303,0
beta_decouple,ATOMUSDT,2026-05-29 21:00:00+00:00,2026-05-29 21:02:00+00:00,LONG,2.013,2.031,2.043195,1.982805,TIME,0.489113,0.55578,0.106667,0.0,70759.00922,0
beta_decouple,ATOMUSDT,2026-05-30 01:00:00+00:00,2026-05-30 01:02:00+00:00,SHORT,2.029,2.02,1.998565,2.059435,TIME,0.189211,0.255878,0.106667,0.0,73436.685569,0
beta_decouple,ATOMUSDT,2026-05-30 02:00:00+00:00,2026-05-30 02:02:00+00:00,SHORT,2.035,2.037,2.004475,2.065525,TIME,-0.172238,-0.105571,0.106667,0.0,70906.967124,0
beta_decouple,ATOMUSDT,2026-05-30 09:00:00+00:00,2026-05-30 09:02:00+00:00,SHORT,2.039,2.024,2.008415,2.069585,TIME,0.384052,0.450719,0.106667,0.0,76353.36202,0
beta_decouple,ATOMUSDT,2026-05-30 11:00:00+00:00,2026-05-30 11:02:00+00:00,SHORT,2.048,2.035,2.01728,2.07872,TIME,0.316752,0.383419,0.106667,0.0,81190.384085,0
beta_decouple,ATOMUSDT,2026-05-30 15:00:00+00:00,2026-05-30 15:02:00+00:00,LONG,2.038,2.048,2.06857,2.00743,TIME,0.220267,0.286934,0.106667,0.0,84767.099918,0
beta_decouple,ATOMUSDT,2026-05-30 16:00:00+00:00,2026-05-30 16:02:00+00:00,LONG,2.034,2.041,2.06451,2.00349,TIME,0.122641,0.189307,0.106667,0.0,86846.278942,0
beta_decouple,ATOMUSDT,2026-05-30 20:00:00+00:00,2026-05-30 20:02:00+00:00,LONG,2.028,2.034,2.05842,1.99758,TIME,0.090466,0.157132,0.106667,0.0,88417.600492,0
beta_decouple,ATOMUSDT,2026-05-30 21:00:00+00:00,2026-05-30 21:02:00+00:00,LONG,2.027,2.025,2.057405,1.996595,TIME,-0.172394,-0.105727,0.106667,0.0,85369.070032,0
beta_decouple,ATOMUSDT,2026-05-30 22:00:00+00:00,2026-05-30 22:02:00+00:00,LONG,2.011,2.02,2.041165,1.980835,TIME,0.191525,0.258192,0.106667,0.0,88639.138975,0
beta_decouple,ATOMUSDT,2026-05-31 07:00:00+00:00,2026-05-31 07:02:00+00:00,LONG,1.978,1.992,2.00767,1.94833,TIME,0.364919,0.431586,0.106667,0.0,95108.367171,0
beta_decouple,ATOMUSDT,2026-05-31 14:00:00+00:00,2026-05-31 14:02:00+00:00,LONG,1.958,1.974,1.98737,1.92863,TIME,0.437792,0.504459,0.106667,0.0,103435.90633,0
beta_decouple,ATOMUSDT,2026-05-31 15:00:00+00:00,2026-05-31 15:02:00+00:00,LONG,1.945,1.953,1.974175,1.915825,TIME,0.167388,0.234055,0.106667,0.0,106898.696861,0
beta_decouple,ATOMUSDT,2026-05-31 20:00:00+00:00,2026-05-31 20:02:00+00:00,SHORT,1.941,1.923,1.911885,1.970115,TIME,0.51193,0.578597,0.106667,0.0,117843.635507,0
beta_decouple,ATOMUSDT,2026-05-31 21:00:00+00:00,2026-05-31 21:02:00+00:00,SHORT,1.95,1.94,1.92075,1.97925,TIME,0.235407,0.302074,0.106667,0.0,123391.875581,0
beta_decouple,ATOMUSDT,2026-05-31 22:00:00+00:00,2026-05-31 22:02:00+00:00,SHORT,1.957,1.947,1.927645,1.986355,TIME,0.234183,0.30085,0.106667,0.0,129171.13778,0
beta_decouple,ATOMUSDT,2026-06-01 00:00:00+00:00,2026-06-01 00:02:00+00:00,SHORT,1.973,1.956,1.943405,2.002595,TIME,0.468087,0.534754,0.106667,0.0,141263.815246,0
beta_decouple,ATOMUSDT,2026-06-01 12:00:00+00:00,2026-06-01 12:02:00+00:00,LONG,1.922,1.935,1.95083,1.89317,TIME,0.343994,0.410661,0.106667,0.0,150982.59737,0
beta_decouple,ATOMUSDT,2026-06-01 13:00:00+00:00,2026-06-01 13:02:00+00:00,LONG,1.911,1.919,1.939665,1.882335,TIME,0.172264,0.238931,0.106667,0.0,156184.368237,0
beta_decouple,ATOMUSDT,2026-06-01 15:00:00+00:00,2026-06-01 15:02:00+00:00,LONG,1.9,1.912,1.9285,1.8715,TIME,0.314145,0.380812,0.106667,0.0,165997.288576,0
beta_decouple,ATOMUSDT,2026-06-01 17:00:00+00:00,2026-06-01 17:02:00+00:00,SHORT,1.927,1.911,1.898095,1.955905,TIME,0.447191,0.513858,0.106667,0.0,180843.787342,0
beta_decouple,ATOMUSDT,2026-06-01 21:00:00+00:00,2026-06-01 21:02:00+00:00,LONG,1.893,1.905,1.921395,1.864605,TIME,0.315701,0.382368,0.106667,0.0,192262.316678,0
beta_decouple,ATOMUSDT,2026-06-03 00:00:00+00:00,2026-06-03 00:02:00+00:00,LONG,1.845,1.822,1.872675,1.817325,TIME,-0.937231,-0.870564,0.106667,0.0,156223.470159,0
beta_decouple,ATOMUSDT,2026-06-03 05:00:00+00:00,2026-06-03 05:02:00+00:00,SHORT,1.865,1.853,1.837025,1.892975,TIME,0.322533,0.3892,0.106667,0.0,166300.921409,0
beta_decouple,ATOMUSDT,2026-06-03 10:00:00+00:00,2026-06-03 10:02:00+00:00,SHORT,1.896,1.881,1.86756,1.92444,TIME,0.421064,0.487731,0.106667,0.0,180305.588998,0
beta_decouple,ATOMUSDT,2026-06-03 12:00:00+00:00,2026-06-03 12:02:00+00:00,SHORT,1.914,1.898,1.88529,1.94271,TIME,0.450953,0.51762,0.106667,0.0,196567.455273,0
beta_decouple,ATOMUSDT,2026-06-03 15:00:00+00:00,2026-06-03 15:02:00+00:00,LONG,1.877,1.896,1.905155,1.848845,TIME,0.567776,0.634443,0.106667,0.0,218888.722997,0
beta_decouple,ATOMUSDT,2026-06-03 16:00:00+00:00,2026-06-03 16:02:00+00:00,LONG,1.865,1.87,1.892975,1.837025,TIME,0.071969,0.138636,0.106667,0.0,222039.369326,0
beta_decouple,ATOMUSDT,2026-06-03 20:00:00+00:00,2026-06-03 20:02:00+00:00,LONG,1.851,1.857,1.878765,1.823235,TIME,0.109315,0.175982,0.106667,0.0,226893.821151,0
beta_decouple,ATOMUSDT,2026-06-03 21:00:00+00:00,2026-06-03 21:01:00+00:00,SHORT,1.885,1.856725,1.856725,1.913275,TP,0.893922,0.960588,0.106667,0.0,267458.874584,0
beta_decouple,ATOMUSDT,2026-06-04 01:00:00+00:00,2026-06-04 01:01:00+00:00,LONG,1.802,1.82903,1.82903,1.77497,TP,0.892746,0.959412,0.106667,0.0,315213.416446,0
beta_decouple,ATOMUSDT,2026-06-04 07:00:00+00:00,2026-06-04 07:01:00+00:00,LONG,1.783,1.809745,1.809745,1.756255,TP,0.892746,0.959412,0.106667,0.0,371494.488871,0
beta_decouple,ATOMUSDT,2026-06-04 09:00:00+00:00,2026-06-04 09:02:00+00:00,LONG,1.754,1.773,1.78031,1.72769,TIME,0.615071,0.681738,0.106667,0.0,417193.589145,0
beta_decouple,ATOMUSDT,2026-06-04 10:00:00+00:00,2026-06-04 10:02:00+00:00,LONG,1.735,1.758,1.7625,1.7075,TIME,0.734928,0.798019,0.100945,0.0,478515.028072,0
beta_decouple,ATOMUSDT,2026-06-04 12:00:00+00:00,2026-06-04 12:01:00+00:00,SHORT,1.802,1.77497,1.77497,1.82903,TP,0.893922,0.960588,0.106667,0.0,564066.003342,0
beta_decouple,ATOMUSDT,2026-06-04 13:00:00+00:00,2026-06-04 13:02:00+00:00,SHORT,1.808,1.801,1.78088,1.83512,TIME,0.151588,0.218255,0.106667,0.0,581167.16892,0
beta_decouple,ATOMUSDT,2026-06-04 15:00:00+00:00,2026-06-04 15:01:00+00:00,SHORT,1.851,1.823235,1.823235,1.878765,TP,0.893922,0.960588,0.106667,0.0,685070.735535,0
beta_decouple,ATOMUSDT,2026-06-04 21:00:00+00:00,2026-06-04 21:01:00+00:00,LONG,1.779,1.805685,1.805685,1.752315,TP,0.892746,0.959412,0.106667,0.0,807389.500128,0
beta_decouple,ATOMUSDT,2026-06-05 02:00:00+00:00,2026-06-05 02:01:00+00:00,LONG,1.764,1.79046,1.79046,1.73754,TP,0.892746,0.959412,0.106667,0.0,951548.170288,0
beta_decouple,ATOMUSDT,2026-06-05 04:00:00+00:00,2026-06-05 04:01:00+00:00,SHORT,1.812,1.78482,1.78482,1.83918,TP,0.893922,0.960588,0.106667,0.0,1121670.045692,0
beta_decouple,ATOMUSDT,2026-06-05 10:00:00+00:00,2026-06-05 10:01:00+00:00,LONG,1.725,1.750875,1.750875,1.699125,TP,0.892746,0.959412,0.106667,0.0,1321943.225019,0
beta_decouple,ATOMUSDT,2026-06-05 11:00:00+00:00,2026-06-05 11:01:00+00:00,LONG,1.696,1.72144,1.72144,1.67056,TP,0.892746,0.959412,0.106667,0.0,1557975.000657,0
beta_decouple,ATOMUSDT,2026-06-05 16:00:00+00:00,2026-06-05 16:02:00+00:00,SHORT,1.688,1.66268,1.66268,1.71332,TP,0.893922,0.960588,0.106667,0.0,1836516.473616,0
beta_decouple,ATOMUSDT,2026-06-05 17:00:00+00:00,2026-06-05 17:01:00+00:00,LONG,1.648,1.6740625,1.6740625,1.6219375,TP,0.898239,0.961472,0.101172,0.0,2166442.755925,0
beta_decouple,ATOMUSDT,2026-06-05 18:00:00+00:00,2026-06-05 18:01:00+00:00,LONG,1.607,1.6410625,1.6410625,1.5729375,TP,0.923924,0.971102,0.075485,0.0,2566768.403439,0
beta_decouple,ATOMUSDT,2026-06-06 03:00:00+00:00,2026-06-06 03:02:00+00:00,LONG,1.624,1.638,1.64836,1.59964,TIME,0.467713,0.53438,0.106667,0.0,2806870.721445,0
beta_decouple,ATOMUSDT,2026-06-06 04:00:00+00:00,2026-06-06 04:01:00+00:00,LONG,1.573,1.60019792,1.60019792,1.54580208,TP,0.906874,0.964709,0.092536,0.0,3315966.386436,0
beta_decouple,ATOMUSDT,2026-06-06 11:00:00+00:00,2026-06-06 11:02:00+00:00,SHORT,1.63,1.617,1.60555,1.65445,TIME,0.425338,0.492004,0.106667,0.0,3598047.546279,0
beta_decouple,ATOMUSDT,2026-06-06 12:00:00+00:00,2026-06-06 12:02:00+00:00,SHORT,1.636,1.632,1.61146,1.66054,TIME,0.056418,0.123085,0.106667,0.0,3638646.722827,0
beta_decouple,ATOMUSDT,2026-06-06 13:00:00+00:00,2026-06-06 13:02:00+00:00,SHORT,1.643,1.637,1.618355,1.667645,TIME,0.136925,0.203591,0.106667,0.0,3738290.727492,0
beta_decouple,ATOMUSDT,2026-06-06 17:00:00+00:00,2026-06-06 17:02:00+00:00,LONG,1.611,1.622,1.635165,1.586835,TIME,0.348276,0.414943,0.106667,0.0,3998682.187938,0
beta_decouple,ATOMUSDT,2026-06-06 21:00:00+00:00,2026-06-06 21:02:00+00:00,SHORT,1.623,1.62,1.598655,1.647345,TIME,0.016624,0.083291,0.106667,0.0,4011976.908994,0
beta_decouple,ATOMUSDT,2026-06-06 23:00:00+00:00,2026-06-06 23:02:00+00:00,SHORT,1.627,1.625,1.602595,1.651405,TIME,-0.024679,0.041988,0.106667,0.0,3992174.540999,0
beta_decouple,ATOMUSDT,2026-06-07 01:00:00+00:00,2026-06-07 01:01:00+00:00,SHORT,1.665,1.640025,1.640025,1.689975,TP,0.893922,0.960588,0.106667,0.0,4705912.679602,0
beta_decouple,ATOMUSDT,2026-06-07 06:00:00+00:00,2026-06-07 06:02:00+00:00,SHORT,1.699,1.68,1.673515,1.724485,TIME,0.639305,0.705972,0.106667,0.0,5307615.734684,0
beta_decouple,ATOMUSDT,2026-06-07 08:00:00+00:00,2026-06-07 08:02:00+00:00,SHORT,1.719,1.7,1.693215,1.744785,TIME,0.630626,0.697293,0.106667,0.0,5977039.933589,0
beta_decouple,ATOMUSDT,2026-06-07 10:00:00+00:00,2026-06-07 10:02:00+00:00,LONG,1.687,1.694,1.712305,1.661695,TIME,0.169805,0.236471,0.106667,0.0,6180025.681474,0
beta_decouple,ATOMUSDT,2026-06-07 12:00:00+00:00,2026-06-07 12:02:00+00:00,LONG,1.669,1.69,1.694035,1.643965,TIME,0.731668,0.798334,0.106667,0.0,7084370.876661,0
beta_decouple,ATOMUSDT,2026-06-07 19:00:00+00:00,2026-06-07 19:02:00+00:00,LONG,1.657,1.666,1.681855,1.632145,TIME,0.255228,0.321895,0.106667,0.0,7445997.28618,0
beta_decouple,ATOMUSDT,2026-06-07 22:00:00+00:00,2026-06-07 22:01:00+00:00,SHORT,1.706,1.68041,1.68041,1.73159,TP,0.893922,0.960588,0.106667,0.0,8777224.713365,0
beta_decouple,ATOMUSDT,2026-06-08 04:00:00+00:00,2026-06-08 04:02:00+00:00,LONG,1.712,1.727,1.73768,1.68632,TIME,0.477107,0.543774,0.106667,0.0,9614759.989167,0
beta_decouple,ATOMUSDT,2026-06-08 09:00:00+00:00,2026-06-08 09:02:00+00:00,SHORT,1.746,1.723,1.71981,1.77219,TIME,0.772046,0.838713,0.106667,0.0,11099367.75638,0
beta_decouple,ATOMUSDT,2026-06-08 19:00:00+00:00,2026-06-08 19:02:00+00:00,SHORT,1.799,1.785,1.772015,1.825985,TIME,0.412439,0.479106,0.106667,0.0,12014931.186666,0
beta_decouple,ATOMUSDT,2026-06-08 22:00:00+00:00,2026-06-08 22:02:00+00:00,LONG,1.781,1.786,1.807715,1.754285,TIME,0.080394,0.147061,0.106667,0.0,12208116.473074,0
beta_decouple,ATOMUSDT,2026-06-08 23:00:00+00:00,2026-06-08 23:02:00+00:00,LONG,1.764,1.78,1.79046,1.73754,TIME,0.497669,0.564336,0.106667,0.0,13423236.563965,0
beta_decouple,ATOMUSDT,2026-06-09 00:00:00+00:00,2026-06-09 00:02:00+00:00,LONG,1.739,1.762,1.765085,1.712915,TIME,0.774549,0.841216,0.106667,0.0,15502628.114112,0
beta_decouple,ATOMUSDT,2026-06-09 05:00:00+00:00,2026-06-09 05:02:00+00:00,SHORT,1.757,1.754,1.730645,1.783355,TIME,0.00722,0.073887,0.106667,0.0,15525014.036783,0
beta_decouple,ATOMUSDT,2026-06-09 09:00:00+00:00,2026-06-09 09:02:00+00:00,LONG,1.739,1.753,1.765085,1.712915,TIME,0.42973,0.496397,0.106667,0.0,16859327.892523,0
beta_decouple,ATOMUSDT,2026-06-09 13:00:00+00:00,2026-06-09 13:02:00+00:00,SHORT,1.762,1.746,1.73557,1.78843,TIME,0.499057,0.565724,0.106667,0.0,18542082.175489,0
beta_decouple,ATOMUSDT,2026-06-09 15:00:00+00:00,2026-06-09 15:01:00+00:00,SHORT,1.783,1.756255,1.756255,1.809745,TP,0.893922,0.960588,0.106667,0.0,21857115.394068,0
beta_decouple,ATOMUSDT,2026-06-11 00:00:00+00:00,2026-06-11 00:01:00+00:00,SHORT,1.795,1.768075,1.768075,1.821925,TP,0.893922,0.960588,0.106667,0.0,25764824.512595,0
beta_decouple,ATOMUSDT,2026-06-11 01:00:00+00:00,2026-06-11 01:02:00+00:00,SHORT,1.809,1.802,1.781865,1.836135,TIME,0.151446,0.218112,0.106667,0.0,26545218.219583,0
beta_decouple,ATOMUSDT,2026-06-11 03:00:00+00:00,2026-06-11 03:01:00+00:00,SHORT,1.828,1.80058,1.80058,1.85542,TP,0.893922,0.960588,0.106667,0.0,31291086.529274,0
beta_decouple,ATOMUSDT,2026-06-11 04:00:00+00:00,2026-06-11 04:02:00+00:00,SHORT,1.851,1.829,1.823235,1.878765,TIME,0.686161,0.752828,0.106667,0.0,35585233.544424,0
beta_decouple,ATOMUSDT,2026-06-11 11:00:00+00:00,2026-06-11 11:01:00+00:00,SHORT,1.933,1.90277083,1.90277083,1.96322917,TP,0.898277,0.962222,0.102312,0.0,41978312.067914,0
beta_decouple,ATOMUSDT,2026-06-11 16:00:00+00:00,2026-06-11 16:01:00+00:00,LONG,1.939,1.968085,1.968085,1.909915,TP,0.892746,0.959412,0.106667,0.0,49473501.988433,0
beta_decouple,ATOMUSDT,2026-06-11 17:00:00+00:00,2026-06-11 17:01:00+00:00,SHORT,2.007,1.96977083,1.96977083,2.04422917,TP,0.914336,0.968245,0.086255,0.0,58520578.031945,0
beta_decouple,ATOMUSDT,2026-06-12 00:00:00+00:00,2026-06-12 00:01:00+00:00,LONG,1.996,2.02594,2.02594,1.96606,TP,0.892746,0.959412,0.106667,0.0,68969374.684329,0
beta_decouple,ATOMUSDT,2026-06-12 01:00:00+00:00,2026-06-12 01:02:00+00:00,LONG,1.972,1.994,2.00158,1.94242,TIME,0.636645,0.703312,0.106667,0.0,77751176.059375,0
beta_decouple,ATOMUSDT,2026-06-12 05:00:00+00:00,2026-06-12 05:01:00+00:00,LONG,1.993,2.022895,2.022895,1.963105,TP,0.892746,0.959412,0.106667,0.0,91633578.71925,0
beta_decouple,ATOMUSDT,2026-06-12 06:00:00+00:00,2026-06-12 06:02:00+00:00,LONG,1.984,1.996,2.01376,1.95424,TIME,0.296329,0.362996,0.106667,0.0,97064321.076887,0
beta_decouple,ATOMUSDT,2026-06-12 07:00:00+00:00,2026-06-12 07:02:00+00:00,LONG,1.977,1.989,2.006655,1.947345,TIME,0.297756,0.364423,0.106667,0.0,102844620.317666,0
beta_decouple,ATOMUSDT,2026-06-12 11:00:00+00:00,2026-06-12 11:02:00+00:00,LONG,1.977,1.992,2.006655,1.947345,TIME,0.398859,0.465525,0.106667,0.0,111048717.199143,0
beta_decouple,ATOMUSDT,2026-06-12 12:00:00+00:00,2026-06-12 12:02:00+00:00,LONG,1.958,1.978,1.98737,1.92863,TIME,0.573904,0.640571,0.106667,0.0,123794974.359936,0
beta_decouple,ATOMUSDT,2026-06-12 13:00:00+00:00,2026-06-12 13:02:00+00:00,LONG,1.941,1.958,1.970115,1.911885,TIME,0.476887,0.543553,0.106667,0.0,135602206.372465,0
beta_decouple,ATOMUSDT,2026-06-12 22:00:00+00:00,2026-06-12 22:02:00+00:00,SHORT,1.963,1.958,1.933555,1.992445,TIME,0.063231,0.129898,0.106667,0.0,137317068.812427,0
beta_decouple,ATOMUSDT,2026-06-12 23:00:00+00:00,2026-06-12 23:02:00+00:00,SHORT,1.978,1.96,1.94833,2.00767,TIME,0.500359,0.567026,0.106667,0.0,151058630.953239,0
beta_decouple,ATOMUSDT,2026-06-13 00:00:00+00:00,2026-06-13 00:02:00+00:00,SHORT,1.999,1.975,1.969015,2.028985,TIME,0.694202,0.760869,0.106667,0.0,172031669.102074,0
beta_decouple,ATOMUSDT,2026-06-13 05:00:00+00:00,2026-06-13 05:02:00+00:00,LONG,1.978,2.0,2.00767,1.94833,TIME,0.63439,0.701057,0.106667,0.0,193858713.178018,0
beta_decouple,ATOMUSDT,2026-06-13 13:00:00+00:00,2026-06-13 13:02:00+00:00,LONG,1.971,1.983,2.000565,1.941435,TIME,0.298987,0.365654,0.106667,0.0,205450968.295215,0
beta_decouple,ATOMUSDT,2026-06-13 18:00:00+00:00,2026-06-13 18:02:00+00:00,LONG,1.957,1.962,1.986355,1.927645,TIME,0.063572,0.130239,0.106667,0.0,208063149.878922,0
beta_decouple,ATOMUSDT,2026-06-13 22:00:00+00:00,2026-06-13 22:02:00+00:00,LONG,1.943,1.96,1.972145,1.913855,TIME,0.476286,0.542953,0.106667,0.0,227882658.996327,0
beta_decouple,ATOMUSDT,2026-06-14 02:00:00+00:00,2026-06-14 02:02:00+00:00,SHORT,1.953,1.943,1.923705,1.982295,TIME,0.234881,0.301548,0.106667,0.0,238587737.880008,0
beta_decouple,ATOMUSDT,2026-06-14 11:00:00+00:00,2026-06-14 11:02:00+00:00,SHORT,1.938,1.931,1.90893,1.96707,TIME,0.134264,0.200931,0.106667,0.0,244994483.13511,0
beta_decouple,ATOMUSDT,2026-06-14 12:00:00+00:00,2026-06-14 12:02:00+00:00,LONG,1.924,1.934,1.95286,1.89514,TIME,0.239638,0.306305,0.106667,0.0,256736472.805727,0
beta_decouple,ATOMUSDT,2026-06-14 14:00:00+00:00,2026-06-14 14:02:00+00:00,SHORT,1.944,1.929,1.91484,1.97316,TIME,0.408033,0.4747,0.106667,0.0,277687881.753168,0
beta_decouple,ATOMUSDT,2026-06-14 15:00:00+00:00,2026-06-14 15:02:00+00:00,SHORT,1.957,1.947,1.927645,1.986355,TIME,0.234183,0.30085,0.106667,0.0,290693852.128078,0
beta_decouple,ATOMUSDT,2026-06-14 16:00:00+00:00,2026-06-14 16:02:00+00:00,SHORT,1.962,1.956,1.93257,1.99143,TIME,0.097317,0.163984,0.106667,0.0,296351759.649863,0
beta_decouple,ATOMUSDT,2026-06-14 18:00:00+00:00,2026-06-14 18:01:00+00:00,SHORT,1.994,1.96409,1.96409,2.02391,TP,0.893922,0.960588,0.106667,0.0,349334802.132669,0
beta_decouple,ATOMUSDT,2026-06-15 03:00:00+00:00,2026-06-15 03:02:00+00:00,LONG,1.98,1.989,2.0097,1.9503,TIME,0.196194,0.262861,0.106667,0.0,363042271.421845,0
beta_decouple,ATOMUSDT,2026-06-15 06:00:00+00:00,2026-06-15 06:02:00+00:00,LONG,1.98,1.981,2.0097,1.9503,TIME,-0.073005,-0.006338,0.106667,0.0,357741503.374595,0
beta_decouple,ATOMUSDT,2026-06-15 07:00:00+00:00,2026-06-15 07:02:00+00:00,LONG,1.961,1.975,1.990415,1.931585,TIME,0.369007,0.435674,0.106667,0.0,384143362.402918,0
beta_decouple,ATOMUSDT,2026-06-15 11:00:00+00:00,2026-06-15 11:02:00+00:00,SHORT,2.007,1.977,1.976895,2.037105,TIME,0.890432,0.957098,0.106667,0.0,452554041.990914,0
beta_decouple,ATOMUSDT,2026-06-15 12:00:00+00:00,2026-06-15 12:02:00+00:00,SHORT,2.017,2.006,1.986745,2.047255,TIME,0.257116,0.323782,0.106667,0.0,475825801.746415,0
beta_decouple,ATOMUSDT,2026-06-15 16:00:00+00:00,2026-06-15 16:02:00+00:00,LONG,1.985,1.997,2.014775,1.955225,TIME,0.296126,0.362793,0.106667,0.0,504006704.637323,0
beta_decouple,ATOMUSDT,2026-06-15 18:00:00+00:00,2026-06-15 18:02:00+00:00,LONG,1.97,1.979,1.99955,1.94045,TIME,0.197731,0.264398,0.106667,0.0,523938271.851789,0
beta_decouple,ATOMUSDT,2026-06-15 19:00:00+00:00,2026-06-15 19:02:00+00:00,LONG,1.96,1.975,1.9894,1.9306,TIME,0.403243,0.46991,0.106667,0.0,566193199.858574,0
beta_decouple,ATOMUSDT,2026-06-15 23:00:00+00:00,2026-06-15 23:02:00+00:00,SHORT,1.963,1.95,1.933555,1.992445,TIME,0.335087,0.401754,0.106667,0.0,604138042.850957,0
beta_decouple,ATOMUSDT,2026-06-16 05:00:00+00:00,2026-06-16 05:02:00+00:00,SHORT,1.957,1.949,1.927645,1.986355,TIME,0.166011,0.232678,0.106667,0.0,624196739.211564,0
beta_decouple,ATOMUSDT,2026-06-16 06:00:00+00:00,2026-06-16 06:02:00+00:00,SHORT,1.968,1.958,1.93848,1.99752,TIME,0.232278,0.298945,0.106667,0.0,653194177.031385,0
beta_decouple,ATOMUSDT,2026-06-16 07:00:00+00:00,2026-06-16 07:02:00+00:00,SHORT,1.991,1.968,1.961135,2.020865,TIME,0.663916,0.730582,0.106667,0.0,739927365.205311,0
beta_decouple,ATOMUSDT,2026-06-16 12:00:00+00:00,2026-06-16 12:02:00+00:00,SHORT,2.008,1.984,1.97788,2.03812,TIME,0.690612,0.757279,0.106667,0.0,842127954.56718,0
beta_decouple,ATOMUSDT,2026-06-16 14:00:00+00:00,2026-06-16 14:02:00+00:00,LONG,1.972,1.987,2.00158,1.94242,TIME,0.400141,0.466807,0.106667,0.0,909521863.626133,0
beta_decouple,ATOMUSDT,2026-06-16 23:00:00+00:00,2026-06-16 23:02:00+00:00,LONG,1.989,1.995,2.018835,1.959165,TIME,0.094331,0.160997,0.106667,0.0,926681046.033318,0
beta_decouple,ATOMUSDT,2026-06-17 03:00:00+00:00,2026-06-17 03:02:00+00:00,LONG,1.994,2.003,2.02391,1.96409,TIME,0.194068,0.260734,0.106667,0.0,962648790.150801,0
beta_decouple,ATOMUSDT,2026-06-17 06:00:00+00:00,2026-06-17 06:02:00+00:00,LONG,1.983,1.992,2.012745,1.953255,TIME,0.195736,0.262402,0.106667,0.0,1000333737.471905,0
beta_decouple,ATOMUSDT,2026-06-17 08:00:00+00:00,2026-06-17 08:02:00+00:00,LONG,1.964,1.976,1.99346,1.93454,TIME,0.300433,0.3671,0.106667,0.0,1060440386.501896,0
beta_decouple,ATOMUSDT,2026-06-17 12:00:00+00:00,2026-06-17 12:02:00+00:00,SHORT,1.983,1.975,1.953255,2.012745,TIME,0.162436,0.229102,0.106667,0.0,1094891022.560998,0
beta_decouple,ATOMUSDT,2026-06-17 13:00:00+00:00,2026-06-17 13:02:00+00:00,SHORT,1.989,1.982,1.959165,2.018835,TIME,0.128086,0.194753,0.106667,0.0,1122939045.215488,0
beta_decouple,ATOMUSDT,2026-06-17 15:00:00+00:00,2026-06-17 15:02:00+00:00,SHORT,2.004,1.98,1.97394,2.03406,TIME,0.692204,0.75887,0.106667,0.0,1278399559.6351,0
beta_decouple,ATOMUSDT,2026-06-17 17:00:00+00:00,2026-06-17 17:02:00+00:00,LONG,1.973,1.991,2.002595,1.943405,TIME,0.501191,0.567858,0.106667,0.0,1406544122.187973,0
beta_decouple,ATOMUSDT,2026-06-17 18:00:00+00:00,2026-06-17 18:02:00+00:00,LONG,1.964,1.95,1.99346,1.93454,TIME,-0.58159,-0.514924,0.106667,0.0,1242937649.406941,0
beta_decouple,ATOMUSDT,2026-06-17 19:00:00+00:00,2026-06-17 19:01:00+00:00,LONG,1.938,1.96707,1.96707,1.90893,TP,0.892746,0.959412,0.106667,0.0,1464863050.471101,0
beta_decouple,ATOMUSDT,2026-06-17 21:00:00+00:00,2026-06-17 21:01:00+00:00,LONG,1.89,1.91835,1.91835,1.86165,TP,0.892746,0.959412,0.106667,0.0,1726413032.592072,0
beta_decouple,ATOMUSDT,2026-06-18 03:00:00+00:00,2026-06-18 03:02:00+00:00,LONG,1.852,1.869,1.87978,1.82422,TIME,0.504929,0.571596,0.106667,0.0,1900756341.941538,0
beta_decouple,ATOMUSDT,2026-06-18 06:00:00+00:00,2026-06-18 06:02:00+00:00,SHORT,1.87,1.861,1.84195,1.89805,TIME,0.21437,0.281036,0.106667,0.0,1982249185.294123,0
beta_decouple,ATOMUSDT,2026-06-18 10:00:00+00:00,2026-06-18 10:01:00+00:00,LONG,1.82,1.8473,1.8473,1.7927,TP,0.892746,0.959412,0.106667,0.0,2336177997.141929,0
beta_decouple,ATOMUSDT,2026-06-18 19:00:00+00:00,2026-06-18 19:02:00+00:00,SHORT,1.801,1.78,1.773985,1.828015,TIME,0.671134,0.7378,0.106667,0.0,2649755598.697576,0
beta_decouple,ATOMUSDT,2026-06-18 20:00:00+00:00,2026-06-18 20:02:00+00:00,SHORT,1.804,1.803,1.77694,1.83106,TIME,-0.069702,-0.003035,0.106667,0.0,2612817170.628336,0
beta_decouple,ATOMUSDT,2026-06-19 00:00:00+00:00,2026-06-19 00:02:00+00:00,SHORT,1.812,1.803,1.78482,1.83918,TIME,0.224646,0.291313,0.106667,0.0,2730208899.761094,0
beta_decouple,ATOMUSDT,2026-06-19 01:00:00+00:00,2026-06-19 01:02:00+00:00,SHORT,1.817,1.812,1.789745,1.844255,TIME,0.076884,0.143551,0.106667,0.0,2772190782.424527,0
beta_decouple,ATOMUSDT,2026-06-19 04:00:00+00:00,2026-06-19 04:02:00+00:00,LONG,1.795,1.803,1.821925,1.768075,TIME,0.190289,0.256955,0.106667,0.0,2877694123.063258,0
beta_decouple,ATOMUSDT,2026-06-19 06:00:00+00:00,2026-06-19 06:02:00+00:00,SHORT,1.824,1.813,1.79664,1.85136,TIME,0.295609,0.362276,0.106667,0.0,3047828817.636678,0
beta_decouple,ATOMUSDT,2026-06-19 13:00:00+00:00,2026-06-19 13:02:00+00:00,SHORT,1.84,1.818,1.8124,1.8676,TIME,0.690901,0.757568,0.106667,0.0,3468978525.016924,0
beta_decouple,ATOMUSDT,2026-06-22 22:00:00+00:00,2026-06-22 22:02:00+00:00,LONG,1.788,1.8,1.81482,1.76118,TIME,0.340504,0.407171,0.106667,0.0,3705218909.076682,0
beta_decouple,ATOMUSDT,2026-06-23 06:00:00+00:00,2026-06-23 06:02:00+00:00,LONG,1.754,1.78,1.78031,1.72769,TIME,0.88097,0.947637,0.106667,0.0,4358056238.386292,0
beta_decouple,ATOMUSDT,2026-06-23 08:00:00+00:00,2026-06-23 08:02:00+00:00,LONG,1.74,1.761,1.7661,1.7139,TIME,0.69746,0.764127,0.106667,0.0,4965970582.694387,0
beta_decouple,ATOMUSDT,2026-06-23 11:00:00+00:00,2026-06-23 11:02:00+00:00,SHORT,1.769,1.76,1.742465,1.795535,TIME,0.2327,0.299366,0.106667,0.0,5197086427.10027,0
beta_decouple,ATOMUSDT,2026-06-23 15:00:00+00:00,2026-06-23 15:02:00+00:00,LONG,1.724,1.739,1.74986,1.69814,TIME,0.473044,0.53971,0.106667,0.0,5688776339.956031,0
beta_decouple,ATOMUSDT,2026-06-23 21:00:00+00:00,2026-06-23 21:02:00+00:00,SHORT,1.73,1.72,1.70405,1.75595,TIME,0.278909,0.345576,0.106667,0.0,6006106601.034378,0
beta_decouple,ATOMUSDT,2026-06-24 01:00:00+00:00,2026-06-24 01:02:00+00:00,SHORT,1.729,1.721,1.703065,1.754935,TIME,0.20197,0.268637,0.106667,0.0,6248717186.643147,0
beta_decouple,ATOMUSDT,2026-06-24 08:00:00+00:00,2026-06-24 08:02:00+00:00,LONG,1.682,1.692,1.70723,1.65677,TIME,0.289461,0.356128,0.106667,0.0,6610469342.086372,0
beta_decouple,ATOMUSDT,2026-06-24 09:00:00+00:00,2026-06-24 09:02:00+00:00,LONG,1.669,1.68,1.694035,1.643965,TIME,0.332467,0.399133,0.106667,0.0,7050021447.064149,0
beta_decouple,ATOMUSDT,2026-06-24 10:00:00+00:00,2026-06-24 10:02:00+00:00,LONG,1.654,1.668,1.67881,1.62919,TIME,0.457295,0.523962,0.106667,0.0,7694809995.108109,0
beta_decouple,ATOMUSDT,2026-06-24 14:00:00+00:00,2026-06-24 14:02:00+00:00,SHORT,1.663,1.642,1.638055,1.687945,TIME,0.735679,0.802345,0.106667,0.0,8826991507.2965,0
beta_decouple,ATOMUSDT,2026-06-24 20:00:00+00:00,2026-06-24 20:01:00+00:00,SHORT,1.656,1.63116,1.63116,1.68084,TP,0.893922,0.960588,0.106667,0.0,10405119022.31113,0
beta_decouple,DOTUSDT,2026-05-15 05:00:00+00:00,2026-05-15 05:01:00+00:00,LONG,1.323,1.342845,1.342845,1.303155,TP,0.892746,0.959412,0.106667,0.0,8.249844,0
beta_decouple,DOTUSDT,2026-05-15 13:00:00+00:00,2026-05-15 13:01:00+00:00,LONG,1.296,1.31544,1.31544,1.27656,TP,0.892746,0.959412,0.106667,0.0,9.722846,0
beta_decouple,DOTUSDT,2026-05-16 00:00:00+00:00,2026-05-16 00:02:00+00:00,SHORT,1.315,1.313,1.295275,1.334725,TIME,-0.005224,0.061443,0.106667,0.0,9.712688,0
beta_decouple,DOTUSDT,2026-05-16 04:00:00+00:00,2026-05-16 04:02:00+00:00,LONG,1.299,1.306,1.318485,1.279515,TIME,0.252381,0.319047,0.106667,0.0,10.202947,0
beta_decouple,DOTUSDT,2026-05-16 05:00:00+00:00,2026-05-16 05:02:00+00:00,LONG,1.295,1.296,1.314425,1.275575,TIME,-0.055205,0.011461,0.106667,0.0,10.090295,0
beta_decouple,DOTUSDT,2026-05-16 06:00:00+00:00,2026-05-16 06:01:00+00:00,LONG,1.274,1.29311,1.29311,1.25489,TP,0.892746,0.959412,0.106667,0.0,11.891908,0
beta_decouple,DOTUSDT,2026-05-16 07:00:00+00:00,2026-05-16 07:02:00+00:00,LONG,1.263,1.272,1.281945,1.244055,TIME,0.36812,0.434786,0.106667,0.0,12.767438,0
beta_decouple,DOTUSDT,2026-05-16 11:00:00+00:00,2026-05-16 11:02:00+00:00,SHORT,1.26,1.257,1.2411,1.2789,TIME,0.052147,0.118813,0.106667,0.0,12.900594,0
beta_decouple,DOTUSDT,2026-05-16 12:00:00+00:00,2026-05-16 12:02:00+00:00,SHORT,1.263,1.26,1.244055,1.281945,TIME,0.051769,0.118436,0.106667,0.0,13.034165,0
beta_decouple,DOTUSDT,2026-05-16 15:00:00+00:00,2026-05-16 15:02:00+00:00,SHORT,1.272,1.269,1.25292,1.29108,TIME,0.050648,0.117315,0.106667,0.0,13.166197,0
beta_decouple,DOTUSDT,2026-05-16 17:00:00+00:00,2026-05-16 17:02:00+00:00,SHORT,1.279,1.273,1.259815,1.298185,TIME,0.206253,0.27292,0.106667,0.0,13.709311,0
beta_decouple,DOTUSDT,2026-05-17 01:00:00+00:00,2026-05-17 01:02:00+00:00,LONG,1.255,1.257,1.273825,1.236175,TIME,-0.000477,0.06619,0.106667,0.0,13.708004,0
beta_decouple,DOTUSDT,2026-05-17 03:00:00+00:00,2026-05-17 03:02:00+00:00,SHORT,1.266,1.261,1.24701,1.28499,TIME,0.156776,0.223442,0.106667,0.0,14.137821,0
beta_decouple,DOTUSDT,2026-05-17 04:00:00+00:00,2026-05-17 04:02:00+00:00,SHORT,1.272,1.268,1.25292,1.29108,TIME,0.103091,0.169757,0.106667,0.0,14.429317,0
beta_decouple,DOTUSDT,2026-05-17 05:00:00+00:00,2026-05-17 05:02:00+00:00,SHORT,1.275,1.271,1.255875,1.294125,TIME,0.102597,0.169264,0.106667,0.0,14.725398,0
beta_decouple,DOTUSDT,2026-05-17 07:00:00+00:00,2026-05-17 07:02:00+00:00,SHORT,1.286,1.275,1.26671,1.30529,TIME,0.463907,0.530574,0.106667,0.0,16.091642,0
beta_decouple,DOTUSDT,2026-05-17 13:00:00+00:00,2026-05-17 13:02:00+00:00,LONG,1.276,1.278,1.29514,1.25686,TIME,-0.002224,0.064443,0.106667,0.0,16.084484,0
beta_decouple,DOTUSDT,2026-05-17 14:00:00+00:00,2026-05-17 14:02:00+00:00,LONG,1.271,1.274,1.290065,1.251935,TIME,0.050607,0.117274,0.106667,0.0,16.247283,0
beta_decouple,DOTUSDT,2026-05-17 19:00:00+00:00,2026-05-17 19:02:00+00:00,SHORT,1.274,1.272,1.25489,1.29311,TIME,-0.001959,0.064708,0.106667,0.0,16.240918,0
beta_decouple,DOTUSDT,2026-05-17 21:00:00+00:00,2026-05-17 21:02:00+00:00,SHORT,1.278,1.272,1.25883,1.29717,TIME,0.206498,0.273165,0.106667,0.0,16.911663,0
beta_decouple,DOTUSDT,2026-05-17 22:00:00+00:00,2026-05-17 22:02:00+00:00,LONG,1.264,1.27,1.28296,1.24504,TIME,0.209611,0.276278,0.106667,0.0,17.620637,0
beta_decouple,DOTUSDT,2026-05-17 23:00:00+00:00,2026-05-17 23:02:00+00:00,LONG,1.25,1.262,1.26875,1.23125,TIME,0.532961,0.599628,0.106667,0.0,19.498861,0
beta_decouple,DOTUSDT,2026-05-18 00:00:00+00:00,2026-05-18 00:02:00+00:00,LONG,1.247,1.245,1.265705,1.228295,TIME,-0.213514,-0.146847,0.106667,0.0,18.666206,0
beta_decouple,DOTUSDT,2026-05-18 05:00:00+00:00,2026-05-18 05:02:00+00:00,LONG,1.23,1.237,1.24845,1.21155,TIME,0.272522,0.339188,0.106667,0.0,19.683595,0
beta_decouple,DOTUSDT,2026-05-18 06:00:00+00:00,2026-05-18 06:02:00+00:00,LONG,1.223,1.231,1.241345,1.204655,TIME,0.32917,0.395837,0.106667,0.0,20.979444,0
beta_decouple,DOTUSDT,2026-05-18 11:00:00+00:00,2026-05-18 11:02:00+00:00,SHORT,1.236,1.226,1.21746,1.25454,TIME,0.433019,0.499686,0.106667,0.0,22.796345,0
beta_decouple,DOTUSDT,2026-05-18 12:00:00+00:00,2026-05-18 12:02:00+00:00,SHORT,1.247,1.24,1.228295,1.265705,TIME,0.267777,0.334444,0.106667,0.0,24.017215,0
beta_decouple,DOTUSDT,2026-05-18 19:00:00+00:00,2026-05-18 19:01:00+00:00,SHORT,1.238,1.21943,1.21943,1.25657,TP,0.893922,0.960588,0.106667,0.0,28.311116,0
beta_decouple,DOTUSDT,2026-05-18 21:00:00+00:00,2026-05-18 21:02:00+00:00,SHORT,1.248,1.233,1.22928,1.26672,TIME,0.695084,0.761751,0.106667,0.0,32.246838,0
beta_decouple,DOTUSDT,2026-05-19 02:00:00+00:00,2026-05-19 02:02:00+00:00,LONG,1.243,1.244,1.261645,1.224355,TIME,-0.053053,0.013614,0.106667,0.0,31.904679,0
beta_decouple,DOTUSDT,2026-05-19 08:00:00+00:00,2026-05-19 08:02:00+00:00,LONG,1.246,1.25,1.26469,1.22731,TIME,0.107235,0.173902,0.106667,0.0,32.588939,0
beta_decouple,DOTUSDT,2026-05-19 09:00:00+00:00,2026-05-19 09:02:00+00:00,LONG,1.239,1.247,1.257585,1.220415,TIME,0.323542,0.390208,0.106667,0.0,34.697716,0
beta_decouple,DOTUSDT,2026-05-19 10:00:00+00:00,2026-05-19 10:02:00+00:00,LONG,1.234,1.238,1.25251,1.21549,TIME,0.109315,0.175982,0.106667,0.0,35.456313,0
beta_decouple,DOTUSDT,2026-05-19 11:00:00+00:00,2026-05-19 11:02:00+00:00,LONG,1.227,1.234,1.245405,1.208595,TIME,0.273449,0.340115,0.106667,0.0,37.395409,0
beta_decouple,DOTUSDT,2026-05-20 04:00:00+00:00,2026-05-20 04:02:00+00:00,SHORT,1.233,1.228,1.214505,1.251495,TIME,0.163827,0.230494,0.106667,0.0,38.620684,0
beta_decouple,DOTUSDT,2026-05-20 05:00:00+00:00,2026-05-20 05:02:00+00:00,SHORT,1.242,1.233,1.22337,1.26063,TIME,0.376703,0.44337,0.106667,0.0,41.53039,0
beta_decouple,DOTUSDT,2026-05-20 11:00:00+00:00,2026-05-20 11:02:00+00:00,LONG,1.23,1.24,1.24845,1.21155,TIME,0.435026,0.501692,0.106667,0.0,45.143747,0
beta_decouple,DOTUSDT,2026-05-20 14:00:00+00:00,2026-05-20 14:02:00+00:00,SHORT,1.245,1.232,1.226325,1.263675,TIME,0.589857,0.656524,0.106667,0.0,50.469417,0
beta_decouple,DOTUSDT,2026-05-20 15:00:00+00:00,2026-05-20 15:02:00+00:00,SHORT,1.249,1.243,1.230265,1.267735,TIME,0.21377,0.280436,0.106667,0.0,52.627184,0
beta_decouple,DOTUSDT,2026-05-20 19:00:00+00:00,2026-05-20 19:02:00+00:00,SHORT,1.255,1.247,1.236175,1.273825,TIME,0.318543,0.38521,0.106667,0.0,55.97999,0
beta_decouple,DOTUSDT,2026-05-21 03:00:00+00:00,2026-05-21 03:02:00+00:00,SHORT,1.274,1.265,1.25489,1.29311,TIME,0.364562,0.431228,0.106667,0.0,60.061621,0
beta_decouple,DOTUSDT,2026-05-21 04:00:00+00:00,2026-05-21 04:02:00+00:00,SHORT,1.285,1.277,1.265725,1.304275,TIME,0.308616,0.375282,0.106667,0.0,63.768815,0
beta_decouple,DOTUSDT,2026-05-21 10:00:00+00:00,2026-05-21 10:01:00+00:00,LONG,1.25,1.26875,1.26875,1.23125,TP,0.892746,0.959412,0.106667,0.0,75.154679,0
beta_decouple,DOTUSDT,2026-05-21 11:00:00+00:00,2026-05-21 11:02:00+00:00,LONG,1.247,1.25,1.265705,1.228295,TIME,0.053634,0.120301,0.106667,0.0,75.960849,0
beta_decouple,DOTUSDT,2026-05-21 17:00:00+00:00,2026-05-21 17:01:00+00:00,SHORT,1.28,1.2608,1.2608,1.2992,TP,0.893922,0.960588,0.106667,0.0,89.541457,0
beta_decouple,DOTUSDT,2026-05-21 19:00:00+00:00,2026-05-21 19:01:00+00:00,SHORT,1.3,1.2805,1.2805,1.3195,TP,0.893922,0.960588,0.106667,0.0,105.550064,0
beta_decouple,DOTUSDT,2026-05-22 00:00:00+00:00,2026-05-22 00:02:00+00:00,LONG,1.286,1.291,1.30529,1.26671,TIME,0.152392,0.219058,0.106667,0.0,108.767051,0
beta_decouple,DOTUSDT,2026-05-22 03:00:00+00:00,2026-05-22 03:02:00+00:00,SHORT,1.318,1.304,1.29823,1.33777,TIME,0.60189,0.668557,0.106667,0.0,121.86021,0
beta_decouple,DOTUSDT,2026-05-22 12:00:00+00:00,2026-05-22 12:02:00+00:00,SHORT,1.346,1.335,1.32581,1.36619,TIME,0.438472,0.505139,0.106667,0.0,132.54668,0
beta_decouple,DOTUSDT,2026-05-22 14:00:00+00:00,2026-05-22 14:02:00+00:00,LONG,1.313,1.327,1.332695,1.293305,TIME,0.603759,0.670426,0.106667,0.0,148.551938,0
beta_decouple,DOTUSDT,2026-05-22 18:00:00+00:00,2026-05-22 18:02:00+00:00,LONG,1.293,1.312395,1.312395,1.273605,TP,0.892746,0.959412,0.106667,0.0,175.075753,0
beta_decouple,DOTUSDT,2026-05-22 19:00:00+00:00,2026-05-22 19:02:00+00:00,LONG,1.279,1.289,1.298185,1.259815,TIME,0.414273,0.48094,0.106667,0.0,189.581593,0
beta_decouple,DOTUSDT,2026-05-22 23:00:00+00:00,2026-05-22 23:01:00+00:00,LONG,1.257,1.275855,1.275855,1.238145,TP,0.892746,0.959412,0.106667,0.0,223.431216,0
beta_decouple,DOTUSDT,2026-05-23 07:00:00+00:00,2026-05-23 07:01:00+00:00,LONG,1.21,1.22935417,1.22935417,1.19064583,TP,0.899381,0.9619,0.10003,0.0,263.621187,0
beta_decouple,DOTUSDT,2026-05-23 12:00:00+00:00,2026-05-23 12:02:00+00:00,SHORT,1.222,1.212,1.20367,1.24033,TIME,0.439202,0.505869,0.106667,0.0,286.777803,0
beta_decouple,DOTUSDT,2026-05-23 13:00:00+00:00,2026-05-23 13:02:00+00:00,SHORT,1.229,1.227,1.210565,1.247435,TIME,0.001876,0.068542,0.106667,0.0,286.885387,0
beta_decouple,DOTUSDT,2026-05-23 14:00:00+00:00,2026-05-23 14:02:00+00:00,SHORT,1.24,1.227,1.2214,1.2586,TIME,0.592666,0.659332,0.106667,0.0,320.890803,0
beta_decouple,DOTUSDT,2026-05-23 18:00:00+00:00,2026-05-23 18:01:00+00:00,SHORT,1.274,1.25489,1.25489,1.29311,TP,0.893922,0.960588,0.106667,0.0,378.261042,0
beta_decouple,DOTUSDT,2026-05-23 20:00:00+00:00,2026-05-23 20:01:00+00:00,SHORT,1.326,1.30611,1.30611,1.34589,TP,0.893922,0.960588,0.106667,0.0,445.888178,0
beta_decouple,DOTUSDT,2026-05-24 03:00:00+00:00,2026-05-24 03:02:00+00:00,LONG,1.283,1.287,1.302245,1.263755,TIME,0.101067,0.167734,0.106667,0.0,454.901081,0
beta_decouple,DOTUSDT,2026-05-24 05:00:00+00:00,2026-05-24 05:02:00+00:00,LONG,1.277,1.28,1.296155,1.257845,TIME,0.049868,0.116535,0.106667,0.0,459.438124,0
beta_decouple,DOTUSDT,2026-05-24 10:00:00+00:00,2026-05-24 10:02:00+00:00,LONG,1.276,1.28,1.29514,1.25686,TIME,0.102206,0.168873,0.106667,0.0,468.829627,0
beta_decouple,DOTUSDT,2026-05-24 11:00:00+00:00,2026-05-24 11:02:00+00:00,LONG,1.278,1.278,1.29717,1.25883,TIME,-0.106655,-0.039988,0.106667,0.0,458.829053,0
beta_decouple,DOTUSDT,2026-05-24 12:00:00+00:00,2026-05-24 12:02:00+00:00,LONG,1.275,1.278,1.294125,1.255875,TIME,0.050114,0.116781,0.106667,0.0,463.427803,0
beta_decouple,DOTUSDT,2026-05-24 13:00:00+00:00,2026-05-24 13:02:00+00:00,LONG,1.265,1.275,1.283975,1.246025,TIME,0.420038,0.486705,0.106667,0.0,502.359302,0
beta_decouple,DOTUSDT,2026-05-24 14:00:00+00:00,2026-05-24 14:02:00+00:00,LONG,1.26,1.263,1.2789,1.2411,TIME,0.05198,0.118647,0.106667,0.0,507.581857,0
beta_decouple,DOTUSDT,2026-05-24 18:00:00+00:00,2026-05-24 18:02:00+00:00,LONG,1.256,1.26,1.27484,1.23716,TIME,0.105532,0.172199,0.106667,0.0,518.295104,0
beta_decouple,DOTUSDT,2026-05-24 20:00:00+00:00,2026-05-24 20:02:00+00:00,LONG,1.249,1.252,1.267735,1.230265,TIME,0.053377,0.120044,0.106667,0.0,523.828151,0
beta_decouple,DOTUSDT,2026-05-24 21:00:00+00:00,2026-05-24 21:01:00+00:00,LONG,1.231,1.249465,1.249465,1.212535,TP,0.892746,0.959412,0.106667,0.0,617.357197,0
beta_decouple,DOTUSDT,2026-05-25 00:00:00+00:00,2026-05-25 00:02:00+00:00,SHORT,1.252,1.246,1.23322,1.27078,TIME,0.213002,0.279669,0.106667,0.0,643.656848,0
beta_decouple,DOTUSDT,2026-05-25 04:00:00+00:00,2026-05-25 04:02:00+00:00,SHORT,1.256,1.242,1.23716,1.27484,TIME,0.636867,0.703534,0.106667,0.0,725.641623,0
beta_decouple,DOTUSDT,2026-05-25 05:00:00+00:00,2026-05-25 05:02:00+00:00,SHORT,1.261,1.257,1.242085,1.279915,TIME,0.104921,0.171587,0.106667,0.0,740.868578,0
beta_decouple,DOTUSDT,2026-05-25 10:00:00+00:00,2026-05-25 10:02:00+00:00,SHORT,1.269,1.265,1.249965,1.288035,TIME,0.103587,0.170253,0.106667,0.0,756.2174,0
beta_decouple,DOTUSDT,2026-05-25 11:00:00+00:00,2026-05-25 11:02:00+00:00,LONG,1.255,1.266,1.273825,1.236175,TIME,0.477324,0.543991,0.106667,0.0,828.409571,0
beta_decouple,DOTUSDT,2026-05-25 14:00:00+00:00,2026-05-25 14:02:00+00:00,SHORT,1.275,1.269,1.255875,1.294125,TIME,0.207235,0.273902,0.106667,0.0,862.744681,0
beta_decouple,DOTUSDT,2026-05-25 15:00:00+00:00,2026-05-25 15:02:00+00:00,SHORT,1.282,1.278,1.26277,1.30123,TIME,0.101454,0.168121,0.106667,0.0,880.250546,0
beta_decouple,DOTUSDT,2026-05-25 20:00:00+00:00,2026-05-25 20:02:00+00:00,LONG,1.272,1.281,1.29108,1.25292,TIME,0.364761,0.431427,0.106667,0.0,944.466673,0
beta_decouple,DOTUSDT,2026-05-25 22:00:00+00:00,2026-05-25 22:02:00+00:00,LONG,1.256,1.271,1.27484,1.23716,TIME,0.689046,0.755713,0.106667,0.0,1074.62289,0
beta_decouple,DOTUSDT,2026-05-26 00:00:00+00:00,2026-05-26 00:02:00+00:00,LONG,1.249,1.258,1.267735,1.230265,TIME,0.373441,0.440108,0.106667,0.0,1154.884646,0
beta_decouple,DOTUSDT,2026-05-26 01:00:00+00:00,2026-05-26 01:02:00+00:00,LONG,1.239,1.243,1.257585,1.220415,TIME,0.108444,0.17511,0.106667,0.0,1179.932608,0
beta_decouple,DOTUSDT,2026-05-26 05:00:00+00:00,2026-05-26 05:02:00+00:00,SHORT,1.257,1.246,1.238145,1.275855,TIME,0.477071,0.543738,0.106667,0.0,1292.514958,0
beta_decouple,DOTUSDT,2026-05-26 09:00:00+00:00,2026-05-26 09:02:00+00:00,SHORT,1.262,1.255,1.24307,1.28093,TIME,0.263327,0.329993,0.106667,0.0,1360.585692,0
beta_decouple,DOTUSDT,2026-05-26 10:00:00+00:00,2026-05-26 10:01:00+00:00,SHORT,1.287,1.267695,1.267695,1.306305,TP,0.893922,0.960588,0.106667,0.0,1603.837055,0
beta_decouple,DOTUSDT,2026-05-26 15:00:00+00:00,2026-05-26 15:01:00+00:00,LONG,1.27,1.28905,1.28905,1.25095,TP,0.892746,0.959412,0.106667,0.0,1890.200721,0
beta_decouple,DOTUSDT,2026-05-26 16:00:00+00:00,2026-05-26 16:02:00+00:00,LONG,1.265,1.272,1.283975,1.246025,TIME,0.262031,0.328697,0.106667,0.0,1989.258772,0
beta_decouple,DOTUSDT,2026-05-26 17:00:00+00:00,2026-05-26 17:02:00+00:00,LONG,1.251,1.268,1.269765,1.232235,TIME,0.798744,0.865411,0.106667,0.0,2307.040411,0
beta_decouple,DOTUSDT,2026-05-27 00:00:00+00:00,2026-05-27 00:02:00+00:00,SHORT,1.262,1.253,1.24307,1.28093,TIME,0.369042,0.435709,0.106667,0.0,2477.3196,0
beta_decouple,DOTUSDT,2026-05-27 06:00:00+00:00,2026-05-27 06:02:00+00:00,SHORT,1.272,1.263,1.25292,1.29108,TIME,0.365303,0.431969,0.106667,0.0,2658.313831,0
beta_decouple,DOTUSDT,2026-05-27 15:00:00+00:00,2026-05-27 15:02:00+00:00,SHORT,1.27,1.254,1.25095,1.28905,TIME,0.73372,0.800387,0.106667,0.0,3048.405665,0
beta_decouple,DOTUSDT,2026-05-27 17:00:00+00:00,2026-05-27 17:02:00+00:00,LONG,1.245,1.257,1.263675,1.226325,TIME,0.53553,0.602197,0.106667,0.0,3374.908315,0
beta_decouple,DOTUSDT,2026-05-27 21:00:00+00:00,2026-05-27 21:01:00+00:00,LONG,1.231,1.249465,1.249465,1.212535,TP,0.892746,0.959412,0.106667,0.0,3977.495164,0
beta_decouple,DOTUSDT,2026-05-28 03:00:00+00:00,2026-05-28 03:01:00+00:00,LONG,1.196,1.21394,1.21394,1.17806,TP,0.892746,0.959412,0.106667,0.0,4687.673353,0
beta_decouple,DOTUSDT,2026-05-28 04:00:00+00:00,2026-05-28 04:02:00+00:00,LONG,1.19,1.181,1.20785,1.17215,TIME,-0.610554,-0.543887,0.106667,0.0,4115.257884,0
beta_decouple,DOTUSDT,2026-05-28 09:00:00+00:00,2026-05-28 09:02:00+00:00,SHORT,1.198,1.191,1.18003,1.21597,TIME,0.283093,0.34976,0.106667,0.0,4348.258223,0
beta_decouple,DOTUSDT,2026-05-28 12:00:00+00:00,2026-05-28 12:02:00+00:00,SHORT,1.199,1.187,1.181015,1.216985,TIME,0.560944,0.627611,0.106667,0.0,4836.084503,0
beta_decouple,DOTUSDT,2026-05-28 13:00:00+00:00,2026-05-28 13:02:00+00:00,SHORT,1.2,1.201,1.182,1.218,TIME,-0.162268,-0.095601,0.106667,0.0,4679.136568,0
beta_decouple,DOTUSDT,2026-05-28 16:00:00+00:00,2026-05-28 16:02:00+00:00,SHORT,1.205,1.19,1.186925,1.223075,TIME,0.723695,0.790362,0.106667,0.0,5356.390044,0
beta_decouple,DOTUSDT,2026-05-28 17:00:00+00:00,2026-05-28 17:02:00+00:00,SHORT,1.213,1.202,1.194805,1.231195,TIME,0.498246,0.564913,0.106667,0.0,5890.149886,0
beta_decouple,DOTUSDT,2026-05-28 18:00:00+00:00,2026-05-28 18:02:00+00:00,SHORT,1.222,1.222,1.20367,1.24033,TIME,-0.106679,-0.040012,0.106667,0.0,5764.479214,0
beta_decouple,DOTUSDT,2026-05-29 02:00:00+00:00,2026-05-29 02:02:00+00:00,LONG,1.203,1.218,1.221045,1.184955,TIME,0.724102,0.790769,0.106667,0.0,6599.293309,0
beta_decouple,DOTUSDT,2026-05-29 10:00:00+00:00,2026-05-29 10:02:00+00:00,LONG,1.208,1.214,1.22612,1.18988,TIME,0.224273,0.290939,0.106667,0.0,6895.301366,0
beta_decouple,DOTUSDT,2026-05-29 11:00:00+00:00,2026-05-29 11:02:00+00:00,LONG,1.201,1.206,1.219015,1.182985,TIME,0.170725,0.237392,0.106667,0.0,7130.741901,0
beta_decouple,DOTUSDT,2026-05-29 12:00:00+00:00,2026-05-29 12:02:00+00:00,LONG,1.193,1.199,1.210895,1.175105,TIME,0.228433,0.2951,0.106667,0.0,7456.52183,0
beta_decouple,DOTUSDT,2026-05-29 15:00:00+00:00,2026-05-29 15:01:00+00:00,SHORT,1.22,1.2017,1.2017,1.2383,TP,0.893922,0.960588,0.106667,0.0,8789.63088,0
beta_decouple,DOTUSDT,2026-05-29 16:00:00+00:00,2026-05-29 16:02:00+00:00,SHORT,1.222,1.217,1.20367,1.24033,TIME,0.166262,0.232929,0.106667,0.0,9081.90705,0
beta_decouple,DOTUSDT,2026-05-30 00:00:00+00:00,2026-05-30 00:02:00+00:00,SHORT,1.197,1.193,1.179045,1.214955,TIME,0.116234,0.182901,0.106667,0.0,9293.032703,0
beta_decouple,DOTUSDT,2026-05-30 01:00:00+00:00,2026-05-30 01:02:00+00:00,SHORT,1.209,1.198,1.190865,1.227135,TIME,0.500247,0.566914,0.106667,0.0,10222.795557,0
beta_decouple,DOTUSDT,2026-05-30 02:00:00+00:00,2026-05-30 02:02:00+00:00,SHORT,1.217,1.212,1.198745,1.235255,TIME,0.167383,0.23405,0.106667,0.0,10565.020567,0
beta_decouple,DOTUSDT,2026-05-30 16:00:00+00:00,2026-05-30 16:02:00+00:00,SHORT,1.198,1.191,1.18003,1.21597,TIME,0.283093,0.34976,0.106667,0.0,11163.197751,0
beta_decouple,DOTUSDT,2026-05-30 22:00:00+00:00,2026-05-30 22:02:00+00:00,LONG,1.187,1.192,1.204805,1.169195,TIME,0.173997,0.240664,0.106667,0.0,11551.670073,0
beta_decouple,DOTUSDT,2026-05-31 03:00:00+00:00,2026-05-31 03:02:00+00:00,SHORT,1.196,1.195,1.17806,1.21394,TIME,-0.050904,0.015763,0.106667,0.0,11434.065165,0
beta_decouple,DOTUSDT,2026-05-31 04:00:00+00:00,2026-05-31 04:02:00+00:00,SHORT,1.201,1.198,1.182985,1.219015,TIME,0.059949,0.126616,0.106667,0.0,11571.157708,0
beta_decouple,DOTUSDT,2026-05-31 07:00:00+00:00,2026-05-31 07:02:00+00:00,LONG,1.188,1.188,1.20582,1.17018,TIME,-0.106655,-0.039988,0.106667,0.0,11324.334106,0
beta_decouple,DOTUSDT,2026-05-31 12:00:00+00:00,2026-05-31 12:02:00+00:00,SHORT,1.194,1.189,1.17609,1.21191,TIME,0.172663,0.239329,0.106667,0.0,11715.391742,0
beta_decouple,DOTUSDT,2026-05-31 14:00:00+00:00,2026-05-31 14:02:00+00:00,LONG,1.172,1.183,1.18958,1.15442,TIME,0.518681,0.585348,0.106667,0.0,12930.702082,0
beta_decouple,DOTUSDT,2026-05-31 16:00:00+00:00,2026-05-31 16:02:00+00:00,LONG,1.163,1.174,1.180445,1.145555,TIME,0.52352,0.590187,0.106667,0.0,14284.599033,0
beta_decouple,DOTUSDT,2026-05-31 20:00:00+00:00,2026-05-31 20:02:00+00:00,SHORT,1.173,1.167,1.155405,1.190595,TIME,0.234532,0.301199,0.106667,0.0,14954.638041,0
beta_decouple,DOTUSDT,2026-05-31 21:00:00+00:00,2026-05-31 21:02:00+00:00,SHORT,1.184,1.172,1.16624,1.20176,TIME,0.569403,0.636069,0.106667,0.0,16657.679796,0
beta_decouple,DOTUSDT,2026-05-31 22:00:00+00:00,2026-05-31 22:02:00+00:00,SHORT,1.189,1.182,1.171165,1.206835,TIME,0.286044,0.35271,0.106667,0.0,17610.644254,0
beta_decouple,DOTUSDT,2026-06-01 07:00:00+00:00,2026-06-01 07:02:00+00:00,LONG,1.163,1.169,1.180445,1.145555,TIME,0.237077,0.303744,0.106667,0.0,18445.660418,0
beta_decouple,DOTUSDT,2026-06-01 11:00:00+00:00,2026-06-01 11:02:00+00:00,LONG,1.157,1.17,1.174355,1.139645,TIME,0.64196,0.708626,0.106667,0.0,20813.934532,0
beta_decouple,DOTUSDT,2026-06-01 13:00:00+00:00,2026-06-01 13:02:00+00:00,LONG,1.143,1.152,1.160145,1.125855,TIME,0.417965,0.484632,0.106667,0.0,22553.833124,0
beta_decouple,DOTUSDT,2026-06-01 14:00:00+00:00,2026-06-01 14:02:00+00:00,LONG,1.136,1.143,1.15304,1.11896,TIME,0.303897,0.370564,0.106667,0.0,23924.64178,0
beta_decouple,DOTUSDT,2026-06-01 17:00:00+00:00,2026-06-01 17:02:00+00:00,SHORT,1.157,1.147,1.139645,1.174355,TIME,0.46987,0.536537,0.106667,0.0,26172.935964,0
beta_decouple,DOTUSDT,2026-06-03 00:00:00+00:00,2026-06-03 00:02:00+00:00,LONG,1.084,1.077,1.10207292,1.06592708,TIME,-0.483044,-0.423064,0.095967,0.0,23644.402276,0
beta_decouple,DOTUSDT,2026-06-03 05:00:00+00:00,2026-06-03 05:02:00+00:00,SHORT,1.102,1.093,1.08547,1.11853,TIME,0.438113,0.504779,0.106667,0.0,25716.184937,0
beta_decouple,DOTUSDT,2026-06-03 06:00:00+00:00,2026-06-03 06:02:00+00:00,SHORT,1.106,1.104,1.08941,1.12259,TIME,0.013948,0.080615,0.106667,0.0,25787.924016,0
beta_decouple,DOTUSDT,2026-06-03 10:00:00+00:00,2026-06-03 10:01:00+00:00,SHORT,1.127,1.110095,1.110095,1.143905,TP,0.893922,0.960588,0.106667,0.0,30398.40001,0
beta_decouple,DOTUSDT,2026-06-03 16:00:00+00:00,2026-06-03 16:02:00+00:00,LONG,1.101,1.105,1.117515,1.084485,TIME,0.135404,0.202071,0.106667,0.0,31221.613656,0
beta_decouple,DOTUSDT,2026-06-03 20:00:00+00:00,2026-06-03 20:02:00+00:00,LONG,1.084,1.09,1.10026,1.06774,TIME,0.262128,0.328794,0.106667,0.0,32858.423512,0
beta_decouple,DOTUSDT,2026-06-03 21:00:00+00:00,2026-06-03 21:01:00+00:00,SHORT,1.121,1.104185,1.104185,1.137815,TP,0.893922,0.960588,0.106667,0.0,38732.993822,0
beta_decouple,DOTUSDT,2026-06-04 01:00:00+00:00,2026-06-04 01:01:00+00:00,LONG,1.056,1.07184,1.07184,1.04016,TP,0.892746,0.959412,0.106667,0.0,45648.735085,0
beta_decouple,DOTUSDT,2026-06-04 09:00:00+00:00,2026-06-04 09:01:00+00:00,LONG,1.027,1.04272917,1.04272917,1.01127083,TP,0.894944,0.960236,0.104468,0.0,53819.343608,0
beta_decouple,DOTUSDT,2026-06-04 10:00:00+00:00,2026-06-04 10:02:00+00:00,LONG,1.014,1.028,1.03180208,0.99619792,TIME,0.694828,0.751788,0.091135,0.0,61298.380395,0
beta_decouple,DOTUSDT,2026-06-04 12:00:00+00:00,2026-06-04 12:01:00+00:00,SHORT,1.052,1.03622,1.03622,1.06778,TP,0.893922,0.960588,0.106667,0.0,72257.568545,0
beta_decouple,DOTUSDT,2026-06-04 13:00:00+00:00,2026-06-04 13:02:00+00:00,SHORT,1.055,1.051,1.039175,1.070825,TIME,0.146238,0.212904,0.106667,0.0,74370.923905,0
beta_decouple,DOTUSDT,2026-06-04 21:00:00+00:00,2026-06-04 21:01:00+00:00,LONG,1.024,1.03936,1.03936,1.00864,TP,0.892746,0.959412,0.106667,0.0,87649.785579,0
beta_decouple,DOTUSDT,2026-06-06 00:00:00+00:00,2026-06-06 00:02:00+00:00,LONG,0.957,0.948,0.9785,0.9355,TIME,-0.489564,-0.445053,0.071219,0.0,79067.746872,0
beta_decouple,DOTUSDT,2026-06-06 01:00:00+00:00,2026-06-06 01:02:00+00:00,LONG,0.946,0.961,0.96897917,0.92302083,TIME,0.586513,0.62768,0.065868,0.0,88342.594304,0
beta_decouple,DOTUSDT,2026-06-06 07:00:00+00:00,2026-06-06 07:01:00+00:00,SHORT,0.944,0.92764583,0.92764583,0.96035417,TP,0.908234,0.965956,0.092356,0.0,104389.74595,0
beta_decouple,DOTUSDT,2026-06-06 12:00:00+00:00,2026-06-06 12:02:00+00:00,SHORT,0.953,0.948,0.938705,0.967295,TIME,0.243304,0.309971,0.106667,0.0,109469.432497,0
beta_decouple,DOTUSDT,2026-06-06 13:00:00+00:00,2026-06-06 13:02:00+00:00,SHORT,0.952,0.953,0.93772,0.96628,TIME,-0.176749,-0.110082,0.106667,0.0,105599.716282,0
beta_decouple,DOTUSDT,2026-06-06 20:00:00+00:00,2026-06-06 20:02:00+00:00,SHORT,0.935,0.93,0.920975,0.949025,TIME,0.250042,0.316708,0.106667,0.0,110880.579345,0
beta_decouple,DOTUSDT,2026-06-06 21:00:00+00:00,2026-06-06 21:02:00+00:00,SHORT,0.938,0.936,0.92393,0.95207,TIME,0.035553,0.10222,0.106667,0.0,111669.00799,0
beta_decouple,DOTUSDT,2026-06-06 23:00:00+00:00,2026-06-06 23:02:00+00:00,SHORT,0.942,0.938,0.92787,0.95613,TIME,0.176577,0.243244,0.106667,0.0,115612.64067,0
beta_decouple,DOTUSDT,2026-06-08 00:00:00+00:00,2026-06-08 00:02:00+00:00,SHORT,0.976,0.971,0.96136,0.99064,TIME,0.235056,0.301723,0.106667,0.0,121047.738058,0
beta_decouple,DOTUSDT,2026-06-08 09:00:00+00:00,2026-06-08 09:02:00+00:00,SHORT,0.968,0.961,0.95348,0.98252,TIME,0.375704,0.442371,0.106667,0.0,130143.370083,0
beta_decouple,DOTUSDT,2026-06-08 11:00:00+00:00,2026-06-08 11:02:00+00:00,SHORT,0.979,0.965,0.964315,0.993685,TIME,0.847247,0.913914,0.106667,0.0,152196.093242,0
beta_decouple,DOTUSDT,2026-06-08 16:00:00+00:00,2026-06-08 16:02:00+00:00,LONG,0.98,0.986,0.9947,0.9653,TIME,0.301264,0.36793,0.106667,0.0,161366.327024,0
beta_decouple,DOTUSDT,2026-06-08 20:00:00+00:00,2026-06-08 20:02:00+00:00,LONG,0.984,0.988,0.99876,0.96924,TIME,0.164185,0.230852,0.106667,0.0,166665.128818,0
beta_decouple,DOTUSDT,2026-06-08 21:00:00+00:00,2026-06-08 21:02:00+00:00,LONG,0.984,0.986,0.99876,0.96924,TIME,0.028765,0.095432,0.106667,0.0,167623.966914,0
beta_decouple,DOTUSDT,2026-06-08 22:00:00+00:00,2026-06-08 22:02:00+00:00,LONG,0.98,0.983,0.9947,0.9653,TIME,0.097305,0.163971,0.106667,0.0,170886.081853,0
beta_decouple,DOTUSDT,2026-06-08 23:00:00+00:00,2026-06-08 23:02:00+00:00,LONG,0.974,0.98,0.98861,0.95939,TIME,0.303777,0.370443,0.106667,0.0,181268.320957,0
beta_decouple,DOTUSDT,2026-06-10 00:00:00+00:00,2026-06-10 00:02:00+00:00,LONG,0.962,0.958,0.97643,0.94757,TIME,-0.383689,-0.317022,0.106667,0.0,167358.2005,0
beta_decouple,DOTUSDT,2026-06-10 01:00:00+00:00,2026-06-10 01:02:00+00:00,LONG,0.958,0.963,0.97237,0.94363,TIME,0.241084,0.30775,0.106667,0.0,175427.668549,0
beta_decouple,DOTUSDT,2026-06-10 02:00:00+00:00,2026-06-10 02:02:00+00:00,LONG,0.947,0.959,0.961205,0.932795,TIME,0.737612,0.804278,0.106667,0.0,201307.164688,0
beta_decouple,DOTUSDT,2026-06-10 11:00:00+00:00,2026-06-10 11:02:00+00:00,LONG,0.928,0.939,0.94192,0.91408,TIME,0.683101,0.749768,0.106667,0.0,228809.798609,0
beta_decouple,DOTUSDT,2026-06-10 12:00:00+00:00,2026-06-10 12:01:00+00:00,SHORT,0.941,0.926885,0.926885,0.955115,TP,0.893922,0.960588,0.106667,0.0,269717.398734,0
beta_decouple,DOTUSDT,2026-06-10 13:00:00+00:00,2026-06-10 13:02:00+00:00,SHORT,0.949,0.942,0.934765,0.963235,TIME,0.385362,0.452029,0.106667,0.0,290505.174764,0
beta_decouple,DOTUSDT,2026-06-10 17:00:00+00:00,2026-06-10 17:02:00+00:00,LONG,0.929,0.941,0.942935,0.915065,TIME,0.75397,0.820636,0.106667,0.0,334311.60116,0
beta_decouple,DOTUSDT,2026-06-10 21:00:00+00:00,2026-06-10 21:02:00+00:00,LONG,0.908,0.914,0.92162,0.89438,TIME,0.33361,0.400276,0.106667,0.0,356617.521505,0
beta_decouple,DOTUSDT,2026-06-11 00:00:00+00:00,2026-06-11 00:02:00+00:00,SHORT,0.924,0.918,0.91014,0.93786,TIME,0.326482,0.393148,0.106667,0.0,379903.33194,0
beta_decouple,DOTUSDT,2026-06-11 01:00:00+00:00,2026-06-11 01:02:00+00:00,SHORT,0.934,0.927,0.91999,0.94801,TIME,0.393264,0.459931,0.106667,0.0,409783.81686,0
beta_decouple,DOTUSDT,2026-06-11 03:00:00+00:00,2026-06-11 03:01:00+00:00,SHORT,0.947,0.932795,0.932795,0.961205,TP,0.893922,0.960588,0.106667,0.0,483046.730511,0
beta_decouple,DOTUSDT,2026-06-11 08:00:00+00:00,2026-06-11 08:02:00+00:00,SHORT,0.955,0.948,0.940675,0.969325,TIME,0.382271,0.448937,0.106667,0.0,519977.663199,0
beta_decouple,DOTUSDT,2026-06-11 12:00:00+00:00,2026-06-11 12:02:00+00:00,LONG,0.945,0.952,0.959175,0.930825,TIME,0.386876,0.453543,0.106667,0.0,560211.068294,0
beta_decouple,DOTUSDT,2026-06-11 17:00:00+00:00,2026-06-11 17:01:00+00:00,SHORT,0.97,0.95545,0.95545,0.98455,TP,0.893922,0.960588,0.106667,0.0,660368.013087,0
beta_decouple,DOTUSDT,2026-06-11 22:00:00+00:00,2026-06-11 22:02:00+00:00,LONG,0.955,0.961,0.969325,0.940675,TIME,0.311942,0.378609,0.106667,0.0,701567.351669,0
beta_decouple,DOTUSDT,2026-06-11 23:00:00+00:00,2026-06-11 23:02:00+00:00,LONG,0.951,0.953,0.965265,0.936735,TIME,0.033465,0.100131,0.106667,0.0,706262.875692,0
beta_decouple,DOTUSDT,2026-06-12 04:00:00+00:00,2026-06-12 04:02:00+00:00,SHORT,0.957,0.952,0.942645,0.971355,TIME,0.241841,0.308508,0.106667,0.0,740423.549887,0
beta_decouple,DOTUSDT,2026-06-12 06:00:00+00:00,2026-06-12 06:02:00+00:00,LONG,0.94,0.951,0.9541,0.9259,TIME,0.673019,0.739686,0.106667,0.0,840087.40722,0
beta_decouple,DOTUSDT,2026-06-12 13:00:00+00:00,2026-06-12 13:02:00+00:00,LONG,0.954,0.961,0.96831,0.93969,TIME,0.38222,0.448887,0.106667,0.0,904307.104492,0
beta_decouple,DOTUSDT,2026-06-12 15:00:00+00:00,2026-06-12 15:01:00+00:00,LONG,0.948,0.96222,0.96222,0.93378,TP,0.892746,0.959412,0.106667,0.0,1065770.325873,0
beta_decouple,DOTUSDT,2026-06-12 21:00:00+00:00,2026-06-12 21:02:00+00:00,LONG,0.95,0.955,0.96425,0.93575,TIME,0.244012,0.310679,0.106667,0.0,1117782.488316,0
beta_decouple,DOTUSDT,2026-06-13 00:00:00+00:00,2026-06-13 00:02:00+00:00,SHORT,0.961,0.957,0.946585,0.975415,TIME,0.170977,0.237643,0.106667,0.0,1156005.418183,0
beta_decouple,DOTUSDT,2026-06-13 01:00:00+00:00,2026-06-13 01:02:00+00:00,SHORT,0.968,0.963,0.95348,0.98252,TIME,0.237881,0.304547,0.106667,0.0,1211003.675392,0
beta_decouple,DOTUSDT,2026-06-13 06:00:00+00:00,2026-06-13 06:02:00+00:00,SHORT,0.978,0.965,0.96333,0.99267,TIME,0.780015,0.846682,0.106667,0.0,1399923.984091,0
beta_decouple,DOTUSDT,2026-06-13 07:00:00+00:00,2026-06-13 07:01:00+00:00,SHORT,0.992,0.97712,0.97712,1.00688,TP,0.893922,0.960588,0.106667,0.0,1650208.41638,0
beta_decouple,DOTUSDT,2026-06-13 16:00:00+00:00,2026-06-13 16:02:00+00:00,LONG,0.984,0.99,0.99876,0.96924,TIME,0.299606,0.366272,0.106667,0.0,1749090.741531,0
beta_decouple,DOTUSDT,2026-06-13 17:00:00+00:00,2026-06-13 17:02:00+00:00,LONG,0.98,0.982,0.9947,0.9653,TIME,0.029318,0.095985,0.106667,0.0,1759346.760144,0
beta_decouple,DOTUSDT,2026-06-13 18:00:00+00:00,2026-06-13 18:02:00+00:00,LONG,0.977,0.981,0.991655,0.962345,TIME,0.166126,0.232793,0.106667,0.0,1817801.408048,0
beta_decouple,DOTUSDT,2026-06-14 00:00:00+00:00,2026-06-14 00:02:00+00:00,LONG,0.977,0.978,0.991655,0.962345,TIME,-0.03846,0.028207,0.106667,0.0,1803819.060397,0
beta_decouple,DOTUSDT,2026-06-14 02:00:00+00:00,2026-06-14 02:02:00+00:00,LONG,0.976,0.979,0.99064,0.96136,TIME,0.09814,0.164807,0.106667,0.0,1839224.582745,0
beta_decouple,DOTUSDT,2026-06-14 04:00:00+00:00,2026-06-14 04:02:00+00:00,LONG,0.968,0.976,0.98252,0.95348,TIME,0.443979,0.510646,0.106667,0.0,2002540.014815,0
beta_decouple,DOTUSDT,2026-06-14 09:00:00+00:00,2026-06-14 09:02:00+00:00,SHORT,0.972,0.968,0.95742,0.98658,TIME,0.167834,0.234501,0.106667,0.0,2069759.039465,0
beta_decouple,DOTUSDT,2026-06-14 14:00:00+00:00,2026-06-14 14:02:00+00:00,LONG,0.956,0.96,0.97034,0.94166,TIME,0.172118,0.238785,0.106667,0.0,2141007.614869,0
beta_decouple,DOTUSDT,2026-06-14 17:00:00+00:00,2026-06-14 17:02:00+00:00,LONG,0.95,0.955,0.96425,0.93575,TIME,0.244012,0.310679,0.106667,0.0,2245493.950388,0
beta_decouple,DOTUSDT,2026-06-14 20:00:00+00:00,2026-06-14 20:02:00+00:00,SHORT,0.954,0.95,0.93969,0.96831,TIME,0.173014,0.239681,0.106667,0.0,2323194.28479,0
beta_decouple,DOTUSDT,2026-06-14 21:00:00+00:00,2026-06-14 21:01:00+00:00,SHORT,0.985,0.970225,0.970225,0.999775,TP,0.893922,0.960588,0.106667,0.0,2738544.953307,0
beta_decouple,DOTUSDT,2026-06-14 22:00:00+00:00,2026-06-14 22:02:00+00:00,SHORT,0.987,0.99,0.972195,1.001805,TIME,-0.309435,-0.242768,0.106667,0.0,2569064.877843,0
beta_decouple,DOTUSDT,2026-06-15 05:00:00+00:00,2026-06-15 05:02:00+00:00,SHORT,1.005,0.998,0.989925,1.020075,TIME,0.357945,0.424612,0.106667,0.0,2752981.643992,0
beta_decouple,DOTUSDT,2026-06-15 07:00:00+00:00,2026-06-15 07:02:00+00:00,LONG,0.997,1.001,1.011955,0.982045,TIME,0.160654,0.227321,0.106667,0.0,2841437.130251,0
beta_decouple,DOTUSDT,2026-06-15 10:00:00+00:00,2026-06-15 10:02:00+00:00,SHORT,1.016,1.004,1.00076,1.03124,TIME,0.681195,0.747862,0.106667,0.0,3228551.96034,0
beta_decouple,DOTUSDT,2026-06-15 11:00:00+00:00,2026-06-15 11:02:00+00:00,SHORT,1.021,1.012,1.005685,1.036315,TIME,0.481333,0.548,0.106667,0.0,3539353.802348,0
beta_decouple,DOTUSDT,2026-06-15 15:00:00+00:00,2026-06-15 15:02:00+00:00,SHORT,1.043,1.031,1.027355,1.058645,TIME,0.6608,0.727467,0.106667,0.0,4007114.726858,0
beta_decouple,DOTUSDT,2026-06-15 17:00:00+00:00,2026-06-15 17:02:00+00:00,LONG,1.034,1.034,1.04951,1.01849,TIME,-0.106655,-0.039988,0.106667,0.0,3921639.226876,0
beta_decouple,DOTUSDT,2026-06-15 18:00:00+00:00,2026-06-15 18:02:00+00:00,LONG,1.031,1.034,1.046465,1.015535,TIME,0.087215,0.153882,0.106667,0.0,3990044.688731,0
beta_decouple,DOTUSDT,2026-06-15 19:00:00+00:00,2026-06-15 19:02:00+00:00,LONG,1.019,1.033,1.034285,1.003715,TIME,0.808727,0.875393,0.106667,0.0,4635415.733452,0
beta_decouple,DOTUSDT,2026-06-15 20:00:00+00:00,2026-06-15 20:02:00+00:00,LONG,1.015,1.023,1.030225,0.999775,TIME,0.418482,0.485148,0.106667,0.0,5023383.077037,0
beta_decouple,DOTUSDT,2026-06-15 22:00:00+00:00,2026-06-15 22:02:00+00:00,LONG,1.003,1.013,1.018045,0.987955,TIME,0.557619,0.624286,0.106667,0.0,5583610.142492,0
beta_decouple,DOTUSDT,2026-06-16 02:00:00+00:00,2026-06-16 02:02:00+00:00,LONG,0.999,1.009,1.013985,0.984015,TIME,0.560279,0.626946,0.106667,0.0,6209286.099828,0
beta_decouple,DOTUSDT,2026-06-16 07:00:00+00:00,2026-06-16 07:02:00+00:00,SHORT,1.016,1.009,1.00076,1.03124,TIME,0.352915,0.419581,0.106667,0.0,6647555.629324,0
beta_decouple,DOTUSDT,2026-06-16 08:00:00+00:00,2026-06-16 08:01:00+00:00,SHORT,1.03,1.01455,1.01455,1.04545,TP,0.893922,0.960588,0.106667,0.0,7836034.222235,0
beta_decouple,DOTUSDT,2026-06-16 13:00:00+00:00,2026-06-16 13:01:00+00:00,LONG,1.012,1.02718,1.02718,0.99682,TP,0.892746,0.959412,0.106667,0.0,9235151.095355,0
beta_decouple,DOTUSDT,2026-06-16 14:00:00+00:00,2026-06-16 14:01:00+00:00,LONG,0.996,1.01094,1.01094,0.98106,TP,0.892746,0.959412,0.106667,0.0,10884079.029675,0
beta_decouple,DOTUSDT,2026-06-16 20:00:00+00:00,2026-06-16 20:02:00+00:00,SHORT,1.02,1.008,1.0047,1.0353,TIME,0.678106,0.744772,0.106667,0.0,12360190.419855,0
beta_decouple,DOTUSDT,2026-06-17 01:00:00+00:00,2026-06-17 01:02:00+00:00,SHORT,1.03,1.02,1.01455,1.04545,TIME,0.540959,0.607626,0.106667,0.0,13697461.636905,0
beta_decouple,DOTUSDT,2026-06-17 08:00:00+00:00,2026-06-17 08:01:00+00:00,LONG,1.008,1.02312,1.02312,0.99288,TP,0.892746,0.959412,0.106667,0.0,16143131.110979,0
beta_decouple,DOTUSDT,2026-06-17 15:00:00+00:00,2026-06-17 15:01:00+00:00,SHORT,1.037,1.021445,1.021445,1.052555,TP,0.893922,0.960588,0.106667,0.0,19029269.53806,0
beta_decouple,DOTUSDT,2026-06-17 19:00:00+00:00,2026-06-17 19:01:00+00:00,LONG,0.996,1.01094,1.01094,0.98106,TP,0.892746,0.959412,0.106667,0.0,22426928.52458,0
beta_decouple,DOTUSDT,2026-06-18 03:00:00+00:00,2026-06-18 03:01:00+00:00,LONG,0.981,0.995715,0.995715,0.966285,TP,0.892746,0.959412,0.106667,0.0,26431236.471828,0
beta_decouple,DOTUSDT,2026-06-18 04:00:00+00:00,2026-06-18 04:02:00+00:00,LONG,0.972,0.979,0.98658,0.95742,TIME,0.373167,0.439834,0.106667,0.0,28403889.989856,0
beta_decouple,DOTUSDT,2026-06-18 11:00:00+00:00,2026-06-18 11:02:00+00:00,LONG,0.972,0.981,0.98658,0.95742,TIME,0.510259,0.576926,0.106667,0.0,31302558.209955,0
beta_decouple,DOTUSDT,2026-06-18 15:00:00+00:00,2026-06-18 15:01:00+00:00,LONG,0.945,0.959175,0.959175,0.930825,TP,0.892746,0.959412,0.106667,0.0,36891601.866645,0
beta_decouple,DOTUSDT,2026-06-18 20:00:00+00:00,2026-06-18 20:02:00+00:00,SHORT,0.973,0.968,0.958405,0.987595,TIME,0.23611,0.302777,0.106667,0.0,38633697.220275,0
beta_decouple,DOTUSDT,2026-06-19 00:00:00+00:00,2026-06-19 00:02:00+00:00,SHORT,0.977,0.971,0.962345,0.991655,TIME,0.302984,0.36965,0.106667,0.0,40974772.821953,0
beta_decouple,DOTUSDT,2026-06-19 01:00:00+00:00,2026-06-19 01:02:00+00:00,SHORT,0.979,0.977,0.964315,0.993685,TIME,0.029596,0.096263,0.106667,0.0,41217314.50717,0
beta_decouple,DOTUSDT,2026-06-19 04:00:00+00:00,2026-06-19 04:02:00+00:00,LONG,0.953,0.961,0.967295,0.938705,TIME,0.452646,0.519313,0.106667,0.0,44948684.068835,0
beta_decouple,DOTUSDT,2026-06-19 12:00:00+00:00,2026-06-19 12:02:00+00:00,SHORT,0.956,0.951,0.94166,0.97034,TIME,0.242206,0.308872,0.106667,0.0,47126048.958932,0
beta_decouple,DOTUSDT,2026-06-19 13:00:00+00:00,2026-06-19 13:02:00+00:00,SHORT,0.967,0.955,0.952495,0.981505,TIME,0.721119,0.787785,0.106667,0.0,53922744.839133,0
beta_decouple,DOTUSDT,2026-06-19 23:00:00+00:00,2026-06-19 23:02:00+00:00,SHORT,0.96,0.955,0.9456,0.9744,TIME,0.240752,0.307419,0.106667,0.0,56519146.009353,0
beta_decouple,DOTUSDT,2026-06-20 04:00:00+00:00,2026-06-20 04:02:00+00:00,SHORT,0.961,0.954,0.946585,0.975415,TIME,0.379218,0.445885,0.106667,0.0,60805762.106397,0
beta_decouple,DOTUSDT,2026-06-20 05:00:00+00:00,2026-06-20 05:02:00+00:00,SHORT,0.966,0.962,0.95151,0.98049,TIME,0.169539,0.236206,0.106667,0.0,62867557.331484,0
beta_decouple,DOTUSDT,2026-06-20 13:00:00+00:00,2026-06-20 13:02:00+00:00,LONG,0.957,0.962,0.971355,0.942645,TIME,0.241447,0.308114,0.106667,0.0,65903395.200948,0
beta_decouple,DOTUSDT,2026-06-20 15:00:00+00:00,2026-06-20 15:02:00+00:00,SHORT,0.967,0.96,0.952495,0.981505,TIME,0.376203,0.44287,0.106667,0.0,70862008.590641,0
beta_decouple,DOTUSDT,2026-06-20 21:00:00+00:00,2026-06-20 21:02:00+00:00,SHORT,0.967,0.96,0.952495,0.981505,TIME,0.376203,0.44287,0.106667,0.0,76193711.206972,0
beta_decouple,DOTUSDT,2026-06-20 22:00:00+00:00,2026-06-20 22:02:00+00:00,SHORT,0.972,0.964,0.95742,0.98658,TIME,0.442347,0.509014,0.106667,0.0,82934530.613011,0
beta_decouple,DOTUSDT,2026-06-21 04:00:00+00:00,2026-06-21 04:02:00+00:00,LONG,0.966,0.971,0.98049,0.95151,TIME,0.238204,0.304871,0.106667,0.0,86885596.588273,0
beta_decouple,DOTUSDT,2026-06-21 05:00:00+00:00,2026-06-21 05:02:00+00:00,LONG,0.964,0.966,0.97846,0.94954,TIME,0.031575,0.098242,0.106667,0.0,87434278.322982,0
beta_decouple,DOTUSDT,2026-06-21 09:00:00+00:00,2026-06-21 09:02:00+00:00,SHORT,0.973,0.964,0.958405,0.987595,TIME,0.510341,0.577008,0.106667,0.0,96358537.17009,0
beta_decouple,DOTUSDT,2026-06-21 17:00:00+00:00,2026-06-21 17:02:00+00:00,LONG,0.96,0.964,0.9744,0.9456,TIME,0.170956,0.237623,0.106667,0.0,99653160.645323,0
beta_decouple,DOTUSDT,2026-06-21 20:00:00+00:00,2026-06-21 20:02:00+00:00,LONG,0.956,0.962,0.97034,0.94166,TIME,0.311504,0.378171,0.106667,0.0,105861640.26508,0
beta_decouple,DOTUSDT,2026-06-21 21:00:00+00:00,2026-06-21 21:02:00+00:00,LONG,0.951,0.956,0.965265,0.936735,TIME,0.243643,0.31031,0.106667,0.0,111020136.665851,0
beta_decouple,DOTUSDT,2026-06-21 23:00:00+00:00,2026-06-21 23:02:00+00:00,LONG,0.94,0.945,0.9541,0.9259,TIME,0.247743,0.314409,0.106667,0.0,116521019.165644,0
beta_decouple,DOTUSDT,2026-06-22 01:00:00+00:00,2026-06-22 01:02:00+00:00,SHORT,0.962,0.956,0.94757,0.97643,TIME,0.309371,0.376038,0.106667,0.0,123730671.016081,0
beta_decouple,DOTUSDT,2026-06-22 07:00:00+00:00,2026-06-22 07:02:00+00:00,SHORT,0.963,0.958,0.948555,0.977445,TIME,0.23967,0.306336,0.106667,0.0,129661567.33553,0
beta_decouple,DOTUSDT,2026-06-22 11:00:00+00:00,2026-06-22 11:02:00+00:00,SHORT,0.969,0.956,0.954465,0.983535,TIME,0.788251,0.854918,0.106667,0.0,150102738.614952,0
beta_decouple,DOTUSDT,2026-06-22 12:00:00+00:00,2026-06-22 12:02:00+00:00,SHORT,0.971,0.97,0.956435,0.985565,TIME,-0.03798,0.028687,0.106667,0.0,148962566.555124,0
beta_decouple,DOTUSDT,2026-06-22 13:00:00+00:00,2026-06-22 13:02:00+00:00,SHORT,0.976,0.971,0.96136,0.99064,TIME,0.235056,0.301723,0.106667,0.0,155965486.405567,0
beta_decouple,DOTUSDT,2026-06-22 18:00:00+00:00,2026-06-22 18:02:00+00:00,LONG,0.945,0.955,0.959175,0.930825,TIME,0.59839,0.665056,0.106667,0.0,174631109.800535,0
beta_decouple,DOTUSDT,2026-06-22 22:00:00+00:00,2026-06-22 22:02:00+00:00,LONG,0.933,0.945,0.946995,0.919005,TIME,0.75028,0.816947,0.106667,0.0,200835559.228883,0
beta_decouple,DOTUSDT,2026-06-23 03:00:00+00:00,2026-06-23 03:02:00+00:00,SHORT,0.937,0.932,0.922945,0.951055,TIME,0.24928,0.315947,0.106667,0.0,210848421.984373,0
beta_decouple,DOTUSDT,2026-06-23 06:00:00+00:00,2026-06-23 06:01:00+00:00,LONG,0.91,0.92365,0.92365,0.89635,TP,0.892746,0.959412,0.106667,0.0,248495218.374324,0
beta_decouple,DOTUSDT,2026-06-23 07:00:00+00:00,2026-06-23 07:02:00+00:00,LONG,0.905,0.911,0.918575,0.891425,TIME,0.335069,0.401736,0.106667,0.0,265147835.498139,0
beta_decouple,DOTUSDT,2026-06-23 08:00:00+00:00,2026-06-23 08:01:00+00:00,LONG,0.89,0.90335,0.90335,0.87665,TP,0.892746,0.959412,0.106667,0.0,312489743.406628,0
beta_decouple,DOTUSDT,2026-06-23 11:00:00+00:00,2026-06-23 11:02:00+00:00,SHORT,0.904,0.897,0.89044,0.91756,TIME,0.409855,0.476522,0.106667,0.0,338104861.786724,0
beta_decouple,DOTUSDT,2026-06-23 13:00:00+00:00,2026-06-23 13:02:00+00:00,SHORT,0.906,0.899,0.89241,0.91959,TIME,0.408715,0.475382,0.106667,0.0,365742573.879929,0
beta_decouple,DOTUSDT,2026-06-23 18:00:00+00:00,2026-06-23 18:02:00+00:00,SHORT,0.899,0.896,0.885515,0.912485,TIME,0.115924,0.182591,0.106667,0.0,374222261.463766,0
beta_decouple,DOTUSDT,2026-06-23 19:00:00+00:00,2026-06-23 19:02:00+00:00,SHORT,0.903,0.899,0.889455,0.916545,TIME,0.18881,0.255477,0.106667,0.0,388353679.420222,0
beta_decouple,DOTUSDT,2026-06-23 20:00:00+00:00,2026-06-23 20:02:00+00:00,SHORT,0.908,0.905,0.89438,0.92162,TIME,0.113718,0.180385,0.106667,0.0,397186228.137154,0
beta_decouple,DOTUSDT,2026-06-24 00:00:00+00:00,2026-06-24 00:02:00+00:00,SHORT,0.913,0.911,0.899305,0.926695,TIME,0.039448,0.106114,0.106667,0.0,400319843.143253,0
beta_decouple,DOTUSDT,2026-06-24 01:00:00+00:00,2026-06-24 01:02:00+00:00,SHORT,0.914,0.913,0.90029,0.92771,TIME,-0.033695,0.032971,0.106667,0.0,397622053.035754,0
beta_decouple,DOTUSDT,2026-06-24 09:00:00+00:00,2026-06-24 09:02:00+00:00,LONG,0.903,0.906,0.916545,0.889455,TIME,0.114696,0.181363,0.106667,0.0,406743218.365289,0
beta_decouple,DOTUSDT,2026-06-24 10:00:00+00:00,2026-06-24 10:02:00+00:00,LONG,0.9,0.902,0.9135,0.8865,TIME,0.041405,0.108071,0.106667,0.0,410111427.690411,0
beta_decouple,DOTUSDT,2026-06-24 13:00:00+00:00,2026-06-24 13:02:00+00:00,LONG,0.887,0.898,0.900305,0.873695,TIME,0.719606,0.786273,0.106667,0.0,469135179.686256,0
beta_decouple,DOTUSDT,2026-06-24 15:00:00+00:00,2026-06-24 15:01:00+00:00,LONG,0.871,0.884065,0.884065,0.857935,TP,0.892746,0.959412,0.106667,0.0,552898844.705861,0
beta_decouple,DOTUSDT,2026-06-24 16:00:00+00:00,2026-06-24 16:01:00+00:00,LONG,0.853,0.865795,0.865795,0.840205,TP,0.892746,0.959412,0.106667,0.0,651618436.889593,0
beta_decouple,DOTUSDT,2026-06-24 20:00:00+00:00,2026-06-24 20:01:00+00:00,SHORT,0.883,0.869755,0.869755,0.896245,TP,0.893922,0.960588,0.106667,0.0,768117584.271376,0
beta_decouple,DOTUSDT,2026-06-24 21:00:00+00:00,2026-06-24 21:02:00+00:00,SHORT,0.888,0.881,0.87468,0.90132,TIME,0.419162,0.485829,0.106667,0.0,832510765.583401,0
beta_decouple,FILUSDT,2026-05-15 05:00:00+00:00,2026-05-15 05:02:00+00:00,LONG,1.021,1.036315,1.036315,1.005685,TP,0.892746,0.959412,0.106667,0.0,8.249844,0
beta_decouple,FILUSDT,2026-05-15 13:00:00+00:00,2026-05-15 13:01:00+00:00,LONG,0.987,1.001805,1.001805,0.972195,TP,0.892746,0.959412,0.106667,0.0,9.722846,0
beta_decouple,FILUSDT,2026-05-16 00:00:00+00:00,2026-05-16 00:02:00+00:00,SHORT,1.019,1.009,1.003715,1.034285,TIME,0.54795,0.614617,0.106667,0.0,10.788373,0
beta_decouple,FILUSDT,2026-05-16 05:00:00+00:00,2026-05-16 05:02:00+00:00,LONG,1.0,1.0,1.015,0.985,TIME,-0.106655,-0.039988,0.106667,0.0,10.558247,0
beta_decouple,FILUSDT,2026-05-16 06:00:00+00:00,2026-05-16 06:02:00+00:00,LONG,0.987,0.999,1.001805,0.972195,TIME,0.703396,0.770063,0.106667,0.0,12.043573,0
beta_decouple,FILUSDT,2026-05-16 07:00:00+00:00,2026-05-16 07:02:00+00:00,LONG,0.973,0.986,0.987595,0.958405,TIME,0.783527,0.850194,0.106667,0.0,13.930866,0
beta_decouple,FILUSDT,2026-05-16 12:00:00+00:00,2026-05-16 12:02:00+00:00,SHORT,0.97,0.968,0.95545,0.98455,TIME,0.030861,0.097528,0.106667,0.0,14.01685,0
beta_decouple,FILUSDT,2026-05-16 17:00:00+00:00,2026-05-16 17:02:00+00:00,SHORT,0.975,0.974,0.960375,0.989625,TIME,-0.038262,0.028405,0.106667,0.0,13.909588,0
beta_decouple,FILUSDT,2026-05-16 18:00:00+00:00,2026-05-16 18:02:00+00:00,SHORT,0.976,0.975,0.96136,0.99064,TIME,-0.038332,0.028335,0.106667,0.0,13.802953,0
beta_decouple,FILUSDT,2026-05-17 01:00:00+00:00,2026-05-17 01:02:00+00:00,LONG,0.962,0.965,0.97643,0.94757,TIME,0.101121,0.167788,0.106667,0.0,14.082106,0
beta_decouple,FILUSDT,2026-05-17 03:00:00+00:00,2026-05-17 03:02:00+00:00,SHORT,0.972,0.967,0.95742,0.98658,TIME,0.236463,0.303129,0.106667,0.0,14.748084,0
beta_decouple,FILUSDT,2026-05-17 04:00:00+00:00,2026-05-17 04:02:00+00:00,SHORT,0.974,0.973,0.95939,0.98861,TIME,-0.038191,0.028475,0.106667,0.0,14.635435,0
beta_decouple,FILUSDT,2026-05-17 11:00:00+00:00,2026-05-17 11:02:00+00:00,LONG,0.973,0.975,0.987595,0.958405,TIME,0.030296,0.096963,0.106667,0.0,14.724115,0
beta_decouple,FILUSDT,2026-05-17 12:00:00+00:00,2026-05-17 12:02:00+00:00,LONG,0.97,0.973,0.98455,0.95545,TIME,0.099407,0.166074,0.106667,0.0,15.016852,0
beta_decouple,FILUSDT,2026-05-17 13:00:00+00:00,2026-05-17 13:02:00+00:00,LONG,0.967,0.969,0.981505,0.952495,TIME,0.031146,0.097813,0.106667,0.0,15.110395,0
beta_decouple,FILUSDT,2026-05-17 14:00:00+00:00,2026-05-17 14:02:00+00:00,LONG,0.964,0.966,0.97846,0.94954,TIME,0.031575,0.098242,0.106667,0.0,15.205817,0
beta_decouple,FILUSDT,2026-05-17 16:00:00+00:00,2026-05-17 16:02:00+00:00,LONG,0.959,0.964,0.973385,0.944615,TIME,0.240721,0.307388,0.106667,0.0,15.937889,0
beta_decouple,FILUSDT,2026-05-17 19:00:00+00:00,2026-05-17 19:02:00+00:00,SHORT,0.966,0.963,0.95151,0.98049,TIME,0.100485,0.167152,0.106667,0.0,16.258193,0
beta_decouple,FILUSDT,2026-05-17 21:00:00+00:00,2026-05-17 21:02:00+00:00,SHORT,0.968,0.963,0.95348,0.98252,TIME,0.237881,0.304547,0.106667,0.0,17.031694,0
beta_decouple,FILUSDT,2026-05-17 23:00:00+00:00,2026-05-17 23:01:00+00:00,LONG,0.941,0.955115,0.955115,0.926885,TP,0.892746,0.959412,0.106667,0.0,20.072688,0
beta_decouple,FILUSDT,2026-05-18 07:00:00+00:00,2026-05-18 07:02:00+00:00,LONG,0.936,0.943,0.95004,0.92196,TIME,0.391622,0.458288,0.106667,0.0,21.644869,0
beta_decouple,FILUSDT,2026-05-18 11:00:00+00:00,2026-05-18 11:02:00+00:00,SHORT,0.942,0.933,0.92787,0.95613,TIME,0.530646,0.597313,0.106667,0.0,23.942022,0
beta_decouple,FILUSDT,2026-05-18 12:00:00+00:00,2026-05-18 12:02:00+00:00,SHORT,0.946,0.945,0.93181,0.96019,TIME,-0.036164,0.030502,0.106667,0.0,23.768853,0
beta_decouple,FILUSDT,2026-05-18 19:00:00+00:00,2026-05-18 19:01:00+00:00,SHORT,0.954,0.93969,0.93969,0.96831,TP,0.893922,0.960588,0.106667,0.0,28.018351,0
beta_decouple,FILUSDT,2026-05-19 00:00:00+00:00,2026-05-19 00:02:00+00:00,SHORT,0.964,0.959,0.94954,0.97846,TIME,0.23931,0.305977,0.106667,0.0,29.359367,0
beta_decouple,FILUSDT,2026-05-19 08:00:00+00:00,2026-05-19 08:02:00+00:00,LONG,0.959,0.961,0.973385,0.944615,TIME,0.032296,0.098962,0.106667,0.0,29.549003,0
beta_decouple,FILUSDT,2026-05-19 09:00:00+00:00,2026-05-19 09:02:00+00:00,LONG,0.957,0.959,0.971355,0.942645,TIME,0.032586,0.099253,0.106667,0.0,29.74158,0
beta_decouple,FILUSDT,2026-05-19 10:00:00+00:00,2026-05-19 10:02:00+00:00,LONG,0.953,0.955,0.967295,0.938705,TIME,0.03317,0.099837,0.106667,0.0,29.938889,0
beta_decouple,FILUSDT,2026-05-19 11:00:00+00:00,2026-05-19 11:02:00+00:00,LONG,0.948,0.953,0.96222,0.93378,TIME,0.244752,0.311419,0.106667,0.0,31.404409,0
beta_decouple,FILUSDT,2026-05-19 14:00:00+00:00,2026-05-19 14:02:00+00:00,LONG,0.941,0.95,0.955115,0.926885,TIME,0.530582,0.597249,0.106667,0.0,34.736934,0
beta_decouple,FILUSDT,2026-05-19 15:00:00+00:00,2026-05-19 15:02:00+00:00,LONG,0.94,0.944,0.9541,0.9259,TIME,0.176863,0.24353,0.106667,0.0,35.965671,0
beta_decouple,FILUSDT,2026-05-19 22:00:00+00:00,2026-05-19 22:02:00+00:00,LONG,0.933,0.938,0.946995,0.919005,TIME,0.250401,0.317068,0.106667,0.0,37.766842,0
beta_decouple,FILUSDT,2026-05-20 01:00:00+00:00,2026-05-20 01:02:00+00:00,SHORT,0.942,0.938,0.92787,0.95613,TIME,0.176577,0.243244,0.106667,0.0,39.100592,0
beta_decouple,FILUSDT,2026-05-20 03:00:00+00:00,2026-05-20 03:02:00+00:00,SHORT,0.943,0.936,0.928855,0.957145,TIME,0.388493,0.45516,0.106667,0.0,42.138652,0
beta_decouple,FILUSDT,2026-05-20 04:00:00+00:00,2026-05-20 04:02:00+00:00,SHORT,0.946,0.944,0.93181,0.96019,TIME,0.03435,0.101017,0.106667,0.0,42.428147,0
beta_decouple,FILUSDT,2026-05-20 05:00:00+00:00,2026-05-20 05:02:00+00:00,SHORT,0.955,0.947,0.940675,0.969325,TIME,0.452121,0.518787,0.106667,0.0,46.264676,0
beta_decouple,FILUSDT,2026-05-20 10:00:00+00:00,2026-05-20 10:02:00+00:00,LONG,0.954,0.956,0.96831,0.93969,TIME,0.033024,0.099691,0.106667,0.0,46.570244,0
beta_decouple,FILUSDT,2026-05-20 11:00:00+00:00,2026-05-20 11:02:00+00:00,LONG,0.95,0.954,0.96425,0.93575,TIME,0.173879,0.240545,0.106667,0.0,48.189759,0
beta_decouple,FILUSDT,2026-05-20 14:00:00+00:00,2026-05-20 14:02:00+00:00,SHORT,0.965,0.951,0.950525,0.979475,TIME,0.861087,0.927753,0.106667,0.0,56.48887,0
beta_decouple,FILUSDT,2026-05-20 15:00:00+00:00,2026-05-20 15:02:00+00:00,SHORT,0.969,0.962,0.954465,0.983535,TIME,0.375207,0.441873,0.106667,0.0,60.727868,0
beta_decouple,FILUSDT,2026-05-21 00:00:00+00:00,2026-05-21 00:02:00+00:00,SHORT,0.978,0.971,0.96333,0.99267,TIME,0.370772,0.437439,0.106667,0.0,65.231107,0
beta_decouple,FILUSDT,2026-05-21 01:00:00+00:00,2026-05-21 01:02:00+00:00,SHORT,0.982,0.977,0.96727,0.99673,TIME,0.232968,0.299635,0.106667,0.0,68.270464,0
beta_decouple,FILUSDT,2026-05-21 05:00:00+00:00,2026-05-21 05:02:00+00:00,LONG,0.983,0.988,0.997745,0.968255,TIME,0.23224,0.298907,0.106667,0.0,71.44149,0
beta_decouple,FILUSDT,2026-05-21 09:00:00+00:00,2026-05-21 09:02:00+00:00,LONG,0.983,0.991,0.997745,0.968255,TIME,0.435577,0.502243,0.106667,0.0,77.665139,0
beta_decouple,FILUSDT,2026-05-21 10:00:00+00:00,2026-05-21 10:02:00+00:00,LONG,0.973,0.984,0.987595,0.958405,TIME,0.646576,0.713243,0.106667,0.0,87.708422,0
beta_decouple,FILUSDT,2026-05-21 15:00:00+00:00,2026-05-21 15:02:00+00:00,SHORT,0.99,0.981,0.97515,1.00485,TIME,0.499746,0.566412,0.106667,0.0,96.474804,0
beta_decouple,FILUSDT,2026-05-21 17:00:00+00:00,2026-05-21 17:01:00+00:00,SHORT,1.001,0.985985,0.985985,1.016015,TP,0.893922,0.960588,0.106667,0.0,113.722984,0
beta_decouple,FILUSDT,2026-05-22 00:00:00+00:00,2026-05-22 00:02:00+00:00,LONG,0.996,1.006,1.01094,0.98106,TIME,0.562288,0.628955,0.106667,0.0,126.511995,0
beta_decouple,FILUSDT,2026-05-22 09:00:00+00:00,2026-05-22 09:02:00+00:00,LONG,1.012,1.018,1.02718,0.99682,TIME,0.288365,0.355032,0.106667,0.0,133.808326,0
beta_decouple,FILUSDT,2026-05-22 11:00:00+00:00,2026-05-22 11:02:00+00:00,SHORT,1.026,1.02,1.01061,1.04139,TIME,0.283419,0.350086,0.106667,0.0,141.393086,0
beta_decouple,FILUSDT,2026-05-22 12:00:00+00:00,2026-05-22 12:02:00+00:00,SHORT,1.037,1.028,1.021445,1.052555,TIME,0.472261,0.538927,0.106667,0.0,154.747966,0
beta_decouple,FILUSDT,2026-05-22 14:00:00+00:00,2026-05-22 14:02:00+00:00,LONG,1.017,1.03,1.032255,1.001745,TIME,0.745014,0.81168,0.106667,0.0,177.805839,0
beta_decouple,FILUSDT,2026-05-22 18:00:00+00:00,2026-05-22 18:01:00+00:00,LONG,0.99,1.00485,1.00485,0.97515,TP,0.892746,0.959412,0.106667,0.0,209.552912,0
beta_decouple,FILUSDT,2026-05-22 19:00:00+00:00,2026-05-22 19:01:00+00:00,LONG,0.977,0.991655,0.991655,0.962345,TP,0.892746,0.959412,0.106667,0.0,246.968396,0
beta_decouple,FILUSDT,2026-05-22 23:00:00+00:00,2026-05-22 23:01:00+00:00,LONG,0.96,0.9744,0.9744,0.9456,TP,0.892746,0.959412,0.106667,0.0,291.064382,0
beta_decouple,FILUSDT,2026-05-23 07:00:00+00:00,2026-05-23 07:01:00+00:00,LONG,0.925,0.94148958,0.94148958,0.90851042,TP,0.909657,0.965753,0.089754,0.0,344.018111,0
beta_decouple,FILUSDT,2026-05-23 13:00:00+00:00,2026-05-23 13:02:00+00:00,SHORT,0.94,0.935,0.9259,0.9541,TIME,0.248144,0.314811,0.106667,0.0,361.091323,0
beta_decouple,FILUSDT,2026-05-23 14:00:00+00:00,2026-05-23 14:02:00+00:00,SHORT,0.948,0.94,0.93378,0.96222,TIME,0.456247,0.522914,0.106667,0.0,394.040682,0
beta_decouple,FILUSDT,2026-05-23 15:00:00+00:00,2026-05-23 15:02:00+00:00,SHORT,0.955,0.948,0.940675,0.969325,TIME,0.382271,0.448937,0.106667,0.0,424.166732,0
beta_decouple,FILUSDT,2026-05-23 16:00:00+00:00,2026-05-23 16:02:00+00:00,SHORT,0.964,0.955,0.94954,0.97846,TIME,0.516102,0.582768,0.106667,0.0,467.949351,0
beta_decouple,FILUSDT,2026-05-23 18:00:00+00:00,2026-05-23 18:01:00+00:00,SHORT,0.979,0.964315,0.964315,0.993685,TP,0.893922,0.960588,0.106667,0.0,551.611349,0
beta_decouple,FILUSDT,2026-05-23 20:00:00+00:00,2026-05-23 20:01:00+00:00,SHORT,1.008,0.99288,0.99288,1.02312,TP,0.893922,0.960588,0.106667,0.0,650.230799,0
beta_decouple,FILUSDT,2026-05-24 03:00:00+00:00,2026-05-24 03:02:00+00:00,LONG,0.972,0.976,0.98658,0.95742,TIME,0.167529,0.234196,0.106667,0.0,672.017328,0
beta_decouple,FILUSDT,2026-05-24 04:00:00+00:00,2026-05-24 04:02:00+00:00,LONG,0.968,0.974,0.98252,0.95348,TIME,0.306321,0.372987,0.106667,0.0,713.187879,0
beta_decouple,FILUSDT,2026-05-24 10:00:00+00:00,2026-05-24 10:02:00+00:00,LONG,0.97,0.971,0.98455,0.95545,TIME,-0.037967,0.028699,0.106667,0.0,707.772305,0
beta_decouple,FILUSDT,2026-05-24 11:00:00+00:00,2026-05-24 11:02:00+00:00,LONG,0.97,0.97,0.98455,0.95545,TIME,-0.106655,-0.039988,0.106667,0.0,692.674861,0
beta_decouple,FILUSDT,2026-05-24 12:00:00+00:00,2026-05-24 12:02:00+00:00,LONG,0.968,0.969,0.98252,0.95348,TIME,-0.037825,0.028841,0.106667,0.0,687.434712,0
beta_decouple,FILUSDT,2026-05-24 13:00:00+00:00,2026-05-24 13:02:00+00:00,LONG,0.96,0.968,0.9744,0.9456,TIME,0.448568,0.515234,0.106667,0.0,749.106907,0
beta_decouple,FILUSDT,2026-05-24 14:00:00+00:00,2026-05-24 14:02:00+00:00,LONG,0.953,0.958,0.967295,0.938705,TIME,0.242908,0.309575,0.106667,0.0,785.499746,0
beta_decouple,FILUSDT,2026-05-24 21:00:00+00:00,2026-05-24 21:02:00+00:00,LONG,0.937,0.951055,0.951055,0.922945,TP,0.892746,0.959412,0.106667,0.0,925.75002,0
beta_decouple,FILUSDT,2026-05-24 23:00:00+00:00,2026-05-24 23:02:00+00:00,SHORT,0.955,0.95,0.940675,0.969325,TIME,0.242571,0.309238,0.106667,0.0,970.662033,0
beta_decouple,FILUSDT,2026-05-25 00:00:00+00:00,2026-05-25 00:02:00+00:00,SHORT,0.96,0.958,0.9456,0.9744,TIME,0.032294,0.09896,0.106667,0.0,976.931263,0
beta_decouple,FILUSDT,2026-05-25 04:00:00+00:00,2026-05-25 04:02:00+00:00,SHORT,0.962,0.955,0.94757,0.97643,TIME,0.378713,0.44538,0.106667,0.0,1050.92657,0
beta_decouple,FILUSDT,2026-05-25 05:00:00+00:00,2026-05-25 05:02:00+00:00,SHORT,0.967,0.962,0.952495,0.981505,TIME,0.238237,0.304904,0.106667,0.0,1101.000475,0
beta_decouple,FILUSDT,2026-05-25 10:00:00+00:00,2026-05-25 10:02:00+00:00,SHORT,0.976,0.971,0.96136,0.99064,TIME,0.235056,0.301723,0.106667,0.0,1152.759909,0
beta_decouple,FILUSDT,2026-05-25 14:00:00+00:00,2026-05-25 14:02:00+00:00,SHORT,0.985,0.98,0.970225,0.999775,TIME,0.231934,0.298601,0.106667,0.0,1206.232732,0
beta_decouple,FILUSDT,2026-05-25 15:00:00+00:00,2026-05-25 15:02:00+00:00,SHORT,0.993,0.984,0.978105,1.007895,TIME,0.497914,0.56458,0.106667,0.0,1326.352665,0
beta_decouple,FILUSDT,2026-05-25 16:00:00+00:00,2026-05-25 16:02:00+00:00,SHORT,1.002,0.994,0.98697,1.01703,TIME,0.42591,0.492576,0.106667,0.0,1439.333927,0
beta_decouple,FILUSDT,2026-05-25 20:00:00+00:00,2026-05-25 20:02:00+00:00,LONG,0.988,0.997,1.00282,0.97318,TIME,0.500269,0.566935,0.106667,0.0,1583.344616,0
beta_decouple,FILUSDT,2026-05-25 22:00:00+00:00,2026-05-25 22:02:00+00:00,LONG,0.98,0.989,0.9947,0.9653,TIME,0.505223,0.57189,0.106667,0.0,1743.333037,0
beta_decouple,FILUSDT,2026-05-26 01:00:00+00:00,2026-05-26 01:02:00+00:00,LONG,0.973,0.973,0.987595,0.958405,TIME,-0.106655,-0.039988,0.106667,0.0,1706.146115,0
beta_decouple,FILUSDT,2026-05-26 05:00:00+00:00,2026-05-26 05:02:00+00:00,SHORT,0.99,0.983,0.97515,1.00485,TIME,0.364985,0.431651,0.106667,0.0,1830.689565,0
beta_decouple,FILUSDT,2026-05-26 10:00:00+00:00,2026-05-26 10:01:00+00:00,SHORT,1.012,0.99682,0.99682,1.02718,TP,0.893922,0.960588,0.106667,0.0,2157.988121,0
beta_decouple,FILUSDT,2026-05-26 13:00:00+00:00,2026-05-26 13:01:00+00:00,SHORT,1.035,1.019475,1.019475,1.050525,TP,0.893922,0.960588,0.106667,0.0,2543.802521,0
beta_decouple,FILUSDT,2026-05-26 17:00:00+00:00,2026-05-26 17:01:00+00:00,LONG,1.001,1.016015,1.016015,0.985985,TP,0.892746,0.959412,0.106667,0.0,2997.996176,0
beta_decouple,FILUSDT,2026-05-27 00:00:00+00:00,2026-05-27 00:01:00+00:00,SHORT,1.027,1.011595,1.011595,1.042405,TP,0.893922,0.960588,0.106667,0.0,3533.99083,0
beta_decouple,FILUSDT,2026-05-27 04:00:00+00:00,2026-05-27 04:02:00+00:00,LONG,1.007,1.013,1.022105,0.991895,TIME,0.290327,0.356993,0.106667,0.0,3739.193091,0
beta_decouple,FILUSDT,2026-05-27 06:00:00+00:00,2026-05-27 06:01:00+00:00,SHORT,1.055,1.039175,1.039175,1.070825,TP,0.893922,0.960588,0.106667,0.0,4407.702118,0
beta_decouple,FILUSDT,2026-05-27 12:00:00+00:00,2026-05-27 12:01:00+00:00,SHORT,1.075,1.058875,1.058875,1.091125,TP,0.893922,0.960588,0.106667,0.0,5195.730064,0
beta_decouple,FILUSDT,2026-05-27 17:00:00+00:00,2026-05-27 17:01:00+00:00,LONG,1.039,1.054585,1.054585,1.023415,TP,0.892746,0.959412,0.106667,0.0,6123.423001,0
beta_decouple,FILUSDT,2026-05-27 21:00:00+00:00,2026-05-27 21:01:00+00:00,LONG,1.042,1.05763,1.05763,1.02637,TP,0.892746,0.959412,0.106667,0.0,7216.754679,0
beta_decouple,FILUSDT,2026-05-27 22:00:00+00:00,2026-05-27 22:02:00+00:00,LONG,1.038,1.045,1.05357,1.02243,TIME,0.342658,0.409325,0.106667,0.0,7711.3307,0
beta_decouple,FILUSDT,2026-05-27 23:00:00+00:00,2026-05-27 23:02:00+00:00,LONG,1.029,1.042,1.044435,1.013565,TIME,0.735082,0.801748,0.106667,0.0,8845.022463,0
beta_decouple,FILUSDT,2026-05-28 02:00:00+00:00,2026-05-28 02:01:00+00:00,LONG,1.027,1.042405,1.042405,1.011595,TP,0.892746,0.959412,0.106667,0.0,10424.29328,0
beta_decouple,FILUSDT,2026-05-28 03:00:00+00:00,2026-05-28 03:01:00+00:00,LONG,0.985,0.9999375,0.9999375,0.9700625,TP,0.893906,0.959847,0.105506,0.0,12287.960462,0
beta_decouple,FILUSDT,2026-05-28 04:00:00+00:00,2026-05-28 04:02:00+00:00,LONG,0.978,0.976,0.99438542,0.96161458,TIME,-0.217475,-0.157788,0.0955,0.0,11753.494739,0
beta_decouple,FILUSDT,2026-05-28 16:00:00+00:00,2026-05-28 16:01:00+00:00,SHORT,0.967,0.952495,0.952495,0.981505,TP,0.893922,0.960588,0.106667,0.0,13854.835092,0
beta_decouple,FILUSDT,2026-05-28 17:00:00+00:00,2026-05-28 17:02:00+00:00,SHORT,0.972,0.964,0.95742,0.98658,TIME,0.442347,0.509014,0.106667,0.0,15080.565402,0
beta_decouple,FILUSDT,2026-05-28 21:00:00+00:00,2026-05-28 21:02:00+00:00,SHORT,0.962,0.959,0.94757,0.97643,TIME,0.101346,0.168013,0.106667,0.0,15386.237349,0
beta_decouple,FILUSDT,2026-05-28 23:00:00+00:00,2026-05-28 23:02:00+00:00,SHORT,0.959,0.949,0.944615,0.973385,TIME,0.588907,0.655574,0.106667,0.0,17198.450338,0
beta_decouple,FILUSDT,2026-05-29 00:00:00+00:00,2026-05-29 00:01:00+00:00,SHORT,0.977,0.962345,0.962345,0.991655,TP,0.893922,0.960588,0.106667,0.0,20273.263276,0
beta_decouple,FILUSDT,2026-05-29 01:00:00+00:00,2026-05-29 01:02:00+00:00,SHORT,0.98,0.982,0.9653,0.9947,TIME,-0.242815,-0.176148,0.106667,0.0,19288.733809,0
beta_decouple,FILUSDT,2026-05-29 07:00:00+00:00,2026-05-29 07:02:00+00:00,LONG,0.956,0.962,0.97034,0.94166,TIME,0.311504,0.378171,0.106667,0.0,20490.438902,0
beta_decouple,FILUSDT,2026-05-29 10:00:00+00:00,2026-05-29 10:01:00+00:00,LONG,0.949,0.963235,0.963235,0.934765,TP,0.892746,0.959412,0.106667,0.0,24148.988367,0
beta_decouple,FILUSDT,2026-05-29 11:00:00+00:00,2026-05-29 11:02:00+00:00,LONG,0.944,0.949,0.95816,0.92984,TIME,0.246241,0.312908,0.106667,0.0,25338.281964,0
beta_decouple,FILUSDT,2026-05-29 12:00:00+00:00,2026-05-29 12:02:00+00:00,LONG,0.935,0.943,0.949025,0.920975,TIME,0.463413,0.53008,0.106667,0.0,27686.700671,0
beta_decouple,FILUSDT,2026-05-29 15:00:00+00:00,2026-05-29 15:01:00+00:00,SHORT,0.971,0.956435,0.956435,0.985565,TP,0.893922,0.960588,0.106667,0.0,32636.648124,0
beta_decouple,FILUSDT,2026-05-29 16:00:00+00:00,2026-05-29 16:02:00+00:00,SHORT,0.974,0.968,0.95939,0.98861,TIME,0.304245,0.370912,0.106667,0.0,34622.558321,0
beta_decouple,FILUSDT,2026-05-29 20:00:00+00:00,2026-05-29 20:02:00+00:00,LONG,0.959,0.962,0.973385,0.944615,TIME,0.101771,0.168437,0.106667,0.0,35327.271485,0
beta_decouple,FILUSDT,2026-05-29 21:00:00+00:00,2026-05-29 21:02:00+00:00,LONG,0.949,0.959,0.963235,0.934765,TIME,0.595418,0.662084,0.106667,0.0,39534.16883,0
beta_decouple,FILUSDT,2026-05-30 01:00:00+00:00,2026-05-30 01:01:00+00:00,SHORT,0.982,0.96727,0.96727,0.99673,TP,0.893922,0.960588,0.106667,0.0,46602.257608,0
beta_decouple,FILUSDT,2026-05-30 02:00:00+00:00,2026-05-30 02:01:00+00:00,SHORT,1.002,0.98697,0.98697,1.01703,TP,0.893922,0.960588,0.106667,0.0,54934.009704,0
beta_decouple,FILUSDT,2026-05-30 15:00:00+00:00,2026-05-30 15:02:00+00:00,LONG,0.972,0.981,0.98658,0.95742,TIME,0.510259,0.576926,0.106667,0.0,60540.124507,0
beta_decouple,FILUSDT,2026-05-30 20:00:00+00:00,2026-05-30 20:02:00+00:00,SHORT,0.985,0.981,0.970225,0.999775,TIME,0.164211,0.230878,0.106667,0.0,62528.400172,0
beta_decouple,FILUSDT,2026-05-30 22:00:00+00:00,2026-05-30 22:02:00+00:00,LONG,0.969,0.975,0.983535,0.954465,TIME,0.305894,0.372561,0.106667,0.0,66353.817958,0
beta_decouple,FILUSDT,2026-05-31 03:00:00+00:00,2026-05-31 03:02:00+00:00,SHORT,0.976,0.975,0.96136,0.99064,TIME,-0.038332,0.028335,0.106667,0.0,65845.127515,0
beta_decouple,FILUSDT,2026-05-31 04:00:00+00:00,2026-05-31 04:02:00+00:00,SHORT,0.983,0.977,0.968255,0.997745,TIME,0.300483,0.36715,0.106667,0.0,69802.197816,0
beta_decouple,FILUSDT,2026-05-31 07:00:00+00:00,2026-05-31 07:02:00+00:00,LONG,0.96,0.964,0.9744,0.9456,TIME,0.170956,0.237623,0.106667,0.0,72188.825574,0
beta_decouple,FILUSDT,2026-05-31 12:00:00+00:00,2026-05-31 12:02:00+00:00,SHORT,0.96,0.957,0.9456,0.9744,TIME,0.10178,0.168446,0.106667,0.0,73658.296985,0
beta_decouple,FILUSDT,2026-05-31 14:00:00+00:00,2026-05-31 14:01:00+00:00,LONG,0.939,0.953085,0.953085,0.924915,TP,0.892746,0.959412,0.106667,0.0,86809.919762,0
beta_decouple,FILUSDT,2026-05-31 15:00:00+00:00,2026-05-31 15:02:00+00:00,LONG,0.936,0.94,0.95004,0.92196,TIME,0.178075,0.244741,0.106667,0.0,89901.650292,0
beta_decouple,FILUSDT,2026-05-31 16:00:00+00:00,2026-05-31 16:02:00+00:00,LONG,0.927,0.937,0.940905,0.913095,TIME,0.61208,0.678746,0.106667,0.0,100907.045813,0
beta_decouple,FILUSDT,2026-05-31 20:00:00+00:00,2026-05-31 20:02:00+00:00,SHORT,0.927,0.924,0.913095,0.940905,TIME,0.109201,0.175867,0.106667,0.0,103110.866767,0
beta_decouple,FILUSDT,2026-05-31 21:00:00+00:00,2026-05-31 21:02:00+00:00,SHORT,0.933,0.926,0.919005,0.946995,TIME,0.3938,0.460467,0.106667,0.0,111231.881979,0
beta_decouple,FILUSDT,2026-05-31 22:00:00+00:00,2026-05-31 22:02:00+00:00,SHORT,0.938,0.933,0.92393,0.95207,TIME,0.248901,0.315567,0.106667,0.0,116769.019309,0
beta_decouple,FILUSDT,2026-06-01 00:00:00+00:00,2026-06-01 00:02:00+00:00,SHORT,0.948,0.938,0.93378,0.96222,TIME,0.596978,0.663645,0.106667,0.0,130710.732917,0
beta_decouple,FILUSDT,2026-06-01 02:00:00+00:00,2026-06-01 02:01:00+00:00,SHORT,0.955,0.940675,0.940675,0.969325,TP,0.893922,0.960588,0.106667,0.0,154079.76006,0
beta_decouple,FILUSDT,2026-06-01 07:00:00+00:00,2026-06-01 07:02:00+00:00,LONG,0.92,0.924,0.9338,0.9062,TIME,0.183027,0.249693,0.106667,0.0,159719.897174,0
beta_decouple,FILUSDT,2026-06-01 13:00:00+00:00,2026-06-01 13:02:00+00:00,LONG,0.904,0.91,0.91756,0.89044,TIME,0.335558,0.402224,0.106667,0.0,170438.948596,0
beta_decouple,FILUSDT,2026-06-01 16:00:00+00:00,2026-06-01 16:01:00+00:00,SHORT,0.927,0.913095,0.913095,0.940905,TP,0.893922,0.960588,0.106667,0.0,200910.757047,0
beta_decouple,FILUSDT,2026-06-01 17:00:00+00:00,2026-06-01 17:01:00+00:00,SHORT,0.942,0.92787,0.92787,0.95613,TP,0.893922,0.960588,0.106667,0.0,236830.446501,0
beta_decouple,FILUSDT,2026-06-01 19:00:00+00:00,2026-06-01 19:01:00+00:00,SHORT,0.972,0.95742,0.95742,0.98658,TP,0.893922,0.960588,0.106667,0.0,279172.012561,0
beta_decouple,FILUSDT,2026-06-04 00:00:00+00:00,2026-06-04 00:01:00+00:00,LONG,0.919,0.932785,0.932785,0.905215,TP,0.892746,0.959412,0.106667,0.0,329017.924689,0
beta_decouple,FILUSDT,2026-06-04 01:00:00+00:00,2026-06-04 01:01:00+00:00,LONG,0.884,0.89726,0.89726,0.87074,TP,0.892746,0.959412,0.106667,0.0,387763.779664,0
beta_decouple,FILUSDT,2026-06-04 02:00:00+00:00,2026-06-04 02:02:00+00:00,LONG,0.873,0.862,0.88727083,0.85872917,TIME,-0.868208,-0.807034,0.097878,0.0,320431.893386,0
beta_decouple,FILUSDT,2026-06-04 07:00:00+00:00,2026-06-04 07:01:00+00:00,LONG,0.851,0.86808333,0.86808333,0.83391667,TP,0.919706,0.96952,0.079703,0.0,379372.503023,0
beta_decouple,FILUSDT,2026-06-04 09:00:00+00:00,2026-06-04 09:02:00+00:00,LONG,0.843,0.852,0.86067708,0.82532292,TIME,0.432535,0.480224,0.076302,0.0,412190.863293,0
beta_decouple,FILUSDT,2026-06-04 12:00:00+00:00,2026-06-04 12:01:00+00:00,SHORT,0.868,0.85498,0.85498,0.88102,TP,0.893922,0.960588,0.106667,0.0,485884.11906,0
beta_decouple,FILUSDT,2026-06-04 13:00:00+00:00,2026-06-04 13:02:00+00:00,SHORT,0.871,0.87,0.857935,0.884065,TIME,-0.030092,0.036574,0.106667,0.0,482959.839365,0
beta_decouple,FILUSDT,2026-06-04 15:00:00+00:00,2026-06-04 15:01:00+00:00,SHORT,0.887,0.873695,0.873695,0.900305,TP,0.893922,0.960588,0.106667,0.0,569305.477119,0
beta_decouple,FILUSDT,2026-06-04 18:00:00+00:00,2026-06-04 18:01:00+00:00,SHORT,0.898,0.88453,0.88453,0.91147,TP,0.893922,0.960588,0.106667,0.0,671088.359446,0
beta_decouple,FILUSDT,2026-06-04 21:00:00+00:00,2026-06-04 21:01:00+00:00,LONG,0.85,0.86275,0.86275,0.83725,TP,0.892746,0.959412,0.106667,0.0,790910.583345,0
beta_decouple,FILUSDT,2026-06-05 02:00:00+00:00,2026-06-05 02:01:00+00:00,LONG,0.827,0.839405,0.839405,0.814595,TP,0.892746,0.959412,0.106667,0.0,932126.957713,0
beta_decouple,FILUSDT,2026-06-05 06:00:00+00:00,2026-06-05 06:01:00+00:00,LONG,0.795,0.81066667,0.81066667,0.77933333,TP,0.918218,0.968963,0.081191,0.0,1103306.074679,0
beta_decouple,FILUSDT,2026-06-05 15:00:00+00:00,2026-06-05 15:01:00+00:00,LONG,0.737,0.75982292,0.75982292,0.71417708,TP,0.947739,0.980031,0.051667,0.0,1312435.230955,0
beta_decouple,FILUSDT,2026-06-05 20:00:00+00:00,2026-06-05 20:01:00+00:00,SHORT,0.743,0.72985417,0.72985417,0.75614583,TP,0.910158,0.966678,0.090432,0.0,1551339.996713,0
beta_decouple,FILUSDT,2026-06-06 04:00:00+00:00,2026-06-06 04:01:00+00:00,LONG,0.682,0.7001875,0.7001875,0.6638125,TP,0.93941,0.976908,0.059997,0.0,1842808.757683,0
beta_decouple,FILUSDT,2026-06-06 07:00:00+00:00,2026-06-06 07:01:00+00:00,SHORT,0.723,0.712155,0.712155,0.733845,TP,0.893922,0.960588,0.106667,0.0,2172274.035066,0
beta_decouple,FILUSDT,2026-06-06 12:00:00+00:00,2026-06-06 12:02:00+00:00,SHORT,0.73,0.725,0.71905,0.74095,TIME,0.350216,0.416883,0.106667,0.0,2324427.228812,0
beta_decouple,FILUSDT,2026-06-06 17:00:00+00:00,2026-06-06 17:02:00+00:00,LONG,0.718,0.724,0.72877,0.70723,TIME,0.450114,0.516781,0.106667,0.0,2533678.784298,0
beta_decouple,FILUSDT,2026-06-06 23:00:00+00:00,2026-06-06 23:02:00+00:00,SHORT,0.731,0.727,0.720035,0.741965,TIME,0.258337,0.325004,0.106667,0.0,2664587.559555,0
beta_decouple,FILUSDT,2026-06-07 01:00:00+00:00,2026-06-07 01:01:00+00:00,SHORT,0.748,0.73678,0.73678,0.75922,TP,0.893922,0.960588,0.106667,0.0,3140973.986394,0
beta_decouple,FILUSDT,2026-06-07 07:00:00+00:00,2026-06-07 07:02:00+00:00,SHORT,0.76,0.753,0.7486,0.7714,TIME,0.507725,0.574392,0.106667,0.0,3459924.157844,0
beta_decouple,FILUSDT,2026-06-07 08:00:00+00:00,2026-06-07 08:01:00+00:00,SHORT,0.77,0.75845,0.75845,0.78155,TP,0.893922,0.960588,0.106667,0.0,4078504.28323,0
beta_decouple,FILUSDT,2026-06-07 12:00:00+00:00,2026-06-07 12:01:00+00:00,LONG,0.755,0.766325,0.766325,0.743675,TP,0.892746,0.959412,0.106667,0.0,4806717.560243,0
beta_decouple,FILUSDT,2026-06-07 18:00:00+00:00,2026-06-07 18:02:00+00:00,LONG,0.753,0.76,0.764295,0.741705,TIME,0.512717,0.579384,0.106667,0.0,5299614.57225,0
beta_decouple,FILUSDT,2026-06-07 19:00:00+00:00,2026-06-07 19:02:00+00:00,LONG,0.742,0.749,0.75313,0.73087,TIME,0.521899,0.588566,0.106667,0.0,5852787.177536,0
beta_decouple,FILUSDT,2026-06-07 22:00:00+00:00,2026-06-07 22:01:00+00:00,SHORT,0.769,0.757465,0.757465,0.780535,TP,0.893922,0.960588,0.106667,0.0,6899173.647576,0
beta_decouple,FILUSDT,2026-06-08 03:00:00+00:00,2026-06-08 03:02:00+00:00,LONG,0.768,0.769,0.77952,0.75648,TIME,-0.019901,0.046765,0.106667,0.0,6871713.30491,0
beta_decouple,FILUSDT,2026-06-08 04:00:00+00:00,2026-06-08 04:01:00+00:00,LONG,0.757,0.768355,0.768355,0.745645,TP,0.892746,0.959412,0.106667,0.0,8098651.544264,0
beta_decouple,FILUSDT,2026-06-08 09:00:00+00:00,2026-06-08 09:02:00+00:00,SHORT,0.773,0.766,0.761405,0.784595,TIME,0.497392,0.564059,0.106667,0.0,8904292.698886,0
beta_decouple,FILUSDT,2026-06-08 11:00:00+00:00,2026-06-08 11:02:00+00:00,SHORT,0.779,0.772,0.767315,0.790685,TIME,0.492739,0.559406,0.106667,0.0,9781792.036324,0
beta_decouple,FILUSDT,2026-06-08 12:00:00+00:00,2026-06-08 12:02:00+00:00,SHORT,0.785,0.776,0.773225,0.796775,TIME,0.658111,0.724778,0.106667,0.0,11069293.564571,0
beta_decouple,FILUSDT,2026-06-08 21:00:00+00:00,2026-06-08 21:02:00+00:00,LONG,0.783,0.787,0.794745,0.771255,TIME,0.233712,0.300378,0.106667,0.0,11586697.814582,0
beta_decouple,FILUSDT,2026-06-08 22:00:00+00:00,2026-06-08 22:02:00+00:00,LONG,0.777,0.782,0.788655,0.765345,TIME,0.322088,0.388755,0.106667,0.0,12333086.089328,0
beta_decouple,FILUSDT,2026-06-08 23:00:00+00:00,2026-06-08 23:02:00+00:00,LONG,0.774,0.777,0.78561,0.76239,TIME,0.151588,0.218255,0.106667,0.0,12706996.326849,0
beta_decouple,FILUSDT,2026-06-09 00:00:00+00:00,2026-06-09 00:01:00+00:00,LONG,0.758,0.76937,0.76937,0.74663,TP,0.892746,0.959412,0.106667,0.0,14975819.109313,0
beta_decouple,FILUSDT,2026-06-09 05:00:00+00:00,2026-06-09 05:02:00+00:00,SHORT,0.773,0.769,0.761405,0.784595,TIME,0.238505,0.305171,0.106667,0.0,15690179.639779,0
beta_decouple,FILUSDT,2026-06-09 09:00:00+00:00,2026-06-09 09:02:00+00:00,LONG,0.768,0.771,0.77952,0.75648,TIME,0.153606,0.220272,0.106667,0.0,16172200.137778,0
beta_decouple,FILUSDT,2026-06-09 10:00:00+00:00,2026-06-09 10:02:00+00:00,LONG,0.765,0.768,0.776475,0.753525,TIME,0.154626,0.221293,0.106667,0.0,16672330.028129,0
beta_decouple,FILUSDT,2026-06-09 12:00:00+00:00,2026-06-09 12:02:00+00:00,SHORT,0.773,0.769,0.761405,0.784595,TIME,0.238505,0.305171,0.106667,0.0,17467615.710739,0
beta_decouple,FILUSDT,2026-06-09 13:00:00+00:00,2026-06-09 13:02:00+00:00,SHORT,0.776,0.773,0.76436,0.78764,TIME,0.151208,0.217875,0.106667,0.0,17995864.267451,0
beta_decouple,FILUSDT,2026-06-09 14:00:00+00:00,2026-06-09 14:01:00+00:00,LONG,0.759,0.770385,0.770385,0.747615,TP,0.892746,0.959412,0.106667,0.0,21209009.670968,0
beta_decouple,FILUSDT,2026-06-09 15:00:00+00:00,2026-06-09 15:02:00+00:00,LONG,0.751,0.756,0.762265,0.739735,TIME,0.336932,0.403598,0.106667,0.0,22638207.372906,0
beta_decouple,FILUSDT,2026-06-09 19:00:00+00:00,2026-06-09 19:02:00+00:00,SHORT,0.772,0.768,0.76042,0.78358,TIME,0.238952,0.305618,0.106667,0.0,23720095.403949,0
beta_decouple,FILUSDT,2026-06-10 02:00:00+00:00,2026-06-10 02:01:00+00:00,LONG,0.753,0.764295,0.764295,0.741705,TP,0.892746,0.959412,0.106667,0.0,27955297.136163,0
beta_decouple,FILUSDT,2026-06-10 07:00:00+00:00,2026-06-10 07:02:00+00:00,SHORT,0.754,0.753,0.74269,0.76531,TIME,-0.018208,0.048458,0.106667,0.0,27853493.593304,0
beta_decouple,FILUSDT,2026-06-10 11:00:00+00:00,2026-06-10 11:02:00+00:00,LONG,0.739,0.749,0.750085,0.727915,TIME,0.794924,0.861591,0.106667,0.0,32281776.827017,0
beta_decouple,FILUSDT,2026-06-10 12:00:00+00:00,2026-06-10 12:01:00+00:00,SHORT,0.753,0.741705,0.741705,0.764295,TP,0.893922,0.960588,0.106667,0.0,38053251.762975,0
beta_decouple,FILUSDT,2026-06-10 13:00:00+00:00,2026-06-10 13:02:00+00:00,SHORT,0.76,0.753,0.7486,0.7714,TIME,0.507725,0.574392,0.106667,0.0,41917368.825588,0
beta_decouple,FILUSDT,2026-06-10 17:00:00+00:00,2026-06-10 17:02:00+00:00,LONG,0.745,0.752,0.756175,0.733825,TIME,0.519368,0.586034,0.106667,0.0,46271475.267168,0
beta_decouple,FILUSDT,2026-06-10 19:00:00+00:00,2026-06-10 19:02:00+00:00,LONG,0.736,0.744,0.74704,0.72496,TIME,0.617548,0.684215,0.106667,0.0,51986449.988164,0
beta_decouple,FILUSDT,2026-06-10 20:00:00+00:00,2026-06-10 20:02:00+00:00,LONG,0.731,0.737,0.741965,0.720035,TIME,0.440213,0.506879,0.106667,0.0,56563469.436536,0
beta_decouple,FILUSDT,2026-06-10 21:00:00+00:00,2026-06-10 21:02:00+00:00,LONG,0.725,0.731,0.735875,0.714125,TIME,0.444739,0.511405,0.106667,0.0,61594660.314183,0
beta_decouple,FILUSDT,2026-06-11 00:00:00+00:00,2026-06-11 00:02:00+00:00,SHORT,0.739,0.736,0.727915,0.750085,TIME,0.16412,0.230786,0.106667,0.0,63616440.421829,0
beta_decouple,FILUSDT,2026-06-11 01:00:00+00:00,2026-06-11 01:02:00+00:00,SHORT,0.748,0.74,0.73678,0.75922,TIME,0.606762,0.673428,0.106667,0.0,71336444.880636,0
beta_decouple,FILUSDT,2026-06-11 03:00:00+00:00,2026-06-11 03:01:00+00:00,SHORT,0.759,0.747615,0.747615,0.770385,TP,0.893922,0.960588,0.106667,0.0,84090281.382733,0
beta_decouple,FILUSDT,2026-06-11 12:00:00+00:00,2026-06-11 12:02:00+00:00,LONG,0.75,0.755,0.76125,0.73875,TIME,0.337523,0.40419,0.106667,0.0,89766765.344549,0
beta_decouple,FILUSDT,2026-06-11 14:00:00+00:00,2026-06-11 14:02:00+00:00,LONG,0.748,0.754,0.75922,0.73678,TIME,0.427784,0.494451,0.106667,0.0,97446921.252557,0
beta_decouple,FILUSDT,2026-06-11 17:00:00+00:00,2026-06-11 17:01:00+00:00,SHORT,0.77,0.75845,0.75845,0.78155,TP,0.893922,0.960588,0.106667,0.0,114868901.046579,0
beta_decouple,FILUSDT,2026-06-11 22:00:00+00:00,2026-06-11 22:02:00+00:00,LONG,0.76,0.763,0.7714,0.7486,TIME,0.156345,0.223012,0.106667,0.0,118460745.376556,0
beta_decouple,FILUSDT,2026-06-11 23:00:00+00:00,2026-06-11 23:02:00+00:00,LONG,0.757,0.758,0.768355,0.745645,TIME,-0.018641,0.048026,0.106667,0.0,118019110.362306,0
beta_decouple,FILUSDT,2026-06-12 05:00:00+00:00,2026-06-12 05:02:00+00:00,LONG,0.752,0.757,0.76328,0.74072,TIME,0.336342,0.403009,0.106667,0.0,125958063.861483,0
beta_decouple,FILUSDT,2026-06-12 06:00:00+00:00,2026-06-12 06:02:00+00:00,LONG,0.744,0.752,0.75516,0.73284,TIME,0.609761,0.676428,0.106667,0.0,141318932.634508,0
beta_decouple,FILUSDT,2026-06-12 13:00:00+00:00,2026-06-12 13:02:00+00:00,LONG,0.744,0.753,0.75516,0.73284,TIME,0.699313,0.76598,0.106667,0.0,161084172.109235,0
beta_decouple,FILUSDT,2026-06-12 14:00:00+00:00,2026-06-12 14:01:00+00:00,SHORT,0.761,0.749585,0.749585,0.772415,TP,0.893922,0.960588,0.106667,0.0,189883493.376147,0
beta_decouple,FILUSDT,2026-06-12 23:00:00+00:00,2026-06-12 23:02:00+00:00,SHORT,0.748,0.743,0.73678,0.75922,TIME,0.339222,0.405888,0.106667,0.0,202766009.416238,0
beta_decouple,FILUSDT,2026-06-13 00:00:00+00:00,2026-06-13 00:02:00+00:00,SHORT,0.753,0.749,0.741705,0.764295,TIME,0.247673,0.31434,0.106667,0.0,212809937.57606,0
beta_decouple,FILUSDT,2026-06-13 01:00:00+00:00,2026-06-13 01:02:00+00:00,SHORT,0.763,0.756,0.751555,0.774445,TIME,0.505309,0.571976,0.106667,0.0,234316901.754491,0
beta_decouple,FILUSDT,2026-06-13 06:00:00+00:00,2026-06-13 06:01:00+00:00,SHORT,0.772,0.76042,0.76042,0.78358,TP,0.893922,0.960588,0.106667,0.0,276209085.471454,0
beta_decouple,FILUSDT,2026-06-13 07:00:00+00:00,2026-06-13 07:02:00+00:00,SHORT,0.775,0.77,0.763375,0.786625,TIME,0.323687,0.390354,0.106667,0.0,294090143.442407,0
beta_decouple,FILUSDT,2026-06-13 11:00:00+00:00,2026-06-13 11:02:00+00:00,SHORT,0.782,0.778,0.77027,0.79373,TIME,0.234532,0.301199,0.106667,0.0,307884851.13032,0
beta_decouple,FILUSDT,2026-06-13 12:00:00+00:00,2026-06-13 12:02:00+00:00,SHORT,0.786,0.783,0.77421,0.79779,TIME,0.147927,0.214594,0.106667,0.0,316993745.973894,0
beta_decouple,FILUSDT,2026-06-13 16:00:00+00:00,2026-06-13 16:02:00+00:00,LONG,0.785,0.792,0.796775,0.773225,TIME,0.487469,0.554135,0.106667,0.0,347898644.151666,0
beta_decouple,FILUSDT,2026-06-13 20:00:00+00:00,2026-06-13 20:02:00+00:00,LONG,0.785,0.788,0.796775,0.773225,TIME,0.14797,0.214636,0.106667,0.0,358194327.361608,0
beta_decouple,FILUSDT,2026-06-13 22:00:00+00:00,2026-06-13 22:02:00+00:00,LONG,0.784,0.789,0.79576,0.77224,TIME,0.31826,0.384927,0.106667,0.0,380994139.352855,0
beta_decouple,FILUSDT,2026-06-13 23:00:00+00:00,2026-06-13 23:02:00+00:00,LONG,0.784,0.784,0.79576,0.77224,TIME,-0.106655,-0.039988,0.106667,0.0,372867178.491695,0
beta_decouple,FILUSDT,2026-06-14 00:00:00+00:00,2026-06-14 00:02:00+00:00,LONG,0.779,0.784,0.790685,0.767315,TIME,0.320988,0.387654,0.106667,0.0,396804332.841481,0
beta_decouple,FILUSDT,2026-06-14 01:00:00+00:00,2026-06-14 01:02:00+00:00,LONG,0.776,0.778,0.78764,0.76436,TIME,0.065064,0.13173,0.106667,0.0,401967834.433248,0
beta_decouple,FILUSDT,2026-06-14 04:00:00+00:00,2026-06-14 04:02:00+00:00,LONG,0.77,0.774,0.78155,0.75845,TIME,0.239458,0.306125,0.106667,0.0,421218712.844879,0
beta_decouple,FILUSDT,2026-06-14 06:00:00+00:00,2026-06-14 06:02:00+00:00,LONG,0.766,0.771,0.77749,0.75451,TIME,0.328245,0.394912,0.106667,0.0,448871327.167323,0
beta_decouple,FILUSDT,2026-06-14 09:00:00+00:00,2026-06-14 09:02:00+00:00,SHORT,0.776,0.768,0.76436,0.78764,TIME,0.581019,0.647686,0.106667,0.0,501031885.402798,0
beta_decouple,FILUSDT,2026-06-14 14:00:00+00:00,2026-06-14 14:02:00+00:00,LONG,0.758,0.766,0.76937,0.74663,TIME,0.596529,0.663196,0.106667,0.0,560807922.713508,0
beta_decouple,FILUSDT,2026-06-14 19:00:00+00:00,2026-06-14 19:02:00+00:00,SHORT,0.757,0.754,0.745645,0.768355,TIME,0.157681,0.224347,0.106667,0.0,578493638.798386,0
beta_decouple,FILUSDT,2026-06-14 20:00:00+00:00,2026-06-14 20:02:00+00:00,SHORT,0.761,0.757,0.749585,0.772415,TIME,0.243948,0.310614,0.106667,0.0,606718084.459846,0
beta_decouple,FILUSDT,2026-06-14 21:00:00+00:00,2026-06-14 21:01:00+00:00,SHORT,0.789,0.777165,0.777165,0.800835,TP,0.893922,0.960588,0.106667,0.0,715189753.674842,0
beta_decouple,FILUSDT,2026-06-15 02:00:00+00:00,2026-06-15 02:02:00+00:00,SHORT,0.797,0.791,0.785045,0.808955,TIME,0.395505,0.462171,0.106667,0.0,771761922.173399,0
beta_decouple,FILUSDT,2026-06-15 03:00:00+00:00,2026-06-15 03:02:00+00:00,SHORT,0.802,0.796,0.78997,0.81403,TIME,0.392374,0.45904,0.106667,0.0,832325752.035341,0
beta_decouple,FILUSDT,2026-06-15 07:00:00+00:00,2026-06-15 07:02:00+00:00,LONG,0.8,0.8,0.812,0.788,TIME,-0.106655,-0.039988,0.106667,0.0,814571466.307963,0
beta_decouple,FILUSDT,2026-06-15 09:00:00+00:00,2026-06-15 09:02:00+00:00,LONG,0.799,0.801,0.810985,0.787015,TIME,0.06012,0.126787,0.106667,0.0,824365954.3183,0
beta_decouple,FILUSDT,2026-06-15 11:00:00+00:00,2026-06-15 11:02:00+00:00,SHORT,0.817,0.806,0.804745,0.829255,TIME,0.791453,0.85812,0.106667,0.0,954855313.802784,0
beta_decouple,FILUSDT,2026-06-15 16:00:00+00:00,2026-06-15 16:02:00+00:00,LONG,0.811,0.812,0.823165,0.798835,TIME,-0.024501,0.042166,0.106667,0.0,950176344.057133,0
beta_decouple,FILUSDT,2026-06-15 18:00:00+00:00,2026-06-15 18:02:00+00:00,LONG,0.812,0.814,0.82418,0.79982,TIME,0.05745,0.124117,0.106667,0.0,961093955.689099,0
beta_decouple,FILUSDT,2026-06-15 19:00:00+00:00,2026-06-15 19:02:00+00:00,LONG,0.802,0.813,0.81403,0.78997,TIME,0.807178,0.873844,0.106667,0.0,1116248654.48944,0
beta_decouple,FILUSDT,2026-06-15 22:00:00+00:00,2026-06-15 22:02:00+00:00,LONG,0.79,0.801,0.80185,0.77815,TIME,0.821059,0.887725,0.106667,0.0,1299549760.843075,0
beta_decouple,FILUSDT,2026-06-16 03:00:00+00:00,2026-06-16 03:02:00+00:00,SHORT,0.798,0.789,0.78603,0.80997,TIME,0.645652,0.712319,0.106667,0.0,1467361217.220845,0
beta_decouple,FILUSDT,2026-06-16 07:00:00+00:00,2026-06-16 07:02:00+00:00,SHORT,0.8,0.795,0.788,0.812,TIME,0.310238,0.376905,0.106667,0.0,1558407480.042685,0
beta_decouple,FILUSDT,2026-06-16 08:00:00+00:00,2026-06-16 08:02:00+00:00,SHORT,0.81,0.799,0.79785,0.82215,TIME,0.799214,0.865881,0.106667,0.0,1807507850.055518,0
beta_decouple,FILUSDT,2026-06-16 13:00:00+00:00,2026-06-16 13:01:00+00:00,LONG,0.792,0.80388,0.80388,0.78012,TP,0.892746,0.959412,0.106667,0.0,2130236753.425359,0
beta_decouple,FILUSDT,2026-06-16 14:00:00+00:00,2026-06-16 14:01:00+00:00,LONG,0.778,0.78967,0.78967,0.76633,TP,0.892746,0.959412,0.106667,0.0,2510588612.660703,0
beta_decouple,FILUSDT,2026-06-16 18:00:00+00:00,2026-06-16 18:02:00+00:00,SHORT,0.797,0.799,0.785045,0.808955,TIME,-0.274073,-0.207406,0.106667,0.0,2372971653.86974,0
beta_decouple,FILUSDT,2026-06-16 20:00:00+00:00,2026-06-16 20:01:00+00:00,SHORT,0.811,0.798835,0.798835,0.823165,TP,0.893922,0.960588,0.106667,0.0,2797221734.571195,0
beta_decouple,FILUSDT,2026-06-17 01:00:00+00:00,2026-06-17 01:02:00+00:00,SHORT,0.822,0.817,0.80967,0.83433,TIME,0.29908,0.365746,0.106667,0.0,2964540190.854708,0
beta_decouple,FILUSDT,2026-06-17 05:00:00+00:00,2026-06-17 05:02:00+00:00,LONG,0.815,0.818,0.827225,0.802775,TIME,0.138597,0.205264,0.106667,0.0,3046715411.457302,0
beta_decouple,FILUSDT,2026-06-17 08:00:00+00:00,2026-06-17 08:02:00+00:00,LONG,0.806,0.814,0.81809,0.79391,TIME,0.554652,0.621319,0.106667,0.0,3384688962.059925,0
beta_decouple,FILUSDT,2026-06-17 11:00:00+00:00,2026-06-17 11:02:00+00:00,LONG,0.802,0.806,0.81403,0.78997,TIME,0.225648,0.292315,0.106667,0.0,3537438598.336226,0
beta_decouple,FILUSDT,2026-06-17 15:00:00+00:00,2026-06-17 15:01:00+00:00,SHORT,0.83,0.81755,0.81755,0.84245,TP,0.893922,0.960588,0.106667,0.0,4169877088.856417,0
beta_decouple,FILUSDT,2026-06-17 19:00:00+00:00,2026-06-17 19:01:00+00:00,LONG,0.785,0.796775,0.796775,0.773225,TP,0.892746,0.959412,0.106667,0.0,4914404898.255593,0
beta_decouple,FILUSDT,2026-06-18 04:00:00+00:00,2026-06-18 04:02:00+00:00,LONG,0.782,0.793,0.79373,0.77027,TIME,0.830549,0.897216,0.106667,0.0,5730735958.299231,0
beta_decouple,FILUSDT,2026-06-18 08:00:00+00:00,2026-06-18 08:02:00+00:00,SHORT,0.793,0.788,0.781105,0.804895,TIME,0.313918,0.380585,0.106667,0.0,6090532530.370942,0
beta_decouple,FILUSDT,2026-06-18 09:00:00+00:00,2026-06-18 09:02:00+00:00,SHORT,0.797,0.792,0.785045,0.808955,TIME,0.311807,0.378474,0.106667,0.0,6470347145.842993,0
beta_decouple,FILUSDT,2026-06-18 15:00:00+00:00,2026-06-18 15:01:00+00:00,LONG,0.757,0.768355,0.768355,0.745645,TP,0.892746,0.959412,0.106667,0.0,7625621817.947984,0
beta_decouple,FILUSDT,2026-06-18 20:00:00+00:00,2026-06-18 20:02:00+00:00,SHORT,0.796,0.786,0.78406,0.80794,TIME,0.731345,0.798012,0.106667,0.0,8741013790.583084,0
beta_decouple,FILUSDT,2026-06-19 03:00:00+00:00,2026-06-19 03:01:00+00:00,LONG,0.783,0.794745,0.794745,0.771255,TP,0.892746,0.959412,0.106667,0.0,10301713952.902641,0
beta_decouple,FILUSDT,2026-06-19 04:00:00+00:00,2026-06-19 04:02:00+00:00,LONG,0.771,0.78,0.782565,0.759435,TIME,0.671089,0.737755,0.106667,0.0,11684386636.263458,0
beta_decouple,FILUSDT,2026-06-19 12:00:00+00:00,2026-06-19 12:02:00+00:00,SHORT,0.774,0.769,0.76239,0.78561,TIME,0.324243,0.39091,0.106667,0.0,12442102813.571423,0
beta_decouple,FILUSDT,2026-06-19 13:00:00+00:00,2026-06-19 13:01:00+00:00,SHORT,0.787,0.775195,0.775195,0.798805,TP,0.893922,0.960588,0.106667,0.0,14666555479.976196,0
beta_decouple,FILUSDT,2026-06-19 14:00:00+00:00,2026-06-19 14:02:00+00:00,SHORT,0.788,0.788,0.77618,0.79982,TIME,-0.106679,-0.040012,0.106667,0.0,14353633752.773785,0
beta_decouple,FILUSDT,2026-06-19 15:00:00+00:00,2026-06-19 15:01:00+00:00,SHORT,0.806,0.79391,0.79391,0.81809,TP,0.893922,0.960588,0.106667,0.0,16919838143.813545,0
beta_decouple,FILUSDT,2026-06-19 19:00:00+00:00,2026-06-19 19:02:00+00:00,LONG,0.782,0.789,0.79373,0.77027,TIME,0.489748,0.556414,0.106667,0.0,18577128927.03085,0
beta_decouple,FILUSDT,2026-06-20 01:00:00+00:00,2026-06-20 01:02:00+00:00,SHORT,0.792,0.789,0.78012,0.80388,TIME,0.145998,0.212665,0.106667,0.0,19119574191.69826,0
beta_decouple,FILUSDT,2026-06-20 02:00:00+00:00,2026-06-20 02:02:00+00:00,LONG,0.783,0.792,0.794745,0.771255,TIME,0.659169,0.725836,0.106667,0.0,21640181162.26153,0
beta_decouple,FILUSDT,2026-06-20 11:00:00+00:00,2026-06-20 11:02:00+00:00,LONG,0.782,0.785,0.79373,0.77027,TIME,0.148946,0.215613,0.106667,0.0,22284826572.850086,0
beta_decouple,FILUSDT,2026-06-20 13:00:00+00:00,2026-06-20 13:02:00+00:00,LONG,0.78,0.784,0.7917,0.7683,TIME,0.235021,0.301687,0.106667,0.0,23332305257.23074,0
beta_decouple,FILUSDT,2026-06-20 15:00:00+00:00,2026-06-20 15:02:00+00:00,SHORT,0.791,0.783,0.779135,0.802865,TIME,0.567978,0.634645,0.106667,0.0,25982752491.071373,0
beta_decouple,FILUSDT,2026-06-20 22:00:00+00:00,2026-06-20 22:02:00+00:00,SHORT,0.786,0.781,0.77421,0.79779,TIME,0.317664,0.384331,0.106667,0.0,27633509868.994827,0
beta_decouple,FILUSDT,2026-06-20 23:00:00+00:00,2026-06-20 23:02:00+00:00,SHORT,0.787,0.787,0.775195,0.798805,TIME,-0.106679,-0.040012,0.106667,0.0,27043928651.463856,0
beta_decouple,FILUSDT,2026-06-21 03:00:00+00:00,2026-06-21 03:02:00+00:00,SHORT,0.794,0.786,0.78209,0.80591,TIME,0.565429,0.632096,0.106667,0.0,30102212543.776146,0
beta_decouple,FILUSDT,2026-06-21 10:00:00+00:00,2026-06-21 10:02:00+00:00,SHORT,0.804,0.798,0.79194,0.81606,TIME,0.391132,0.457799,0.106667,0.0,32457002458.07365,0
beta_decouple,FILUSDT,2026-06-21 12:00:00+00:00,2026-06-21 12:02:00+00:00,SHORT,0.809,0.804,0.796865,0.821135,TIME,0.3056,0.372267,0.106667,0.0,34440774039.92852,0
beta_decouple,FILUSDT,2026-06-21 15:00:00+00:00,2026-06-21 15:02:00+00:00,SHORT,0.814,0.808,0.80179,0.82621,TIME,0.385017,0.451683,0.106667,0.0,37092829016.950005,0
beta_decouple,FILUSDT,2026-06-21 17:00:00+00:00,2026-06-21 17:02:00+00:00,LONG,0.802,0.808,0.81403,0.78997,TIME,0.391799,0.458466,0.106667,0.0,39999417793.10622,0
beta_decouple,FILUSDT,2026-06-21 20:00:00+00:00,2026-06-21 20:02:00+00:00,LONG,0.796,0.799,0.80794,0.78406,TIME,0.144451,0.211118,0.106667,0.0,41155008193.72537,0
beta_decouple,FILUSDT,2026-06-21 21:00:00+00:00,2026-06-21 21:02:00+00:00,LONG,0.791,0.795,0.802865,0.779135,TIME,0.230269,0.296936,0.106667,0.0,43050353661.920555,0
beta_decouple,FILUSDT,2026-06-21 22:00:00+00:00,2026-06-21 22:02:00+00:00,LONG,0.789,0.792,0.800835,0.777165,TIME,0.146679,0.213345,0.106667,0.0,44313267718.602554,0
beta_decouple,FILUSDT,2026-06-21 23:00:00+00:00,2026-06-21 23:02:00+00:00,LONG,0.782,0.787,0.79373,0.77027,TIME,0.319347,0.386014,0.106667,0.0,47143530527.727684,0
beta_decouple,FILUSDT,2026-06-22 01:00:00+00:00,2026-06-22 01:01:00+00:00,SHORT,0.814,0.80179,0.80179,0.82621,TP,0.893922,0.960588,0.106667,0.0,55572053724.92799,0
beta_decouple,FILUSDT,2026-06-22 11:00:00+00:00,2026-06-22 11:02:00+00:00,SHORT,0.81,0.799,0.79785,0.82215,TIME,0.799214,0.865881,0.106667,0.0,64454851916.36983,0
beta_decouple,FILUSDT,2026-06-22 13:00:00+00:00,2026-06-22 13:02:00+00:00,SHORT,0.817,0.809,0.804745,0.829255,TIME,0.546508,0.613175,0.106667,0.0,71499869092.42728,0
beta_decouple,FILUSDT,2026-06-22 18:00:00+00:00,2026-06-22 18:01:00+00:00,LONG,0.791,0.802865,0.802865,0.779135,TP,0.892746,0.959412,0.106667,0.0,84266106507.42792,0
beta_decouple,FILUSDT,2026-06-22 19:00:00+00:00,2026-06-22 19:02:00+00:00,LONG,0.789,0.791,0.800835,0.777165,TIME,0.062234,0.128901,0.106667,0.0,85314954078.90326,0
beta_decouple,FILUSDT,2026-06-23 00:00:00+00:00,2026-06-23 00:02:00+00:00,SHORT,0.794,0.788,0.78209,0.80591,TIME,0.397402,0.464069,0.106667,0.0,92095821181.19997,0
beta_decouple,FILUSDT,2026-06-23 01:00:00+00:00,2026-06-23 01:02:00+00:00,SHORT,0.797,0.794,0.785045,0.808955,TIME,0.144413,0.21108,0.106667,0.0,94755787363.83183,0
beta_decouple,FILUSDT,2026-06-23 03:00:00+00:00,2026-06-23 03:02:00+00:00,SHORT,0.802,0.793,0.78997,0.81403,TIME,0.6419,0.708567,0.106667,0.0,106920535687.70633,0
beta_decouple,FILUSDT,2026-06-23 06:00:00+00:00,2026-06-23 06:01:00+00:00,LONG,0.774,0.78561,0.78561,0.76239,TP,0.892746,0.959412,0.106667,0.0,126011101313.27151,0
beta_decouple,FILUSDT,2026-06-23 07:00:00+00:00,2026-06-23 07:02:00+00:00,LONG,0.767,0.775,0.778505,0.755495,TIME,0.588278,0.654945,0.106667,0.0,140837015384.80347,0
beta_decouple,FILUSDT,2026-06-23 08:00:00+00:00,2026-06-23 08:01:00+00:00,LONG,0.746,0.75797917,0.75797917,0.73402083,TP,0.899772,0.962047,0.09964,0.0,166181248490.0077,0
beta_decouple,FILUSDT,2026-06-23 13:00:00+00:00,2026-06-23 13:01:00+00:00,SHORT,0.773,0.761405,0.761405,0.784595,TP,0.893922,0.960588,0.106667,0.0,195891846999.67874,0
beta_decouple,FILUSDT,2026-06-23 18:00:00+00:00,2026-06-23 18:02:00+00:00,SHORT,0.769,0.766,0.757465,0.780535,TIME,0.153555,0.220222,0.106667,0.0,201907899017.0532,0
beta_decouple,FILUSDT,2026-06-23 19:00:00+00:00,2026-06-23 19:02:00+00:00,SHORT,0.777,0.771,0.765345,0.788655,TIME,0.408431,0.475097,0.106667,0.0,218400980669.45676,0
beta_decouple,FILUSDT,2026-06-23 20:00:00+00:00,2026-06-23 20:01:00+00:00,SHORT,0.799,0.787015,0.787015,0.810985,TP,0.893922,0.960588,0.106667,0.0,257447647545.22546,0
beta_decouple,FILUSDT,2026-06-24 03:00:00+00:00,2026-06-24 03:02:00+00:00,LONG,0.782,0.785,0.79373,0.77027,TIME,0.148946,0.215613,0.106667,0.0,265116827540.18192,0
beta_decouple,FILUSDT,2026-06-24 07:00:00+00:00,2026-06-24 07:02:00+00:00,LONG,0.776,0.781,0.78764,0.76436,TIME,0.322641,0.389308,0.106667,0.0,282224336012.52466,0
beta_decouple,FILUSDT,2026-06-24 08:00:00+00:00,2026-06-24 08:02:00+00:00,LONG,0.775,0.778,0.786625,0.763375,TIME,0.151255,0.217922,0.106667,0.0,290761907426.2023,0
beta_decouple,FILUSDT,2026-06-24 10:00:00+00:00,2026-06-24 10:02:00+00:00,LONG,0.77,0.776,0.78155,0.75845,TIME,0.412514,0.479181,0.106667,0.0,314750593715.1067,0
beta_decouple,FILUSDT,2026-06-24 12:00:00+00:00,2026-06-24 12:02:00+00:00,LONG,0.77,0.775,0.78155,0.75845,TIME,0.325986,0.392653,0.106667,0.0,335271457435.91815,0
beta_decouple,FILUSDT,2026-06-24 13:00:00+00:00,2026-06-24 13:01:00+00:00,LONG,0.755,0.766325,0.766325,0.743675,TP,0.892746,0.959412,0.106667,0.0,395133875065.90375,0
beta_decouple,FILUSDT,2026-06-24 15:00:00+00:00,2026-06-24 15:01:00+00:00,LONG,0.738,0.74907,0.74907,0.72693,TP,0.892746,0.959412,0.106667,0.0,465684673603.44745,0
beta_decouple,FILUSDT,2026-06-24 16:00:00+00:00,2026-06-24 16:01:00+00:00,LONG,0.717,0.73134375,0.73134375,0.70265625,TP,0.91943,0.969417,0.079979,0.0,551317573869.241,0
beta_decouple,FILUSDT,2026-06-24 17:00:00+00:00,2026-06-24 17:01:00+00:00,LONG,0.7,0.7179375,0.7179375,0.6820625,TP,0.936968,0.975993,0.062439,0.0,654630978389.0542,0
beta_decouple,FILUSDT,2026-06-24 20:00:00+00:00,2026-06-24 20:01:00+00:00,SHORT,0.737,0.725945,0.725945,0.748055,TP,0.893922,0.960588,0.106667,0.0,771668720899.9355,0
beta_decouple,FILUSDT,2026-06-24 21:00:00+00:00,2026-06-24 21:01:00+00:00,SHORT,0.75,0.73875,0.73875,0.76125,TP,0.893922,0.960588,0.106667,0.0,909630974508.2784,0
beta_decouple,BCHUSDT,2026-05-15 05:00:00+00:00,2026-05-15 05:02:00+00:00,LONG,432.34,434.44,438.8251,425.8549,TIME,0.21697,0.283637,0.106667,0.0,7.303758,0
beta_decouple,BCHUSDT,2026-05-15 08:00:00+00:00,2026-05-15 08:02:00+00:00,LONG,431.41,433.58,437.88115,424.93885,TIME,0.228479,0.295145,0.106667,0.0,7.637509,0
beta_decouple,BCHUSDT,2026-05-15 13:00:00+00:00,2026-05-15 13:02:00+00:00,LONG,424.63,429.96,430.99945,418.26055,TIME,0.72965,0.796317,0.106667,0.0,8.752051,0
beta_decouple,BCHUSDT,2026-05-15 22:00:00+00:00,2026-05-15 22:02:00+00:00,SHORT,425.99,424.73,419.60015,432.37985,TIME,0.090627,0.157294,0.106667,0.0,8.910686,0
beta_decouple,BCHUSDT,2026-05-15 23:00:00+00:00,2026-05-15 23:02:00+00:00,SHORT,426.45,426.41,420.05325,432.84675,TIME,-0.100422,-0.033755,0.106667,0.0,8.731721,0
beta_decouple,BCHUSDT,2026-05-16 03:00:00+00:00,2026-05-16 03:02:00+00:00,SHORT,427.39,426.34,420.97915,433.80085,TIME,0.057204,0.123871,0.106667,0.0,8.83162,0
beta_decouple,BCHUSDT,2026-05-16 06:00:00+00:00,2026-05-16 06:02:00+00:00,LONG,422.03,423.78,428.36045,415.69955,TIME,0.169621,0.236288,0.106667,0.0,9.131226,0
beta_decouple,BCHUSDT,2026-05-16 07:00:00+00:00,2026-05-16 07:02:00+00:00,LONG,419.84,422.15,426.1376,413.5424,TIME,0.259932,0.326598,0.106667,0.0,9.605925,0
beta_decouple,BCHUSDT,2026-05-16 09:00:00+00:00,2026-05-16 09:01:00+00:00,LONG,413.96,420.1694,420.1694,407.7506,TP,0.892746,0.959412,0.106667,0.0,11.321054,0
beta_decouple,BCHUSDT,2026-05-16 10:00:00+00:00,2026-05-16 10:02:00+00:00,LONG,411.73,414.03,417.90595,405.55405,TIME,0.265534,0.332201,0.106667,0.0,11.92228,0
beta_decouple,BCHUSDT,2026-05-16 22:00:00+00:00,2026-05-16 22:02:00+00:00,LONG,415.72,416.38,421.9558,409.4842,TIME,-0.000878,0.065789,0.106667,0.0,11.920187,0
beta_decouple,BCHUSDT,2026-05-17 01:00:00+00:00,2026-05-17 01:02:00+00:00,LONG,413.05,414.47,419.24575,406.85425,TIME,0.122397,0.189064,0.106667,0.0,12.211986,0
beta_decouple,BCHUSDT,2026-05-17 03:00:00+00:00,2026-05-17 03:02:00+00:00,SHORT,414.89,413.82,408.66665,421.11335,TIME,0.065358,0.132024,0.106667,0.0,12.371616,0
beta_decouple,BCHUSDT,2026-05-17 04:00:00+00:00,2026-05-17 04:02:00+00:00,SHORT,415.26,415.07,409.0311,421.4889,TIME,-0.076157,-0.009491,0.106667,0.0,12.183178,0
beta_decouple,BCHUSDT,2026-05-17 11:00:00+00:00,2026-05-17 11:02:00+00:00,LONG,413.86,414.39,420.0679,407.6521,TIME,-0.021331,0.045336,0.106667,0.0,12.131202,0
beta_decouple,BCHUSDT,2026-05-17 13:00:00+00:00,2026-05-17 13:02:00+00:00,LONG,413.19,413.83,419.38785,406.99215,TIME,-0.003455,0.063212,0.106667,0.0,12.12282,0
beta_decouple,BCHUSDT,2026-05-17 14:00:00+00:00,2026-05-17 14:02:00+00:00,LONG,411.17,412.97,417.33755,405.00245,TIME,0.18502,0.251687,0.106667,0.0,12.571413,0
beta_decouple,BCHUSDT,2026-05-17 19:00:00+00:00,2026-05-17 19:02:00+00:00,SHORT,413.54,412.55,407.3369,419.7431,TIME,0.053015,0.119681,0.106667,0.0,12.704707,0
beta_decouple,BCHUSDT,2026-05-17 23:00:00+00:00,2026-05-17 23:02:00+00:00,LONG,404.44,409.99,410.5066,398.3734,TIME,0.807642,0.874308,0.106667,0.0,14.756878,0
beta_decouple,BCHUSDT,2026-05-18 00:00:00+00:00,2026-05-18 00:02:00+00:00,LONG,403.33,403.41,409.37995,397.28005,TIME,-0.093439,-0.026773,0.106667,0.0,14.481103,0
beta_decouple,BCHUSDT,2026-05-18 01:00:00+00:00,2026-05-18 01:01:00+00:00,LONG,390.68,396.5402,396.5402,384.8198,TP,0.892746,0.959412,0.106667,0.0,17.066691,0
beta_decouple,BCHUSDT,2026-05-18 02:00:00+00:00,2026-05-18 02:02:00+00:00,LONG,384.9,390.38,391.3065625,378.4934375,TIME,0.758744,0.818823,0.096126,0.0,19.656542,0
beta_decouple,BCHUSDT,2026-05-18 06:00:00+00:00,2026-05-18 06:02:00+00:00,LONG,371.99,375.64,380.11947917,363.86052083,TIME,0.375509,0.421267,0.073213,0.0,21.132784,0
beta_decouple,BCHUSDT,2026-05-18 07:00:00+00:00,2026-05-18 07:02:00+00:00,LONG,364.84,373.36,374.23291667,355.44708333,TIME,0.844382,0.883224,0.062147,0.0,24.701613,0
beta_decouple,BCHUSDT,2026-05-18 12:00:00+00:00,2026-05-18 12:01:00+00:00,SHORT,375.76,370.1236,370.1236,381.3964,TP,0.893922,0.960588,0.106667,0.0,29.117874,0
beta_decouple,BCHUSDT,2026-05-18 13:00:00+00:00,2026-05-18 13:02:00+00:00,SHORT,377.38,377.52,371.7193,383.0407,TIME,-0.131425,-0.064759,0.106667,0.0,28.352508,0
beta_decouple,BCHUSDT,2026-05-18 17:00:00+00:00,2026-05-18 17:02:00+00:00,SHORT,375.3,373.07,369.6705,380.9295,TIME,0.289687,0.356353,0.106667,0.0,29.995177,0
beta_decouple,BCHUSDT,2026-05-18 19:00:00+00:00,2026-05-18 19:01:00+00:00,SHORT,377.86,372.1921,372.1921,383.5279,TP,0.893922,0.960588,0.106667,0.0,35.357843,0
beta_decouple,BCHUSDT,2026-05-18 22:00:00+00:00,2026-05-18 22:01:00+00:00,SHORT,382.24,376.5064,376.5064,387.9736,TP,0.893922,0.960588,0.106667,0.0,41.679271,0
beta_decouple,BCHUSDT,2026-05-19 08:00:00+00:00,2026-05-19 08:02:00+00:00,LONG,379.12,380.17,384.8068,373.4332,TIME,0.077873,0.144539,0.106667,0.0,42.328406,0
beta_decouple,BCHUSDT,2026-05-19 09:00:00+00:00,2026-05-19 09:02:00+00:00,LONG,378.19,378.7,383.86285,372.51715,TIME,-0.016807,0.04986,0.106667,0.0,42.186126,0
beta_decouple,BCHUSDT,2026-05-19 10:00:00+00:00,2026-05-19 10:02:00+00:00,LONG,373.41,377.65,379.01115,367.80885,TIME,0.649879,0.716545,0.106667,0.0,47.669299,0
beta_decouple,BCHUSDT,2026-05-19 14:00:00+00:00,2026-05-19 14:01:00+00:00,LONG,365.96,371.4494,371.4494,360.4706,TP,0.892746,0.959412,0.106667,0.0,56.180609,0
beta_decouple,BCHUSDT,2026-05-19 21:00:00+00:00,2026-05-19 21:02:00+00:00,SHORT,369.12,368.3,363.5832,374.6568,TIME,0.04151,0.108177,0.106667,0.0,56.647023,0
beta_decouple,BCHUSDT,2026-05-19 23:00:00+00:00,2026-05-19 23:02:00+00:00,SHORT,369.95,368.58,364.40075,375.49925,TIME,0.14035,0.207016,0.106667,0.0,58.237102,0
beta_decouple,BCHUSDT,2026-05-20 05:00:00+00:00,2026-05-20 05:02:00+00:00,SHORT,369.85,369.17,364.30225,375.39775,TIME,0.015967,0.082634,0.106667,0.0,58.423077,0
beta_decouple,BCHUSDT,2026-05-20 07:00:00+00:00,2026-05-20 07:02:00+00:00,SHORT,370.17,369.46,364.61745,375.72255,TIME,0.021267,0.087934,0.106667,0.0,58.671577,0
beta_decouple,BCHUSDT,2026-05-20 13:00:00+00:00,2026-05-20 13:02:00+00:00,LONG,365.11,365.82,370.58665,359.63335,TIME,0.022909,0.089576,0.106667,0.0,58.940397,0
beta_decouple,BCHUSDT,2026-05-20 14:00:00+00:00,2026-05-20 14:02:00+00:00,SHORT,367.76,364.84,362.2436,373.2764,TIME,0.42297,0.489636,0.106667,0.0,63.926398,0
beta_decouple,BCHUSDT,2026-05-20 15:00:00+00:00,2026-05-20 15:02:00+00:00,SHORT,369.83,367.67,364.28255,375.37745,TIME,0.282923,0.34959,0.106667,0.0,67.543649,0
beta_decouple,BCHUSDT,2026-05-20 16:00:00+00:00,2026-05-20 16:02:00+00:00,SHORT,371.14,370.09,365.5729,376.7071,TIME,0.082043,0.148709,0.106667,0.0,68.65194,0
beta_decouple,BCHUSDT,2026-05-20 20:00:00+00:00,2026-05-20 20:02:00+00:00,SHORT,374.34,371.93,368.7249,379.9551,TIME,0.322779,0.389445,0.106667,0.0,73.083818,0
beta_decouple,BCHUSDT,2026-05-21 01:00:00+00:00,2026-05-21 01:02:00+00:00,SHORT,377.27,375.54,371.61095,382.92905,TIME,0.19921,0.265876,0.106667,0.0,75.995621,0
beta_decouple,BCHUSDT,2026-05-21 02:00:00+00:00,2026-05-21 02:02:00+00:00,SHORT,379.0,377.24,373.315,384.685,TIME,0.203094,0.26976,0.106667,0.0,79.082468,0
beta_decouple,BCHUSDT,2026-05-21 06:00:00+00:00,2026-05-21 06:02:00+00:00,LONG,376.63,377.67,382.27945,370.98055,TIME,0.077324,0.14399,0.106667,0.0,80.305457,0
beta_decouple,BCHUSDT,2026-05-21 10:00:00+00:00,2026-05-21 10:02:00+00:00,LONG,373.34,375.29,378.9401,367.7399,TIME,0.241345,0.308011,0.106667,0.0,84.181713,0
beta_decouple,BCHUSDT,2026-05-21 17:00:00+00:00,2026-05-21 17:02:00+00:00,SHORT,381.74,381.13,376.0139,387.4661,TIME,-8.5e-05,0.066582,0.106667,0.0,84.180283,0
beta_decouple,BCHUSDT,2026-05-21 23:00:00+00:00,2026-05-21 23:02:00+00:00,LONG,380.19,380.27,385.89285,374.48715,TIME,-0.092635,-0.025968,0.106667,0.0,82.620674,0
beta_decouple,BCHUSDT,2026-05-22 00:00:00+00:00,2026-05-22 00:02:00+00:00,LONG,378.21,380.01,383.88315,372.53685,TIME,0.210439,0.277106,0.106667,0.0,86.097998,0
beta_decouple,BCHUSDT,2026-05-22 01:00:00+00:00,2026-05-22 01:02:00+00:00,LONG,377.89,377.91,383.55835,372.22165,TIME,-0.103128,-0.036462,0.106667,0.0,84.322168,0
beta_decouple,BCHUSDT,2026-05-22 07:00:00+00:00,2026-05-22 07:02:00+00:00,SHORT,379.69,377.37,373.99465,385.38535,TIME,0.300916,0.367582,0.106667,0.0,89.39694,0
beta_decouple,BCHUSDT,2026-05-22 12:00:00+00:00,2026-05-22 12:02:00+00:00,SHORT,380.74,379.58,375.0289,386.4511,TIME,0.096556,0.163223,0.106667,0.0,91.12331,0
beta_decouple,BCHUSDT,2026-05-22 17:00:00+00:00,2026-05-22 17:02:00+00:00,LONG,378.03,379.55,383.70045,372.35955,TIME,0.161241,0.227908,0.106667,0.0,94.061871,0
beta_decouple,BCHUSDT,2026-05-22 18:00:00+00:00,2026-05-22 18:02:00+00:00,LONG,375.61,377.95,381.24415,369.97585,TIME,0.308421,0.375087,0.106667,0.0,99.863995,0
beta_decouple,BCHUSDT,2026-05-22 19:00:00+00:00,2026-05-22 19:02:00+00:00,LONG,372.62,374.74,378.2093,367.0307,TIME,0.272414,0.339081,0.106667,0.0,105.304864,0
beta_decouple,BCHUSDT,2026-05-22 23:00:00+00:00,2026-05-22 23:01:00+00:00,LONG,360.36,365.7654,365.7654,354.9546,TP,0.892746,0.959412,0.106667,0.0,124.106953,0
beta_decouple,BCHUSDT,2026-05-23 00:00:00+00:00,2026-05-23 00:02:00+00:00,LONG,359.17,361.39,364.55755,353.78245,TIME,0.305159,0.371826,0.106667,0.0,131.681432,0
beta_decouple,BCHUSDT,2026-05-23 07:00:00+00:00,2026-05-23 07:02:00+00:00,LONG,356.58,361.4,361.9287,351.2313,TIME,0.793958,0.860625,0.106667,0.0,152.591346,0
beta_decouple,BCHUSDT,2026-05-23 09:00:00+00:00,2026-05-23 09:01:00+00:00,LONG,343.91,350.16864583,350.16864583,337.65135417,TP,0.911491,0.96644,0.087919,0.0,180.408466,0
beta_decouple,BCHUSDT,2026-05-23 14:00:00+00:00,2026-05-23 14:02:00+00:00,SHORT,348.21,346.25,342.98685,353.43315,TIME,0.268799,0.335466,0.106667,0.0,190.10719,0
beta_decouple,BCHUSDT,2026-05-23 15:00:00+00:00,2026-05-23 15:02:00+00:00,SHORT,348.74,348.42,343.5089,353.9711,TIME,-0.045469,0.021197,0.106667,0.0,188.37838,0
beta_decouple,BCHUSDT,2026-05-23 16:00:00+00:00,2026-05-23 16:02:00+00:00,SHORT,350.64,349.07,345.3804,355.8996,TIME,0.192002,0.258669,0.106667,0.0,195.612195,0
beta_decouple,BCHUSDT,2026-05-23 20:00:00+00:00,2026-05-23 20:01:00+00:00,SHORT,358.29,352.91565,352.91565,363.66435,TP,0.893922,0.960588,0.106667,0.0,230.584585,0
beta_decouple,BCHUSDT,2026-05-24 02:00:00+00:00,2026-05-24 02:02:00+00:00,LONG,353.25,356.09,358.54875,347.95125,TIME,0.428999,0.495666,0.106667,0.0,250.36871,0
beta_decouple,BCHUSDT,2026-05-24 12:00:00+00:00,2026-05-24 12:02:00+00:00,LONG,352.17,353.52,357.45255,346.88745,TIME,0.14875,0.215417,0.106667,0.0,257.817201,0
beta_decouple,BCHUSDT,2026-05-24 13:00:00+00:00,2026-05-24 13:02:00+00:00,LONG,350.8,352.34,356.062,345.538,TIME,0.185834,0.252501,0.106667,0.0,267.39945,0
beta_decouple,BCHUSDT,2026-05-24 14:00:00+00:00,2026-05-24 14:02:00+00:00,LONG,349.05,350.16,354.28575,343.81425,TIME,0.105222,0.171889,0.106667,0.0,273.026721,0
beta_decouple,BCHUSDT,2026-05-24 21:00:00+00:00,2026-05-24 21:01:00+00:00,LONG,340.82,345.9323,345.9323,335.7077,TP,0.892746,0.959412,0.106667,0.0,321.775397,0
beta_decouple,BCHUSDT,2026-05-25 04:00:00+00:00,2026-05-25 04:02:00+00:00,SHORT,348.17,345.2,342.94745,353.39255,TIME,0.46235,0.529017,0.106667,0.0,351.52999,0
beta_decouple,BCHUSDT,2026-05-25 05:00:00+00:00,2026-05-25 05:02:00+00:00,SHORT,349.88,348.02,344.6318,355.1282,TIME,0.247941,0.314608,0.106667,0.0,368.961748,0
beta_decouple,BCHUSDT,2026-05-25 11:00:00+00:00,2026-05-25 11:02:00+00:00,LONG,349.37,350.58,354.61055,344.12945,TIME,0.124099,0.190765,0.106667,0.0,378.119278,0
beta_decouple,BCHUSDT,2026-05-25 17:00:00+00:00,2026-05-25 17:02:00+00:00,SHORT,350.12,349.4,344.8682,355.3718,TIME,0.030499,0.097166,0.106667,0.0,380.425765,0
beta_decouple,BCHUSDT,2026-05-25 19:00:00+00:00,2026-05-25 19:02:00+00:00,SHORT,350.51,349.66,345.25235,355.76765,TIME,0.055088,0.121754,0.106667,0.0,384.61711,0
beta_decouple,BCHUSDT,2026-05-25 22:00:00+00:00,2026-05-25 22:02:00+00:00,LONG,348.61,350.61,353.83915,343.38085,TIME,0.275587,0.342254,0.106667,0.0,405.816224,0
beta_decouple,BCHUSDT,2026-05-26 00:00:00+00:00,2026-05-26 00:02:00+00:00,LONG,348.28,350.81,353.5042,343.0558,TIME,0.37734,0.444006,0.106667,0.0,436.442324,0
beta_decouple,BCHUSDT,2026-05-26 01:00:00+00:00,2026-05-26 01:02:00+00:00,LONG,345.98,347.65,351.1697,340.7903,TIME,0.214944,0.28161,0.106667,0.0,455.204417,0
beta_decouple,BCHUSDT,2026-05-26 05:00:00+00:00,2026-05-26 05:02:00+00:00,SHORT,351.59,348.57,346.31615,356.86385,TIME,0.466302,0.532968,0.106667,0.0,497.656936,0
beta_decouple,BCHUSDT,2026-05-26 10:00:00+00:00,2026-05-26 10:02:00+00:00,SHORT,353.96,350.17,348.6506,359.2694,TIME,0.607578,0.674245,0.106667,0.0,558.130023,0
beta_decouple,BCHUSDT,2026-05-26 15:00:00+00:00,2026-05-26 15:02:00+00:00,LONG,349.18,350.32,354.4177,343.9423,TIME,0.110868,0.177534,0.106667,0.0,570.505726,0
beta_decouple,BCHUSDT,2026-05-26 16:00:00+00:00,2026-05-26 16:02:00+00:00,LONG,347.5,349.41,352.7125,342.2875,TIME,0.259552,0.326219,0.106667,0.0,600.120952,0
beta_decouple,BCHUSDT,2026-05-26 17:00:00+00:00,2026-05-26 17:02:00+00:00,LONG,344.3,348.17,349.4645,339.1355,TIME,0.642242,0.708909,0.106667,0.0,677.205571,0
beta_decouple,BCHUSDT,2026-05-27 06:00:00+00:00,2026-05-27 06:02:00+00:00,SHORT,345.46,343.53,340.2781,350.6419,TIME,0.265995,0.332662,0.106667,0.0,713.232247,0
beta_decouple,BCHUSDT,2026-05-27 13:00:00+00:00,2026-05-27 13:02:00+00:00,LONG,340.57,343.8,345.67855,335.46145,TIME,0.525239,0.591906,0.106667,0.0,788.155786,0
beta_decouple,BCHUSDT,2026-05-27 15:00:00+00:00,2026-05-27 15:02:00+00:00,SHORT,345.31,343.38,340.13035,350.48965,TIME,0.266157,0.332824,0.106667,0.0,830.110424,0
beta_decouple,BCHUSDT,2026-05-27 21:00:00+00:00,2026-05-27 21:01:00+00:00,LONG,337.0,342.055,342.055,331.945,TP,0.892746,0.959412,0.106667,0.0,978.325895,0
beta_decouple,BCHUSDT,2026-05-28 04:00:00+00:00,2026-05-28 04:02:00+00:00,LONG,331.51,327.45,336.48265,326.53735,TIME,-0.922631,-0.855964,0.106667,0.0,797.799134,0
beta_decouple,BCHUSDT,2026-05-28 05:00:00+00:00,2026-05-28 05:01:00+00:00,LONG,324.85,329.72275,329.72275,319.97725,TP,0.892746,0.959412,0.106667,0.0,940.245453,0
beta_decouple,BCHUSDT,2026-05-28 10:00:00+00:00,2026-05-28 10:01:00+00:00,LONG,318.82,323.6023,323.6023,314.0377,TP,0.892746,0.959412,0.106667,0.0,1108.125434,0
beta_decouple,BCHUSDT,2026-05-28 11:00:00+00:00,2026-05-28 11:01:00+00:00,LONG,301.03,309.22083333,309.22083333,292.83916667,TP,0.940603,0.977356,0.058803,0.0,1316.586766,0
beta_decouple,BCHUSDT,2026-05-28 16:00:00+00:00,2026-05-28 16:02:00+00:00,SHORT,299.9,297.13,293.78697917,306.01302083,TIME,0.3749,0.423959,0.078495,0.0,1415.304312,0
beta_decouple,BCHUSDT,2026-05-28 17:00:00+00:00,2026-05-28 17:02:00+00:00,SHORT,303.02,299.54,298.08083333,307.95916667,TIME,0.606823,0.668174,0.098161,0.0,1587.072276,0
beta_decouple,BCHUSDT,2026-05-28 18:00:00+00:00,2026-05-28 18:02:00+00:00,SHORT,303.33,303.84,298.78005,307.87995,TIME,-0.218835,-0.152168,0.106667,0.0,1517.610856,0
beta_decouple,BCHUSDT,2026-05-28 23:00:00+00:00,2026-05-28 23:02:00+00:00,SHORT,299.72,297.34,295.2242,304.2158,TIME,0.423022,0.489689,0.106667,0.0,1646.007422,0
beta_decouple,BCHUSDT,2026-05-29 00:00:00+00:00,2026-05-29 00:02:00+00:00,SHORT,302.45,300.8,297.91325,306.98675,TIME,0.257236,0.323903,0.106667,0.0,1730.689925,0
beta_decouple,BCHUSDT,2026-05-29 03:00:00+00:00,2026-05-29 03:02:00+00:00,SHORT,302.48,300.94,297.9428,307.0172,TIME,0.232941,0.299608,0.106667,0.0,1811.319799,0
beta_decouple,BCHUSDT,2026-05-29 04:00:00+00:00,2026-05-29 04:02:00+00:00,SHORT,305.04,302.15,300.4644,309.6156,TIME,0.525312,0.591978,0.106667,0.0,2001.621247,0
beta_decouple,BCHUSDT,2026-05-29 06:00:00+00:00,2026-05-29 06:02:00+00:00,SHORT,307.47,305.07,302.85795,312.08205,TIME,0.41401,0.480676,0.106667,0.0,2167.359338,0
beta_decouple,BCHUSDT,2026-05-29 15:00:00+00:00,2026-05-29 15:01:00+00:00,SHORT,305.67,301.08495,301.08495,310.25505,TP,0.893922,0.960588,0.106667,0.0,2554.849164,0
beta_decouple,BCHUSDT,2026-05-29 16:00:00+00:00,2026-05-29 16:02:00+00:00,SHORT,306.58,305.33,301.9813,311.1787,TIME,0.1653,0.231967,0.106667,0.0,2639.31269,0
beta_decouple,BCHUSDT,2026-05-29 21:00:00+00:00,2026-05-29 21:02:00+00:00,LONG,301.65,305.3,306.17475,297.12525,TIME,0.699536,0.766203,0.106667,0.0,3008.571471,0
beta_decouple,BCHUSDT,2026-05-30 02:00:00+00:00,2026-05-30 02:02:00+00:00,SHORT,305.35,304.89,300.76975,309.93025,TIME,-0.006187,0.060479,0.106667,0.0,3004.848548,0
beta_decouple,BCHUSDT,2026-05-30 04:00:00+00:00,2026-05-30 04:02:00+00:00,LONG,299.25,302.89,303.73875,294.76125,TIME,0.703775,0.770442,0.106667,0.0,3427.796068,0
beta_decouple,BCHUSDT,2026-05-30 13:00:00+00:00,2026-05-30 13:02:00+00:00,SHORT,304.42,303.66,299.8537,308.9863,TIME,0.059858,0.126525,0.106667,0.0,3468.832233,0
beta_decouple,BCHUSDT,2026-05-30 14:00:00+00:00,2026-05-30 14:02:00+00:00,SHORT,306.47,304.85,301.87295,311.06705,TIME,0.245933,0.312599,0.106667,0.0,3639.452117,0
beta_decouple,BCHUSDT,2026-05-30 19:00:00+00:00,2026-05-30 19:02:00+00:00,LONG,306.11,306.28,310.70165,301.51835,TIME,-0.069653,-0.002986,0.106667,0.0,3588.752256,0
beta_decouple,BCHUSDT,2026-05-30 21:00:00+00:00,2026-05-30 21:02:00+00:00,LONG,305.47,306.21,310.05205,300.88795,TIME,0.054748,0.121415,0.106667,0.0,3628.047819,0
beta_decouple,BCHUSDT,2026-05-30 22:00:00+00:00,2026-05-30 22:02:00+00:00,LONG,302.45,304.27,306.98675,297.91325,TIME,0.294273,0.36094,0.106667,0.0,3841.575077,0
beta_decouple,BCHUSDT,2026-05-31 06:00:00+00:00,2026-05-31 06:02:00+00:00,SHORT,305.18,303.76,300.6023,309.7577,TIME,0.203707,0.270374,0.106667,0.0,3998.086186,0
beta_decouple,BCHUSDT,2026-05-31 07:00:00+00:00,2026-05-31 07:02:00+00:00,SHORT,305.62,304.69,301.0357,310.2043,TIME,0.096309,0.162976,0.106667,0.0,4075.096835,0
beta_decouple,BCHUSDT,2026-05-31 11:00:00+00:00,2026-05-31 11:02:00+00:00,LONG,303.16,307.26,307.7074,298.6126,TIME,0.794419,0.861085,0.106667,0.0,4722.563406,0
beta_decouple,BCHUSDT,2026-05-31 14:00:00+00:00,2026-05-31 14:02:00+00:00,LONG,298.99,301.87,303.47485,294.50515,TIME,0.535122,0.601789,0.106667,0.0,5227.993009,0
beta_decouple,BCHUSDT,2026-05-31 19:00:00+00:00,2026-05-31 19:02:00+00:00,SHORT,300.69,299.55,296.17965,305.20035,TIME,0.146225,0.212892,0.106667,0.0,5380.885696,0
beta_decouple,BCHUSDT,2026-05-31 21:00:00+00:00,2026-05-31 21:02:00+00:00,SHORT,302.24,300.01,297.7064,306.7736,TIME,0.385499,0.452166,0.106667,0.0,5795.751314,0
beta_decouple,BCHUSDT,2026-06-01 01:00:00+00:00,2026-06-01 01:01:00+00:00,LONG,297.48,301.9422,301.9422,293.0178,TP,0.892746,0.959412,0.106667,0.0,6830.577506,0
beta_decouple,BCHUSDT,2026-06-01 06:00:00+00:00,2026-06-01 06:01:00+00:00,LONG,293.06,297.4559,297.4559,288.6641,TP,0.892746,0.959412,0.106667,0.0,8050.170986,0
beta_decouple,BCHUSDT,2026-06-01 07:00:00+00:00,2026-06-01 07:02:00+00:00,LONG,288.78,292.99,293.1117,284.4483,TIME,0.864667,0.931334,0.106667,0.0,9442.314677,0
beta_decouple,BCHUSDT,2026-06-01 11:00:00+00:00,2026-06-01 11:02:00+00:00,LONG,279.94,284.26010417,284.26010417,275.61989583,TP,0.895733,0.960532,0.103679,0.0,11133.872981,0
beta_decouple,BCHUSDT,2026-06-01 15:00:00+00:00,2026-06-01 15:02:00+00:00,SHORT,286.57,283.01,282.27145,290.86855,TIME,0.722005,0.788671,0.106667,0.0,12741.614571,0
beta_decouple,BCHUSDT,2026-06-01 16:00:00+00:00,2026-06-01 16:02:00+00:00,SHORT,287.88,286.73,283.5618,292.1982,TIME,0.159796,0.226463,0.106667,0.0,13148.825958,0
beta_decouple,BCHUSDT,2026-06-01 17:00:00+00:00,2026-06-01 17:02:00+00:00,SHORT,290.52,287.6,286.1622,294.8778,TIME,0.563786,0.630453,0.106667,0.0,14631.451713,0
beta_decouple,BCHUSDT,2026-06-01 23:00:00+00:00,2026-06-01 23:02:00+00:00,SHORT,293.35,290.84,288.94975,297.75025,TIME,0.464086,0.530752,0.106667,0.0,15989.501569,0
beta_decouple,BCHUSDT,2026-06-03 00:00:00+00:00,2026-06-03 00:02:00+00:00,LONG,269.69,268.87,274.51291667,264.86708333,TIME,-0.259379,-0.203461,0.08947,0.0,15160.033174,0
beta_decouple,BCHUSDT,2026-06-03 01:00:00+00:00,2026-06-03 01:01:00+00:00,LONG,262.44,268.68885417,268.68885417,256.19114583,TP,0.932211,0.974209,0.067197,0.0,17986.502437,0
beta_decouple,BCHUSDT,2026-06-03 10:00:00+00:00,2026-06-03 10:02:00+00:00,SHORT,253.0,249.27,247.73822917,258.26177083,TIME,0.632371,0.680454,0.076932,0.0,20261.332198,0
beta_decouple,BCHUSDT,2026-06-03 15:00:00+00:00,2026-06-03 15:02:00+00:00,SHORT,246.94,243.94,242.26395833,251.61604167,TIME,0.557448,0.610258,0.084495,0.0,22520.261755,0
beta_decouple,BCHUSDT,2026-06-03 16:00:00+00:00,2026-06-03 16:02:00+00:00,SHORT,248.68,246.68,244.88489583,252.47510417,TIME,0.422457,0.487983,0.104842,0.0,24423.029325,0
beta_decouple,BCHUSDT,2026-06-03 17:00:00+00:00,2026-06-03 17:02:00+00:00,SHORT,249.03,247.59,245.29455,252.76545,TIME,0.279048,0.345715,0.106667,0.0,25786.070874,0
beta_decouple,BCHUSDT,2026-06-03 18:00:00+00:00,2026-06-03 18:02:00+00:00,SHORT,251.13,249.47,247.36305,254.89695,TIME,0.334261,0.400927,0.106667,0.0,27509.924536,0
beta_decouple,BCHUSDT,2026-06-03 21:00:00+00:00,2026-06-03 21:01:00+00:00,SHORT,247.29,243.58065,243.58065,250.99935,TP,0.893922,0.960588,0.106667,0.0,32428.267191,0
beta_decouple,BCHUSDT,2026-06-04 03:00:00+00:00,2026-06-04 03:01:00+00:00,SHORT,246.58,242.8813,242.8813,250.2787,TP,0.893922,0.960588,0.106667,0.0,38225.932304,0
beta_decouple,BCHUSDT,2026-06-04 08:00:00+00:00,2026-06-04 08:02:00+00:00,SHORT,246.12,243.89,242.4282,249.8118,TIME,0.497725,0.564392,0.106667,0.0,42031.134665,0
beta_decouple,BCHUSDT,2026-06-04 12:00:00+00:00,2026-06-04 12:01:00+00:00,SHORT,249.68,245.9348,245.9348,253.4252,TP,0.893922,0.960588,0.106667,0.0,49545.641736,0
beta_decouple,BCHUSDT,2026-06-04 21:00:00+00:00,2026-06-04 21:01:00+00:00,LONG,243.02,246.6653,246.6653,239.3747,TP,0.892746,0.959412,0.106667,0.0,58391.971573,0
beta_decouple,BCHUSDT,2026-06-05 02:00:00+00:00,2026-06-05 02:01:00+00:00,LONG,240.65,244.25975,244.25975,237.04025,TP,0.892746,0.959412,0.106667,0.0,68817.805657,0
beta_decouple,BCHUSDT,2026-06-05 03:00:00+00:00,2026-06-05 03:02:00+00:00,LONG,239.38,239.67,242.9707,235.7893,TIME,-0.025939,0.040728,0.106667,0.0,68460.793776,0
beta_decouple,BCHUSDT,2026-06-05 05:00:00+00:00,2026-06-05 05:01:00+00:00,LONG,234.03,237.54045,237.54045,230.51955,TP,0.892746,0.959412,0.106667,0.0,80684.407022,0
beta_decouple,BCHUSDT,2026-06-05 06:00:00+00:00,2026-06-05 06:01:00+00:00,LONG,223.84,228.84083333,228.84083333,218.83916667,TP,0.927791,0.972552,0.071617,0.0,95656.066337,0
beta_decouple,BCHUSDT,2026-06-05 13:00:00+00:00,2026-06-05 13:01:00+00:00,LONG,215.92,221.28864583,221.28864583,210.55135417,TP,0.935057,0.975276,0.06435,0.0,113544.850483,0
beta_decouple,BCHUSDT,2026-06-05 16:00:00+00:00,2026-06-05 16:01:00+00:00,SHORT,220.37,217.0225,217.0225,223.7175,TP,0.895258,0.96109,0.10533,0.0,133875.246244,0
beta_decouple,BCHUSDT,2026-06-05 20:00:00+00:00,2026-06-05 20:01:00+00:00,SHORT,219.95,216.65075,216.65075,223.24925,TP,0.893922,0.960588,0.106667,0.0,157810.038693,0
beta_decouple,BCHUSDT,2026-06-06 06:00:00+00:00,2026-06-06 06:01:00+00:00,SHORT,220.89,217.57665,217.57665,224.20335,TP,0.893922,0.960588,0.106667,0.0,186023.996302,0
beta_decouple,BCHUSDT,2026-06-06 12:00:00+00:00,2026-06-06 12:02:00+00:00,LONG,217.4,219.77,220.661,214.139,TIME,0.61968,0.686347,0.106667,0.0,209079.078478,0
beta_decouple,BCHUSDT,2026-06-06 15:00:00+00:00,2026-06-06 15:02:00+00:00,LONG,217.17,218.99,220.42755,213.91245,TIME,0.451712,0.518379,0.106667,0.0,227967.796808,0
beta_decouple,BCHUSDT,2026-06-06 16:00:00+00:00,2026-06-06 16:02:00+00:00,LONG,215.38,217.11,218.6107,212.1493,TIME,0.428512,0.495178,0.106667,0.0,247505.174939,0
beta_decouple,BCHUSDT,2026-06-06 17:00:00+00:00,2026-06-06 17:02:00+00:00,LONG,214.07,215.48,217.28105,210.85895,TIME,0.332191,0.398857,0.106667,0.0,263948.955744,0
beta_decouple,BCHUSDT,2026-06-06 21:00:00+00:00,2026-06-06 21:02:00+00:00,SHORT,216.07,214.73,212.82895,219.31105,TIME,0.307016,0.373682,0.106667,0.0,280156.252096,0
beta_decouple,BCHUSDT,2026-06-08 00:00:00+00:00,2026-06-08 00:02:00+00:00,SHORT,230.0,229.44,226.55,233.45,TIME,0.055738,0.122404,0.106667,0.0,283279.299006,0
beta_decouple,BCHUSDT,2026-06-08 07:00:00+00:00,2026-06-08 07:01:00+00:00,LONG,217.07,220.32605,220.32605,213.81395,TP,0.892746,0.959412,0.106667,0.0,333858.563441,0
beta_decouple,BCHUSDT,2026-06-08 08:00:00+00:00,2026-06-08 08:01:00+00:00,LONG,201.75,205.71010417,205.71010417,197.78989583,TP,0.917896,0.968842,0.081513,0.0,395148.074137,0
beta_decouple,BCHUSDT,2026-06-08 15:00:00+00:00,2026-06-08 15:02:00+00:00,SHORT,210.04,210.21,206.8894,213.1906,TIME,-0.160669,-0.094002,0.106667,0.0,382450.462501,0
beta_decouple,BCHUSDT,2026-06-08 19:00:00+00:00,2026-06-08 19:02:00+00:00,SHORT,210.72,209.53,207.5592,213.8808,TIME,0.270034,0.336701,0.106667,0.0,403105.407646,0
beta_decouple,BCHUSDT,2026-06-08 20:00:00+00:00,2026-06-08 20:02:00+00:00,SHORT,212.16,210.46,208.9776,215.3424,TIME,0.42783,0.494497,0.106667,0.0,437597.522773,0
beta_decouple,BCHUSDT,2026-06-09 00:00:00+00:00,2026-06-09 00:01:00+00:00,LONG,204.12,207.1818,207.1818,201.0582,TP,0.892746,0.959412,0.106667,0.0,515730.167474,0
beta_decouple,BCHUSDT,2026-06-09 06:00:00+00:00,2026-06-09 06:02:00+00:00,SHORT,208.87,206.98,205.73695,212.00305,TIME,0.496929,0.563596,0.106667,0.0,566986.466505,0
beta_decouple,BCHUSDT,2026-06-09 07:00:00+00:00,2026-06-09 07:02:00+00:00,SHORT,210.01,209.42,206.85985,213.16015,TIME,0.080726,0.147393,0.106667,0.0,576140.622631,0
beta_decouple,BCHUSDT,2026-06-09 14:00:00+00:00,2026-06-09 14:02:00+00:00,LONG,203.36,206.09,206.4104,200.3096,TIME,0.787773,0.85444,0.106667,0.0,666914.240283,0
beta_decouple,BCHUSDT,2026-06-09 15:00:00+00:00,2026-06-09 15:02:00+00:00,LONG,201.98,202.89,205.0097,198.9503,TIME,0.193525,0.260192,0.106667,0.0,692727.147886,0
beta_decouple,BCHUSDT,2026-06-09 19:00:00+00:00,2026-06-09 19:02:00+00:00,SHORT,204.99,204.05,201.91515,208.06485,TIME,0.199211,0.265877,0.106667,0.0,720326.890666,0
beta_decouple,BCHUSDT,2026-06-09 20:00:00+00:00,2026-06-09 20:02:00+00:00,SHORT,205.83,204.93,202.74255,208.91745,TIME,0.184999,0.251666,0.106667,0.0,746978.838708,0
beta_decouple,BCHUSDT,2026-06-10 02:00:00+00:00,2026-06-10 02:02:00+00:00,LONG,200.95,201.57,203.96425,197.93575,TIME,0.098912,0.165578,0.106667,0.0,761755.812208,0
beta_decouple,BCHUSDT,2026-06-10 08:00:00+00:00,2026-06-10 08:02:00+00:00,LONG,196.45,198.9,199.39675,193.50325,TIME,0.724271,0.790938,0.106667,0.0,872099.352459,0
beta_decouple,BCHUSDT,2026-06-10 11:00:00+00:00,2026-06-10 11:02:00+00:00,LONG,193.88,195.97,196.7882,190.9718,TIME,0.611572,0.678239,0.106667,0.0,978769.635923,0
beta_decouple,BCHUSDT,2026-06-10 13:00:00+00:00,2026-06-10 13:02:00+00:00,SHORT,199.91,197.3,196.91135,202.90865,TIME,0.764235,0.830902,0.106667,0.0,1128371.716318,0
beta_decouple,BCHUSDT,2026-06-10 14:00:00+00:00,2026-06-10 14:02:00+00:00,SHORT,200.6,200.18,197.591,203.609,TIME,0.032986,0.099653,0.106667,0.0,1135815.891414,0
beta_decouple,BCHUSDT,2026-06-10 19:00:00+00:00,2026-06-10 19:01:00+00:00,LONG,195.28,198.2092,198.2092,192.3508,TP,0.892746,0.959412,0.106667,0.0,1338614.79879,0
beta_decouple,BCHUSDT,2026-06-10 21:00:00+00:00,2026-06-10 21:01:00+00:00,LONG,192.24,195.1236,195.1236,189.3564,TP,0.892746,0.959412,0.106667,0.0,1577623.268953,0
beta_decouple,BCHUSDT,2026-06-11 00:00:00+00:00,2026-06-11 00:02:00+00:00,SHORT,197.16,195.12,194.2026,200.1174,TIME,0.58353,0.650197,0.106667,0.0,1761741.5031,0
beta_decouple,BCHUSDT,2026-06-11 01:00:00+00:00,2026-06-11 01:02:00+00:00,SHORT,198.19,197.42,195.21715,201.16285,TIME,0.152487,0.219154,0.106667,0.0,1815470.21333,0
beta_decouple,BCHUSDT,2026-06-11 03:00:00+00:00,2026-06-11 03:01:00+00:00,SHORT,201.07,198.05395,198.05395,204.08605,TP,0.893922,0.960588,0.106667,0.0,2140047.788144,0
beta_decouple,BCHUSDT,2026-06-11 12:00:00+00:00,2026-06-11 12:02:00+00:00,LONG,200.33,200.98,203.33495,197.32505,TIME,0.109525,0.176192,0.106667,0.0,2186925.679771,0
beta_decouple,BCHUSDT,2026-06-11 14:00:00+00:00,2026-06-11 14:02:00+00:00,LONG,199.59,200.74,202.58385,196.59615,TIME,0.277236,0.343902,0.106667,0.0,2308184.457309,0
beta_decouple,BCHUSDT,2026-06-11 17:00:00+00:00,2026-06-11 17:01:00+00:00,SHORT,204.57,201.50145,201.50145,207.63855,TP,0.893922,0.960588,0.106667,0.0,2720851.604298,0
beta_decouple,BCHUSDT,2026-06-12 05:00:00+00:00,2026-06-12 05:02:00+00:00,LONG,203.82,204.91,206.8773,200.7627,TIME,0.249655,0.316322,0.106667,0.0,2856706.559886,0
beta_decouple,BCHUSDT,2026-06-12 06:00:00+00:00,2026-06-12 06:02:00+00:00,LONG,201.68,204.08,204.7052,198.6548,TIME,0.686205,0.752872,0.106667,0.0,3248764.081228,0
beta_decouple,BCHUSDT,2026-06-12 13:00:00+00:00,2026-06-12 13:02:00+00:00,LONG,202.78,204.63,205.8217,199.7383,TIME,0.501193,0.56786,0.106667,0.0,3574415.660322,0
beta_decouple,BCHUSDT,2026-06-12 14:00:00+00:00,2026-06-12 14:01:00+00:00,SHORT,206.6,203.501,203.501,209.699,TP,0.893922,0.960588,0.106667,0.0,4213465.069058,0
beta_decouple,BCHUSDT,2026-06-12 22:00:00+00:00,2026-06-12 22:02:00+00:00,LONG,202.35,203.69,205.38525,199.31475,TIME,0.33456,0.401226,0.106667,0.0,4495396.280844,0
beta_decouple,BCHUSDT,2026-06-12 23:00:00+00:00,2026-06-12 23:02:00+00:00,LONG,201.98,201.71,205.0097,198.9503,TIME,-0.195719,-0.129052,0.106667,0.0,4319429.432778,0
beta_decouple,BCHUSDT,2026-06-13 06:00:00+00:00,2026-06-13 06:02:00+00:00,SHORT,205.14,202.8,202.0629,208.2171,TIME,0.654234,0.720901,0.106667,0.0,4884612.964136,0
beta_decouple,BCHUSDT,2026-06-13 07:00:00+00:00,2026-06-13 07:02:00+00:00,SHORT,207.58,204.68,204.4663,210.6937,TIME,0.825248,0.891915,0.106667,0.0,5690816.520878,0
beta_decouple,BCHUSDT,2026-06-13 13:00:00+00:00,2026-06-13 13:02:00+00:00,SHORT,208.7,207.82,205.5695,211.8305,TIME,0.174595,0.241262,0.106667,0.0,5889534.482429,0
beta_decouple,BCHUSDT,2026-06-13 16:00:00+00:00,2026-06-13 16:02:00+00:00,LONG,206.95,208.43,210.05425,203.84575,TIME,0.369825,0.436492,0.106667,0.0,6325153.995245,0
beta_decouple,BCHUSDT,2026-06-13 17:00:00+00:00,2026-06-13 17:02:00+00:00,LONG,206.1,206.68,209.1915,203.0085,TIME,0.080844,0.147511,0.106667,0.0,6427424.130941,0
beta_decouple,BCHUSDT,2026-06-13 21:00:00+00:00,2026-06-13 21:02:00+00:00,SHORT,208.83,207.85,205.69755,211.96245,TIME,0.206363,0.27303,0.106667,0.0,6692700.962961,0
beta_decouple,BCHUSDT,2026-06-14 04:00:00+00:00,2026-06-14 04:02:00+00:00,LONG,206.39,208.69,209.48585,203.29415,TIME,0.63583,0.702496,0.106667,0.0,7543784.648233,0
beta_decouple,BCHUSDT,2026-06-14 05:00:00+00:00,2026-06-14 05:01:00+00:00,LONG,203.39,206.44085,206.44085,200.33915,TP,0.892746,0.959412,0.106667,0.0,8890720.622374,0
beta_decouple,BCHUSDT,2026-06-14 13:00:00+00:00,2026-06-14 13:02:00+00:00,LONG,202.17,202.8,205.20255,199.13745,TIME,0.100967,0.167633,0.106667,0.0,9070253.923924,0
beta_decouple,BCHUSDT,2026-06-14 14:00:00+00:00,2026-06-14 14:02:00+00:00,LONG,200.92,201.86,203.9338,197.9062,TIME,0.205057,0.271724,0.106667,0.0,9442237.457195,0
beta_decouple,BCHUSDT,2026-06-14 18:00:00+00:00,2026-06-14 18:02:00+00:00,LONG,198.53,201.05,201.50795,195.55205,TIME,0.739057,0.805724,0.106667,0.0,10837908.673162,0
beta_decouple,BCHUSDT,2026-06-14 21:00:00+00:00,2026-06-14 21:01:00+00:00,SHORT,208.27,205.14595,205.14595,211.39405,TP,0.893922,0.960588,0.106667,0.0,12775556.60997,0
beta_decouple,BCHUSDT,2026-06-15 09:00:00+00:00,2026-06-15 09:02:00+00:00,SHORT,214.93,213.44,211.70605,218.15395,TIME,0.355765,0.422431,0.106667,0.0,13684574.994934,0
beta_decouple,BCHUSDT,2026-06-15 10:00:00+00:00,2026-06-15 10:01:00+00:00,SHORT,222.2,218.51395833,218.51395833,225.88604167,TP,0.904139,0.96442,0.09645,0.0,16159126.526465,0
beta_decouple,BCHUSDT,2026-06-15 11:00:00+00:00,2026-06-15 11:01:00+00:00,SHORT,228.09,223.1828125,223.1828125,232.9971875,TP,0.926223,0.972703,0.074369,0.0,19152515.941271,0
beta_decouple,BCHUSDT,2026-06-15 16:00:00+00:00,2026-06-15 16:02:00+00:00,LONG,225.7,226.66,229.0855,222.3145,TIME,0.176737,0.243404,0.106667,0.0,19829509.476232,0
beta_decouple,BCHUSDT,2026-06-15 17:00:00+00:00,2026-06-15 17:02:00+00:00,LONG,225.52,225.49,228.9028,222.1372,TIME,-0.115518,-0.048851,0.106667,0.0,19371377.436872,0
beta_decouple,BCHUSDT,2026-06-15 18:00:00+00:00,2026-06-15 18:02:00+00:00,LONG,223.29,225.22,226.63935,219.94065,TIME,0.469231,0.535898,0.106667,0.0,21189307.225151,0
beta_decouple,BCHUSDT,2026-06-15 22:00:00+00:00,2026-06-15 22:02:00+00:00,LONG,224.14,226.38,227.5021,220.7779,TIME,0.559196,0.625863,0.106667,0.0,23559102.223071,0
beta_decouple,BCHUSDT,2026-06-15 23:00:00+00:00,2026-06-15 23:02:00+00:00,LONG,224.46,223.76,227.8269,221.0931,TIME,-0.314436,-0.24777,0.106667,0.0,22077534.616755,0
beta_decouple,BCHUSDT,2026-06-16 00:00:00+00:00,2026-06-16 00:02:00+00:00,LONG,223.83,224.07,227.18745,220.47255,TIME,-0.035215,0.031452,0.106667,0.0,21922043.753339,0
beta_decouple,BCHUSDT,2026-06-16 03:00:00+00:00,2026-06-16 03:02:00+00:00,LONG,222.55,222.67,225.88825,219.21175,TIME,-0.070729,-0.004063,0.106667,0.0,21611937.794151,0
beta_decouple,BCHUSDT,2026-06-16 04:00:00+00:00,2026-06-16 04:02:00+00:00,LONG,219.84,222.34,223.1376,216.5424,TIME,0.651018,0.717684,0.106667,0.0,24425888.655839,0
beta_decouple,BCHUSDT,2026-06-16 08:00:00+00:00,2026-06-16 08:02:00+00:00,SHORT,227.55,224.85,224.13675,230.96325,TIME,0.684831,0.751498,0.106667,0.0,27771409.955651,0
beta_decouple,BCHUSDT,2026-06-16 10:00:00+00:00,2026-06-16 10:01:00+00:00,LONG,221.37,224.69055,224.69055,218.04945,TP,0.892746,0.959412,0.106667,0.0,32729970.262731,0
beta_decouple,BCHUSDT,2026-06-16 11:00:00+00:00,2026-06-16 11:01:00+00:00,LONG,218.03,221.30045,221.30045,214.75955,TP,0.892746,0.959412,0.106667,0.0,38573877.059537,0
beta_decouple,BCHUSDT,2026-06-16 18:00:00+00:00,2026-06-16 18:02:00+00:00,SHORT,219.05,219.05,215.76425,222.33575,TIME,-0.106679,-0.040012,0.106667,0.0,37750875.07718,0
beta_decouple,BCHUSDT,2026-06-16 20:00:00+00:00,2026-06-16 20:02:00+00:00,SHORT,220.05,217.87,216.74925,223.35075,TIME,0.554174,0.62084,0.106667,0.0,41934983.344116,0
beta_decouple,BCHUSDT,2026-06-16 23:00:00+00:00,2026-06-16 23:01:00+00:00,LONG,213.88,217.0882,217.0882,210.6718,TP,0.892746,0.959412,0.106667,0.0,49422436.959913,0
beta_decouple,BCHUSDT,2026-06-17 09:00:00+00:00,2026-06-17 09:02:00+00:00,SHORT,213.98,213.56,210.7703,217.1897,TIME,0.024253,0.09092,0.106667,0.0,49662167.568508,0
beta_decouple,BCHUSDT,2026-06-17 15:00:00+00:00,2026-06-17 15:01:00+00:00,SHORT,215.91,212.67135,212.67135,219.14865,TP,0.893922,0.960588,0.106667,0.0,58540983.530928,0
beta_decouple,BCHUSDT,2026-06-17 19:00:00+00:00,2026-06-17 19:01:00+00:00,LONG,209.02,212.1553,212.1553,205.8847,TP,0.892746,0.959412,0.106667,0.0,68993423.566831,0
beta_decouple,BCHUSDT,2026-06-18 02:00:00+00:00,2026-06-18 02:02:00+00:00,SHORT,213.84,213.77,210.6324,217.0476,TIME,-0.084842,-0.018176,0.106667,0.0,67822710.00489,0
beta_decouple,BCHUSDT,2026-06-18 04:00:00+00:00,2026-06-18 04:01:00+00:00,LONG,207.12,210.2268,210.2268,204.0132,TP,0.892746,0.959412,0.106667,0.0,79932393.967135,0
beta_decouple,BCHUSDT,2026-06-18 13:00:00+00:00,2026-06-18 13:02:00+00:00,LONG,205.49,207.05,208.57235,202.40765,TIME,0.399149,0.465816,0.106667,0.0,86313382.742378,0
beta_decouple,BCHUSDT,2026-06-18 14:00:00+00:00,2026-06-18 14:02:00+00:00,LONG,203.11,205.57,206.15665,200.06335,TIME,0.700305,0.766972,0.106667,0.0,98402525.767336,0
beta_decouple,BCHUSDT,2026-06-18 15:00:00+00:00,2026-06-18 15:01:00+00:00,LONG,194.73,198.44604167,198.44604167,191.01395833,TP,0.915566,0.967968,0.083844,0.0,116421318.392421,0
beta_decouple,BCHUSDT,2026-06-18 20:00:00+00:00,2026-06-18 20:02:00+00:00,SHORT,199.52,198.67,196.5272,202.5128,TIME,0.177507,0.244173,0.106667,0.0,120554432.576285,0
beta_decouple,BCHUSDT,2026-06-19 03:00:00+00:00,2026-06-19 03:01:00+00:00,LONG,194.59,197.50885,197.50885,191.67115,TP,0.892746,0.959412,0.106667,0.0,142079318.247195,0
beta_decouple,BCHUSDT,2026-06-19 04:00:00+00:00,2026-06-19 04:02:00+00:00,LONG,193.48,193.88,196.3822,190.5778,TIME,0.031089,0.097756,0.106667,0.0,142962742.87163,0
beta_decouple,BCHUSDT,2026-06-19 10:00:00+00:00,2026-06-19 10:02:00+00:00,SHORT,194.73,193.45,191.80905,197.65095,TIME,0.331798,0.398465,0.106667,0.0,152449691.350148,0
beta_decouple,BCHUSDT,2026-06-19 11:00:00+00:00,2026-06-19 11:02:00+00:00,SHORT,195.05,194.5,192.12425,197.97575,TIME,0.08142,0.148087,0.106667,0.0,154932186.443633,0
beta_decouple,BCHUSDT,2026-06-19 12:00:00+00:00,2026-06-19 12:02:00+00:00,SHORT,196.0,195.02,193.06,198.94,TIME,0.226855,0.293521,0.106667,0.0,161961606.094114,0
beta_decouple,BCHUSDT,2026-06-19 13:00:00+00:00,2026-06-19 13:02:00+00:00,SHORT,197.73,195.55,194.76405,200.69595,TIME,0.628771,0.695438,0.106667,0.0,182328974.058632,0
beta_decouple,BCHUSDT,2026-06-19 23:00:00+00:00,2026-06-19 23:02:00+00:00,SHORT,198.38,197.26,195.4043,201.3557,TIME,0.269929,0.336596,0.106667,0.0,192172158.866043,0
beta_decouple,BCHUSDT,2026-06-20 05:00:00+00:00,2026-06-20 05:02:00+00:00,SHORT,199.04,198.15,196.0544,202.0256,TIME,0.191598,0.258264,0.106667,0.0,199536110.54485,0
beta_decouple,BCHUSDT,2026-06-20 06:00:00+00:00,2026-06-20 06:02:00+00:00,SHORT,199.52,199.04,196.5272,202.5128,TIME,0.053803,0.120469,0.106667,0.0,201683219.396392,0
beta_decouple,BCHUSDT,2026-06-20 11:00:00+00:00,2026-06-20 11:02:00+00:00,LONG,198.29,198.95,201.26435,195.31565,TIME,0.115109,0.181776,0.106667,0.0,206326348.39196,0
beta_decouple,BCHUSDT,2026-06-20 13:00:00+00:00,2026-06-20 13:02:00+00:00,LONG,197.13,198.17,200.08695,194.17305,TIME,0.244848,0.311515,0.106667,0.0,216430072.254048,0
beta_decouple,BCHUSDT,2026-06-20 15:00:00+00:00,2026-06-20 15:02:00+00:00,SHORT,200.03,198.44,197.02955,203.03045,TIME,0.42356,0.490227,0.106667,0.0,234764291.746402,0
beta_decouple,BCHUSDT,2026-06-20 22:00:00+00:00,2026-06-20 22:02:00+00:00,SHORT,200.03,198.76,197.02955,203.03045,TIME,0.316845,0.383512,0.106667,0.0,249641080.043344,0
beta_decouple,BCHUSDT,2026-06-21 02:00:00+00:00,2026-06-21 02:02:00+00:00,LONG,198.28,199.04,201.2542,195.3058,TIME,0.148723,0.21539,0.106667,0.0,257066551.928044,0
beta_decouple,BCHUSDT,2026-06-21 08:00:00+00:00,2026-06-21 08:02:00+00:00,LONG,197.77,198.67,200.73655,194.80345,TIME,0.196546,0.263213,0.106667,0.0,267171636.132565,0
beta_decouple,BCHUSDT,2026-06-21 15:00:00+00:00,2026-06-21 15:02:00+00:00,SHORT,199.55,198.75,196.55675,202.54325,TIME,0.16075,0.227416,0.106667,0.0,275761191.323307,0
beta_decouple,BCHUSDT,2026-06-21 20:00:00+00:00,2026-06-21 20:02:00+00:00,LONG,196.92,198.46,199.8738,193.9662,TIME,0.414395,0.481062,0.106667,0.0,298615998.638086,0
beta_decouple,BCHUSDT,2026-06-21 21:00:00+00:00,2026-06-21 21:02:00+00:00,LONG,196.18,196.91,199.1227,193.2373,TIME,0.141268,0.207935,0.106667,0.0,307052977.435065,0
beta_decouple,BCHUSDT,2026-06-21 23:00:00+00:00,2026-06-21 23:02:00+00:00,LONG,194.74,196.12,197.6611,191.8189,TIME,0.365487,0.432153,0.106667,0.0,329497735.251262,0
beta_decouple,BCHUSDT,2026-06-22 01:00:00+00:00,2026-06-22 01:02:00+00:00,SHORT,200.34,198.43,197.3349,203.3451,TIME,0.529289,0.595956,0.106667,0.0,364377638.372757,0
beta_decouple,BCHUSDT,2026-06-22 11:00:00+00:00,2026-06-22 11:02:00+00:00,SHORT,201.02,199.42,198.0047,204.0353,TIME,0.424267,0.490934,0.106667,0.0,395296315.245052,0
beta_decouple,BCHUSDT,2026-06-22 12:00:00+00:00,2026-06-22 12:02:00+00:00,SHORT,202.1,201.27,199.0685,205.1315,TIME,0.167278,0.233944,0.106667,0.0,408521151.622493,0
beta_decouple,BCHUSDT,2026-06-22 13:00:00+00:00,2026-06-22 13:02:00+00:00,SHORT,204.49,201.63,201.42265,207.55735,TIME,0.826282,0.892949,0.106667,0.0,476031875.888924,0
beta_decouple,BCHUSDT,2026-06-22 16:00:00+00:00,2026-06-22 16:02:00+00:00,LONG,198.99,200.82,201.97485,196.00515,TIME,0.506074,0.57274,0.106667,0.0,524213320.139264,0
beta_decouple,BCHUSDT,2026-06-22 22:00:00+00:00,2026-06-22 22:02:00+00:00,LONG,196.74,199.03,199.6911,193.7889,TIME,0.668862,0.735528,0.106667,0.0,594338564.473231,0
beta_decouple,BCHUSDT,2026-06-23 00:00:00+00:00,2026-06-23 00:02:00+00:00,LONG,195.64,197.39,198.5746,192.7054,TIME,0.489321,0.555988,0.106667,0.0,652503037.189421,0
beta_decouple,BCHUSDT,2026-06-23 06:00:00+00:00,2026-06-23 06:01:00+00:00,LONG,190.77,193.63155,193.63155,187.90845,TP,0.892746,0.959412,0.106667,0.0,769006868.490161,0
beta_decouple,BCHUSDT,2026-06-23 08:00:00+00:00,2026-06-23 08:02:00+00:00,LONG,188.48,190.71,191.3072,185.6528,TIME,0.681638,0.748305,0.106667,0.0,873843803.452177,0
beta_decouple,BCHUSDT,2026-06-23 11:00:00+00:00,2026-06-23 11:02:00+00:00,SHORT,191.05,190.52,188.18425,193.91575,TIME,0.078375,0.145042,0.106667,0.0,887541337.99477,0
beta_decouple,BCHUSDT,2026-06-23 12:00:00+00:00,2026-06-23 12:02:00+00:00,SHORT,191.26,191.22,188.3911,194.1289,TIME,-0.092728,-0.026061,0.106667,0.0,871081408.853904,0
beta_decouple,BCHUSDT,2026-06-23 18:00:00+00:00,2026-06-23 18:02:00+00:00,SHORT,190.56,190.25,187.7016,193.4184,TIME,0.001839,0.068505,0.106667,0.0,871401740.614208,0
beta_decouple,BCHUSDT,2026-06-23 19:00:00+00:00,2026-06-23 19:02:00+00:00,SHORT,191.67,190.59,188.79495,194.54505,TIME,0.269192,0.335859,0.106667,0.0,918316690.277009,0
beta_decouple,BCHUSDT,2026-06-23 20:00:00+00:00,2026-06-23 20:02:00+00:00,SHORT,192.48,192.13,189.5928,195.3672,TIME,0.014619,0.081285,0.106667,0.0,921001628.319878,0
beta_decouple,BCHUSDT,2026-06-23 21:00:00+00:00,2026-06-23 21:02:00+00:00,SHORT,193.53,192.55,190.62705,196.43295,TIME,0.231112,0.297778,0.106667,0.0,963572454.681362,0
beta_decouple,BCHUSDT,2026-06-24 01:00:00+00:00,2026-06-24 01:02:00+00:00,SHORT,195.8,194.78,192.863,198.737,TIME,0.240823,0.30749,0.106667,0.0,1009982521.970499,0
beta_decouple,BCHUSDT,2026-06-24 07:00:00+00:00,2026-06-24 07:02:00+00:00,LONG,194.36,194.56,197.2754,191.4446,TIME,-0.038095,0.028572,0.106667,0.0,1002287546.428696,0
beta_decouple,BCHUSDT,2026-06-24 08:00:00+00:00,2026-06-24 08:02:00+00:00,LONG,193.65,194.45,196.55475,190.74525,TIME,0.168591,0.235258,0.106667,0.0,1036082897.924037,0
beta_decouple,BCHUSDT,2026-06-24 09:00:00+00:00,2026-06-24 09:02:00+00:00,LONG,193.27,193.29,196.16905,190.37095,TIME,-0.09976,-0.033093,0.106667,0.0,1015410972.642667,0
beta_decouple,BCHUSDT,2026-06-24 10:00:00+00:00,2026-06-24 10:02:00+00:00,LONG,191.97,193.14,194.84955,189.09045,TIME,0.299415,0.366082,0.106667,0.0,1076216848.477322,0
beta_decouple,BCHUSDT,2026-06-24 13:00:00+00:00,2026-06-24 13:02:00+00:00,LONG,190.83,192.88,193.69245,187.96755,TIME,0.609085,0.675752,0.106667,0.0,1207318457.802483,0
beta_decouple,BCHUSDT,2026-06-24 15:00:00+00:00,2026-06-24 15:01:00+00:00,LONG,187.78,190.5967,190.5967,184.9633,TP,0.892746,0.959412,0.106667,0.0,1422884084.193978,0
beta_decouple,BCHUSDT,2026-06-24 16:00:00+00:00,2026-06-24 16:01:00+00:00,LONG,182.17,184.90255,184.90255,179.43745,TP,0.892746,0.959412,0.106667,0.0,1676938759.585962,0
beta_decouple,BCHUSDT,2026-06-24 20:00:00+00:00,2026-06-24 20:01:00+00:00,SHORT,188.97,186.13545,186.13545,191.80455,TP,0.893922,0.960588,0.106667,0.0,1976749085.143604,0
beta_decouple,LTCUSDT,2026-05-15 05:00:00+00:00,2026-05-15 05:02:00+00:00,LONG,57.33,57.77,58.18995,56.47005,TIME,0.404696,0.471363,0.106667,0.0,7.566575,0
beta_decouple,LTCUSDT,2026-05-15 12:00:00+00:00,2026-05-15 12:02:00+00:00,LONG,57.85,57.99,58.71775,56.98225,TIME,0.054585,0.121252,0.106667,0.0,7.649179,0
beta_decouple,LTCUSDT,2026-05-15 13:00:00+00:00,2026-05-15 13:01:00+00:00,LONG,56.5,57.3475,57.3475,55.6525,TP,0.892746,0.959412,0.106667,0.0,9.014933,0
beta_decouple,LTCUSDT,2026-05-15 22:00:00+00:00,2026-05-15 22:02:00+00:00,SHORT,57.45,57.2,56.58825,58.31175,TIME,0.183603,0.250269,0.106667,0.0,9.345967,0
beta_decouple,LTCUSDT,2026-05-15 23:00:00+00:00,2026-05-15 23:02:00+00:00,SHORT,57.47,57.42,56.60795,58.33205,TIME,-0.048643,0.018024,0.106667,0.0,9.255044,0
beta_decouple,LTCUSDT,2026-05-16 00:00:00+00:00,2026-05-16 00:02:00+00:00,SHORT,57.56,57.38,56.6966,58.4234,TIME,0.101925,0.168591,0.106667,0.0,9.443708,0
beta_decouple,LTCUSDT,2026-05-16 04:00:00+00:00,2026-05-16 04:02:00+00:00,LONG,56.83,57.06,57.68245,55.97755,TIME,0.162994,0.229661,0.106667,0.0,9.751561,0
beta_decouple,LTCUSDT,2026-05-16 06:00:00+00:00,2026-05-16 06:02:00+00:00,LONG,56.22,56.81,57.0633,55.3767,TIME,0.592558,0.659225,0.106667,0.0,10.907235,0
beta_decouple,LTCUSDT,2026-05-16 07:00:00+00:00,2026-05-16 07:02:00+00:00,LONG,56.08,56.26,56.9212,55.2388,TIME,0.107197,0.173864,0.106667,0.0,11.141079,0
beta_decouple,LTCUSDT,2026-05-16 12:00:00+00:00,2026-05-16 12:02:00+00:00,SHORT,56.01,55.91,55.16985,56.85015,TIME,0.012419,0.079086,0.106667,0.0,11.168752,0
beta_decouple,LTCUSDT,2026-05-16 17:00:00+00:00,2026-05-16 17:02:00+00:00,SHORT,56.22,56.19,55.3767,57.0633,TIME,-0.071083,-0.004416,0.106667,0.0,11.00997,0
beta_decouple,LTCUSDT,2026-05-16 20:00:00+00:00,2026-05-16 20:02:00+00:00,SHORT,56.15,56.11,55.30775,56.99225,TIME,-0.059158,0.007508,0.106667,0.0,10.879704,0
beta_decouple,LTCUSDT,2026-05-16 23:00:00+00:00,2026-05-16 23:02:00+00:00,SHORT,56.1,56.03,55.2585,56.9415,TIME,-0.023444,0.043223,0.106667,0.0,10.828692,0
beta_decouple,LTCUSDT,2026-05-17 01:00:00+00:00,2026-05-17 01:02:00+00:00,LONG,55.77,55.91,56.60655,54.93345,TIME,0.060599,0.127266,0.106667,0.0,10.959933,0
beta_decouple,LTCUSDT,2026-05-17 03:00:00+00:00,2026-05-17 03:02:00+00:00,SHORT,56.15,56.03,55.30775,56.99225,TIME,0.035882,0.102549,0.106667,0.0,11.038587,0
beta_decouple,LTCUSDT,2026-05-17 04:00:00+00:00,2026-05-17 04:02:00+00:00,SHORT,56.25,56.2,55.40625,57.09375,TIME,-0.047384,0.019283,0.106667,0.0,10.933977,0
beta_decouple,LTCUSDT,2026-05-17 10:00:00+00:00,2026-05-17 10:02:00+00:00,SHORT,56.38,56.31,55.5343,57.2257,TIME,-0.023857,0.042809,0.106667,0.0,10.881805,0
beta_decouple,LTCUSDT,2026-05-17 13:00:00+00:00,2026-05-17 13:02:00+00:00,LONG,56.07,56.16,56.91105,55.22895,TIME,0.00029,0.066957,0.106667,0.0,10.882437,0
beta_decouple,LTCUSDT,2026-05-17 14:00:00+00:00,2026-05-17 14:02:00+00:00,LONG,55.85,56.01,56.68775,55.01225,TIME,0.084219,0.150885,0.106667,0.0,11.065738,0
beta_decouple,LTCUSDT,2026-05-17 19:00:00+00:00,2026-05-17 19:02:00+00:00,SHORT,56.04,55.95,55.1994,56.8806,TIME,0.000452,0.067119,0.106667,0.0,11.066738,0
beta_decouple,LTCUSDT,2026-05-17 21:00:00+00:00,2026-05-17 21:02:00+00:00,SHORT,56.15,56.0,55.30775,56.99225,TIME,0.071523,0.138189,0.106667,0.0,11.225042,0
beta_decouple,LTCUSDT,2026-05-17 23:00:00+00:00,2026-05-17 23:01:00+00:00,LONG,54.52,55.3378,55.3378,53.7022,TP,0.892746,0.959412,0.106667,0.0,13.229264,0
beta_decouple,LTCUSDT,2026-05-18 00:00:00+00:00,2026-05-18 00:02:00+00:00,LONG,54.29,54.43,55.10435,53.47565,TIME,0.065158,0.131825,0.106667,0.0,13.401663,0
beta_decouple,LTCUSDT,2026-05-18 04:00:00+00:00,2026-05-18 04:02:00+00:00,SHORT,54.23,54.17,53.41655,55.04345,TIME,-0.032874,0.033792,0.106667,0.0,13.313549,0
beta_decouple,LTCUSDT,2026-05-18 11:00:00+00:00,2026-05-18 11:02:00+00:00,SHORT,53.79,53.47,52.98315,54.59685,TIME,0.290163,0.35683,0.106667,0.0,14.08617,0
beta_decouple,LTCUSDT,2026-05-18 12:00:00+00:00,2026-05-18 12:02:00+00:00,SHORT,54.0,53.91,53.19,54.81,TIME,0.004499,0.071166,0.106667,0.0,14.098845,0
beta_decouple,LTCUSDT,2026-05-18 17:00:00+00:00,2026-05-18 17:02:00+00:00,SHORT,53.74,53.57,52.9339,54.5461,TIME,0.10434,0.171007,0.106667,0.0,14.393059,0
beta_decouple,LTCUSDT,2026-05-18 19:00:00+00:00,2026-05-18 19:02:00+00:00,SHORT,54.18,54.04,53.3673,54.9927,TIME,0.06569,0.132357,0.106667,0.0,14.582155,0
beta_decouple,LTCUSDT,2026-05-18 21:00:00+00:00,2026-05-18 21:02:00+00:00,SHORT,54.41,54.05,53.59385,55.22615,TIME,0.334681,0.401348,0.106667,0.0,15.55823,0
beta_decouple,LTCUSDT,2026-05-19 02:00:00+00:00,2026-05-19 02:02:00+00:00,LONG,54.16,54.22,54.9724,53.3476,TIME,-0.032844,0.033823,0.106667,0.0,15.456032,0
beta_decouple,LTCUSDT,2026-05-19 08:00:00+00:00,2026-05-19 08:02:00+00:00,LONG,54.19,54.39,55.00285,53.37715,TIME,0.139246,0.205912,0.106667,0.0,15.886469,0
beta_decouple,LTCUSDT,2026-05-19 09:00:00+00:00,2026-05-19 09:02:00+00:00,LONG,54.14,54.19,54.9521,53.3279,TIME,-0.045123,0.021544,0.106667,0.0,15.743101,0
beta_decouple,LTCUSDT,2026-05-19 11:00:00+00:00,2026-05-19 11:02:00+00:00,LONG,53.93,54.22,54.73895,53.12105,TIME,0.25162,0.318286,0.106667,0.0,16.535356,0
beta_decouple,LTCUSDT,2026-05-19 14:00:00+00:00,2026-05-19 14:02:00+00:00,LONG,53.69,54.09,54.49535,52.88465,TIME,0.389726,0.456393,0.106667,0.0,17.824207,0
beta_decouple,LTCUSDT,2026-05-19 23:00:00+00:00,2026-05-19 23:02:00+00:00,SHORT,54.47,54.21,53.65295,55.28705,TIME,0.21173,0.278397,0.106667,0.0,18.578992,0
beta_decouple,LTCUSDT,2026-05-20 00:00:00+00:00,2026-05-20 00:02:00+00:00,LONG,53.76,54.51,54.5664,52.9536,TIME,0.822847,0.889514,0.106667,0.0,21.636525,0
beta_decouple,LTCUSDT,2026-05-20 01:00:00+00:00,2026-05-20 01:02:00+00:00,LONG,53.62,53.75,54.4243,52.8157,TIME,0.05488,0.121546,0.106667,0.0,21.874006,0
beta_decouple,LTCUSDT,2026-05-20 05:00:00+00:00,2026-05-20 05:02:00+00:00,SHORT,54.13,53.93,53.31805,54.94195,TIME,0.13979,0.206456,0.106667,0.0,22.485559,0
beta_decouple,LTCUSDT,2026-05-20 06:00:00+00:00,2026-05-20 06:02:00+00:00,SHORT,54.22,54.14,53.4067,55.0333,TIME,-0.008255,0.058412,0.106667,0.0,22.448435,0
beta_decouple,LTCUSDT,2026-05-20 11:00:00+00:00,2026-05-20 11:02:00+00:00,LONG,53.82,54.02,54.6273,53.0127,TIME,0.140936,0.207603,0.106667,0.0,23.081194,0
beta_decouple,LTCUSDT,2026-05-20 20:00:00+00:00,2026-05-20 20:02:00+00:00,LONG,54.11,54.13,54.92165,53.29835,TIME,-0.082028,-0.015362,0.106667,0.0,22.702532,0
beta_decouple,LTCUSDT,2026-05-20 21:00:00+00:00,2026-05-20 21:02:00+00:00,LONG,54.01,54.11,54.82015,53.19985,TIME,0.016705,0.083372,0.106667,0.0,22.778382,0
beta_decouple,LTCUSDT,2026-05-21 01:00:00+00:00,2026-05-21 01:02:00+00:00,SHORT,54.21,54.1,53.39685,55.02315,TIME,0.028679,0.095346,0.106667,0.0,22.909034,0
beta_decouple,LTCUSDT,2026-05-21 02:00:00+00:00,2026-05-21 02:02:00+00:00,SHORT,54.29,54.23,53.47565,55.10435,TIME,-0.032956,0.033711,0.106667,0.0,22.758036,0
beta_decouple,LTCUSDT,2026-05-21 03:00:00+00:00,2026-05-21 03:02:00+00:00,SHORT,54.42,54.27,53.6037,55.2363,TIME,0.077188,0.143854,0.106667,0.0,23.109363,0
beta_decouple,LTCUSDT,2026-05-21 06:00:00+00:00,2026-05-21 06:02:00+00:00,LONG,54.22,54.3,55.0333,53.4067,TIME,-0.008349,0.058318,0.106667,0.0,23.070775,0
beta_decouple,LTCUSDT,2026-05-21 09:00:00+00:00,2026-05-21 09:02:00+00:00,LONG,53.99,54.3,54.79985,53.18015,TIME,0.275903,0.342569,0.106667,0.0,24.343833,0
beta_decouple,LTCUSDT,2026-05-21 10:00:00+00:00,2026-05-21 10:02:00+00:00,LONG,53.38,54.01,54.1807,52.5793,TIME,0.679685,0.746352,0.106667,0.0,27.65306,0
beta_decouple,LTCUSDT,2026-05-21 17:00:00+00:00,2026-05-21 17:02:00+00:00,SHORT,54.2,53.81,53.387,55.013,TIME,0.373314,0.439981,0.106667,0.0,29.717715,0
beta_decouple,LTCUSDT,2026-05-22 02:00:00+00:00,2026-05-22 02:02:00+00:00,SHORT,54.34,54.34,53.5249,55.1551,TIME,-0.106679,-0.040012,0.106667,0.0,29.083666,0
beta_decouple,LTCUSDT,2026-05-22 06:00:00+00:00,2026-05-22 06:02:00+00:00,LONG,54.1,54.28,54.9115,53.2885,TIME,0.115024,0.18169,0.106667,0.0,29.752729,0
beta_decouple,LTCUSDT,2026-05-22 14:00:00+00:00,2026-05-22 14:02:00+00:00,LONG,53.76,54.12,54.5664,52.9536,TIME,0.339506,0.406173,0.106667,0.0,31.772975,0
beta_decouple,LTCUSDT,2026-05-22 18:00:00+00:00,2026-05-22 18:02:00+00:00,LONG,53.63,54.15,54.43445,52.82555,TIME,0.539362,0.606029,0.106667,0.0,35.200402,0
beta_decouple,LTCUSDT,2026-05-22 19:00:00+00:00,2026-05-22 19:02:00+00:00,LONG,53.19,53.6,53.98785,52.39215,TIME,0.406918,0.473585,0.106667,0.0,38.065139,0
beta_decouple,LTCUSDT,2026-05-22 23:00:00+00:00,2026-05-22 23:02:00+00:00,LONG,52.6,53.37,53.389,51.811,TIME,0.868679,0.935346,0.106667,0.0,44.678415,0
beta_decouple,LTCUSDT,2026-05-23 07:00:00+00:00,2026-05-23 07:01:00+00:00,LONG,51.89,52.66835,52.66835,51.11165,TP,0.892746,0.959412,0.106667,0.0,52.655706,0
beta_decouple,LTCUSDT,2026-05-23 12:00:00+00:00,2026-05-23 12:02:00+00:00,SHORT,52.12,51.89,51.3382,52.9018,TIME,0.187691,0.254357,0.106667,0.0,54.632304,0
beta_decouple,LTCUSDT,2026-05-23 13:00:00+00:00,2026-05-23 13:02:00+00:00,SHORT,52.49,52.24,51.70265,53.27735,TIME,0.211033,0.277699,0.106667,0.0,56.938144,0
beta_decouple,LTCUSDT,2026-05-23 14:00:00+00:00,2026-05-23 14:02:00+00:00,SHORT,52.71,52.46,51.91935,53.50065,TIME,0.209707,0.276373,0.106667,0.0,59.326206,0
beta_decouple,LTCUSDT,2026-05-23 18:00:00+00:00,2026-05-23 18:02:00+00:00,SHORT,53.23,52.83,52.43155,54.02845,TIME,0.394593,0.461259,0.106667,0.0,64.008142,0
beta_decouple,LTCUSDT,2026-05-23 19:00:00+00:00,2026-05-23 19:02:00+00:00,SHORT,53.3,53.2,52.5005,54.0995,TIME,0.018475,0.085141,0.106667,0.0,64.244647,0
beta_decouple,LTCUSDT,2026-05-23 20:00:00+00:00,2026-05-23 20:01:00+00:00,SHORT,54.14,53.3279,53.3279,54.9521,TP,0.893922,0.960588,0.106667,0.0,75.730581,0
beta_decouple,LTCUSDT,2026-05-24 03:00:00+00:00,2026-05-24 03:02:00+00:00,LONG,53.33,53.34,54.12995,52.53005,TIME,-0.094161,-0.027495,0.106667,0.0,74.304402,0
beta_decouple,LTCUSDT,2026-05-24 07:00:00+00:00,2026-05-24 07:02:00+00:00,LONG,53.37,53.45,54.17055,52.56945,TIME,-0.006783,0.059883,0.106667,0.0,74.203596,0
beta_decouple,LTCUSDT,2026-05-24 10:00:00+00:00,2026-05-24 10:02:00+00:00,LONG,53.46,53.43,54.2619,52.6581,TIME,-0.144043,-0.077377,0.106667,0.0,72.065889,0
beta_decouple,LTCUSDT,2026-05-24 12:00:00+00:00,2026-05-24 12:02:00+00:00,LONG,53.43,53.54,54.23145,52.62855,TIME,0.030514,0.097181,0.106667,0.0,72.505696,0
beta_decouple,LTCUSDT,2026-05-24 13:00:00+00:00,2026-05-24 13:02:00+00:00,LONG,53.17,53.46,53.96755,52.37245,TIME,0.256741,0.323407,0.106667,0.0,76.22873,0
beta_decouple,LTCUSDT,2026-05-24 14:00:00+00:00,2026-05-24 14:02:00+00:00,LONG,52.87,53.09,53.66305,52.07695,TIME,0.170589,0.237256,0.106667,0.0,78.829485,0
beta_decouple,LTCUSDT,2026-05-24 20:00:00+00:00,2026-05-24 20:02:00+00:00,LONG,52.59,52.73,53.37885,51.80115,TIME,0.070712,0.137379,0.106667,0.0,79.94433,0
beta_decouple,LTCUSDT,2026-05-24 21:00:00+00:00,2026-05-24 21:02:00+00:00,LONG,52.09,52.66,52.87135,51.30865,TIME,0.622414,0.689081,0.106667,0.0,89.89603,0
beta_decouple,LTCUSDT,2026-05-25 04:00:00+00:00,2026-05-25 04:02:00+00:00,SHORT,52.73,52.57,51.93905,53.52095,TIME,0.095731,0.162398,0.106667,0.0,91.6172,0
beta_decouple,LTCUSDT,2026-05-25 05:00:00+00:00,2026-05-25 05:02:00+00:00,SHORT,52.87,52.72,52.07695,53.66305,TIME,0.082578,0.149245,0.106667,0.0,93.130313,0
beta_decouple,LTCUSDT,2026-05-25 11:00:00+00:00,2026-05-25 11:02:00+00:00,LONG,52.65,52.73,53.43975,51.86025,TIME,-0.005418,0.061249,0.106667,0.0,93.029406,0
beta_decouple,LTCUSDT,2026-05-25 16:00:00+00:00,2026-05-25 16:02:00+00:00,SHORT,53.06,52.73,52.2641,53.8559,TIME,0.308195,0.374862,0.106667,0.0,98.763648,0
beta_decouple,LTCUSDT,2026-05-25 22:00:00+00:00,2026-05-25 22:02:00+00:00,LONG,52.49,52.72,53.27735,51.70265,TIME,0.185289,0.251956,0.106667,0.0,102.423616,0
beta_decouple,LTCUSDT,2026-05-26 01:00:00+00:00,2026-05-26 01:02:00+00:00,LONG,52.24,52.38,53.0236,51.4564,TIME,0.071901,0.138567,0.106667,0.0,103.896483,0
beta_decouple,LTCUSDT,2026-05-26 05:00:00+00:00,2026-05-26 05:02:00+00:00,SHORT,52.57,52.36,51.78145,53.35855,TIME,0.159793,0.226459,0.106667,0.0,107.216864,0
beta_decouple,LTCUSDT,2026-05-26 10:00:00+00:00,2026-05-26 10:02:00+00:00,SHORT,52.8,52.27,52.008,53.592,TIME,0.562915,0.629582,0.106667,0.0,119.287658,0
beta_decouple,LTCUSDT,2026-05-26 15:00:00+00:00,2026-05-26 15:02:00+00:00,LONG,52.37,52.59,53.15555,51.58445,TIME,0.173236,0.239903,0.106667,0.0,123.420639,0
beta_decouple,LTCUSDT,2026-05-26 16:00:00+00:00,2026-05-26 16:02:00+00:00,LONG,52.13,52.34,52.91195,51.34805,TIME,0.161744,0.22841,0.106667,0.0,127.413139,0
beta_decouple,LTCUSDT,2026-05-26 17:00:00+00:00,2026-05-26 17:02:00+00:00,LONG,51.76,52.19,52.5364,50.9836,TIME,0.446851,0.513518,0.106667,0.0,138.800085,0
beta_decouple,LTCUSDT,2026-05-27 00:00:00+00:00,2026-05-27 00:02:00+00:00,SHORT,52.16,52.01,51.3776,52.9424,TIME,0.085154,0.151821,0.106667,0.0,141.163967,0
beta_decouple,LTCUSDT,2026-05-27 05:00:00+00:00,2026-05-27 05:02:00+00:00,SHORT,52.23,52.17,51.44655,53.01345,TIME,-0.030048,0.036618,0.106667,0.0,140.315618,0
beta_decouple,LTCUSDT,2026-05-27 06:00:00+00:00,2026-05-27 06:02:00+00:00,SHORT,52.28,52.28,51.4958,53.0642,TIME,-0.106679,-0.040012,0.106667,0.0,137.321881,0
beta_decouple,LTCUSDT,2026-05-27 07:00:00+00:00,2026-05-27 07:02:00+00:00,SHORT,52.36,52.3,51.5746,53.1454,TIME,-0.030239,0.036428,0.106667,0.0,136.491396,0
beta_decouple,LTCUSDT,2026-05-27 12:00:00+00:00,2026-05-27 12:02:00+00:00,SHORT,52.36,52.16,51.5746,53.1454,TIME,0.148121,0.214788,0.106667,0.0,140.534857,0
beta_decouple,LTCUSDT,2026-05-27 14:00:00+00:00,2026-05-27 14:02:00+00:00,SHORT,52.36,52.36,51.5746,53.1454,TIME,-0.106679,-0.040012,0.106667,0.0,137.536443,0
beta_decouple,LTCUSDT,2026-05-27 15:00:00+00:00,2026-05-27 15:02:00+00:00,SHORT,52.64,52.38,51.8504,53.4296,TIME,0.2228,0.289466,0.106667,0.0,143.665056,0
beta_decouple,LTCUSDT,2026-05-27 17:00:00+00:00,2026-05-27 17:02:00+00:00,LONG,52.09,52.36,52.87135,51.30865,TIME,0.238694,0.30536,0.106667,0.0,150.523449,0
beta_decouple,LTCUSDT,2026-05-27 21:00:00+00:00,2026-05-27 21:02:00+00:00,LONG,51.88,52.5,52.6582,51.1018,TIME,0.689578,0.756244,0.106667,0.0,171.282974,0
beta_decouple,LTCUSDT,2026-05-28 03:00:00+00:00,2026-05-28 03:01:00+00:00,LONG,50.98,51.7447,51.7447,50.2153,TP,0.892746,0.959412,0.106667,0.0,201.865396,0
beta_decouple,LTCUSDT,2026-05-28 04:00:00+00:00,2026-05-28 04:02:00+00:00,LONG,50.78,50.57,51.5417,50.0183,TIME,-0.382188,-0.315522,0.106667,0.0,186.435273,0
beta_decouple,LTCUSDT,2026-05-28 05:00:00+00:00,2026-05-28 05:02:00+00:00,LONG,50.41,50.77,51.16615,49.65385,TIME,0.369156,0.435822,0.106667,0.0,200.200005,0
beta_decouple,LTCUSDT,2026-05-28 09:00:00+00:00,2026-05-28 09:02:00+00:00,SHORT,50.87,50.75,50.10695,51.63305,TIME,0.050679,0.117346,0.106667,0.0,202.229205,0
beta_decouple,LTCUSDT,2026-05-28 12:00:00+00:00,2026-05-28 12:02:00+00:00,SHORT,50.92,50.72,50.1562,51.6838,TIME,0.155327,0.221994,0.106667,0.0,208.511542,0
beta_decouple,LTCUSDT,2026-05-28 13:00:00+00:00,2026-05-28 13:02:00+00:00,SHORT,50.96,50.97,50.1956,51.7244,TIME,-0.119769,-0.053102,0.106667,0.0,203.516912,0
beta_decouple,LTCUSDT,2026-05-28 14:00:00+00:00,2026-05-28 14:02:00+00:00,SHORT,51.08,50.72,50.3138,51.8462,TIME,0.363455,0.430121,0.106667,0.0,218.310741,0
beta_decouple,LTCUSDT,2026-05-28 15:00:00+00:00,2026-05-28 15:02:00+00:00,SHORT,51.38,51.09,50.6093,52.1507,TIME,0.269828,0.336495,0.106667,0.0,230.092031,0
beta_decouple,LTCUSDT,2026-05-28 16:00:00+00:00,2026-05-28 16:02:00+00:00,SHORT,51.88,51.34,51.1018,52.6582,TIME,0.587647,0.654313,0.106667,0.0,257.134601,0
beta_decouple,LTCUSDT,2026-05-28 17:00:00+00:00,2026-05-28 17:02:00+00:00,SHORT,52.0,51.75,51.22,52.78,TIME,0.214027,0.280693,0.106667,0.0,268.141326,0
beta_decouple,LTCUSDT,2026-05-28 22:00:00+00:00,2026-05-28 22:02:00+00:00,LONG,51.66,51.84,52.4349,50.8851,TIME,0.125494,0.192161,0.106667,0.0,274.871353,0
beta_decouple,LTCUSDT,2026-05-29 04:00:00+00:00,2026-05-29 04:02:00+00:00,LONG,51.61,51.59,52.38415,50.83585,TIME,-0.132474,-0.065807,0.106667,0.0,267.588694,0
beta_decouple,LTCUSDT,2026-05-29 07:00:00+00:00,2026-05-29 07:02:00+00:00,LONG,51.68,51.78,52.4552,50.9048,TIME,0.022267,0.088934,0.106667,0.0,268.780369,0
beta_decouple,LTCUSDT,2026-05-29 08:00:00+00:00,2026-05-29 08:02:00+00:00,LONG,51.7,51.72,52.4755,50.9245,TIME,-0.08088,-0.014214,0.106667,0.0,264.43256,0
beta_decouple,LTCUSDT,2026-05-29 11:00:00+00:00,2026-05-29 11:02:00+00:00,LONG,51.63,51.78,52.40445,50.85555,TIME,0.086915,0.153582,0.106667,0.0,269.029191,0
beta_decouple,LTCUSDT,2026-05-29 12:00:00+00:00,2026-05-29 12:02:00+00:00,LONG,51.57,51.6,52.34355,50.79645,TIME,-0.067896,-0.001229,0.106667,0.0,265.376007,0
beta_decouple,LTCUSDT,2026-05-29 15:00:00+00:00,2026-05-29 15:02:00+00:00,SHORT,52.17,51.52,51.38745,52.95255,TIME,0.724438,0.791104,0.106667,0.0,303.825683,0
beta_decouple,LTCUSDT,2026-05-29 21:00:00+00:00,2026-05-29 21:02:00+00:00,LONG,51.69,51.9,52.46535,50.91465,TIME,0.164028,0.230695,0.106667,0.0,313.792885,0
beta_decouple,LTCUSDT,2026-05-30 00:00:00+00:00,2026-05-30 00:02:00+00:00,SHORT,52.12,51.87,51.3382,52.9018,TIME,0.213288,0.279955,0.106667,0.0,327.178545,0
beta_decouple,LTCUSDT,2026-05-30 01:00:00+00:00,2026-05-30 01:02:00+00:00,SHORT,52.35,52.06,51.56475,53.13525,TIME,0.262852,0.329519,0.106667,0.0,344.37846,0
beta_decouple,LTCUSDT,2026-05-30 09:00:00+00:00,2026-05-30 09:02:00+00:00,SHORT,52.66,52.43,51.8701,53.4499,TIME,0.184672,0.251339,0.106667,0.0,357.097884,0
beta_decouple,LTCUSDT,2026-05-30 14:00:00+00:00,2026-05-30 14:02:00+00:00,LONG,52.51,52.71,53.29765,51.72235,TIME,0.147113,0.21378,0.106667,0.0,367.604626,0
beta_decouple,LTCUSDT,2026-05-30 15:00:00+00:00,2026-05-30 15:02:00+00:00,LONG,52.37,52.45,53.15555,51.58445,TIME,-0.004876,0.06179,0.106667,0.0,367.246117,0
beta_decouple,LTCUSDT,2026-05-30 16:00:00+00:00,2026-05-30 16:02:00+00:00,LONG,52.32,52.36,53.1048,51.5352,TIME,-0.055717,0.01095,0.106667,0.0,363.153759,0
beta_decouple,LTCUSDT,2026-05-30 22:00:00+00:00,2026-05-30 22:02:00+00:00,LONG,52.38,52.49,53.1657,51.5943,TIME,0.033264,0.099931,0.106667,0.0,365.569741,0
beta_decouple,LTCUSDT,2026-05-31 05:00:00+00:00,2026-05-31 05:02:00+00:00,LONG,52.47,52.56,53.25705,51.68295,TIME,0.007628,0.074294,0.106667,0.0,366.127439,0
beta_decouple,LTCUSDT,2026-05-31 06:00:00+00:00,2026-05-31 06:02:00+00:00,LONG,52.45,52.42,53.23675,51.66325,TIME,-0.144763,-0.078097,0.106667,0.0,355.527072,0
beta_decouple,LTCUSDT,2026-05-31 07:00:00+00:00,2026-05-31 07:02:00+00:00,LONG,52.3,52.42,53.0845,51.5155,TIME,0.046217,0.112884,0.106667,0.0,358.813369,0
beta_decouple,LTCUSDT,2026-05-31 13:00:00+00:00,2026-05-31 13:02:00+00:00,SHORT,52.41,52.39,51.62385,53.19615,TIME,-0.081223,-0.014556,0.106667,0.0,352.984592,0
beta_decouple,LTCUSDT,2026-05-31 14:00:00+00:00,2026-05-31 14:02:00+00:00,LONG,51.93,52.31,52.70895,51.15105,TIME,0.380889,0.447556,0.106667,0.0,379.874175,0
beta_decouple,LTCUSDT,2026-05-31 16:00:00+00:00,2026-05-31 16:02:00+00:00,LONG,51.56,51.92,52.3334,50.7866,TIME,0.358543,0.42521,0.106667,0.0,407.114438,0
beta_decouple,LTCUSDT,2026-05-31 20:00:00+00:00,2026-05-31 20:02:00+00:00,SHORT,51.79,51.67,51.01315,52.56685,TIME,0.047884,0.114551,0.106667,0.0,411.013293,0
beta_decouple,LTCUSDT,2026-05-31 21:00:00+00:00,2026-05-31 21:02:00+00:00,SHORT,51.99,51.8,51.21015,52.76985,TIME,0.137104,0.203771,0.106667,0.0,422.283619,0
beta_decouple,LTCUSDT,2026-05-31 22:00:00+00:00,2026-05-31 22:02:00+00:00,SHORT,52.14,51.94,51.3579,52.9221,TIME,0.149197,0.215863,0.106667,0.0,434.884273,0
beta_decouple,LTCUSDT,2026-06-01 01:00:00+00:00,2026-06-01 01:02:00+00:00,LONG,51.42,52.16,52.1913,50.6487,TIME,0.852189,0.918856,0.106667,0.0,509.004993,0
beta_decouple,LTCUSDT,2026-06-01 07:00:00+00:00,2026-06-01 07:02:00+00:00,LONG,50.97,51.25,51.73455,50.20545,TIME,0.259354,0.326021,0.106667,0.0,535.407506,0
beta_decouple,LTCUSDT,2026-06-01 14:00:00+00:00,2026-06-01 14:02:00+00:00,LONG,50.59,50.91,51.34885,49.83115,TIME,0.314783,0.38145,0.106667,0.0,569.114953,0
beta_decouple,LTCUSDT,2026-06-01 15:00:00+00:00,2026-06-01 15:02:00+00:00,LONG,50.36,50.52,51.1154,49.6046,TIME,0.105027,0.171693,0.106667,0.0,581.069395,0
beta_decouple,LTCUSDT,2026-06-03 00:00:00+00:00,2026-06-03 00:02:00+00:00,LONG,47.33,46.96,48.19104167,46.46895833,TIME,-0.517394,-0.462425,0.087949,0.0,520.941064,0
beta_decouple,LTCUSDT,2026-06-03 05:00:00+00:00,2026-06-03 05:02:00+00:00,SHORT,48.06,47.94,47.3391,48.7809,TIME,0.05988,0.126546,0.106667,0.0,527.179836,0
beta_decouple,LTCUSDT,2026-06-03 06:00:00+00:00,2026-06-03 06:02:00+00:00,SHORT,48.21,48.11,47.48685,48.93315,TIME,0.031688,0.098355,0.106667,0.0,530.520914,0
beta_decouple,LTCUSDT,2026-06-03 10:00:00+00:00,2026-06-03 10:02:00+00:00,SHORT,48.31,48.14,47.58535,49.03465,TIME,0.128058,0.194725,0.106667,0.0,544.108419,0
beta_decouple,LTCUSDT,2026-06-03 15:00:00+00:00,2026-06-03 15:02:00+00:00,LONG,47.63,47.82,48.34445,46.91555,TIME,0.159125,0.225791,0.106667,0.0,561.424631,0
beta_decouple,LTCUSDT,2026-06-03 17:00:00+00:00,2026-06-03 17:02:00+00:00,SHORT,47.68,47.46,46.9648,48.3952,TIME,0.201112,0.267779,0.106667,0.0,584.006501,0
beta_decouple,LTCUSDT,2026-06-03 21:00:00+00:00,2026-06-03 21:01:00+00:00,SHORT,47.88,47.1618,47.1618,48.5982,TP,0.893922,0.960588,0.106667,0.0,688.417695,0
beta_decouple,LTCUSDT,2026-06-04 01:00:00+00:00,2026-06-04 01:01:00+00:00,LONG,45.3,45.9795,45.9795,44.6205,TP,0.892746,0.959412,0.106667,0.0,811.334057,0
beta_decouple,LTCUSDT,2026-06-04 10:00:00+00:00,2026-06-04 10:01:00+00:00,LONG,45.22,45.8983,45.8983,44.5417,TP,0.892746,0.959412,0.106667,0.0,956.197024,0
beta_decouple,LTCUSDT,2026-06-04 12:00:00+00:00,2026-06-04 12:01:00+00:00,SHORT,46.56,45.8616,45.8616,47.2584,TP,0.893922,0.960588,0.106667,0.0,1127.150041,0
beta_decouple,LTCUSDT,2026-06-04 13:00:00+00:00,2026-06-04 13:02:00+00:00,SHORT,46.83,46.57,46.12755,47.53245,TIME,0.263677,0.330343,0.106667,0.0,1186.590655,0
beta_decouple,LTCUSDT,2026-06-04 21:00:00+00:00,2026-06-04 21:01:00+00:00,LONG,45.11,45.78665,45.78665,44.43335,TP,0.892746,0.959412,0.106667,0.0,1398.455351,0
beta_decouple,LTCUSDT,2026-06-06 00:00:00+00:00,2026-06-06 00:02:00+00:00,LONG,43.82,43.53,44.4773,43.1627,TIME,-0.547589,-0.480922,0.106667,0.0,1245.299633,0
beta_decouple,LTCUSDT,2026-06-06 01:00:00+00:00,2026-06-06 01:02:00+00:00,LONG,43.46,43.98,44.1119,42.8081,TIME,0.690535,0.757202,0.106667,0.0,1417.284286,0
beta_decouple,LTCUSDT,2026-06-06 04:00:00+00:00,2026-06-06 04:01:00+00:00,LONG,40.95,42.04427083,42.04427083,39.85572917,TP,0.939531,0.976954,0.059875,0.0,1683.600911,0
beta_decouple,LTCUSDT,2026-06-06 12:00:00+00:00,2026-06-06 12:02:00+00:00,SHORT,42.87,42.89,42.22695,43.51305,TIME,-0.137799,-0.071132,0.106667,0.0,1637.201167,0
beta_decouple,LTCUSDT,2026-06-06 16:00:00+00:00,2026-06-06 16:02:00+00:00,LONG,41.93,42.38,42.55895,41.30105,TIME,0.608394,0.675061,0.106667,0.0,1836.413955,0
beta_decouple,LTCUSDT,2026-06-06 18:00:00+00:00,2026-06-06 18:02:00+00:00,SHORT,42.19,42.03,41.55715,42.82285,TIME,0.146298,0.212964,0.106667,0.0,1890.146543,0
beta_decouple,LTCUSDT,2026-06-06 19:00:00+00:00,2026-06-06 19:01:00+00:00,LONG,41.13,41.74695,41.74695,40.51305,TP,0.892746,0.959412,0.106667,0.0,2227.630511,0
beta_decouple,LTCUSDT,2026-06-07 01:00:00+00:00,2026-06-07 01:01:00+00:00,SHORT,42.03,41.39955,41.39955,42.66045,TP,0.893922,0.960588,0.106667,0.0,2625.895877,0
beta_decouple,LTCUSDT,2026-06-07 08:00:00+00:00,2026-06-07 08:02:00+00:00,SHORT,42.48,41.91,41.8428,43.1172,TIME,0.788397,0.855063,0.106667,0.0,3039.945469,0
beta_decouple,LTCUSDT,2026-06-07 19:00:00+00:00,2026-06-07 19:02:00+00:00,LONG,41.34,41.59,41.9601,40.7199,TIME,0.296264,0.362931,0.106667,0.0,3220.070924,0
beta_decouple,LTCUSDT,2026-06-07 22:00:00+00:00,2026-06-07 22:01:00+00:00,SHORT,42.72,42.0792,42.0792,43.3608,TP,0.893922,0.960588,0.106667,0.0,3795.769057,0
beta_decouple,LTCUSDT,2026-06-08 04:00:00+00:00,2026-06-08 04:02:00+00:00,LONG,42.13,42.49,42.76195,41.49805,TIME,0.462669,0.529336,0.106667,0.0,4147.005957,0
beta_decouple,LTCUSDT,2026-06-08 07:00:00+00:00,2026-06-08 07:02:00+00:00,SHORT,42.81,42.49,42.16785,43.45215,TIME,0.391946,0.458613,0.106667,0.0,4472.086728,0
beta_decouple,LTCUSDT,2026-06-08 09:00:00+00:00,2026-06-08 09:02:00+00:00,SHORT,43.0,42.62,42.355,43.645,TIME,0.482822,0.549489,0.106667,0.0,4903.931288,0
beta_decouple,LTCUSDT,2026-06-08 22:00:00+00:00,2026-06-08 22:02:00+00:00,LONG,43.35,43.48,44.00025,42.69975,TIME,0.093149,0.159815,0.106667,0.0,4995.290075,0
beta_decouple,LTCUSDT,2026-06-08 23:00:00+00:00,2026-06-08 23:02:00+00:00,LONG,43.01,43.35,43.65515,42.36485,TIME,0.420038,0.486705,0.106667,0.0,5414.932847,0
beta_decouple,LTCUSDT,2026-06-09 00:00:00+00:00,2026-06-09 00:01:00+00:00,LONG,42.32,42.9548,42.9548,41.6852,TP,0.892746,0.959412,0.106667,0.0,6381.764244,0
beta_decouple,LTCUSDT,2026-06-09 09:00:00+00:00,2026-06-09 09:02:00+00:00,LONG,42.43,42.69,43.06645,41.79355,TIME,0.301616,0.368283,0.106667,0.0,6766.733043,0
beta_decouple,LTCUSDT,2026-06-09 15:00:00+00:00,2026-06-09 15:02:00+00:00,LONG,41.95,42.3,42.57925,41.32075,TIME,0.449229,0.515896,0.106667,0.0,7374.696153,0
beta_decouple,LTCUSDT,2026-06-09 17:00:00+00:00,2026-06-09 17:02:00+00:00,SHORT,42.73,42.32,42.08905,43.37095,TIME,0.533381,0.600047,0.106667,0.0,8161.400319,0
beta_decouple,LTCUSDT,2026-06-09 18:00:00+00:00,2026-06-09 18:02:00+00:00,SHORT,43.06,42.74,42.4141,43.7059,TIME,0.389051,0.455718,0.106667,0.0,8796.441177,0
beta_decouple,LTCUSDT,2026-06-09 19:00:00+00:00,2026-06-09 19:02:00+00:00,SHORT,43.35,43.07,42.69975,44.00025,TIME,0.324183,0.39085,0.106667,0.0,9366.773189,0
beta_decouple,LTCUSDT,2026-06-10 01:00:00+00:00,2026-06-10 01:02:00+00:00,LONG,42.85,43.13,43.49275,42.20725,TIME,0.328712,0.395379,0.106667,0.0,9982.567698,0
beta_decouple,LTCUSDT,2026-06-10 02:00:00+00:00,2026-06-10 02:02:00+00:00,LONG,42.55,42.93,43.18825,41.91175,TIME,0.488366,0.555033,0.106667,0.0,10957.597422,0
beta_decouple,LTCUSDT,2026-06-10 11:00:00+00:00,2026-06-10 11:02:00+00:00,LONG,42.06,42.2,42.6909,41.4291,TIME,0.115117,0.181784,0.106667,0.0,11209.879537,0
beta_decouple,LTCUSDT,2026-06-10 12:00:00+00:00,2026-06-10 12:02:00+00:00,SHORT,42.51,41.99,41.87235,43.14765,TIME,0.709305,0.775972,0.106667,0.0,12800.124632,0
beta_decouple,LTCUSDT,2026-06-10 13:00:00+00:00,2026-06-10 13:02:00+00:00,SHORT,42.75,42.57,42.10875,43.39125,TIME,0.174192,0.240858,0.106667,0.0,13246.059357,0
beta_decouple,LTCUSDT,2026-06-10 17:00:00+00:00,2026-06-10 17:02:00+00:00,LONG,41.91,42.46,42.53865,41.28135,TIME,0.767711,0.834378,0.106667,0.0,15279.888959,0
beta_decouple,LTCUSDT,2026-06-10 23:00:00+00:00,2026-06-10 23:02:00+00:00,SHORT,41.69,41.48,41.06465,42.31535,TIME,0.229335,0.296001,0.106667,0.0,15980.731084,0
beta_decouple,LTCUSDT,2026-06-11 00:00:00+00:00,2026-06-11 00:02:00+00:00,SHORT,41.87,41.75,41.24195,42.49805,TIME,0.084504,0.15117,0.106667,0.0,16250.816929,0
beta_decouple,LTCUSDT,2026-06-11 01:00:00+00:00,2026-06-11 01:02:00+00:00,SHORT,42.25,41.97,41.61625,42.88375,TIME,0.335401,0.402068,0.106667,0.0,17340.925283,0
beta_decouple,LTCUSDT,2026-06-11 03:00:00+00:00,2026-06-11 03:02:00+00:00,SHORT,42.75,42.24,42.10875,43.39125,TIME,0.68912,0.755787,0.106667,0.0,19730.922021,0
beta_decouple,LTCUSDT,2026-06-11 14:00:00+00:00,2026-06-11 14:02:00+00:00,LONG,42.32,42.54,42.9548,41.6852,TIME,0.239703,0.30637,0.106667,0.0,20676.835446,0
beta_decouple,LTCUSDT,2026-06-11 15:00:00+00:00,2026-06-11 15:02:00+00:00,LONG,42.08,42.21,42.7112,41.4488,TIME,0.099179,0.165845,0.106667,0.0,21086.975778,0
beta_decouple,LTCUSDT,2026-06-11 17:00:00+00:00,2026-06-11 17:01:00+00:00,SHORT,42.79,42.14815,42.14815,43.43185,TP,0.893922,0.960588,0.106667,0.0,24856.996023,0
beta_decouple,LTCUSDT,2026-06-11 23:00:00+00:00,2026-06-11 23:02:00+00:00,LONG,42.43,42.59,43.06645,41.79355,TIME,0.144589,0.211256,0.106667,0.0,25575.805622,0
beta_decouple,LTCUSDT,2026-06-12 04:00:00+00:00,2026-06-12 04:02:00+00:00,SHORT,42.69,42.62,42.04965,43.33035,TIME,0.002702,0.069369,0.106667,0.0,25589.62759,0
beta_decouple,LTCUSDT,2026-06-12 06:00:00+00:00,2026-06-12 06:02:00+00:00,LONG,42.29,42.6,42.92435,41.65565,TIME,0.381741,0.448408,0.106667,0.0,27543.351711,0
beta_decouple,LTCUSDT,2026-06-12 09:00:00+00:00,2026-06-12 09:02:00+00:00,SHORT,43.08,42.84,42.4338,43.7262,TIME,0.264946,0.331613,0.106667,0.0,29002.853429,0
beta_decouple,LTCUSDT,2026-06-12 13:00:00+00:00,2026-06-12 13:02:00+00:00,LONG,42.79,43.02,43.43185,42.14815,TIME,0.25147,0.318136,0.106667,0.0,30461.520425,0
beta_decouple,LTCUSDT,2026-06-12 14:00:00+00:00,2026-06-12 14:02:00+00:00,SHORT,43.38,42.91,42.7293,44.0307,TIME,0.616054,0.682721,0.106667,0.0,34214.708128,0
beta_decouple,LTCUSDT,2026-06-12 23:00:00+00:00,2026-06-12 23:02:00+00:00,SHORT,43.05,42.86,42.40425,43.69575,TIME,0.187729,0.254396,0.106667,0.0,35499.329695,0
beta_decouple,LTCUSDT,2026-06-13 00:00:00+00:00,2026-06-13 00:02:00+00:00,SHORT,43.27,43.02,42.62095,43.91905,TIME,0.278731,0.345398,0.106667,0.0,37478.281318,0
beta_decouple,LTCUSDT,2026-06-13 01:00:00+00:00,2026-06-13 01:02:00+00:00,SHORT,43.43,43.3,42.77855,44.08145,TIME,0.092996,0.159663,0.106667,0.0,38175.346902,0
beta_decouple,LTCUSDT,2026-06-13 05:00:00+00:00,2026-06-13 05:02:00+00:00,LONG,43.16,43.26,43.8074,42.5126,TIME,0.047717,0.114383,0.106667,0.0,38539.667133,0
beta_decouple,LTCUSDT,2026-06-13 08:00:00+00:00,2026-06-13 08:02:00+00:00,SHORT,43.63,43.48,42.97555,44.28445,TIME,0.122659,0.189326,0.106667,0.0,39485.114406,0
beta_decouple,LTCUSDT,2026-06-13 12:00:00+00:00,2026-06-13 12:02:00+00:00,SHORT,43.93,43.75,43.27105,44.58895,TIME,0.166647,0.233314,0.106667,0.0,40801.130561,0
beta_decouple,LTCUSDT,2026-06-13 16:00:00+00:00,2026-06-13 16:02:00+00:00,LONG,43.8,43.95,44.457,43.143,TIME,0.121519,0.188186,0.106667,0.0,41792.752154,0
beta_decouple,LTCUSDT,2026-06-13 17:00:00+00:00,2026-06-13 17:02:00+00:00,LONG,43.6,43.72,44.254,42.946,TIME,0.076722,0.143388,0.106667,0.0,42434.032761,0
beta_decouple,LTCUSDT,2026-06-13 21:00:00+00:00,2026-06-13 21:02:00+00:00,SHORT,44.2,43.89,43.537,44.863,TIME,0.361174,0.42784,0.106667,0.0,45499.243243,0
beta_decouple,LTCUSDT,2026-06-13 22:00:00+00:00,2026-06-13 22:02:00+00:00,SHORT,44.32,44.16,43.6552,44.9848,TIME,0.13414,0.200806,0.106667,0.0,46719.893886,0
beta_decouple,LTCUSDT,2026-06-14 02:00:00+00:00,2026-06-14 02:02:00+00:00,LONG,44.34,44.36,45.0051,43.6749,TIME,-0.076602,-0.009935,0.106667,0.0,46004.126039,0
beta_decouple,LTCUSDT,2026-06-14 04:00:00+00:00,2026-06-14 04:02:00+00:00,LONG,44.14,44.41,44.8021,43.4779,TIME,0.300894,0.367561,0.106667,0.0,48772.600168,0
beta_decouple,LTCUSDT,2026-06-14 05:00:00+00:00,2026-06-14 05:02:00+00:00,LONG,44.13,44.14,44.79195,43.46805,TIME,-0.091557,-0.02489,0.106667,0.0,47879.507035,0
beta_decouple,LTCUSDT,2026-06-14 10:00:00+00:00,2026-06-14 10:02:00+00:00,LONG,44.05,44.23,44.71075,43.38925,TIME,0.1656,0.232266,0.106667,0.0,49465.272816,0
beta_decouple,LTCUSDT,2026-06-14 12:00:00+00:00,2026-06-14 12:02:00+00:00,LONG,43.95,44.03,44.60925,43.29075,TIME,0.014623,0.081289,0.106667,0.0,49609.934605,0
beta_decouple,LTCUSDT,2026-06-14 19:00:00+00:00,2026-06-14 19:02:00+00:00,SHORT,44.18,44.04,43.5173,44.8427,TIME,0.104705,0.171372,0.106667,0.0,50648.817247,0
beta_decouple,LTCUSDT,2026-06-14 20:00:00+00:00,2026-06-14 20:02:00+00:00,SHORT,44.41,44.2,43.74385,45.07615,TIME,0.208755,0.275422,0.106667,0.0,52763.454471,0
beta_decouple,LTCUSDT,2026-06-14 21:00:00+00:00,2026-06-14 21:02:00+00:00,SHORT,44.83,44.4,44.15755,45.50245,TIME,0.533158,0.599825,0.106667,0.0,58389.704606,0
beta_decouple,LTCUSDT,2026-06-14 22:00:00+00:00,2026-06-14 22:02:00+00:00,SHORT,45.11,44.91,44.43335,45.78665,TIME,0.189073,0.255739,0.106667,0.0,60597.682206,0
beta_decouple,LTCUSDT,2026-06-14 23:00:00+00:00,2026-06-14 23:02:00+00:00,SHORT,45.37,45.14,44.68945,46.05055,TIME,0.231486,0.298153,0.106667,0.0,63403.186555,0
beta_decouple,LTCUSDT,2026-06-15 04:00:00+00:00,2026-06-15 04:02:00+00:00,LONG,45.09,45.27,45.76635,44.41365,TIME,0.15932,0.225987,0.106667,0.0,65423.466895,0
beta_decouple,LTCUSDT,2026-06-15 07:00:00+00:00,2026-06-15 07:02:00+00:00,LONG,45.06,45.22,45.7359,44.3841,TIME,0.129925,0.196591,0.106667,0.0,67123.492384,0
beta_decouple,LTCUSDT,2026-06-15 09:00:00+00:00,2026-06-15 09:02:00+00:00,LONG,44.91,45.15,45.58365,44.23635,TIME,0.2494,0.316066,0.106667,0.0,70471.608489,0
beta_decouple,LTCUSDT,2026-06-15 17:00:00+00:00,2026-06-15 17:02:00+00:00,LONG,45.95,46.02,46.63925,45.26075,TIME,-0.005156,0.061511,0.106667,0.0,70398.939273,0
beta_decouple,LTCUSDT,2026-06-15 18:00:00+00:00,2026-06-15 18:02:00+00:00,LONG,45.76,45.96,46.4464,45.0736,TIME,0.184546,0.251213,0.106667,0.0,72997.305667,0
beta_decouple,LTCUSDT,2026-06-15 19:00:00+00:00,2026-06-15 19:02:00+00:00,LONG,45.63,45.78,46.31445,44.94555,TIME,0.112368,0.179035,0.106667,0.0,74637.81707,0
beta_decouple,LTCUSDT,2026-06-16 00:00:00+00:00,2026-06-16 00:02:00+00:00,LONG,45.63,45.63,46.31445,44.94555,TIME,-0.106655,-0.039988,0.106667,0.0,73045.722716,0
beta_decouple,LTCUSDT,2026-06-16 02:00:00+00:00,2026-06-16 02:02:00+00:00,LONG,45.5,45.77,46.1825,44.8175,TIME,0.288712,0.355379,0.106667,0.0,77263.564394,0
beta_decouple,LTCUSDT,2026-06-16 04:00:00+00:00,2026-06-16 04:02:00+00:00,LONG,45.45,45.78,46.13175,44.76825,TIME,0.377103,0.44377,0.106667,0.0,83090.834846,0
beta_decouple,LTCUSDT,2026-06-16 08:00:00+00:00,2026-06-16 08:02:00+00:00,SHORT,46.25,45.79,45.55625,46.94375,TIME,0.556782,0.623449,0.106667,0.0,92343.536904,0
beta_decouple,LTCUSDT,2026-06-16 14:00:00+00:00,2026-06-16 14:02:00+00:00,LONG,44.78,45.19,45.4517,44.1083,TIME,0.503371,0.570037,0.106667,0.0,101640.143962,0
beta_decouple,LTCUSDT,2026-06-16 17:00:00+00:00,2026-06-16 17:02:00+00:00,SHORT,45.43,44.99,44.74855,46.11145,TIME,0.539391,0.606058,0.106667,0.0,112604.89683,0
beta_decouple,LTCUSDT,2026-06-16 18:00:00+00:00,2026-06-16 18:02:00+00:00,SHORT,45.63,45.62,44.94555,46.31445,TIME,-0.09206,-0.025393,0.106667,0.0,110531.623792,0
beta_decouple,LTCUSDT,2026-06-17 05:00:00+00:00,2026-06-17 05:02:00+00:00,LONG,45.62,45.7,46.3043,44.9357,TIME,0.010183,0.07685,0.106667,0.0,110756.732388,0
beta_decouple,LTCUSDT,2026-06-17 06:00:00+00:00,2026-06-17 06:02:00+00:00,LONG,45.55,45.59,46.23325,44.86675,TIME,-0.048146,0.018521,0.106667,0.0,109690.232307,0
beta_decouple,LTCUSDT,2026-06-17 08:00:00+00:00,2026-06-17 08:02:00+00:00,LONG,45.34,45.48,46.0201,44.6599,TIME,0.099074,0.165741,0.106667,0.0,111863.72092,0
beta_decouple,LTCUSDT,2026-06-17 10:00:00+00:00,2026-06-17 10:02:00+00:00,LONG,45.12,45.29,45.7968,44.4432,TIME,0.144377,0.211043,0.106667,0.0,115093.823869,0
beta_decouple,LTCUSDT,2026-06-17 11:00:00+00:00,2026-06-17 11:02:00+00:00,LONG,45.05,45.03,45.72575,44.37425,TIME,-0.136234,-0.069567,0.106667,0.0,111957.893251,0
beta_decouple,LTCUSDT,2026-06-17 15:00:00+00:00,2026-06-17 15:02:00+00:00,SHORT,45.66,45.17,44.9751,46.3449,TIME,0.609184,0.67585,0.106667,0.0,125598.476375,0
beta_decouple,LTCUSDT,2026-06-17 19:00:00+00:00,2026-06-17 19:01:00+00:00,LONG,44.79,45.46185,45.46185,44.11815,TP,0.892746,0.959412,0.106667,0.0,148023.971536,0
beta_decouple,LTCUSDT,2026-06-18 03:00:00+00:00,2026-06-18 03:02:00+00:00,LONG,44.46,44.79,45.1269,43.7931,TIME,0.387875,0.454542,0.106667,0.0,159506.940995,0
beta_decouple,LTCUSDT,2026-06-18 04:00:00+00:00,2026-06-18 04:02:00+00:00,LONG,44.24,44.47,44.9036,43.5764,TIME,0.239732,0.306398,0.106667,0.0,167154.717236,0
beta_decouple,LTCUSDT,2026-06-18 11:00:00+00:00,2026-06-18 11:02:00+00:00,LONG,43.99,44.17,44.64985,43.33015,TIME,0.165971,0.232638,0.106667,0.0,172703.283533,0
beta_decouple,LTCUSDT,2026-06-18 15:00:00+00:00,2026-06-18 15:01:00+00:00,LONG,43.07,43.71605,43.71605,42.42395,TP,0.892746,0.959412,0.106667,0.0,203539.299709,0
beta_decouple,LTCUSDT,2026-06-18 20:00:00+00:00,2026-06-18 20:02:00+00:00,SHORT,43.68,43.59,43.0248,44.3352,TIME,0.030766,0.097433,0.106667,0.0,204791.734394,0
beta_decouple,LTCUSDT,2026-06-19 01:00:00+00:00,2026-06-19 01:02:00+00:00,SHORT,43.96,43.86,43.3006,44.6194,TIME,0.045065,0.111732,0.106667,0.0,206637.537318,0
beta_decouple,LTCUSDT,2026-06-19 04:00:00+00:00,2026-06-19 04:02:00+00:00,LONG,43.24,43.42,43.8886,42.5914,TIME,0.1707,0.237366,0.106667,0.0,213692.129669,0
beta_decouple,LTCUSDT,2026-06-19 11:00:00+00:00,2026-06-19 11:02:00+00:00,SHORT,43.46,43.44,42.8081,44.1119,TIME,-0.075981,-0.009314,0.106667,0.0,210444.833938,0
beta_decouple,LTCUSDT,2026-06-19 12:00:00+00:00,2026-06-19 12:02:00+00:00,SHORT,43.72,43.53,43.0642,44.3758,TIME,0.183218,0.249884,0.106667,0.0,218156.277281,0
beta_decouple,LTCUSDT,2026-06-19 13:00:00+00:00,2026-06-19 13:02:00+00:00,SHORT,44.01,43.69,43.34985,44.67015,TIME,0.378351,0.445017,0.106667,0.0,234664.187961,0
beta_decouple,LTCUSDT,2026-06-19 15:00:00+00:00,2026-06-19 15:02:00+00:00,SHORT,44.42,44.12,43.7537,45.0863,TIME,0.343839,0.410506,0.106667,0.0,250801.537085,0
beta_decouple,LTCUSDT,2026-06-19 19:00:00+00:00,2026-06-19 19:02:00+00:00,LONG,43.91,44.13,44.56865,43.25135,TIME,0.227162,0.293828,0.106667,0.0,262196.029208,0
beta_decouple,LTCUSDT,2026-06-19 21:00:00+00:00,2026-06-19 21:02:00+00:00,LONG,43.78,44.02,44.4367,43.1233,TIME,0.25859,0.325256,0.106667,0.0,275756.272924,0
beta_decouple,LTCUSDT,2026-06-20 05:00:00+00:00,2026-06-20 05:02:00+00:00,SHORT,44.16,43.99,43.4976,44.8224,TIME,0.150118,0.216785,0.106667,0.0,284035.461985,0
beta_decouple,LTCUSDT,2026-06-20 06:00:00+00:00,2026-06-20 06:02:00+00:00,SHORT,44.34,44.17,43.6749,45.0051,TIME,0.149075,0.215742,0.106667,0.0,292504.001876,0
beta_decouple,LTCUSDT,2026-06-20 13:00:00+00:00,2026-06-20 13:02:00+00:00,LONG,44.05,44.18,44.71075,43.38925,TIME,0.089973,0.15664,0.106667,0.0,297767.520088,0
beta_decouple,LTCUSDT,2026-06-20 17:00:00+00:00,2026-06-20 17:02:00+00:00,LONG,43.99,44.24,44.64985,43.33015,TIME,0.271992,0.338659,0.106667,0.0,313965.600327,0
beta_decouple,LTCUSDT,2026-06-20 22:00:00+00:00,2026-06-20 22:02:00+00:00,SHORT,44.48,44.31,43.8128,45.1472,TIME,0.14827,0.214937,0.106667,0.0,323275.962385,0
beta_decouple,LTCUSDT,2026-06-21 03:00:00+00:00,2026-06-21 03:02:00+00:00,LONG,44.48,44.49,45.1472,43.8128,TIME,-0.091676,-0.025009,0.106667,0.0,317348.655538,0
beta_decouple,LTCUSDT,2026-06-21 04:00:00+00:00,2026-06-21 04:02:00+00:00,LONG,44.48,44.54,45.1472,43.8128,TIME,-0.016781,0.049886,0.106667,0.0,316283.598328,0
beta_decouple,LTCUSDT,2026-06-21 06:00:00+00:00,2026-06-21 06:02:00+00:00,SHORT,44.72,44.48,44.0492,45.3908,TIME,0.251318,0.317984,0.106667,0.0,332181.138983,0
beta_decouple,LTCUSDT,2026-06-21 07:00:00+00:00,2026-06-21 07:02:00+00:00,SHORT,44.8,44.65,44.128,45.472,TIME,0.11667,0.183336,0.106667,0.0,339932.226057,0
beta_decouple,LTCUSDT,2026-06-21 14:00:00+00:00,2026-06-21 14:02:00+00:00,SHORT,45.36,45.11,44.6796,46.0404,TIME,0.260973,0.327639,0.106667,0.0,357674.837491,0
beta_decouple,LTCUSDT,2026-06-21 15:00:00+00:00,2026-06-21 15:02:00+00:00,SHORT,45.91,45.44,45.22135,46.59865,TIME,0.576226,0.642892,0.106667,0.0,398895.123178,0
beta_decouple,LTCUSDT,2026-06-21 21:00:00+00:00,2026-06-21 21:02:00+00:00,LONG,44.91,44.98,45.58365,44.23635,TIME,-0.002805,0.063861,0.106667,0.0,398671.30538,0
beta_decouple,LTCUSDT,2026-06-21 22:00:00+00:00,2026-06-21 22:02:00+00:00,LONG,44.76,44.91,45.4314,44.0886,TIME,0.116625,0.183292,0.106667,0.0,407970.320273,0
beta_decouple,LTCUSDT,2026-06-21 23:00:00+00:00,2026-06-21 23:02:00+00:00,LONG,44.44,44.59,45.1066,43.7734,TIME,0.118233,0.1849,0.106667,0.0,417617.419741,0
beta_decouple,LTCUSDT,2026-06-22 11:00:00+00:00,2026-06-22 11:02:00+00:00,SHORT,45.23,44.75,44.55155,45.90845,TIME,0.601241,0.667908,0.106667,0.0,467835.161047,0
beta_decouple,LTCUSDT,2026-06-22 12:00:00+00:00,2026-06-22 12:02:00+00:00,SHORT,45.5,45.24,44.8175,46.1825,TIME,0.274502,0.341169,0.106667,0.0,493519.531337,0
beta_decouple,LTCUSDT,2026-06-22 13:00:00+00:00,2026-06-22 13:02:00+00:00,SHORT,45.68,45.49,44.9948,46.3652,TIME,0.170779,0.237446,0.106667,0.0,510376.091297,0
beta_decouple,LTCUSDT,2026-06-22 19:00:00+00:00,2026-06-22 19:02:00+00:00,LONG,44.61,44.71,45.27915,43.94085,TIME,0.042699,0.109366,0.106667,0.0,514734.602496,0
beta_decouple,LTCUSDT,2026-06-23 03:00:00+00:00,2026-06-23 03:02:00+00:00,SHORT,44.58,44.49,43.9113,45.2487,TIME,0.027992,0.094658,0.106667,0.0,517616.252513,0
beta_decouple,LTCUSDT,2026-06-23 05:00:00+00:00,2026-06-23 05:02:00+00:00,LONG,44.35,44.38,45.01525,43.68475,TIME,-0.061586,0.005081,0.106667,0.0,511240.680891,0
beta_decouple,LTCUSDT,2026-06-23 06:00:00+00:00,2026-06-23 06:02:00+00:00,LONG,43.92,44.34,44.5788,43.2612,TIME,0.530486,0.597152,0.106667,0.0,565481.85493,0
beta_decouple,LTCUSDT,2026-06-23 07:00:00+00:00,2026-06-23 07:02:00+00:00,LONG,43.77,43.96,44.42655,43.11345,TIME,0.182563,0.24923,0.106667,0.0,586129.097469,0
beta_decouple,LTCUSDT,2026-06-23 08:00:00+00:00,2026-06-23 08:02:00+00:00,LONG,43.28,43.75,43.9292,42.6308,TIME,0.616879,0.683546,0.106667,0.0,658443.248438,0
beta_decouple,LTCUSDT,2026-06-23 13:00:00+00:00,2026-06-23 13:02:00+00:00,SHORT,43.34,43.16,42.6899,43.9901,TIME,0.170368,0.237035,0.106667,0.0,680878.778701,0
beta_decouple,LTCUSDT,2026-06-23 14:00:00+00:00,2026-06-23 14:01:00+00:00,LONG,42.57,43.20855,43.20855,41.93145,TP,0.892746,0.959412,0.106667,0.0,802449.073166,0
beta_decouple,LTCUSDT,2026-06-23 15:00:00+00:00,2026-06-23 15:02:00+00:00,LONG,41.93,42.41,42.55895,41.30105,TIME,0.656064,0.722731,0.106667,0.0,907740.708515,0
beta_decouple,LTCUSDT,2026-06-23 21:00:00+00:00,2026-06-23 21:02:00+00:00,SHORT,41.95,41.83,41.32075,42.57925,TIME,0.084139,0.150806,0.106667,0.0,923015.988357,0
beta_decouple,LTCUSDT,2026-06-23 22:00:00+00:00,2026-06-23 22:02:00+00:00,SHORT,42.0,41.92,41.37,42.63,TIME,0.020382,0.087048,0.106667,0.0,926778.509823,0
beta_decouple,LTCUSDT,2026-06-23 23:00:00+00:00,2026-06-23 23:02:00+00:00,SHORT,42.14,41.91,41.5079,42.7721,TIME,0.257406,0.324073,0.106667,0.0,974490.215223,0
beta_decouple,LTCUSDT,2026-06-24 00:00:00+00:00,2026-06-24 00:02:00+00:00,SHORT,42.26,42.13,41.6261,42.8939,TIME,0.098524,0.165191,0.106667,0.0,993692.365612,0
beta_decouple,LTCUSDT,2026-06-24 05:00:00+00:00,2026-06-24 05:02:00+00:00,SHORT,42.03,41.79,41.39955,42.66045,TIME,0.27423,0.340897,0.106667,0.0,1048192.47133,0
beta_decouple,LTCUSDT,2026-06-24 06:00:00+00:00,2026-06-24 06:02:00+00:00,SHORT,42.12,41.98,41.4882,42.7518,TIME,0.115043,0.18171,0.106667,0.0,1072310.00352,0
beta_decouple,LTCUSDT,2026-06-24 11:00:00+00:00,2026-06-24 11:02:00+00:00,SHORT,42.19,41.86,41.55715,42.82285,TIME,0.415085,0.481752,0.106667,0.0,1161329.936205,0
beta_decouple,LTCUSDT,2026-06-24 13:00:00+00:00,2026-06-24 13:02:00+00:00,LONG,41.58,42.1,42.2037,40.9563,TIME,0.726579,0.793246,0.106667,0.0,1330089.619325,0
beta_decouple,LTCUSDT,2026-06-24 15:00:00+00:00,2026-06-24 15:01:00+00:00,LONG,40.7,41.3105,41.3105,40.0895,TP,0.892746,0.959412,0.106667,0.0,1567575.926349,0
beta_decouple,LTCUSDT,2026-06-24 16:00:00+00:00,2026-06-24 16:02:00+00:00,LONG,40.27,40.87405,40.87405,39.66595,TP,0.892746,0.959412,0.106667,0.0,1847465.200216,0
beta_decouple,LTCUSDT,2026-06-24 17:00:00+00:00,2026-06-24 17:01:00+00:00,LONG,39.43,40.02145,40.02145,38.83855,TP,0.892746,0.959412,0.106667,0.0,2177328.452572,0
beta_decouple,LTCUSDT,2026-06-24 20:00:00+00:00,2026-06-24 20:01:00+00:00,SHORT,40.74,40.1289,40.1289,41.3511,TP,0.893922,0.960588,0.106667,0.0,2566600.600097,0
beta_decouple,LTCUSDT,2026-06-24 21:00:00+00:00,2026-06-24 21:02:00+00:00,SHORT,40.95,40.73,40.33575,41.56425,TIME,0.251697,0.318363,0.106667,0.0,2695801.553963,0
