strategy_name,symbol,entry_ts,exit_ts,side,entry_price,exit_price,target_price,stop_price,exit_reason,pnl_R,price_pnl_R,fee_slippage_R,funding_pnl_R,equity_after,bars_held
pair_mr,SOLUSDT,2026-06-12 10:00:00+00:00,2026-06-12 11:00:00+00:00,LONG,0.00104846,0.00105228,0.00105228,0.00102749,TP,0.117431,0.152431,0.065,0.0,7.123303,1
pair_mr,SOLUSDT,2026-06-12 14:00:00+00:00,2026-06-12 15:00:00+00:00,SHORT,0.00106126,0.00108249,0.00105178,0.00108249,SL,-1.065609,-1.030609,0.065,0.0,5.984704,1
pair_mr,SOLUSDT,2026-06-12 19:00:00+00:00,2026-06-12 20:00:00+00:00,LONG,0.00105011,0.0010579,0.0010579,0.00102911,TP,0.305767,0.340767,0.065,0.0,6.259193,1
pair_mr,SOLUSDT,2026-06-13 00:00:00+00:00,2026-06-13 01:00:00+00:00,SHORT,0.00105295,0.00107401,0.00104992,0.00107401,SL,-1.065609,-1.030609,0.065,0.0,5.258715,1
pair_mr,SOLUSDT,2026-06-13 01:00:00+00:00,2026-06-13 02:00:00+00:00,SHORT,0.00105641,0.00107754,0.00105049,0.00107754,SL,-1.065609,-1.030609,0.065,0.0,4.418155,1
pair_mr,SOLUSDT,2026-06-13 07:00:00+00:00,2026-06-13 08:00:00+00:00,SHORT,0.00105509,0.00107619,0.00105158,0.00107619,SL,-1.065609,-1.030609,0.065,0.0,3.711951,1
pair_mr,SOLUSDT,2026-06-13 11:00:00+00:00,2026-06-13 12:00:00+00:00,SHORT,0.00106153,0.00108276,0.0010554,0.00108276,SL,-1.065609,-1.030609,0.065,0.0,3.118627,1
pair_mr,SOLUSDT,2026-06-13 14:00:00+00:00,2026-06-13 15:00:00+00:00,SHORT,0.00106325,0.00108452,0.00105902,0.00108452,SL,-1.065609,-1.030609,0.065,0.0,2.620142,1
pair_mr,SOLUSDT,2026-06-13 15:00:00+00:00,2026-06-13 16:00:00+00:00,SHORT,0.00106668,0.00108801,0.00106028,0.00108801,SL,-1.065609,-1.030609,0.065,0.0,2.201335,1
pair_mr,SOLUSDT,2026-06-13 21:00:00+00:00,2026-06-13 22:00:00+00:00,SHORT,0.0010741,0.00109558,0.00106212,0.00109558,SL,-1.065609,-1.030609,0.065,0.0,1.84947,1
pair_mr,SOLUSDT,2026-06-14 05:00:00+00:00,2026-06-14 06:00:00+00:00,LONG,0.00106067,0.00106609,0.00106609,0.00103945,TP,0.190476,0.225476,0.065,0.0,1.902312,1
pair_mr,SOLUSDT,2026-06-14 10:00:00+00:00,2026-06-14 11:00:00+00:00,LONG,0.00105605,0.00105971,0.00105971,0.00103493,TP,0.107919,0.142919,0.065,0.0,1.933107,1
pair_mr,SOLUSDT,2026-06-14 11:00:00+00:00,2026-06-14 12:00:00+00:00,LONG,0.001055,0.00105878,0.00105878,0.0010339,TP,0.114156,0.149156,0.065,0.0,1.966208,1
pair_mr,SOLUSDT,2026-06-14 12:00:00+00:00,2026-06-14 13:00:00+00:00,LONG,0.0010534,0.00105767,0.00105767,0.00103233,TP,0.137821,0.172821,0.065,0.0,2.006856,1
pair_mr,SOLUSDT,2026-06-14 17:00:00+00:00,2026-06-14 18:00:00+00:00,SHORT,0.00105641,0.00107754,0.00105334,0.00107754,SL,-1.065609,-1.030609,0.065,0.0,1.686077,1
pair_mr,SOLUSDT,2026-06-14 19:00:00+00:00,2026-06-14 20:00:00+00:00,SHORT,0.00105868,0.00107986,0.00105448,0.00107986,SL,-1.065609,-1.030609,0.065,0.0,1.416572,1
pair_mr,SOLUSDT,2026-06-14 21:00:00+00:00,2026-06-14 22:00:00+00:00,SHORT,0.00107407,0.00109555,0.00105712,0.00109555,SL,-1.065609,-1.030609,0.065,0.0,1.190145,1
pair_mr,SOLUSDT,2026-06-14 22:00:00+00:00,2026-06-14 23:00:00+00:00,SHORT,0.00107663,0.00109816,0.00106087,0.00109816,SL,-1.065609,-1.030609,0.065,0.0,0.999911,1
pair_mr,SOLUSDT,2026-06-14 23:00:00+00:00,2026-06-15 00:00:00+00:00,SHORT,0.00108429,0.00110597,0.00106491,0.00110597,SL,-1.065609,-1.030609,0.065,0.0,0.840084,1
pair_mr,SOLUSDT,2026-06-15 10:00:00+00:00,2026-06-15 11:00:00+00:00,SHORT,0.00109039,0.0011122,0.00108443,0.0011122,SL,-1.065609,-1.030609,0.065,0.0,0.705804,1
pair_mr,SOLUSDT,2026-06-15 11:00:00+00:00,2026-06-15 12:00:00+00:00,SHORT,0.0010962,0.00111813,0.00108624,0.00111813,SL,-1.065609,-1.030609,0.065,0.0,0.592987,1
pair_mr,SOLUSDT,2026-06-15 13:00:00+00:00,2026-06-15 14:00:00+00:00,SHORT,0.0011081,0.00113026,0.00109048,0.00113026,SL,-1.065609,-1.030609,0.065,0.0,0.498203,1
pair_mr,SOLUSDT,2026-06-15 15:00:00+00:00,2026-06-15 16:00:00+00:00,SHORT,0.00111839,0.00114076,0.00109951,0.00114076,SL,-1.065609,-1.030609,0.065,0.0,0.41857,1
pair_mr,SOLUSDT,2026-06-15 16:00:00+00:00,2026-06-15 17:00:00+00:00,SHORT,0.00112377,0.00114624,0.00110511,0.00114624,SL,-1.065609,-1.030609,0.065,0.0,0.351665,1
pair_mr,SOLUSDT,2026-06-15 21:00:00+00:00,2026-06-15 22:00:00+00:00,LONG,0.00112185,0.00112688,0.00112688,0.00109941,TP,0.159132,0.194132,0.065,0.0,0.360059,1
pair_mr,SOLUSDT,2026-06-15 22:00:00+00:00,2026-06-15 23:00:00+00:00,LONG,0.0011144,0.00112649,0.00112649,0.00109211,TP,0.477147,0.512147,0.065,0.0,0.385829,1
pair_mr,SOLUSDT,2026-06-16 07:00:00+00:00,2026-06-16 08:00:00+00:00,SHORT,0.00112162,0.00114405,0.00111416,0.00114405,SL,-1.065609,-1.030609,0.065,0.0,0.324158,1
pair_mr,SOLUSDT,2026-06-16 08:00:00+00:00,2026-06-16 09:00:00+00:00,SHORT,0.00112707,0.00114961,0.00111634,0.00114961,SL,-1.065609,-1.030609,0.065,0.0,0.272344,1
pair_mr,SOLUSDT,2026-06-16 12:00:00+00:00,2026-06-16 13:00:00+00:00,SHORT,0.00112802,0.00115058,0.00112396,0.00115058,SL,-1.065609,-1.030609,0.065,0.0,0.228812,1
pair_mr,SOLUSDT,2026-06-16 13:00:00+00:00,2026-06-16 14:00:00+00:00,LONG,0.00112024,0.00112524,0.00112524,0.00109783,TP,0.158306,0.193306,0.065,0.0,0.234245,1
pair_mr,SOLUSDT,2026-06-16 14:00:00+00:00,2026-06-16 15:00:00+00:00,LONG,0.00111123,0.00112388,0.00112388,0.001089,TP,0.50401,0.53901,0.065,0.0,0.251955,1
pair_mr,SOLUSDT,2026-06-16 18:00:00+00:00,2026-06-16 19:00:00+00:00,SHORT,0.00112393,0.00114641,0.00111443,0.00114641,SL,-1.065609,-1.030609,0.065,0.0,0.211682,1
pair_mr,SOLUSDT,2026-06-16 23:00:00+00:00,2026-06-17 00:00:00+00:00,LONG,0.00111951,0.00112407,0.00112407,0.00109712,TP,0.138743,0.173743,0.065,0.0,0.216087,1
pair_mr,SOLUSDT,2026-06-17 00:00:00+00:00,2026-06-17 01:00:00+00:00,LONG,0.00111648,0.00112319,0.00112319,0.00109415,TP,0.235124,0.270124,0.065,0.0,0.223709,1
pair_mr,SOLUSDT,2026-06-17 08:00:00+00:00,2026-06-17 09:00:00+00:00,LONG,0.0011142,0.00111891,0.00111891,0.00109191,TP,0.146369,0.181369,0.065,0.0,0.22862,1
pair_mr,SOLUSDT,2026-06-17 10:00:00+00:00,2026-06-17 11:00:00+00:00,LONG,0.00111316,0.00111733,0.00111733,0.0010909,TP,0.12224,0.15724,0.065,0.0,0.232812,1
pair_mr,SOLUSDT,2026-06-17 11:00:00+00:00,2026-06-17 12:00:00+00:00,LONG,0.00111124,0.00111624,0.00111624,0.00108901,TP,0.160074,0.195074,0.065,0.0,0.238402,1
pair_mr,SOLUSDT,2026-06-17 15:00:00+00:00,2026-06-17 16:00:00+00:00,SHORT,0.00112246,0.00114491,0.00111154,0.00114491,SL,-1.065609,-1.030609,0.065,0.0,0.200296,1
pair_mr,SOLUSDT,2026-06-18 04:00:00+00:00,2026-06-18 05:00:00+00:00,LONG,0.00111229,0.00111825,0.00111825,0.00109005,TP,0.202481,0.237481,0.065,0.0,0.206379,1
pair_mr,SOLUSDT,2026-06-18 08:00:00+00:00,2026-06-18 09:00:00+00:00,SHORT,0.00111574,0.00113805,0.00111272,0.00113805,SL,-1.065609,-1.030609,0.065,0.0,0.173391,1
pair_mr,SOLUSDT,2026-06-18 09:00:00+00:00,2026-06-18 10:00:00+00:00,SHORT,0.00111901,0.00114139,0.00111298,0.00114139,SL,-1.065609,-1.030609,0.065,0.0,0.145676,1
pair_mr,SOLUSDT,2026-06-18 11:00:00+00:00,2026-06-18 12:00:00+00:00,LONG,0.00110885,0.00111489,0.00111489,0.00108667,TP,0.207069,0.242069,0.065,0.0,0.150201,1
pair_mr,SOLUSDT,2026-06-18 15:00:00+00:00,2026-06-18 16:00:00+00:00,LONG,0.00109757,0.00111166,0.00111166,0.00107562,TP,0.576359,0.611359,0.065,0.0,0.163186,1
pair_mr,SOLUSDT,2026-06-18 20:00:00+00:00,2026-06-18 21:00:00+00:00,SHORT,0.00110667,0.0011288,0.00109847,0.0011288,SL,-1.065609,-1.030609,0.065,0.0,0.137102,1
pair_mr,SOLUSDT,2026-06-19 01:00:00+00:00,2026-06-19 02:00:00+00:00,SHORT,0.00110978,0.00113198,0.0011064,0.00113198,SL,-1.065609,-1.030609,0.065,0.0,0.115188,1
pair_mr,SOLUSDT,2026-06-19 03:00:00+00:00,2026-06-19 04:00:00+00:00,LONG,0.00110001,0.00110721,0.00110721,0.00107801,TP,0.262145,0.297145,0.065,0.0,0.119717,1
pair_mr,SOLUSDT,2026-06-19 04:00:00+00:00,2026-06-19 05:00:00+00:00,LONG,0.00109417,0.00110612,0.00110612,0.00107229,TP,0.480791,0.515791,0.065,0.0,0.128351,1
pair_mr,SOLUSDT,2026-06-19 11:00:00+00:00,2026-06-19 12:00:00+00:00,LONG,0.00108962,0.00109386,0.00109386,0.00106782,TP,0.129601,0.164601,0.065,0.0,0.130846,1
pair_mr,SOLUSDT,2026-06-19 23:00:00+00:00,2026-06-20 00:00:00+00:00,SHORT,0.00109726,0.00111921,0.00109459,0.00111921,SL,-1.065609,-1.030609,0.065,0.0,0.109931,1
pair_mr,SOLUSDT,2026-06-20 02:00:00+00:00,2026-06-20 03:00:00+00:00,SHORT,0.00109959,0.00112158,0.00109622,0.00112158,SL,-1.065609,-1.030609,0.065,0.0,0.09236,1
pair_mr,SOLUSDT,2026-06-20 03:00:00+00:00,2026-06-20 04:00:00+00:00,SHORT,0.00110292,0.00112498,0.00109735,0.00112498,SL,-1.065609,-1.030609,0.065,0.0,0.077597,1
pair_mr,SOLUSDT,2026-06-20 04:00:00+00:00,2026-06-20 05:00:00+00:00,SHORT,0.00111449,0.00113678,0.00109872,0.00113678,SL,-1.065609,-1.030609,0.065,0.0,0.065194,1
pair_mr,SOLUSDT,2026-06-20 05:00:00+00:00,2026-06-20 06:00:00+00:00,SHORT,0.00112718,0.0011522,0.00110216,0.0011522,SL,-1.05918,-1.027641,0.058572,0.0,0.054836,1
pair_mr,SOLUSDT,2026-06-20 06:00:00+00:00,2026-06-20 07:00:00+00:00,SHORT,0.00113091,0.00115352,0.00110838,0.00115352,SL,-1.065609,-1.030609,0.065,0.0,0.046071,1
pair_mr,SOLUSDT,2026-06-20 16:00:00+00:00,2026-06-20 17:00:00+00:00,LONG,0.00111938,0.00112417,0.00112417,0.00109699,TP,0.148881,0.183881,0.065,0.0,0.0471,1
pair_mr,SOLUSDT,2026-06-20 20:00:00+00:00,2026-06-20 21:00:00+00:00,SHORT,0.0011263,0.00114883,0.00112214,0.00114883,SL,-1.065609,-1.030609,0.065,0.0,0.039571,1
pair_mr,SOLUSDT,2026-06-20 21:00:00+00:00,2026-06-20 22:00:00+00:00,SHORT,0.00113093,0.00115354,0.00112288,0.00115354,SL,-1.065609,-1.030609,0.065,0.0,0.033246,1
pair_mr,SOLUSDT,2026-06-20 22:00:00+00:00,2026-06-20 23:00:00+00:00,SHORT,0.00114451,0.0011674,0.00112519,0.0011674,SL,-1.065609,-1.030609,0.065,0.0,0.027932,1
pair_mr,SOLUSDT,2026-06-21 09:00:00+00:00,2026-06-21 10:00:00+00:00,SHORT,0.00115299,0.00117605,0.00114039,0.00117605,SL,-1.065609,-1.030609,0.065,0.0,0.023467,1
pair_mr,SOLUSDT,2026-06-21 20:00:00+00:00,2026-06-21 21:00:00+00:00,LONG,0.00114987,0.00115699,0.00115699,0.00112687,TP,0.244364,0.279364,0.065,0.0,0.024328,1
pair_mr,SOLUSDT,2026-06-21 21:00:00+00:00,2026-06-21 22:00:00+00:00,LONG,0.00114616,0.00115609,0.00115609,0.00112324,TP,0.367828,0.402828,0.065,0.0,0.02567,1
pair_mr,SOLUSDT,2026-06-22 01:00:00+00:00,2026-06-22 02:00:00+00:00,SHORT,0.00115092,0.00117394,0.00114663,0.00117394,SL,-1.065609,-1.030609,0.065,0.0,0.021567,1
pair_mr,SOLUSDT,2026-06-22 07:00:00+00:00,2026-06-22 08:00:00+00:00,SHORT,0.00115396,0.00117703,0.00115054,0.00117703,SL,-1.065609,-1.030609,0.065,0.0,0.018119,1
pair_mr,SOLUSDT,2026-06-22 11:00:00+00:00,2026-06-22 12:00:00+00:00,LONG,0.0011474,0.00115155,0.00115155,0.00112445,TP,0.115694,0.150694,0.065,0.0,0.018434,1
pair_mr,SOLUSDT,2026-06-22 12:00:00+00:00,2026-06-22 13:00:00+00:00,LONG,0.0011422,0.00115067,0.00115067,0.00111935,TP,0.305687,0.340687,0.065,0.0,0.019279,1
pair_mr,SOLUSDT,2026-06-22 14:00:00+00:00,2026-06-22 15:00:00+00:00,LONG,0.00113007,0.00114668,0.00114668,0.00110747,TP,0.669372,0.704372,0.065,0.0,0.021215,1
pair_mr,SOLUSDT,2026-06-22 15:00:00+00:00,2026-06-22 16:00:00+00:00,LONG,0.00112779,0.00114263,0.00114263,0.00110524,TP,0.592541,0.627541,0.065,0.0,0.0231,1
pair_mr,SOLUSDT,2026-06-22 23:00:00+00:00,2026-06-23 00:00:00+00:00,LONG,0.00112377,0.00112877,0.00112877,0.00110129,TP,0.157727,0.192727,0.065,0.0,0.023647,1
pair_mr,SOLUSDT,2026-06-23 00:00:00+00:00,2026-06-23 01:00:00+00:00,LONG,0.00112025,0.00112776,0.00112776,0.00109785,TP,0.269674,0.304674,0.065,0.0,0.024604,1
pair_mr,SOLUSDT,2026-06-23 01:00:00+00:00,2026-06-23 02:00:00+00:00,LONG,0.00111766,0.00112632,0.00112632,0.0010953,TP,0.322437,0.357437,0.065,0.0,0.025794,1
pair_mr,SOLUSDT,2026-06-23 07:00:00+00:00,2026-06-23 08:00:00+00:00,LONG,0.00111298,0.00112107,0.00112107,0.00109072,TP,0.298302,0.333302,0.065,0.0,0.026948,1
pair_mr,SOLUSDT,2026-06-23 08:00:00+00:00,2026-06-23 09:00:00+00:00,LONG,0.00110098,0.00111941,0.00111941,0.00107896,TP,0.771486,0.806486,0.065,0.0,0.030066,1
pair_mr,SOLUSDT,2026-06-23 15:00:00+00:00,2026-06-23 16:00:00+00:00,LONG,0.0011027,0.00110684,0.00110684,0.00108065,TP,0.122534,0.157534,0.065,0.0,0.030619,1
pair_mr,SOLUSDT,2026-06-23 16:00:00+00:00,2026-06-23 17:00:00+00:00,LONG,0.00110104,0.00110661,0.00110661,0.00107902,TP,0.187755,0.222755,0.065,0.0,0.031481,1
pair_mr,SOLUSDT,2026-06-23 22:00:00+00:00,2026-06-23 23:00:00+00:00,SHORT,0.00111109,0.00113331,0.00110476,0.00113331,SL,-1.065609,-1.030609,0.065,0.0,0.026449,1
pair_mr,SOLUSDT,2026-06-24 07:00:00+00:00,2026-06-24 08:00:00+00:00,LONG,0.00110697,0.00110975,0.00110975,0.00108483,TP,0.060423,0.095423,0.065,0.0,0.026689,1
pair_mr,SOLUSDT,2026-06-24 08:00:00+00:00,2026-06-24 09:00:00+00:00,LONG,0.00110589,0.00110935,0.00110935,0.00108377,TP,0.091314,0.126314,0.065,0.0,0.027054,1
pair_mr,SOLUSDT,2026-06-24 13:00:00+00:00,2026-06-24 14:00:00+00:00,SHORT,0.00112285,0.00114531,0.00110721,0.00114531,SL,-1.065609,-1.030609,0.065,0.0,0.02273,1
pair_mr,SOLUSDT,2026-06-24 14:00:00+00:00,2026-06-24 15:00:00+00:00,SHORT,0.00112679,0.00114932,0.00111061,0.00114932,SL,-1.065609,-1.030609,0.065,0.0,0.019097,1
pair_mr,SOLUSDT,2026-06-24 17:00:00+00:00,2026-06-24 18:00:00+00:00,LONG,0.00109377,0.00111745,0.00111745,0.00107008,TP,0.939369,0.971698,0.060039,0.0,0.021788,1
pair_mr,DOGEUSDT,2026-06-12 12:00:00+00:00,2026-06-12 13:00:00+00:00,SHORT,1.37e-06,1.4e-06,1.36e-06,1.4e-06,SL,-1.065609,-1.030609,0.065,0.0,5.88111,1
pair_mr,DOGEUSDT,2026-06-12 13:00:00+00:00,2026-06-12 14:00:00+00:00,SHORT,1.38e-06,1.4e-06,1.36e-06,1.4e-06,SL,-1.065609,-1.030609,0.065,0.0,4.941066,1
pair_mr,DOGEUSDT,2026-06-12 14:00:00+00:00,2026-06-12 15:00:00+00:00,SHORT,1.42e-06,1.46e-06,1.37e-06,1.46e-06,SL,-1.038603,-1.018143,0.037997,0.0,4.171295,1
pair_mr,DOGEUSDT,2026-06-12 21:00:00+00:00,2026-06-12 22:00:00+00:00,LONG,1.37e-06,1.38e-06,1.38e-06,1.34e-06,TP,0.382547,0.417547,0.065,0.0,4.410652,1
pair_mr,DOGEUSDT,2026-06-12 22:00:00+00:00,2026-06-12 23:00:00+00:00,LONG,1.36e-06,1.37e-06,1.37e-06,1.33e-06,TP,0.456127,0.491127,0.065,0.0,4.712425,1
pair_mr,DOGEUSDT,2026-06-12 23:00:00+00:00,2026-06-13 00:00:00+00:00,LONG,1.35e-06,1.37e-06,1.37e-06,1.33e-06,TP,0.619809,0.654809,0.065,0.0,5.150545,1
pair_mr,DOGEUSDT,2026-06-13 07:00:00+00:00,2026-06-13 08:00:00+00:00,SHORT,1.36e-06,1.39e-06,1.36e-06,1.39e-06,SL,-1.065609,-1.030609,0.065,0.0,4.327275,1
pair_mr,DOGEUSDT,2026-06-13 08:00:00+00:00,2026-06-13 09:00:00+00:00,SHORT,1.37e-06,1.39e-06,1.36e-06,1.39e-06,SL,-1.065609,-1.030609,0.065,0.0,3.635598,1
pair_mr,DOGEUSDT,2026-06-13 11:00:00+00:00,2026-06-13 12:00:00+00:00,SHORT,1.38e-06,1.4e-06,1.36e-06,1.4e-06,SL,-1.065609,-1.030609,0.065,0.0,3.054479,1
pair_mr,DOGEUSDT,2026-06-13 12:00:00+00:00,2026-06-13 13:00:00+00:00,SHORT,1.38e-06,1.41e-06,1.37e-06,1.41e-06,SL,-1.065609,-1.030609,0.065,0.0,2.566247,1
pair_mr,DOGEUSDT,2026-06-13 17:00:00+00:00,2026-06-13 18:00:00+00:00,LONG,1.37e-06,1.38e-06,1.38e-06,1.34e-06,TP,0.168446,0.203446,0.065,0.0,2.631088,1
pair_mr,DOGEUSDT,2026-06-13 18:00:00+00:00,2026-06-13 19:00:00+00:00,LONG,1.37e-06,1.37e-06,1.37e-06,1.34e-06,TP,0.187922,0.222922,0.065,0.0,2.705253,1
pair_mr,DOGEUSDT,2026-06-13 19:00:00+00:00,2026-06-13 20:00:00+00:00,LONG,1.36e-06,1.37e-06,1.37e-06,1.34e-06,TP,0.266748,0.301748,0.065,0.0,2.813497,1
pair_mr,DOGEUSDT,2026-06-14 00:00:00+00:00,2026-06-14 01:00:00+00:00,LONG,1.36e-06,1.36e-06,1.36e-06,1.33e-06,TP,0.137822,0.172822,0.065,0.0,2.871661,1
pair_mr,DOGEUSDT,2026-06-14 07:00:00+00:00,2026-06-14 08:00:00+00:00,LONG,1.35e-06,1.36e-06,1.36e-06,1.33e-06,TP,0.28157,0.31657,0.065,0.0,2.992947,1
pair_mr,DOGEUSDT,2026-06-14 12:00:00+00:00,2026-06-14 13:00:00+00:00,LONG,1.35e-06,1.35e-06,1.35e-06,1.32e-06,TP,0.152908,0.187908,0.065,0.0,3.061594,1
pair_mr,DOGEUSDT,2026-06-14 16:00:00+00:00,2026-06-14 17:00:00+00:00,SHORT,1.35e-06,1.38e-06,1.35e-06,1.38e-06,SL,-1.065609,-1.030609,0.065,0.0,2.572225,1
pair_mr,DOGEUSDT,2026-06-14 17:00:00+00:00,2026-06-14 18:00:00+00:00,SHORT,1.35e-06,1.38e-06,1.35e-06,1.38e-06,SL,-1.065609,-1.030609,0.065,0.0,2.161077,1
pair_mr,DOGEUSDT,2026-06-14 21:00:00+00:00,2026-06-14 22:00:00+00:00,SHORT,1.36e-06,1.38e-06,1.35e-06,1.38e-06,SL,-1.065609,-1.030609,0.065,0.0,1.815647,1
pair_mr,DOGEUSDT,2026-06-14 22:00:00+00:00,2026-06-14 23:00:00+00:00,LONG,1.35e-06,1.35e-06,1.35e-06,1.32e-06,TP,0.055706,0.090706,0.065,0.0,1.830819,1
pair_mr,DOGEUSDT,2026-06-15 01:00:00+00:00,2026-06-15 02:00:00+00:00,LONG,1.35e-06,1.35e-06,1.35e-06,1.32e-06,TP,0.060153,0.095153,0.065,0.0,1.847338,1
pair_mr,DOGEUSDT,2026-06-15 09:00:00+00:00,2026-06-15 10:00:00+00:00,SHORT,1.35e-06,1.38e-06,1.35e-06,1.38e-06,SL,-1.065609,-1.030609,0.065,0.0,1.552057,1
pair_mr,DOGEUSDT,2026-06-15 10:00:00+00:00,2026-06-15 11:00:00+00:00,SHORT,1.35e-06,1.38e-06,1.35e-06,1.38e-06,SL,-1.065609,-1.030609,0.065,0.0,1.303974,1
pair_mr,DOGEUSDT,2026-06-15 11:00:00+00:00,2026-06-15 12:00:00+00:00,SHORT,1.35e-06,1.38e-06,1.35e-06,1.38e-06,SL,-1.065609,-1.030609,0.065,0.0,1.095545,1
pair_mr,DOGEUSDT,2026-06-15 13:00:00+00:00,2026-06-15 14:00:00+00:00,SHORT,1.36e-06,1.39e-06,1.35e-06,1.39e-06,SL,-1.065609,-1.030609,0.065,0.0,0.920432,1
pair_mr,DOGEUSDT,2026-06-15 14:00:00+00:00,2026-06-15 15:00:00+00:00,LONG,1.34e-06,1.35e-06,1.35e-06,1.32e-06,TP,0.291975,0.326975,0.065,0.0,0.960743,1
pair_mr,DOGEUSDT,2026-06-15 16:00:00+00:00,2026-06-15 17:00:00+00:00,LONG,1.34e-06,1.35e-06,1.35e-06,1.31e-06,TP,0.335471,0.370471,0.065,0.0,1.009088,1
pair_mr,DOGEUSDT,2026-06-15 22:00:00+00:00,2026-06-15 23:00:00+00:00,LONG,1.33e-06,1.34e-06,1.34e-06,1.3e-06,TP,0.267335,0.302335,0.065,0.0,1.049553,1
pair_mr,DOGEUSDT,2026-06-15 23:00:00+00:00,2026-06-16 00:00:00+00:00,LONG,1.33e-06,1.34e-06,1.34e-06,1.3e-06,TP,0.203037,0.238037,0.065,0.0,1.081518,1
pair_mr,DOGEUSDT,2026-06-16 00:00:00+00:00,2026-06-16 01:00:00+00:00,LONG,1.32e-06,1.33e-06,1.33e-06,1.3e-06,TP,0.2929,0.3279,0.065,0.0,1.129034,1
pair_mr,DOGEUSDT,2026-06-16 06:00:00+00:00,2026-06-16 07:00:00+00:00,LONG,1.32e-06,1.32e-06,1.32e-06,1.29e-06,TP,0.064087,0.099087,0.065,0.0,1.139888,1
pair_mr,DOGEUSDT,2026-06-16 08:00:00+00:00,2026-06-16 09:00:00+00:00,SHORT,1.33e-06,1.35e-06,1.32e-06,1.35e-06,SL,-1.065609,-1.030609,0.065,0.0,0.957687,1
pair_mr,DOGEUSDT,2026-06-16 09:00:00+00:00,2026-06-16 10:00:00+00:00,SHORT,1.33e-06,1.36e-06,1.32e-06,1.36e-06,SL,-1.065609,-1.030609,0.065,0.0,0.804609,1
pair_mr,DOGEUSDT,2026-06-16 13:00:00+00:00,2026-06-16 14:00:00+00:00,LONG,1.32e-06,1.33e-06,1.33e-06,1.3e-06,TP,0.129863,0.164863,0.065,0.0,0.820282,1
pair_mr,DOGEUSDT,2026-06-16 14:00:00+00:00,2026-06-16 15:00:00+00:00,LONG,1.32e-06,1.33e-06,1.33e-06,1.29e-06,TP,0.233097,0.268097,0.065,0.0,0.848963,1
pair_mr,DOGEUSDT,2026-06-16 16:00:00+00:00,2026-06-16 17:00:00+00:00,LONG,1.32e-06,1.33e-06,1.33e-06,1.29e-06,TP,0.266804,0.301804,0.065,0.0,0.882939,1
pair_mr,DOGEUSDT,2026-06-16 18:00:00+00:00,2026-06-16 19:00:00+00:00,SHORT,1.33e-06,1.36e-06,1.32e-06,1.36e-06,SL,-1.065609,-1.030609,0.065,0.0,0.741809,1
pair_mr,DOGEUSDT,2026-06-16 23:00:00+00:00,2026-06-17 00:00:00+00:00,LONG,1.33e-06,1.33e-06,1.33e-06,1.3e-06,TP,0.030512,0.065512,0.065,0.0,0.745204,1
pair_mr,DOGEUSDT,2026-06-17 08:00:00+00:00,2026-06-17 09:00:00+00:00,LONG,1.32e-06,1.33e-06,1.33e-06,1.3e-06,TP,0.055056,0.090056,0.065,0.0,0.751358,1
pair_mr,DOGEUSDT,2026-06-17 13:00:00+00:00,2026-06-17 14:00:00+00:00,LONG,1.32e-06,1.33e-06,1.33e-06,1.3e-06,TP,0.074634,0.109634,0.065,0.0,0.759769,1
pair_mr,DOGEUSDT,2026-06-17 18:00:00+00:00,2026-06-17 19:00:00+00:00,SHORT,1.33e-06,1.36e-06,1.32e-06,1.36e-06,SL,-1.065609,-1.030609,0.065,0.0,0.638327,1
pair_mr,DOGEUSDT,2026-06-17 20:00:00+00:00,2026-06-17 21:00:00+00:00,SHORT,1.34e-06,1.36e-06,1.33e-06,1.36e-06,SL,-1.065609,-1.030609,0.065,0.0,0.536296,1
pair_mr,DOGEUSDT,2026-06-18 03:00:00+00:00,2026-06-18 04:00:00+00:00,LONG,1.33e-06,1.33e-06,1.33e-06,1.3e-06,TP,0.214337,0.249337,0.065,0.0,0.553538,1
pair_mr,DOGEUSDT,2026-06-18 04:00:00+00:00,2026-06-18 05:00:00+00:00,LONG,1.33e-06,1.33e-06,1.33e-06,1.3e-06,TP,0.227733,0.262733,0.065,0.0,0.572447,1
pair_mr,DOGEUSDT,2026-06-18 05:00:00+00:00,2026-06-18 06:00:00+00:00,LONG,1.32e-06,1.33e-06,1.33e-06,1.29e-06,TP,0.503638,0.538638,0.065,0.0,0.615693,1
pair_mr,DOGEUSDT,2026-06-18 13:00:00+00:00,2026-06-18 14:00:00+00:00,LONG,1.31e-06,1.32e-06,1.32e-06,1.29e-06,TP,0.249536,0.284536,0.065,0.0,0.638738,1
pair_mr,DOGEUSDT,2026-06-18 20:00:00+00:00,2026-06-18 21:00:00+00:00,SHORT,1.32e-06,1.35e-06,1.32e-06,1.35e-06,SL,-1.065609,-1.030609,0.065,0.0,0.536642,1
pair_mr,DOGEUSDT,2026-06-18 21:00:00+00:00,2026-06-18 22:00:00+00:00,SHORT,1.32e-06,1.35e-06,1.32e-06,1.35e-06,SL,-1.065609,-1.030609,0.065,0.0,0.450864,1
pair_mr,DOGEUSDT,2026-06-18 22:00:00+00:00,2026-06-18 23:00:00+00:00,SHORT,1.33e-06,1.35e-06,1.32e-06,1.35e-06,SL,-1.065609,-1.030609,0.065,0.0,0.378797,1
pair_mr,DOGEUSDT,2026-06-19 01:00:00+00:00,2026-06-19 02:00:00+00:00,SHORT,1.33e-06,1.36e-06,1.33e-06,1.36e-06,SL,-1.065609,-1.030609,0.065,0.0,0.31825,1
pair_mr,DOGEUSDT,2026-06-19 03:00:00+00:00,2026-06-19 04:00:00+00:00,LONG,1.32e-06,1.33e-06,1.33e-06,1.29e-06,TP,0.217997,0.252997,0.065,0.0,0.328656,1
pair_mr,DOGEUSDT,2026-06-19 04:00:00+00:00,2026-06-19 05:00:00+00:00,LONG,1.32e-06,1.33e-06,1.33e-06,1.29e-06,TP,0.297774,0.332774,0.065,0.0,0.343336,1
pair_mr,DOGEUSDT,2026-06-19 17:00:00+00:00,2026-06-19 18:00:00+00:00,SHORT,1.32e-06,1.35e-06,1.32e-06,1.35e-06,SL,-1.065609,-1.030609,0.065,0.0,0.288457,1
pair_mr,DOGEUSDT,2026-06-19 21:00:00+00:00,2026-06-19 22:00:00+00:00,LONG,1.31e-06,1.32e-06,1.32e-06,1.29e-06,TP,0.057756,0.092756,0.065,0.0,0.290956,1
pair_mr,DOGEUSDT,2026-06-20 02:00:00+00:00,2026-06-20 03:00:00+00:00,LONG,1.31e-06,1.31e-06,1.31e-06,1.29e-06,TP,0.030953,0.065953,0.065,0.0,0.292307,1
pair_mr,DOGEUSDT,2026-06-20 05:00:00+00:00,2026-06-20 06:00:00+00:00,SHORT,1.32e-06,1.34e-06,1.31e-06,1.34e-06,SL,-1.065609,-1.030609,0.065,0.0,0.245584,1
pair_mr,DOGEUSDT,2026-06-20 06:00:00+00:00,2026-06-20 07:00:00+00:00,SHORT,1.32e-06,1.35e-06,1.31e-06,1.35e-06,SL,-1.065609,-1.030609,0.065,0.0,0.20633,1
pair_mr,DOGEUSDT,2026-06-20 11:00:00+00:00,2026-06-20 12:00:00+00:00,LONG,1.32e-06,1.32e-06,1.32e-06,1.29e-06,TP,0.088682,0.123682,0.065,0.0,0.209074,1
pair_mr,DOGEUSDT,2026-06-20 13:00:00+00:00,2026-06-20 14:00:00+00:00,LONG,1.31e-06,1.32e-06,1.32e-06,1.29e-06,TP,0.146746,0.181746,0.065,0.0,0.213676,1
pair_mr,DOGEUSDT,2026-06-20 14:00:00+00:00,2026-06-20 15:00:00+00:00,LONG,1.31e-06,1.32e-06,1.32e-06,1.28e-06,TP,0.258968,0.293968,0.065,0.0,0.221977,1
pair_mr,DOGEUSDT,2026-06-20 15:00:00+00:00,2026-06-20 16:00:00+00:00,LONG,1.3e-06,1.31e-06,1.31e-06,1.28e-06,TP,0.314802,0.349802,0.065,0.0,0.232458,1
pair_mr,DOGEUSDT,2026-06-20 23:00:00+00:00,2026-06-21 00:00:00+00:00,LONG,1.3e-06,1.3e-06,1.3e-06,1.28e-06,TP,0.019518,0.054518,0.065,0.0,0.233139,1
pair_mr,DOGEUSDT,2026-06-21 03:00:00+00:00,2026-06-21 04:00:00+00:00,LONG,1.3e-06,1.3e-06,1.3e-06,1.27e-06,TP,0.064838,0.099838,0.065,0.0,0.235406,1
pair_mr,DOGEUSDT,2026-06-21 04:00:00+00:00,2026-06-21 05:00:00+00:00,LONG,1.3e-06,1.3e-06,1.3e-06,1.27e-06,TP,0.123044,0.158044,0.065,0.0,0.239751,1
pair_mr,DOGEUSDT,2026-06-21 05:00:00+00:00,2026-06-21 06:00:00+00:00,LONG,1.3e-06,1.3e-06,1.3e-06,1.27e-06,TP,0.112705,0.147705,0.065,0.0,0.243804,1
pair_mr,DOGEUSDT,2026-06-21 10:00:00+00:00,2026-06-21 11:00:00+00:00,LONG,1.29e-06,1.3e-06,1.3e-06,1.27e-06,TP,0.087936,0.122936,0.065,0.0,0.24702,1
pair_mr,DOGEUSDT,2026-06-21 13:00:00+00:00,2026-06-21 14:00:00+00:00,SHORT,1.3e-06,1.33e-06,1.3e-06,1.33e-06,SL,-1.065609,-1.030609,0.065,0.0,0.207536,1
pair_mr,DOGEUSDT,2026-06-21 21:00:00+00:00,2026-06-21 22:00:00+00:00,LONG,1.3e-06,1.3e-06,1.3e-06,1.27e-06,TP,0.039511,0.074511,0.065,0.0,0.208766,1
pair_mr,DOGEUSDT,2026-06-22 01:00:00+00:00,2026-06-22 02:00:00+00:00,LONG,1.3e-06,1.3e-06,1.3e-06,1.27e-06,TP,0.125218,0.160218,0.065,0.0,0.212687,1
pair_mr,DOGEUSDT,2026-06-22 06:00:00+00:00,2026-06-22 07:00:00+00:00,SHORT,1.3e-06,1.33e-06,1.3e-06,1.33e-06,SL,-1.065609,-1.030609,0.065,0.0,0.178691,1
pair_mr,DOGEUSDT,2026-06-22 07:00:00+00:00,2026-06-22 08:00:00+00:00,SHORT,1.3e-06,1.33e-06,1.3e-06,1.33e-06,SL,-1.065609,-1.030609,0.065,0.0,0.150129,1
pair_mr,DOGEUSDT,2026-06-22 08:00:00+00:00,2026-06-22 09:00:00+00:00,SHORT,1.3e-06,1.33e-06,1.3e-06,1.33e-06,SL,-1.065609,-1.030609,0.065,0.0,0.126132,1
pair_mr,DOGEUSDT,2026-06-22 09:00:00+00:00,2026-06-22 10:00:00+00:00,SHORT,1.31e-06,1.33e-06,1.3e-06,1.33e-06,SL,-1.065609,-1.030609,0.065,0.0,0.105971,1
pair_mr,DOGEUSDT,2026-06-22 12:00:00+00:00,2026-06-22 13:00:00+00:00,LONG,1.3e-06,1.3e-06,1.3e-06,1.27e-06,TP,0.107928,0.142928,0.065,0.0,0.107687,1
pair_mr,DOGEUSDT,2026-06-22 13:00:00+00:00,2026-06-22 14:00:00+00:00,LONG,1.3e-06,1.3e-06,1.3e-06,1.27e-06,TP,0.179415,0.214415,0.065,0.0,0.110585,1
pair_mr,DOGEUSDT,2026-06-22 14:00:00+00:00,2026-06-22 15:00:00+00:00,LONG,1.29e-06,1.3e-06,1.3e-06,1.27e-06,TP,0.307695,0.342695,0.065,0.0,0.115689,1
pair_mr,DOGEUSDT,2026-06-22 19:00:00+00:00,2026-06-22 20:00:00+00:00,LONG,1.28e-06,1.29e-06,1.29e-06,1.26e-06,TP,0.171783,0.206783,0.065,0.0,0.11867,1
pair_mr,DOGEUSDT,2026-06-23 01:00:00+00:00,2026-06-23 02:00:00+00:00,LONG,1.28e-06,1.29e-06,1.29e-06,1.25e-06,TP,0.334257,0.369257,0.065,0.0,0.12462,1
pair_mr,DOGEUSDT,2026-06-23 07:00:00+00:00,2026-06-23 08:00:00+00:00,LONG,1.27e-06,1.28e-06,1.28e-06,1.25e-06,TP,0.340627,0.375627,0.065,0.0,0.130987,1
pair_mr,DOGEUSDT,2026-06-23 12:00:00+00:00,2026-06-23 13:00:00+00:00,SHORT,1.28e-06,1.3e-06,1.27e-06,1.3e-06,SL,-1.065609,-1.030609,0.065,0.0,0.11005,1
pair_mr,DOGEUSDT,2026-06-23 14:00:00+00:00,2026-06-23 15:00:00+00:00,LONG,1.26e-06,1.27e-06,1.27e-06,1.24e-06,TP,0.250469,0.285469,0.065,0.0,0.114184,1
pair_mr,DOGEUSDT,2026-06-23 15:00:00+00:00,2026-06-23 16:00:00+00:00,LONG,1.26e-06,1.27e-06,1.27e-06,1.24e-06,TP,0.318664,0.353664,0.065,0.0,0.119642,1
pair_mr,DOGEUSDT,2026-06-23 19:00:00+00:00,2026-06-23 20:00:00+00:00,LONG,1.26e-06,1.26e-06,1.26e-06,1.23e-06,TP,0.10324,0.13824,0.065,0.0,0.121495,1
pair_mr,DOGEUSDT,2026-06-23 20:00:00+00:00,2026-06-23 21:00:00+00:00,LONG,1.26e-06,1.26e-06,1.26e-06,1.23e-06,TP,0.081453,0.116453,0.065,0.0,0.12298,1
pair_mr,DOGEUSDT,2026-06-24 01:00:00+00:00,2026-06-24 02:00:00+00:00,SHORT,1.26e-06,1.29e-06,1.26e-06,1.29e-06,SL,-1.065609,-1.030609,0.065,0.0,0.103322,1
pair_mr,DOGEUSDT,2026-06-24 11:00:00+00:00,2026-06-24 12:00:00+00:00,LONG,1.26e-06,1.26e-06,1.26e-06,1.23e-06,TP,0.063792,0.098792,0.065,0.0,0.104311,1
pair_mr,DOGEUSDT,2026-06-24 12:00:00+00:00,2026-06-24 13:00:00+00:00,LONG,1.26e-06,1.26e-06,1.26e-06,1.23e-06,TP,0.071595,0.106595,0.065,0.0,0.105431,1
pair_mr,DOGEUSDT,2026-06-24 13:00:00+00:00,2026-06-24 14:00:00+00:00,LONG,1.25e-06,1.26e-06,1.26e-06,1.23e-06,TP,0.17016,0.20516,0.065,0.0,0.108122,1
pair_mr,DOGEUSDT,2026-06-24 15:00:00+00:00,2026-06-24 16:00:00+00:00,LONG,1.24e-06,1.26e-06,1.26e-06,1.22e-06,TP,0.549003,0.584003,0.065,0.0,0.117026,1
pair_mr,DOGEUSDT,2026-06-24 17:00:00+00:00,2026-06-24 18:00:00+00:00,LONG,1.23e-06,1.25e-06,1.25e-06,1.21e-06,TP,0.684637,0.719637,0.065,0.0,0.129044,1
pair_mr,XRPUSDT,2026-06-12 11:00:00+00:00,2026-06-12 12:00:00+00:00,LONG,1.79e-05,1.797e-05,1.797e-05,1.754e-05,TP,0.121936,0.156936,0.065,0.0,7.128033,1
pair_mr,XRPUSDT,2026-06-12 15:00:00+00:00,2026-06-12 16:00:00+00:00,LONG,1.775e-05,1.791e-05,1.791e-05,1.739e-05,TP,0.395023,0.430023,0.065,0.0,7.550394,1
pair_mr,XRPUSDT,2026-06-12 20:00:00+00:00,2026-06-12 21:00:00+00:00,SHORT,1.785e-05,1.821e-05,1.775e-05,1.821e-05,SL,-1.065609,-1.030609,0.065,0.0,6.343528,1
pair_mr,XRPUSDT,2026-06-13 05:00:00+00:00,2026-06-13 06:00:00+00:00,LONG,1.781e-05,1.784e-05,1.784e-05,1.746e-05,TP,0.01668,0.05168,0.065,0.0,6.3594,1
pair_mr,XRPUSDT,2026-06-13 07:00:00+00:00,2026-06-13 08:00:00+00:00,SHORT,1.788e-05,1.823e-05,1.783e-05,1.823e-05,SL,-1.065609,-1.030609,0.065,0.0,5.342905,1
pair_mr,XRPUSDT,2026-06-13 08:00:00+00:00,2026-06-13 09:00:00+00:00,SHORT,1.792e-05,1.828e-05,1.784e-05,1.828e-05,SL,-1.065609,-1.030609,0.065,0.0,4.488888,1
pair_mr,XRPUSDT,2026-06-13 09:00:00+00:00,2026-06-13 10:00:00+00:00,SHORT,1.793e-05,1.829e-05,1.786e-05,1.829e-05,SL,-1.065609,-1.030609,0.065,0.0,3.771378,1
pair_mr,XRPUSDT,2026-06-13 12:00:00+00:00,2026-06-13 13:00:00+00:00,SHORT,1.799e-05,1.835e-05,1.792e-05,1.835e-05,SL,-1.065609,-1.030609,0.065,0.0,3.168555,1
pair_mr,XRPUSDT,2026-06-13 16:00:00+00:00,2026-06-13 17:00:00+00:00,LONG,1.792e-05,1.798e-05,1.798e-05,1.756e-05,TP,0.097972,0.132972,0.065,0.0,3.21512,1
pair_mr,XRPUSDT,2026-06-13 17:00:00+00:00,2026-06-13 18:00:00+00:00,LONG,1.789e-05,1.797e-05,1.797e-05,1.753e-05,TP,0.166085,0.201085,0.065,0.0,3.295217,1
pair_mr,XRPUSDT,2026-06-13 18:00:00+00:00,2026-06-13 19:00:00+00:00,LONG,1.786e-05,1.795e-05,1.795e-05,1.751e-05,TP,0.171493,0.206493,0.065,0.0,3.379983,1
pair_mr,XRPUSDT,2026-06-14 00:00:00+00:00,2026-06-14 01:00:00+00:00,LONG,1.78e-05,1.785e-05,1.785e-05,1.745e-05,TP,0.069965,0.104965,0.065,0.0,3.415455,1
pair_mr,XRPUSDT,2026-06-14 07:00:00+00:00,2026-06-14 08:00:00+00:00,LONG,1.779e-05,1.785e-05,1.785e-05,1.743e-05,TP,0.106149,0.141149,0.065,0.0,3.469838,1
pair_mr,XRPUSDT,2026-06-14 08:00:00+00:00,2026-06-14 09:00:00+00:00,LONG,1.777e-05,1.784e-05,1.784e-05,1.741e-05,TP,0.129941,0.164941,0.065,0.0,3.537468,1
pair_mr,XRPUSDT,2026-06-14 10:00:00+00:00,2026-06-14 11:00:00+00:00,LONG,1.772e-05,1.78e-05,1.78e-05,1.736e-05,TP,0.172444,0.207444,0.065,0.0,3.628971,1
pair_mr,XRPUSDT,2026-06-14 12:00:00+00:00,2026-06-14 13:00:00+00:00,LONG,1.768e-05,1.775e-05,1.775e-05,1.733e-05,TP,0.138906,0.173906,0.065,0.0,3.704584,1
pair_mr,XRPUSDT,2026-06-14 13:00:00+00:00,2026-06-14 14:00:00+00:00,LONG,1.765e-05,1.773e-05,1.773e-05,1.729e-05,TP,0.181369,0.216369,0.065,0.0,3.805368,1
pair_mr,XRPUSDT,2026-06-14 16:00:00+00:00,2026-06-14 17:00:00+00:00,SHORT,1.778e-05,1.813e-05,1.769e-05,1.813e-05,SL,-1.065609,-1.030609,0.065,0.0,3.197113,1
pair_mr,XRPUSDT,2026-06-14 21:00:00+00:00,2026-06-14 22:00:00+00:00,SHORT,1.788e-05,1.824e-05,1.777e-05,1.824e-05,SL,-1.065609,-1.030609,0.065,0.0,2.686082,1
pair_mr,XRPUSDT,2026-06-14 22:00:00+00:00,2026-06-14 23:00:00+00:00,SHORT,1.794e-05,1.83e-05,1.779e-05,1.83e-05,SL,-1.065609,-1.030609,0.065,0.0,2.256735,1
pair_mr,XRPUSDT,2026-06-14 23:00:00+00:00,2026-06-15 00:00:00+00:00,SHORT,1.804e-05,1.84e-05,1.782e-05,1.84e-05,SL,-1.065609,-1.030609,0.065,0.0,1.896015,1
pair_mr,XRPUSDT,2026-06-15 05:00:00+00:00,2026-06-15 06:00:00+00:00,LONG,1.798e-05,1.804e-05,1.804e-05,1.762e-05,TP,0.11326,0.14826,0.065,0.0,1.928227,1
pair_mr,XRPUSDT,2026-06-15 09:00:00+00:00,2026-06-15 10:00:00+00:00,SHORT,1.807e-05,1.843e-05,1.799e-05,1.843e-05,SL,-1.065609,-1.030609,0.065,0.0,1.620016,1
pair_mr,XRPUSDT,2026-06-15 10:00:00+00:00,2026-06-15 11:00:00+00:00,SHORT,1.82e-05,1.856e-05,1.8e-05,1.856e-05,SL,-1.065609,-1.030609,0.065,0.0,1.361071,1
pair_mr,XRPUSDT,2026-06-15 11:00:00+00:00,2026-06-15 12:00:00+00:00,SHORT,1.86e-05,1.917e-05,1.804e-05,1.917e-05,SL,-1.043601,-1.02045,0.042995,0.0,1.148009,1
pair_mr,XRPUSDT,2026-06-15 16:00:00+00:00,2026-06-15 17:00:00+00:00,SHORT,1.906e-05,1.944e-05,1.868e-05,1.944e-05,SL,-1.065609,-1.030609,0.065,0.0,0.964509,1
pair_mr,XRPUSDT,2026-06-15 17:00:00+00:00,2026-06-15 18:00:00+00:00,SHORT,1.918e-05,1.958e-05,1.877e-05,1.958e-05,SL,-1.062305,-1.029084,0.061696,0.0,0.810819,1
pair_mr,XRPUSDT,2026-06-15 21:00:00+00:00,2026-06-15 22:00:00+00:00,LONG,1.883e-05,1.912e-05,1.912e-05,1.846e-05,TP,0.692172,0.727172,0.065,0.0,0.895003,1
pair_mr,XRPUSDT,2026-06-15 22:00:00+00:00,2026-06-15 23:00:00+00:00,LONG,1.873e-05,1.907e-05,1.907e-05,1.836e-05,TP,0.845111,0.880111,0.065,0.0,1.008459,1
pair_mr,XRPUSDT,2026-06-16 06:00:00+00:00,2026-06-16 07:00:00+00:00,SHORT,1.859e-05,1.897e-05,1.854e-05,1.897e-05,SL,-1.065609,-1.030609,0.065,0.0,0.847266,1
pair_mr,XRPUSDT,2026-06-16 07:00:00+00:00,2026-06-16 08:00:00+00:00,SHORT,1.861e-05,1.898e-05,1.856e-05,1.898e-05,SL,-1.065609,-1.030609,0.065,0.0,0.711838,1
pair_mr,XRPUSDT,2026-06-16 08:00:00+00:00,2026-06-16 09:00:00+00:00,SHORT,1.865e-05,1.902e-05,1.857e-05,1.902e-05,SL,-1.065609,-1.030609,0.065,0.0,0.598056,1
pair_mr,XRPUSDT,2026-06-16 12:00:00+00:00,2026-06-16 13:00:00+00:00,SHORT,1.873e-05,1.911e-05,1.863e-05,1.911e-05,SL,-1.065609,-1.030609,0.065,0.0,0.502462,1
pair_mr,XRPUSDT,2026-06-16 13:00:00+00:00,2026-06-16 14:00:00+00:00,LONG,1.856e-05,1.865e-05,1.865e-05,1.819e-05,TP,0.190201,0.225201,0.065,0.0,0.516798,1
pair_mr,XRPUSDT,2026-06-16 14:00:00+00:00,2026-06-16 15:00:00+00:00,LONG,1.842e-05,1.863e-05,1.863e-05,1.805e-05,TP,0.509632,0.544632,0.065,0.0,0.556304,1
pair_mr,XRPUSDT,2026-06-16 15:00:00+00:00,2026-06-16 16:00:00+00:00,LONG,1.837e-05,1.859e-05,1.859e-05,1.8e-05,TP,0.559745,0.594745,0.065,0.0,0.603012,1
pair_mr,XRPUSDT,2026-06-16 18:00:00+00:00,2026-06-16 19:00:00+00:00,SHORT,1.863e-05,1.9e-05,1.846e-05,1.9e-05,SL,-1.065609,-1.030609,0.065,0.0,0.506626,1
pair_mr,XRPUSDT,2026-06-17 00:00:00+00:00,2026-06-17 01:00:00+00:00,LONG,1.849e-05,1.856e-05,1.856e-05,1.812e-05,TP,0.124882,0.159882,0.065,0.0,0.516116,1
pair_mr,XRPUSDT,2026-06-17 08:00:00+00:00,2026-06-17 09:00:00+00:00,LONG,1.843e-05,1.847e-05,1.847e-05,1.806e-05,TP,0.059891,0.094891,0.065,0.0,0.520753,1
pair_mr,XRPUSDT,2026-06-17 11:00:00+00:00,2026-06-17 12:00:00+00:00,LONG,1.841e-05,1.845e-05,1.845e-05,1.804e-05,TP,0.056486,0.091486,0.065,0.0,0.525165,1
pair_mr,XRPUSDT,2026-06-17 14:00:00+00:00,2026-06-17 15:00:00+00:00,LONG,1.836e-05,1.843e-05,1.843e-05,1.799e-05,TP,0.12484,0.15984,0.065,0.0,0.534999,1
pair_mr,XRPUSDT,2026-06-18 03:00:00+00:00,2026-06-18 04:00:00+00:00,LONG,1.833e-05,1.841e-05,1.841e-05,1.797e-05,TP,0.128644,0.163644,0.065,0.0,0.545323,1
pair_mr,XRPUSDT,2026-06-18 04:00:00+00:00,2026-06-18 05:00:00+00:00,LONG,1.831e-05,1.839e-05,1.839e-05,1.794e-05,TP,0.164051,0.199051,0.065,0.0,0.558742,1
pair_mr,XRPUSDT,2026-06-18 05:00:00+00:00,2026-06-18 06:00:00+00:00,LONG,1.825e-05,1.837e-05,1.837e-05,1.788e-05,TP,0.2767,0.3117,0.065,0.0,0.581933,1
pair_mr,XRPUSDT,2026-06-18 09:00:00+00:00,2026-06-18 10:00:00+00:00,SHORT,1.836e-05,1.873e-05,1.828e-05,1.873e-05,SL,-1.065609,-1.030609,0.065,0.0,0.488916,1
pair_mr,XRPUSDT,2026-06-18 11:00:00+00:00,2026-06-18 12:00:00+00:00,LONG,1.821e-05,1.829e-05,1.829e-05,1.784e-05,TP,0.160583,0.195583,0.065,0.0,0.500693,1
pair_mr,XRPUSDT,2026-06-18 12:00:00+00:00,2026-06-18 13:00:00+00:00,LONG,1.816e-05,1.828e-05,1.828e-05,1.779e-05,TP,0.268263,0.303263,0.065,0.0,0.52084,1
pair_mr,XRPUSDT,2026-06-18 16:00:00+00:00,2026-06-18 17:00:00+00:00,SHORT,1.83e-05,1.867e-05,1.819e-05,1.867e-05,SL,-1.065609,-1.030609,0.065,0.0,0.437588,1
pair_mr,XRPUSDT,2026-06-19 03:00:00+00:00,2026-06-19 04:00:00+00:00,LONG,1.815e-05,1.824e-05,1.824e-05,1.779e-05,TP,0.178508,0.213508,0.065,0.0,0.449305,1
pair_mr,XRPUSDT,2026-06-19 04:00:00+00:00,2026-06-19 05:00:00+00:00,LONG,1.805e-05,1.822e-05,1.822e-05,1.769e-05,TP,0.394045,0.429045,0.065,0.0,0.475862,1
pair_mr,XRPUSDT,2026-06-19 16:00:00+00:00,2026-06-19 17:00:00+00:00,LONG,1.795e-05,1.8e-05,1.8e-05,1.759e-05,TP,0.079127,0.114127,0.065,0.0,0.48151,1
pair_mr,XRPUSDT,2026-06-19 21:00:00+00:00,2026-06-19 22:00:00+00:00,LONG,1.791e-05,1.795e-05,1.795e-05,1.756e-05,TP,0.04177,0.07677,0.065,0.0,0.484527,1
pair_mr,XRPUSDT,2026-06-19 23:00:00+00:00,2026-06-20 00:00:00+00:00,LONG,1.787e-05,1.793e-05,1.793e-05,1.751e-05,TP,0.103069,0.138069,0.065,0.0,0.492018,1
pair_mr,XRPUSDT,2026-06-20 01:00:00+00:00,2026-06-20 02:00:00+00:00,SHORT,1.796e-05,1.831e-05,1.791e-05,1.831e-05,SL,-1.065609,-1.030609,0.065,0.0,0.413373,1
pair_mr,XRPUSDT,2026-06-20 02:00:00+00:00,2026-06-20 03:00:00+00:00,SHORT,1.798e-05,1.834e-05,1.791e-05,1.834e-05,SL,-1.065609,-1.030609,0.065,0.0,0.347299,1
pair_mr,XRPUSDT,2026-06-20 05:00:00+00:00,2026-06-20 06:00:00+00:00,SHORT,1.802e-05,1.839e-05,1.796e-05,1.839e-05,SL,-1.065609,-1.030609,0.065,0.0,0.291786,1
pair_mr,XRPUSDT,2026-06-20 06:00:00+00:00,2026-06-20 07:00:00+00:00,SHORT,1.804e-05,1.84e-05,1.798e-05,1.84e-05,SL,-1.065609,-1.030609,0.065,0.0,0.245147,1
pair_mr,XRPUSDT,2026-06-20 08:00:00+00:00,2026-06-20 09:00:00+00:00,SHORT,1.808e-05,1.844e-05,1.801e-05,1.844e-05,SL,-1.065609,-1.030609,0.065,0.0,0.205962,1
pair_mr,XRPUSDT,2026-06-20 14:00:00+00:00,2026-06-20 15:00:00+00:00,LONG,1.792e-05,1.803e-05,1.803e-05,1.756e-05,TP,0.236264,0.271264,0.065,0.0,0.213261,1
pair_mr,XRPUSDT,2026-06-20 22:00:00+00:00,2026-06-20 23:00:00+00:00,SHORT,1.793e-05,1.829e-05,1.79e-05,1.829e-05,SL,-1.065609,-1.030609,0.065,0.0,0.179173,1
pair_mr,XRPUSDT,2026-06-21 02:00:00+00:00,2026-06-21 03:00:00+00:00,LONG,1.786e-05,1.79e-05,1.79e-05,1.75e-05,TP,0.059022,0.094022,0.065,0.0,0.18076,1
pair_mr,XRPUSDT,2026-06-21 04:00:00+00:00,2026-06-21 05:00:00+00:00,LONG,1.782e-05,1.787e-05,1.787e-05,1.746e-05,TP,0.081944,0.116944,0.065,0.0,0.182982,1
pair_mr,XRPUSDT,2026-06-21 07:00:00+00:00,2026-06-21 08:00:00+00:00,SHORT,1.787e-05,1.823e-05,1.783e-05,1.823e-05,SL,-1.065609,-1.030609,0.065,0.0,0.153734,1
pair_mr,XRPUSDT,2026-06-21 11:00:00+00:00,2026-06-21 12:00:00+00:00,LONG,1.78e-05,1.787e-05,1.787e-05,1.745e-05,TP,0.111844,0.146844,0.065,0.0,0.156313,1
pair_mr,XRPUSDT,2026-06-21 15:00:00+00:00,2026-06-21 16:00:00+00:00,SHORT,1.79e-05,1.826e-05,1.784e-05,1.826e-05,SL,-1.065609,-1.030609,0.065,0.0,0.131327,1
pair_mr,XRPUSDT,2026-06-21 21:00:00+00:00,2026-06-21 22:00:00+00:00,LONG,1.778e-05,1.784e-05,1.784e-05,1.743e-05,TP,0.081409,0.116409,0.065,0.0,0.132931,1
pair_mr,XRPUSDT,2026-06-21 22:00:00+00:00,2026-06-21 23:00:00+00:00,LONG,1.774e-05,1.782e-05,1.782e-05,1.738e-05,TP,0.177057,0.212057,0.065,0.0,0.136462,1
pair_mr,XRPUSDT,2026-06-22 02:00:00+00:00,2026-06-22 03:00:00+00:00,LONG,1.768e-05,1.777e-05,1.777e-05,1.733e-05,TP,0.18056,0.21556,0.065,0.0,0.140157,1
pair_mr,XRPUSDT,2026-06-22 07:00:00+00:00,2026-06-22 08:00:00+00:00,SHORT,1.771e-05,1.806e-05,1.768e-05,1.806e-05,SL,-1.065609,-1.030609,0.065,0.0,0.117755,1
pair_mr,XRPUSDT,2026-06-22 10:00:00+00:00,2026-06-22 11:00:00+00:00,SHORT,1.773e-05,1.809e-05,1.769e-05,1.809e-05,SL,-1.065609,-1.030609,0.065,0.0,0.098932,1
pair_mr,XRPUSDT,2026-06-22 11:00:00+00:00,2026-06-22 12:00:00+00:00,SHORT,1.775e-05,1.811e-05,1.77e-05,1.811e-05,SL,-1.065609,-1.030609,0.065,0.0,0.083119,1
pair_mr,XRPUSDT,2026-06-22 12:00:00+00:00,2026-06-22 13:00:00+00:00,SHORT,1.777e-05,1.812e-05,1.771e-05,1.812e-05,SL,-1.065609,-1.030609,0.065,0.0,0.069833,1
pair_mr,XRPUSDT,2026-06-22 14:00:00+00:00,2026-06-22 15:00:00+00:00,LONG,1.759e-05,1.774e-05,1.774e-05,1.724e-05,TP,0.356715,0.391715,0.065,0.0,0.07357,1
pair_mr,XRPUSDT,2026-06-22 15:00:00+00:00,2026-06-22 16:00:00+00:00,LONG,1.758e-05,1.772e-05,1.772e-05,1.723e-05,TP,0.336763,0.371763,0.065,0.0,0.077286,1
pair_mr,XRPUSDT,2026-06-22 23:00:00+00:00,2026-06-23 00:00:00+00:00,SHORT,1.764e-05,1.799e-05,1.759e-05,1.799e-05,SL,-1.065609,-1.030609,0.065,0.0,0.064933,1
pair_mr,XRPUSDT,2026-06-23 04:00:00+00:00,2026-06-23 05:00:00+00:00,LONG,1.756e-05,1.761e-05,1.761e-05,1.721e-05,TP,0.071147,0.106147,0.065,0.0,0.065625,1
pair_mr,XRPUSDT,2026-06-23 06:00:00+00:00,2026-06-23 07:00:00+00:00,SHORT,1.769e-05,1.804e-05,1.759e-05,1.804e-05,SL,-1.065609,-1.030609,0.065,0.0,0.055136,1
pair_mr,XRPUSDT,2026-06-23 07:00:00+00:00,2026-06-23 08:00:00+00:00,SHORT,1.77e-05,1.805e-05,1.761e-05,1.805e-05,SL,-1.065609,-1.030609,0.065,0.0,0.046323,1
pair_mr,XRPUSDT,2026-06-23 11:00:00+00:00,2026-06-23 12:00:00+00:00,SHORT,1.775e-05,1.81e-05,1.769e-05,1.81e-05,SL,-1.065609,-1.030609,0.065,0.0,0.038919,1
pair_mr,XRPUSDT,2026-06-23 14:00:00+00:00,2026-06-23 15:00:00+00:00,LONG,1.762e-05,1.77e-05,1.77e-05,1.727e-05,TP,0.145706,0.180706,0.065,0.0,0.039769,1
pair_mr,XRPUSDT,2026-06-23 15:00:00+00:00,2026-06-23 16:00:00+00:00,LONG,1.759e-05,1.768e-05,1.768e-05,1.724e-05,TP,0.205182,0.240182,0.065,0.0,0.040993,1
pair_mr,XRPUSDT,2026-06-23 19:00:00+00:00,2026-06-23 20:00:00+00:00,SHORT,1.766e-05,1.802e-05,1.761e-05,1.802e-05,SL,-1.065609,-1.030609,0.065,0.0,0.034441,1
pair_mr,XRPUSDT,2026-06-23 22:00:00+00:00,2026-06-23 23:00:00+00:00,SHORT,1.772e-05,1.807e-05,1.765e-05,1.807e-05,SL,-1.065609,-1.030609,0.065,0.0,0.028936,1
pair_mr,XRPUSDT,2026-06-24 04:00:00+00:00,2026-06-24 05:00:00+00:00,LONG,1.756e-05,1.764e-05,1.764e-05,1.721e-05,TP,0.168394,0.203394,0.065,0.0,0.029667,1
pair_mr,XRPUSDT,2026-06-24 09:00:00+00:00,2026-06-24 10:00:00+00:00,LONG,1.752e-05,1.756e-05,1.756e-05,1.717e-05,TP,0.022755,0.057755,0.065,0.0,0.029768,1
pair_mr,XRPUSDT,2026-06-24 10:00:00+00:00,2026-06-24 11:00:00+00:00,LONG,1.74e-05,1.755e-05,1.755e-05,1.705e-05,TP,0.368458,0.403458,0.065,0.0,0.031413,1
pair_mr,XRPUSDT,2026-06-24 14:00:00+00:00,2026-06-24 15:00:00+00:00,SHORT,1.76e-05,1.795e-05,1.746e-05,1.795e-05,SL,-1.065609,-1.030609,0.065,0.0,0.026392,1
pair_mr,XRPUSDT,2026-06-24 16:00:00+00:00,2026-06-24 17:00:00+00:00,SHORT,1.766e-05,1.801e-05,1.75e-05,1.801e-05,SL,-1.065609,-1.030609,0.065,0.0,0.022173,1
pair_mr,XRPUSDT,2026-06-24 18:00:00+00:00,2026-06-24 19:00:00+00:00,SHORT,1.779e-05,1.814e-05,1.761e-05,1.814e-05,SL,-1.065609,-1.030609,0.065,0.0,0.018629,1
pair_mr,ADAUSDT,2026-06-12 13:00:00+00:00,2026-06-12 14:00:00+00:00,LONG,2.66e-06,2.69e-06,2.69e-06,2.61e-06,TP,0.465515,0.500515,0.065,0.0,7.488791,1
pair_mr,ADAUSDT,2026-06-12 16:00:00+00:00,2026-06-12 17:00:00+00:00,SHORT,2.71e-06,2.77e-06,2.68e-06,2.77e-06,SL,-1.065609,-1.030609,0.065,0.0,6.291772,1
pair_mr,ADAUSDT,2026-06-13 01:00:00+00:00,2026-06-13 02:00:00+00:00,SHORT,2.71e-06,2.76e-06,2.67e-06,2.76e-06,SL,-1.065609,-1.030609,0.065,0.0,5.286086,1
pair_mr,ADAUSDT,2026-06-13 07:00:00+00:00,2026-06-13 08:00:00+00:00,SHORT,2.71e-06,2.76e-06,2.69e-06,2.76e-06,SL,-1.065609,-1.030609,0.065,0.0,4.441151,1
pair_mr,ADAUSDT,2026-06-13 13:00:00+00:00,2026-06-13 14:00:00+00:00,SHORT,2.72e-06,2.77e-06,2.71e-06,2.77e-06,SL,-1.065609,-1.030609,0.065,0.0,3.731271,1
pair_mr,ADAUSDT,2026-06-13 17:00:00+00:00,2026-06-13 18:00:00+00:00,LONG,2.69e-06,2.71e-06,2.71e-06,2.64e-06,TP,0.352153,0.387153,0.065,0.0,3.928368,1
pair_mr,ADAUSDT,2026-06-13 18:00:00+00:00,2026-06-13 19:00:00+00:00,LONG,2.68e-06,2.71e-06,2.71e-06,2.63e-06,TP,0.493499,0.528499,0.065,0.0,4.219165,1
pair_mr,ADAUSDT,2026-06-13 22:00:00+00:00,2026-06-13 23:00:00+00:00,LONG,2.66e-06,2.68e-06,2.68e-06,2.61e-06,TP,0.274639,0.309639,0.065,0.0,4.392978,1
pair_mr,ADAUSDT,2026-06-14 03:00:00+00:00,2026-06-14 04:00:00+00:00,SHORT,2.68e-06,2.73e-06,2.67e-06,2.73e-06,SL,-1.065609,-1.030609,0.065,0.0,3.690798,1
pair_mr,ADAUSDT,2026-06-14 06:00:00+00:00,2026-06-14 07:00:00+00:00,LONG,2.67e-06,2.67e-06,2.67e-06,2.61e-06,TP,0.074314,0.109314,0.065,0.0,3.731939,1
pair_mr,ADAUSDT,2026-06-14 07:00:00+00:00,2026-06-14 08:00:00+00:00,LONG,2.65e-06,2.67e-06,2.67e-06,2.6e-06,TP,0.263429,0.298429,0.065,0.0,3.879405,1
pair_mr,ADAUSDT,2026-06-14 08:00:00+00:00,2026-06-14 09:00:00+00:00,LONG,2.65e-06,2.67e-06,2.67e-06,2.6e-06,TP,0.256003,0.291003,0.065,0.0,4.028375,1
pair_mr,ADAUSDT,2026-06-14 10:00:00+00:00,2026-06-14 11:00:00+00:00,LONG,2.63e-06,2.66e-06,2.66e-06,2.58e-06,TP,0.441687,0.476687,0.065,0.0,4.295267,1
pair_mr,ADAUSDT,2026-06-14 12:00:00+00:00,2026-06-14 13:00:00+00:00,LONG,2.61e-06,2.64e-06,2.64e-06,2.56e-06,TP,0.47537,0.51037,0.065,0.0,4.601544,1
pair_mr,ADAUSDT,2026-06-14 13:00:00+00:00,2026-06-14 14:00:00+00:00,LONG,2.61e-06,2.63e-06,2.63e-06,2.55e-06,TP,0.497005,0.532005,0.065,0.0,4.944592,1
pair_mr,ADAUSDT,2026-06-14 18:00:00+00:00,2026-06-14 19:00:00+00:00,LONG,2.6e-06,2.61e-06,2.61e-06,2.55e-06,TP,0.08913,0.12413,0.065,0.0,5.010699,1
pair_mr,ADAUSDT,2026-06-14 21:00:00+00:00,2026-06-14 22:00:00+00:00,SHORT,2.66e-06,2.72e-06,2.61e-06,2.72e-06,SL,-1.061488,-1.028707,0.060879,0.0,4.21288,1
pair_mr,ADAUSDT,2026-06-14 22:00:00+00:00,2026-06-14 23:00:00+00:00,SHORT,2.68e-06,2.74e-06,2.62e-06,2.74e-06,SL,-1.059623,-1.027846,0.059015,0.0,3.54327,1
pair_mr,ADAUSDT,2026-06-14 23:00:00+00:00,2026-06-15 00:00:00+00:00,SHORT,2.78e-06,2.94e-06,2.63e-06,2.94e-06,SL,-1.024117,-1.011456,0.023514,0.0,2.998961,1
pair_mr,ADAUSDT,2026-06-15 08:00:00+00:00,2026-06-15 09:00:00+00:00,SHORT,2.76e-06,2.81e-06,2.74e-06,2.81e-06,SL,-1.065609,-1.030609,0.065,0.0,2.519603,1
pair_mr,ADAUSDT,2026-06-15 09:00:00+00:00,2026-06-15 10:00:00+00:00,SHORT,2.77e-06,2.82e-06,2.75e-06,2.82e-06,SL,-1.065609,-1.030609,0.065,0.0,2.116866,1
pair_mr,ADAUSDT,2026-06-15 10:00:00+00:00,2026-06-15 11:00:00+00:00,SHORT,2.77e-06,2.83e-06,2.75e-06,2.83e-06,SL,-1.065609,-1.030609,0.065,0.0,1.778503,1
pair_mr,ADAUSDT,2026-06-15 11:00:00+00:00,2026-06-15 12:00:00+00:00,SHORT,2.79e-06,2.85e-06,2.76e-06,2.85e-06,SL,-1.065609,-1.030609,0.065,0.0,1.494225,1
pair_mr,ADAUSDT,2026-06-15 12:00:00+00:00,2026-06-15 13:00:00+00:00,SHORT,2.81e-06,2.87e-06,2.77e-06,2.87e-06,SL,-1.065609,-1.030609,0.065,0.0,1.255386,1
pair_mr,ADAUSDT,2026-06-15 13:00:00+00:00,2026-06-15 14:00:00+00:00,SHORT,2.85e-06,2.92e-06,2.78e-06,2.92e-06,SL,-1.054964,-1.025695,0.054356,0.0,1.056728,1
pair_mr,ADAUSDT,2026-06-15 20:00:00+00:00,2026-06-15 21:00:00+00:00,LONG,2.71e-06,2.8e-06,2.8e-06,2.63e-06,TP,0.958327,0.980446,0.041079,0.0,1.208632,1
pair_mr,ADAUSDT,2026-06-15 21:00:00+00:00,2026-06-15 22:00:00+00:00,LONG,2.7e-06,2.78e-06,2.78e-06,2.62e-06,TP,0.955208,0.979007,0.044198,0.0,1.381806,1
pair_mr,ADAUSDT,2026-06-16 01:00:00+00:00,2026-06-16 02:00:00+00:00,LONG,2.67e-06,2.7e-06,2.7e-06,2.62e-06,TP,0.427637,0.462637,0.065,0.0,1.470442,1
pair_mr,ADAUSDT,2026-06-16 07:00:00+00:00,2026-06-16 08:00:00+00:00,SHORT,2.69e-06,2.75e-06,2.68e-06,2.75e-06,SL,-1.065609,-1.030609,0.065,0.0,1.235405,1
pair_mr,ADAUSDT,2026-06-16 08:00:00+00:00,2026-06-16 09:00:00+00:00,SHORT,2.7e-06,2.76e-06,2.68e-06,2.76e-06,SL,-1.065609,-1.030609,0.065,0.0,1.037936,1
pair_mr,ADAUSDT,2026-06-16 12:00:00+00:00,2026-06-16 13:00:00+00:00,SHORT,2.71e-06,2.76e-06,2.7e-06,2.76e-06,SL,-1.065609,-1.030609,0.065,0.0,0.872031,1
pair_mr,ADAUSDT,2026-06-16 13:00:00+00:00,2026-06-16 14:00:00+00:00,LONG,2.68e-06,2.7e-06,2.7e-06,2.63e-06,TP,0.283682,0.318682,0.065,0.0,0.909138,1
pair_mr,ADAUSDT,2026-06-16 14:00:00+00:00,2026-06-16 15:00:00+00:00,LONG,2.65e-06,2.7e-06,2.7e-06,2.6e-06,TP,0.769093,0.804093,0.065,0.0,1.01402,1
pair_mr,ADAUSDT,2026-06-16 15:00:00+00:00,2026-06-16 16:00:00+00:00,LONG,2.64e-06,2.69e-06,2.69e-06,2.59e-06,TP,0.765758,0.800758,0.065,0.0,1.130494,1
pair_mr,ADAUSDT,2026-06-16 23:00:00+00:00,2026-06-17 00:00:00+00:00,LONG,2.62e-06,2.65e-06,2.65e-06,2.57e-06,TP,0.330054,0.365054,0.065,0.0,1.186462,1
pair_mr,ADAUSDT,2026-06-17 00:00:00+00:00,2026-06-17 01:00:00+00:00,LONG,2.62e-06,2.64e-06,2.64e-06,2.56e-06,TP,0.35587,0.39087,0.065,0.0,1.249796,1
pair_mr,ADAUSDT,2026-06-17 06:00:00+00:00,2026-06-17 07:00:00+00:00,LONG,2.61e-06,2.63e-06,2.63e-06,2.56e-06,TP,0.325846,0.360846,0.065,0.0,1.310882,1
pair_mr,ADAUSDT,2026-06-17 08:00:00+00:00,2026-06-17 09:00:00+00:00,LONG,2.6e-06,2.62e-06,2.62e-06,2.55e-06,TP,0.250165,0.285165,0.065,0.0,1.360073,1
pair_mr,ADAUSDT,2026-06-17 13:00:00+00:00,2026-06-17 14:00:00+00:00,LONG,2.58e-06,2.61e-06,2.61e-06,2.52e-06,TP,0.512377,0.547377,0.065,0.0,1.464603,1
pair_mr,ADAUSDT,2026-06-18 01:00:00+00:00,2026-06-18 02:00:00+00:00,SHORT,2.6e-06,2.65e-06,2.59e-06,2.65e-06,SL,-1.065609,-1.030609,0.065,0.0,1.230499,1
pair_mr,ADAUSDT,2026-06-18 02:00:00+00:00,2026-06-18 03:00:00+00:00,SHORT,2.6e-06,2.66e-06,2.59e-06,2.66e-06,SL,-1.065609,-1.030609,0.065,0.0,1.033814,1
pair_mr,ADAUSDT,2026-06-18 05:00:00+00:00,2026-06-18 06:00:00+00:00,LONG,2.58e-06,2.6e-06,2.6e-06,2.53e-06,TP,0.320378,0.355378,0.065,0.0,1.083496,1
pair_mr,ADAUSDT,2026-06-18 09:00:00+00:00,2026-06-18 10:00:00+00:00,SHORT,2.6e-06,2.65e-06,2.58e-06,2.65e-06,SL,-1.065609,-1.030609,0.065,0.0,0.910309,1
pair_mr,ADAUSDT,2026-06-18 16:00:00+00:00,2026-06-18 17:00:00+00:00,SHORT,2.59e-06,2.64e-06,2.58e-06,2.64e-06,SL,-1.065609,-1.030609,0.065,0.0,0.764804,1
pair_mr,ADAUSDT,2026-06-18 23:00:00+00:00,2026-06-19 00:00:00+00:00,SHORT,2.6e-06,2.65e-06,2.59e-06,2.65e-06,SL,-1.065609,-1.030609,0.065,0.0,0.642556,1
pair_mr,ADAUSDT,2026-06-19 00:00:00+00:00,2026-06-19 01:00:00+00:00,SHORT,2.6e-06,2.65e-06,2.59e-06,2.65e-06,SL,-1.065609,-1.030609,0.065,0.0,0.539849,1
pair_mr,ADAUSDT,2026-06-19 01:00:00+00:00,2026-06-19 02:00:00+00:00,SHORT,2.61e-06,2.66e-06,2.6e-06,2.66e-06,SL,-1.065609,-1.030609,0.065,0.0,0.453559,1
pair_mr,ADAUSDT,2026-06-19 03:00:00+00:00,2026-06-19 04:00:00+00:00,LONG,2.58e-06,2.6e-06,2.6e-06,2.53e-06,TP,0.333839,0.368839,0.065,0.0,0.476271,1
pair_mr,ADAUSDT,2026-06-19 04:00:00+00:00,2026-06-19 05:00:00+00:00,LONG,2.56e-06,2.6e-06,2.6e-06,2.51e-06,TP,0.655841,0.690841,0.065,0.0,0.523125,1
pair_mr,ADAUSDT,2026-06-19 13:00:00+00:00,2026-06-19 14:00:00+00:00,SHORT,2.57e-06,2.62e-06,2.56e-06,2.62e-06,SL,-1.065609,-1.030609,0.065,0.0,0.439508,1
pair_mr,ADAUSDT,2026-06-19 16:00:00+00:00,2026-06-19 17:00:00+00:00,LONG,2.55e-06,2.56e-06,2.56e-06,2.5e-06,TP,0.167245,0.202245,0.065,0.0,0.450534,1
pair_mr,ADAUSDT,2026-06-20 02:00:00+00:00,2026-06-20 03:00:00+00:00,SHORT,2.56e-06,2.61e-06,2.55e-06,2.61e-06,SL,-1.065609,-1.030609,0.065,0.0,0.37852,1
pair_mr,ADAUSDT,2026-06-20 03:00:00+00:00,2026-06-20 04:00:00+00:00,SHORT,2.56e-06,2.61e-06,2.55e-06,2.61e-06,SL,-1.065609,-1.030609,0.065,0.0,0.318017,1
pair_mr,ADAUSDT,2026-06-20 04:00:00+00:00,2026-06-20 05:00:00+00:00,SHORT,2.56e-06,2.61e-06,2.55e-06,2.61e-06,SL,-1.065609,-1.030609,0.065,0.0,0.267185,1
pair_mr,ADAUSDT,2026-06-20 05:00:00+00:00,2026-06-20 06:00:00+00:00,SHORT,2.57e-06,2.62e-06,2.56e-06,2.62e-06,SL,-1.065609,-1.030609,0.065,0.0,0.224477,1
pair_mr,ADAUSDT,2026-06-20 13:00:00+00:00,2026-06-20 14:00:00+00:00,LONG,2.55e-06,2.56e-06,2.56e-06,2.49e-06,TP,0.268119,0.303119,0.065,0.0,0.233505,1
pair_mr,ADAUSDT,2026-06-20 14:00:00+00:00,2026-06-20 15:00:00+00:00,LONG,2.53e-06,2.56e-06,2.56e-06,2.48e-06,TP,0.467203,0.502203,0.065,0.0,0.24987,1
pair_mr,ADAUSDT,2026-06-20 15:00:00+00:00,2026-06-20 16:00:00+00:00,LONG,2.53e-06,2.55e-06,2.55e-06,2.48e-06,TP,0.385444,0.420444,0.065,0.0,0.264316,1
pair_mr,ADAUSDT,2026-06-20 21:00:00+00:00,2026-06-20 22:00:00+00:00,SHORT,2.53e-06,2.58e-06,2.52e-06,2.58e-06,SL,-1.065609,-1.030609,0.065,0.0,0.222068,1
pair_mr,ADAUSDT,2026-06-20 22:00:00+00:00,2026-06-20 23:00:00+00:00,SHORT,2.54e-06,2.59e-06,2.52e-06,2.59e-06,SL,-1.065609,-1.030609,0.065,0.0,0.186572,1
pair_mr,ADAUSDT,2026-06-21 02:00:00+00:00,2026-06-21 03:00:00+00:00,LONG,2.53e-06,2.54e-06,2.54e-06,2.48e-06,TP,0.131144,0.166144,0.065,0.0,0.190242,1
pair_mr,ADAUSDT,2026-06-21 03:00:00+00:00,2026-06-21 04:00:00+00:00,LONG,2.52e-06,2.54e-06,2.54e-06,2.47e-06,TP,0.190864,0.225864,0.065,0.0,0.195689,1
pair_mr,ADAUSDT,2026-06-21 04:00:00+00:00,2026-06-21 05:00:00+00:00,LONG,2.5e-06,2.53e-06,2.53e-06,2.45e-06,TP,0.551647,0.586647,0.065,0.0,0.211881,1
pair_mr,ADAUSDT,2026-06-21 05:00:00+00:00,2026-06-21 06:00:00+00:00,LONG,2.5e-06,2.53e-06,2.53e-06,2.45e-06,TP,0.548143,0.583143,0.065,0.0,0.229303,1
pair_mr,ADAUSDT,2026-06-21 14:00:00+00:00,2026-06-21 15:00:00+00:00,SHORT,2.53e-06,2.58e-06,2.51e-06,2.58e-06,SL,-1.065609,-1.030609,0.065,0.0,0.192651,1
pair_mr,ADAUSDT,2026-06-21 21:00:00+00:00,2026-06-21 22:00:00+00:00,LONG,2.5e-06,2.52e-06,2.52e-06,2.45e-06,TP,0.29587,0.33087,0.065,0.0,0.2012,1
pair_mr,ADAUSDT,2026-06-21 22:00:00+00:00,2026-06-21 23:00:00+00:00,LONG,2.49e-06,2.52e-06,2.52e-06,2.44e-06,TP,0.418598,0.453598,0.065,0.0,0.213834,1
pair_mr,ADAUSDT,2026-06-21 23:00:00+00:00,2026-06-22 00:00:00+00:00,LONG,2.47e-06,2.51e-06,2.51e-06,2.42e-06,TP,0.734627,0.769627,0.065,0.0,0.237397,1
pair_mr,ADAUSDT,2026-06-22 06:00:00+00:00,2026-06-22 07:00:00+00:00,SHORT,2.51e-06,2.56e-06,2.49e-06,2.56e-06,SL,-1.065609,-1.030609,0.065,0.0,0.199451,1
pair_mr,ADAUSDT,2026-06-22 07:00:00+00:00,2026-06-22 08:00:00+00:00,SHORT,2.52e-06,2.57e-06,2.49e-06,2.57e-06,SL,-1.065609,-1.030609,0.065,0.0,0.167571,1
pair_mr,ADAUSDT,2026-06-22 12:00:00+00:00,2026-06-22 13:00:00+00:00,LONG,2.48e-06,2.51e-06,2.51e-06,2.43e-06,TP,0.367561,0.402561,0.065,0.0,0.176809,1
pair_mr,ADAUSDT,2026-06-22 14:00:00+00:00,2026-06-22 15:00:00+00:00,LONG,2.46e-06,2.49e-06,2.49e-06,2.41e-06,TP,0.547332,0.582332,0.065,0.0,0.191325,1
pair_mr,ADAUSDT,2026-06-22 15:00:00+00:00,2026-06-22 16:00:00+00:00,LONG,2.46e-06,2.49e-06,2.49e-06,2.41e-06,TP,0.528256,0.563256,0.065,0.0,0.206486,1
pair_mr,ADAUSDT,2026-06-22 21:00:00+00:00,2026-06-22 22:00:00+00:00,SHORT,2.48e-06,2.53e-06,2.46e-06,2.53e-06,SL,-1.065609,-1.030609,0.065,0.0,0.173481,1
pair_mr,ADAUSDT,2026-06-23 03:00:00+00:00,2026-06-23 04:00:00+00:00,SHORT,2.5e-06,2.55e-06,2.48e-06,2.55e-06,SL,-1.065609,-1.030609,0.065,0.0,0.145751,1
pair_mr,ADAUSDT,2026-06-23 06:00:00+00:00,2026-06-23 07:00:00+00:00,LONG,2.46e-06,2.49e-06,2.49e-06,2.41e-06,TP,0.533509,0.568509,0.065,0.0,0.157415,1
pair_mr,ADAUSDT,2026-06-23 08:00:00+00:00,2026-06-23 09:00:00+00:00,LONG,2.44e-06,2.48e-06,2.48e-06,2.4e-06,TP,0.610716,0.645716,0.065,0.0,0.171836,1
pair_mr,ADAUSDT,2026-06-23 12:00:00+00:00,2026-06-23 13:00:00+00:00,LONG,2.41e-06,2.45e-06,2.45e-06,2.36e-06,TP,0.740421,0.775421,0.065,0.0,0.19092,1
pair_mr,ADAUSDT,2026-06-23 21:00:00+00:00,2026-06-23 22:00:00+00:00,SHORT,2.42e-06,2.47e-06,2.41e-06,2.47e-06,SL,-1.065609,-1.030609,0.065,0.0,0.160403,1
pair_mr,ADAUSDT,2026-06-23 22:00:00+00:00,2026-06-23 23:00:00+00:00,SHORT,2.42e-06,2.47e-06,2.41e-06,2.47e-06,SL,-1.065609,-1.030609,0.065,0.0,0.134764,1
pair_mr,ADAUSDT,2026-06-24 02:00:00+00:00,2026-06-24 03:00:00+00:00,SHORT,2.43e-06,2.48e-06,2.42e-06,2.48e-06,SL,-1.065609,-1.030609,0.065,0.0,0.113223,1
pair_mr,ADAUSDT,2026-06-24 06:00:00+00:00,2026-06-24 07:00:00+00:00,LONG,2.41e-06,2.43e-06,2.43e-06,2.36e-06,TP,0.236388,0.271388,0.065,0.0,0.117238,1
pair_mr,ADAUSDT,2026-06-24 07:00:00+00:00,2026-06-24 08:00:00+00:00,LONG,2.4e-06,2.42e-06,2.42e-06,2.35e-06,TP,0.401722,0.436722,0.065,0.0,0.124303,1
pair_mr,ADAUSDT,2026-06-24 10:00:00+00:00,2026-06-24 11:00:00+00:00,LONG,2.35e-06,2.41e-06,2.41e-06,2.3e-06,TP,0.942851,0.973305,0.056557,0.0,0.141882,1
pair_mr,ADAUSDT,2026-06-24 15:00:00+00:00,2026-06-24 16:00:00+00:00,SHORT,2.38e-06,2.43e-06,2.36e-06,2.43e-06,SL,-1.065609,-1.030609,0.065,0.0,0.119204,1
pair_mr,ADAUSDT,2026-06-24 19:00:00+00:00,2026-06-24 20:00:00+00:00,LONG,2.35e-06,2.37e-06,2.37e-06,2.3e-06,TP,0.37373,0.40873,0.065,0.0,0.125886,1
pair_mr,ADAUSDT,2026-06-24 21:00:00+00:00,2026-06-24 22:00:00+00:00,SHORT,2.41e-06,2.46e-06,2.37e-06,2.46e-06,SL,-1.065609,-1.030609,0.065,0.0,0.105764,1
pair_mr,ADAUSDT,2026-06-24 22:00:00+00:00,2026-06-24 23:00:00+00:00,SHORT,2.42e-06,2.46e-06,2.37e-06,2.46e-06,SL,-1.065609,-1.030609,0.065,0.0,0.088859,1
pair_mr,AVAXUSDT,2026-06-12 13:00:00+00:00,2026-06-12 14:00:00+00:00,LONG,0.00010343,0.00010419,0.00010419,0.00010136,TP,0.30193,0.33693,0.065,0.0,7.317027,1
pair_mr,AVAXUSDT,2026-06-12 15:00:00+00:00,2026-06-12 16:00:00+00:00,LONG,0.00010299,0.000104,0.000104,0.00010093,TP,0.424221,0.459221,0.065,0.0,7.782633,1
pair_mr,AVAXUSDT,2026-06-13 02:00:00+00:00,2026-06-13 03:00:00+00:00,SHORT,0.00010374,0.00010581,0.00010347,0.00010581,SL,-1.065609,-1.030609,0.065,0.0,6.538646,1
pair_mr,AVAXUSDT,2026-06-13 06:00:00+00:00,2026-06-13 07:00:00+00:00,SHORT,0.00010407,0.00010615,0.00010372,0.00010615,SL,-1.065609,-1.030609,0.065,0.0,5.4935,1
pair_mr,AVAXUSDT,2026-06-13 07:00:00+00:00,2026-06-13 08:00:00+00:00,SHORT,0.00010438,0.00010647,0.00010379,0.00010647,SL,-1.065609,-1.030609,0.065,0.0,4.615411,1
pair_mr,AVAXUSDT,2026-06-13 15:00:00+00:00,2026-06-13 16:00:00+00:00,SHORT,0.00010502,0.00010712,0.00010416,0.00010712,SL,-1.065609,-1.030609,0.065,0.0,3.877677,1
pair_mr,AVAXUSDT,2026-06-13 22:00:00+00:00,2026-06-13 23:00:00+00:00,LONG,0.00010425,0.00010456,0.00010456,0.00010216,TP,0.082465,0.117465,0.065,0.0,3.925643,1
pair_mr,AVAXUSDT,2026-06-14 00:00:00+00:00,2026-06-14 01:00:00+00:00,LONG,0.00010381,0.00010442,0.00010442,0.00010174,TP,0.225834,0.260834,0.065,0.0,4.058625,1
pair_mr,AVAXUSDT,2026-06-14 06:00:00+00:00,2026-06-14 07:00:00+00:00,LONG,0.00010354,0.0001039,0.0001039,0.00010147,TP,0.109273,0.144273,0.065,0.0,4.125149,1
pair_mr,AVAXUSDT,2026-06-14 07:00:00+00:00,2026-06-14 08:00:00+00:00,LONG,0.00010329,0.00010384,0.00010384,0.00010122,TP,0.199844,0.234844,0.065,0.0,4.248807,1
pair_mr,AVAXUSDT,2026-06-14 12:00:00+00:00,2026-06-14 13:00:00+00:00,LONG,0.00010268,0.00010313,0.00010313,0.00010063,TP,0.15279,0.18779,0.065,0.0,4.346184,1
pair_mr,AVAXUSDT,2026-06-14 13:00:00+00:00,2026-06-14 14:00:00+00:00,LONG,0.00010229,0.00010301,0.00010301,0.00010024,TP,0.284417,0.319417,0.065,0.0,4.531603,1
pair_mr,AVAXUSDT,2026-06-14 14:00:00+00:00,2026-06-14 15:00:00+00:00,LONG,0.00010203,0.00010283,0.00010283,9.999e-05,TP,0.329059,0.364059,0.065,0.0,4.755277,1
pair_mr,AVAXUSDT,2026-06-14 17:00:00+00:00,2026-06-14 18:00:00+00:00,LONG,0.00010151,0.00010219,0.00010219,9.948e-05,TP,0.270278,0.305278,0.065,0.0,4.948064,1
pair_mr,AVAXUSDT,2026-06-14 18:00:00+00:00,2026-06-14 19:00:00+00:00,LONG,0.00010028,0.00010196,0.00010196,9.827e-05,TP,0.774506,0.809506,0.065,0.0,5.52291,1
pair_mr,AVAXUSDT,2026-06-14 21:00:00+00:00,2026-06-14 22:00:00+00:00,SHORT,0.00010281,0.00010487,0.0001011,0.00010487,SL,-1.065609,-1.030609,0.065,0.0,4.64012,1
pair_mr,AVAXUSDT,2026-06-15 05:00:00+00:00,2026-06-15 06:00:00+00:00,SHORT,0.00010304,0.0001051,0.00010274,0.0001051,SL,-1.065609,-1.030609,0.065,0.0,3.898437,1
pair_mr,AVAXUSDT,2026-06-15 08:00:00+00:00,2026-06-15 09:00:00+00:00,SHORT,0.00010315,0.00010522,0.00010283,0.00010522,SL,-1.065609,-1.030609,0.065,0.0,3.275306,1
pair_mr,AVAXUSDT,2026-06-15 10:00:00+00:00,2026-06-15 11:00:00+00:00,SHORT,0.00010374,0.00010582,0.000103,0.00010582,SL,-1.065609,-1.030609,0.065,0.0,2.751776,1
pair_mr,AVAXUSDT,2026-06-15 11:00:00+00:00,2026-06-15 12:00:00+00:00,SHORT,0.0001043,0.00010639,0.00010314,0.00010639,SL,-1.065609,-1.030609,0.065,0.0,2.311929,1
pair_mr,AVAXUSDT,2026-06-15 13:00:00+00:00,2026-06-15 14:00:00+00:00,SHORT,0.00010497,0.00010707,0.00010367,0.00010707,SL,-1.065609,-1.030609,0.065,0.0,1.942387,1
pair_mr,AVAXUSDT,2026-06-15 19:00:00+00:00,2026-06-15 20:00:00+00:00,LONG,0.00010352,0.0001046,0.0001046,0.00010145,TP,0.458885,0.493885,0.065,0.0,2.076086,1
pair_mr,AVAXUSDT,2026-06-16 03:00:00+00:00,2026-06-16 04:00:00+00:00,SHORT,0.00010329,0.00010535,0.00010306,0.00010535,SL,-1.065609,-1.030609,0.065,0.0,1.744242,1
pair_mr,AVAXUSDT,2026-06-16 04:00:00+00:00,2026-06-16 05:00:00+00:00,LONG,0.00010273,0.0001031,0.0001031,0.00010068,TP,0.111425,0.146425,0.065,0.0,1.773395,1
pair_mr,AVAXUSDT,2026-06-16 07:00:00+00:00,2026-06-16 08:00:00+00:00,SHORT,0.00010426,0.00010635,0.00010304,0.00010635,SL,-1.065609,-1.030609,0.065,0.0,1.489933,1
pair_mr,AVAXUSDT,2026-06-16 08:00:00+00:00,2026-06-16 09:00:00+00:00,SHORT,0.00010511,0.00010721,0.0001033,0.00010721,SL,-1.065609,-1.030609,0.065,0.0,1.25178,1
pair_mr,AVAXUSDT,2026-06-16 13:00:00+00:00,2026-06-16 14:00:00+00:00,LONG,0.0001035,0.00010473,0.00010473,0.00010143,TP,0.530991,0.565991,0.065,0.0,1.351483,1
pair_mr,AVAXUSDT,2026-06-16 14:00:00+00:00,2026-06-16 15:00:00+00:00,LONG,0.00010294,0.00010441,0.00010441,0.00010088,TP,0.646853,0.681853,0.065,0.0,1.482614,1
pair_mr,AVAXUSDT,2026-06-16 18:00:00+00:00,2026-06-16 19:00:00+00:00,SHORT,0.00010443,0.00010652,0.00010329,0.00010652,SL,-1.065609,-1.030609,0.065,0.0,1.245631,1
pair_mr,AVAXUSDT,2026-06-16 20:00:00+00:00,2026-06-16 21:00:00+00:00,SHORT,0.00010528,0.00010739,0.00010379,0.00010739,SL,-1.065609,-1.030609,0.065,0.0,1.046528,1
pair_mr,AVAXUSDT,2026-06-17 01:00:00+00:00,2026-06-17 02:00:00+00:00,SHORT,0.00010563,0.00010774,0.00010503,0.00010774,SL,-1.065609,-1.030609,0.065,0.0,0.879249,1
pair_mr,AVAXUSDT,2026-06-17 02:00:00+00:00,2026-06-17 03:00:00+00:00,SHORT,0.00010595,0.00010807,0.0001051,0.00010807,SL,-1.065609,-1.030609,0.065,0.0,0.738709,1
pair_mr,AVAXUSDT,2026-06-17 06:00:00+00:00,2026-06-17 07:00:00+00:00,LONG,0.0001052,0.00010562,0.00010562,0.0001031,TP,0.133888,0.168888,0.065,0.0,0.753544,1
pair_mr,AVAXUSDT,2026-06-17 08:00:00+00:00,2026-06-17 09:00:00+00:00,LONG,0.00010487,0.0001054,0.0001054,0.00010277,TP,0.185502,0.220502,0.065,0.0,0.774512,1
pair_mr,AVAXUSDT,2026-06-17 13:00:00+00:00,2026-06-17 14:00:00+00:00,LONG,0.00010466,0.00010512,0.00010512,0.00010256,TP,0.154365,0.189365,0.065,0.0,0.792446,1
pair_mr,AVAXUSDT,2026-06-17 15:00:00+00:00,2026-06-17 16:00:00+00:00,SHORT,0.00010598,0.0001081,0.00010501,0.0001081,SL,-1.065609,-1.030609,0.065,0.0,0.66578,1
pair_mr,AVAXUSDT,2026-06-18 03:00:00+00:00,2026-06-18 04:00:00+00:00,LONG,0.00010437,0.00010487,0.00010487,0.00010228,TP,0.174718,0.209718,0.065,0.0,0.683229,1
pair_mr,AVAXUSDT,2026-06-18 04:00:00+00:00,2026-06-18 05:00:00+00:00,LONG,0.00010387,0.00010479,0.00010479,0.00010179,TP,0.37622,0.41122,0.065,0.0,0.721785,1
pair_mr,AVAXUSDT,2026-06-18 05:00:00+00:00,2026-06-18 06:00:00+00:00,LONG,0.00010341,0.00010458,0.00010458,0.00010134,TP,0.503939,0.538939,0.065,0.0,0.776346,1
pair_mr,AVAXUSDT,2026-06-18 09:00:00+00:00,2026-06-18 10:00:00+00:00,SHORT,0.00010392,0.000106,0.00010359,0.000106,SL,-1.065609,-1.030609,0.065,0.0,0.652254,1
pair_mr,AVAXUSDT,2026-06-18 15:00:00+00:00,2026-06-18 16:00:00+00:00,LONG,0.00010008,0.00010349,0.00010349,9.668e-05,TP,0.961196,0.98177,0.03821,0.0,0.746295,1
pair_mr,AVAXUSDT,2026-06-18 21:00:00+00:00,2026-06-18 22:00:00+00:00,LONG,9.993e-05,0.00010069,0.00010069,9.793e-05,TP,0.316308,0.351308,0.065,0.0,0.781704,1
pair_mr,AVAXUSDT,2026-06-19 02:00:00+00:00,2026-06-19 03:00:00+00:00,LONG,9.958e-05,0.00010012,0.00010012,9.759e-05,TP,0.204682,0.239682,0.065,0.0,0.805704,1
pair_mr,AVAXUSDT,2026-06-19 03:00:00+00:00,2026-06-19 04:00:00+00:00,LONG,9.794e-05,0.00010005,0.00010005,9.582e-05,TP,0.939144,0.971594,0.060264,0.0,0.919205,1
pair_mr,AVAXUSDT,2026-06-19 04:00:00+00:00,2026-06-19 05:00:00+00:00,LONG,9.673e-05,9.958e-05,9.958e-05,9.388e-05,TP,0.955337,0.979067,0.044069,0.0,1.050928,1
pair_mr,AVAXUSDT,2026-06-19 13:00:00+00:00,2026-06-19 14:00:00+00:00,SHORT,9.752e-05,9.947e-05,9.683e-05,9.947e-05,SL,-1.065609,-1.030609,0.065,0.0,0.882946,1
pair_mr,AVAXUSDT,2026-06-19 17:00:00+00:00,2026-06-19 18:00:00+00:00,LONG,9.48e-05,9.693e-05,9.693e-05,9.266e-05,TP,0.941757,0.9728,0.057651,0.0,1.007674,1
pair_mr,AVAXUSDT,2026-06-19 18:00:00+00:00,2026-06-19 19:00:00+00:00,LONG,9.376e-05,9.645e-05,9.645e-05,9.106e-05,TP,0.954196,0.97854,0.04521,0.0,1.151902,1
pair_mr,AVAXUSDT,2026-06-19 19:00:00+00:00,2026-06-19 20:00:00+00:00,LONG,9.322e-05,9.57e-05,9.57e-05,9.074e-05,TP,0.950496,0.976833,0.048911,0.0,1.316133,1
pair_mr,AVAXUSDT,2026-06-19 23:00:00+00:00,2026-06-20 00:00:00+00:00,LONG,9.274e-05,9.371e-05,9.371e-05,9.088e-05,TP,0.457116,0.492116,0.065,0.0,1.406377,1
pair_mr,AVAXUSDT,2026-06-20 05:00:00+00:00,2026-06-20 06:00:00+00:00,SHORT,9.46e-05,9.649e-05,9.353e-05,9.649e-05,SL,-1.065609,-1.030609,0.065,0.0,1.18158,1
pair_mr,AVAXUSDT,2026-06-20 07:00:00+00:00,2026-06-20 08:00:00+00:00,SHORT,9.66e-05,9.935e-05,9.385e-05,9.935e-05,SL,-1.046265,-1.02168,0.045658,0.0,0.996143,1
pair_mr,AVAXUSDT,2026-06-20 08:00:00+00:00,2026-06-20 09:00:00+00:00,SHORT,9.716e-05,9.99e-05,9.442e-05,9.99e-05,SL,-1.046651,-1.021858,0.046044,0.0,0.839751,1
pair_mr,AVAXUSDT,2026-06-20 14:00:00+00:00,2026-06-20 15:00:00+00:00,LONG,9.546e-05,9.696e-05,9.696e-05,9.356e-05,TP,0.71586,0.75086,0.065,0.0,0.929923,1
pair_mr,AVAXUSDT,2026-06-20 21:00:00+00:00,2026-06-20 22:00:00+00:00,SHORT,9.656e-05,9.849e-05,9.572e-05,9.849e-05,SL,-1.065609,-1.030609,0.065,0.0,0.781283,1
pair_mr,AVAXUSDT,2026-06-20 22:00:00+00:00,2026-06-20 23:00:00+00:00,SHORT,9.708e-05,9.902e-05,9.586e-05,9.902e-05,SL,-1.065609,-1.030609,0.065,0.0,0.656401,1
pair_mr,AVAXUSDT,2026-06-21 05:00:00+00:00,2026-06-21 06:00:00+00:00,LONG,9.678e-05,9.717e-05,9.717e-05,9.485e-05,TP,0.133121,0.168121,0.065,0.0,0.669508,1
pair_mr,AVAXUSDT,2026-06-21 07:00:00+00:00,2026-06-21 08:00:00+00:00,SHORT,9.793e-05,9.989e-05,9.701e-05,9.989e-05,SL,-1.065609,-1.030609,0.065,0.0,0.562493,1
pair_mr,AVAXUSDT,2026-06-21 08:00:00+00:00,2026-06-21 09:00:00+00:00,SHORT,9.821e-05,0.00010017,9.719e-05,0.00010017,SL,-1.065609,-1.030609,0.065,0.0,0.472584,1
pair_mr,AVAXUSDT,2026-06-21 14:00:00+00:00,2026-06-21 15:00:00+00:00,SHORT,9.858e-05,0.00010055,9.796e-05,0.00010055,SL,-1.065609,-1.030609,0.065,0.0,0.397045,1
pair_mr,AVAXUSDT,2026-06-21 17:00:00+00:00,2026-06-21 18:00:00+00:00,LONG,9.737e-05,9.817e-05,9.817e-05,9.543e-05,TP,0.346225,0.381225,0.065,0.0,0.417665,1
pair_mr,AVAXUSDT,2026-06-21 21:00:00+00:00,2026-06-21 22:00:00+00:00,LONG,9.673e-05,9.746e-05,9.746e-05,9.479e-05,TP,0.316229,0.351229,0.065,0.0,0.437477,1
pair_mr,AVAXUSDT,2026-06-21 22:00:00+00:00,2026-06-21 23:00:00+00:00,LONG,9.626e-05,9.726e-05,9.726e-05,9.433e-05,TP,0.453579,0.488579,0.065,0.0,0.467241,1
pair_mr,AVAXUSDT,2026-06-22 03:00:00+00:00,2026-06-22 04:00:00+00:00,SHORT,9.736e-05,9.931e-05,9.674e-05,9.931e-05,SL,-1.065609,-1.030609,0.065,0.0,0.392557,1
pair_mr,AVAXUSDT,2026-06-22 04:00:00+00:00,2026-06-22 05:00:00+00:00,SHORT,9.787e-05,9.983e-05,9.696e-05,9.983e-05,SL,-1.065609,-1.030609,0.065,0.0,0.32981,1
pair_mr,AVAXUSDT,2026-06-22 05:00:00+00:00,2026-06-22 06:00:00+00:00,SHORT,9.809e-05,0.00010005,9.723e-05,0.00010005,SL,-1.065609,-1.030609,0.065,0.0,0.277093,1
pair_mr,AVAXUSDT,2026-06-22 09:00:00+00:00,2026-06-22 10:00:00+00:00,LONG,9.728e-05,9.782e-05,9.782e-05,9.533e-05,TP,0.211875,0.246875,0.065,0.0,0.285899,1
pair_mr,AVAXUSDT,2026-06-22 11:00:00+00:00,2026-06-22 12:00:00+00:00,SHORT,9.841e-05,0.00010038,9.762e-05,0.00010038,SL,-1.065609,-1.030609,0.065,0.0,0.240201,1
pair_mr,AVAXUSDT,2026-06-23 00:00:00+00:00,2026-06-23 01:00:00+00:00,SHORT,9.776e-05,9.971e-05,9.727e-05,9.971e-05,SL,-1.065609,-1.030609,0.065,0.0,0.201807,1
pair_mr,AVAXUSDT,2026-06-23 02:00:00+00:00,2026-06-23 03:00:00+00:00,SHORT,9.815e-05,0.00010011,9.742e-05,0.00010011,SL,-1.065609,-1.030609,0.065,0.0,0.16955,1
pair_mr,AVAXUSDT,2026-06-23 03:00:00+00:00,2026-06-23 04:00:00+00:00,SHORT,9.854e-05,0.00010051,9.762e-05,0.00010051,SL,-1.065609,-1.030609,0.065,0.0,0.142449,1
pair_mr,AVAXUSDT,2026-06-23 09:00:00+00:00,2026-06-23 10:00:00+00:00,SHORT,9.955e-05,0.00010154,9.82e-05,0.00010154,SL,-1.065609,-1.030609,0.065,0.0,0.119679,1
pair_mr,AVAXUSDT,2026-06-23 14:00:00+00:00,2026-06-23 15:00:00+00:00,SHORT,0.00010121,0.00010324,0.00010001,0.00010324,SL,-1.065609,-1.030609,0.065,0.0,0.10055,1
pair_mr,AVAXUSDT,2026-06-23 15:00:00+00:00,2026-06-23 16:00:00+00:00,SHORT,0.00010194,0.00010398,0.00010034,0.00010398,SL,-1.065609,-1.030609,0.065,0.0,0.084478,1
pair_mr,AVAXUSDT,2026-06-23 20:00:00+00:00,2026-06-23 21:00:00+00:00,SHORT,0.00010264,0.0001047,0.00010135,0.0001047,SL,-1.065609,-1.030609,0.065,0.0,0.070975,1
pair_mr,AVAXUSDT,2026-06-23 22:00:00+00:00,2026-06-23 23:00:00+00:00,SHORT,0.00010339,0.00010546,0.00010178,0.00010546,SL,-1.065609,-1.030609,0.065,0.0,0.05963,1
pair_mr,AVAXUSDT,2026-06-24 03:00:00+00:00,2026-06-24 04:00:00+00:00,LONG,0.00010227,0.00010309,0.00010309,0.00010023,TP,0.334763,0.369763,0.065,0.0,0.062624,1
pair_mr,AVAXUSDT,2026-06-24 07:00:00+00:00,2026-06-24 08:00:00+00:00,LONG,0.00010201,0.00010241,0.00010241,9.997e-05,TP,0.129395,0.164395,0.065,0.0,0.06384,1
pair_mr,AVAXUSDT,2026-06-24 08:00:00+00:00,2026-06-24 09:00:00+00:00,LONG,0.00010199,0.00010225,0.00010225,9.995e-05,TP,0.065993,0.100993,0.065,0.0,0.064472,1
pair_mr,AVAXUSDT,2026-06-24 10:00:00+00:00,2026-06-24 11:00:00+00:00,SHORT,0.00010252,0.00010457,0.00010217,0.00010457,SL,-1.065609,-1.030609,0.065,0.0,0.054166,1
pair_mr,AVAXUSDT,2026-06-24 14:00:00+00:00,2026-06-24 15:00:00+00:00,SHORT,0.00010354,0.00010561,0.00010252,0.00010561,SL,-1.065609,-1.030609,0.065,0.0,0.045508,1
pair_mr,AVAXUSDT,2026-06-24 17:00:00+00:00,2026-06-24 18:00:00+00:00,LONG,0.00010138,0.00010299,0.00010299,9.935e-05,TP,0.730791,0.765791,0.065,0.0,0.050497,1
pair_mr,AVAXUSDT,2026-06-24 20:00:00+00:00,2026-06-24 21:00:00+00:00,SHORT,0.00010396,0.00010604,0.00010243,0.00010604,SL,-1.065609,-1.030609,0.065,0.0,0.042425,1
pair_mr,AVAXUSDT,2026-06-24 21:00:00+00:00,2026-06-24 22:00:00+00:00,SHORT,0.0001044,0.00010649,0.00010254,0.00010649,SL,-1.065609,-1.030609,0.065,0.0,0.035644,1
pair_mr,AVAXUSDT,2026-06-24 22:00:00+00:00,2026-06-24 23:00:00+00:00,SHORT,0.00010549,0.00010808,0.00010289,0.00010808,SL,-1.053445,-1.024994,0.052838,0.0,0.030012,1
pair_mr,LINKUSDT,2026-06-12 12:00:00+00:00,2026-06-12 13:00:00+00:00,SHORT,0.00012426,0.00012674,0.00012391,0.00012674,SL,-1.065609,-1.030609,0.065,0.0,5.88111,1
pair_mr,LINKUSDT,2026-06-12 13:00:00+00:00,2026-06-12 14:00:00+00:00,LONG,0.00012351,0.000124,0.000124,0.00012104,TP,0.134053,0.169053,0.065,0.0,5.999368,1
pair_mr,LINKUSDT,2026-06-12 14:00:00+00:00,2026-06-12 15:00:00+00:00,SHORT,0.00012446,0.00012695,0.00012391,0.00012695,SL,-1.065609,-1.030609,0.065,0.0,5.040421,1
pair_mr,LINKUSDT,2026-06-12 15:00:00+00:00,2026-06-12 16:00:00+00:00,LONG,0.00012288,0.000124,0.000124,0.00012042,TP,0.388133,0.423133,0.065,0.0,5.333874,1
pair_mr,LINKUSDT,2026-06-12 20:00:00+00:00,2026-06-12 21:00:00+00:00,SHORT,0.00012359,0.00012606,0.00012318,0.00012606,SL,-1.065609,-1.030609,0.065,0.0,4.4813,1
pair_mr,LINKUSDT,2026-06-13 00:00:00+00:00,2026-06-13 01:00:00+00:00,SHORT,0.000124,0.00012648,0.0001235,0.00012648,SL,-1.065609,-1.030609,0.065,0.0,3.765003,1
pair_mr,LINKUSDT,2026-06-13 01:00:00+00:00,2026-06-13 02:00:00+00:00,SHORT,0.00012447,0.00012695,0.00012364,0.00012695,SL,-1.065609,-1.030609,0.065,0.0,3.1632,1
pair_mr,LINKUSDT,2026-06-13 07:00:00+00:00,2026-06-13 08:00:00+00:00,SHORT,0.00012469,0.00012718,0.00012416,0.00012718,SL,-1.065609,-1.030609,0.065,0.0,2.657589,1
pair_mr,LINKUSDT,2026-06-13 08:00:00+00:00,2026-06-13 09:00:00+00:00,SHORT,0.00012477,0.00012727,0.00012424,0.00012727,SL,-1.065609,-1.030609,0.065,0.0,2.232797,1
pair_mr,LINKUSDT,2026-06-13 18:00:00+00:00,2026-06-13 19:00:00+00:00,LONG,0.00012442,0.00012481,0.00012481,0.00012193,TP,0.091577,0.126577,0.065,0.0,2.263468,1
pair_mr,LINKUSDT,2026-06-13 19:00:00+00:00,2026-06-13 20:00:00+00:00,LONG,0.00012428,0.00012475,0.00012475,0.0001218,TP,0.122449,0.157449,0.065,0.0,2.305042,1
pair_mr,LINKUSDT,2026-06-13 22:00:00+00:00,2026-06-13 23:00:00+00:00,LONG,0.00012384,0.00012445,0.00012445,0.00012136,TP,0.180783,0.215783,0.065,0.0,2.367548,1
pair_mr,LINKUSDT,2026-06-14 00:00:00+00:00,2026-06-14 01:00:00+00:00,LONG,0.00012339,0.00012413,0.00012413,0.00012092,TP,0.23373,0.26873,0.065,0.0,2.450553,1
pair_mr,LINKUSDT,2026-06-14 04:00:00+00:00,2026-06-14 05:00:00+00:00,LONG,0.00012308,0.00012351,0.00012351,0.00012062,TP,0.110986,0.145986,0.065,0.0,2.49135,1
pair_mr,LINKUSDT,2026-06-14 07:00:00+00:00,2026-06-14 08:00:00+00:00,LONG,0.00012269,0.00012324,0.00012324,0.00012023,TP,0.160944,0.195944,0.065,0.0,2.551495,1
pair_mr,LINKUSDT,2026-06-14 12:00:00+00:00,2026-06-14 13:00:00+00:00,LONG,0.00012253,0.00012278,0.00012278,0.00012008,TP,0.040154,0.075154,0.065,0.0,2.566863,1
pair_mr,LINKUSDT,2026-06-14 13:00:00+00:00,2026-06-14 14:00:00+00:00,LONG,0.00012239,0.00012275,0.00012275,0.00011994,TP,0.083439,0.118439,0.065,0.0,2.598989,1
pair_mr,LINKUSDT,2026-06-14 21:00:00+00:00,2026-06-14 22:00:00+00:00,SHORT,0.00012357,0.00012604,0.00012258,0.00012604,SL,-1.065609,-1.030609,0.065,0.0,2.183563,1
pair_mr,LINKUSDT,2026-06-14 22:00:00+00:00,2026-06-14 23:00:00+00:00,SHORT,0.000124,0.00012648,0.00012277,0.00012648,SL,-1.065609,-1.030609,0.065,0.0,1.83454,1
pair_mr,LINKUSDT,2026-06-14 23:00:00+00:00,2026-06-15 00:00:00+00:00,SHORT,0.00012446,0.00012694,0.00012304,0.00012694,SL,-1.065609,-1.030609,0.065,0.0,1.541304,1
pair_mr,LINKUSDT,2026-06-15 08:00:00+00:00,2026-06-15 09:00:00+00:00,SHORT,0.00012502,0.00012752,0.0001245,0.00012752,SL,-1.065609,-1.030609,0.065,0.0,1.29494,1
pair_mr,LINKUSDT,2026-06-15 09:00:00+00:00,2026-06-15 10:00:00+00:00,SHORT,0.00012511,0.00012761,0.00012464,0.00012761,SL,-1.065609,-1.030609,0.065,0.0,1.087955,1
pair_mr,LINKUSDT,2026-06-15 10:00:00+00:00,2026-06-15 11:00:00+00:00,SHORT,0.00012651,0.00012904,0.00012478,0.00012904,SL,-1.065609,-1.030609,0.065,0.0,0.914055,1
pair_mr,LINKUSDT,2026-06-15 13:00:00+00:00,2026-06-15 14:00:00+00:00,SHORT,0.00012751,0.00013006,0.00012552,0.00013006,SL,-1.065609,-1.030609,0.065,0.0,0.767951,1
pair_mr,LINKUSDT,2026-06-15 18:00:00+00:00,2026-06-15 19:00:00+00:00,LONG,0.00012674,0.00012723,0.00012723,0.00012421,TP,0.12564,0.16064,0.065,0.0,0.782424,1
pair_mr,LINKUSDT,2026-06-15 19:00:00+00:00,2026-06-15 20:00:00+00:00,LONG,0.00012626,0.00012707,0.00012707,0.00012373,TP,0.258127,0.293127,0.065,0.0,0.812719,1
pair_mr,LINKUSDT,2026-06-15 20:00:00+00:00,2026-06-15 21:00:00+00:00,LONG,0.0001259,0.00012693,0.00012693,0.00012338,TP,0.343909,0.378909,0.065,0.0,0.854644,1
pair_mr,LINKUSDT,2026-06-15 22:00:00+00:00,2026-06-15 23:00:00+00:00,LONG,0.00012489,0.00012636,0.00012636,0.00012239,TP,0.522662,0.557662,0.065,0.0,0.921647,1
pair_mr,LINKUSDT,2026-06-16 01:00:00+00:00,2026-06-16 02:00:00+00:00,LONG,0.00012446,0.00012537,0.00012537,0.00012197,TP,0.298363,0.333363,0.065,0.0,0.962895,1
pair_mr,LINKUSDT,2026-06-16 07:00:00+00:00,2026-06-16 08:00:00+00:00,SHORT,0.00012482,0.00012732,0.0001244,0.00012732,SL,-1.065609,-1.030609,0.065,0.0,0.808985,1
pair_mr,LINKUSDT,2026-06-16 08:00:00+00:00,2026-06-16 09:00:00+00:00,SHORT,0.00012564,0.00012816,0.00012448,0.00012816,SL,-1.065609,-1.030609,0.065,0.0,0.679675,1
pair_mr,LINKUSDT,2026-06-16 12:00:00+00:00,2026-06-16 13:00:00+00:00,SHORT,0.00012631,0.00012884,0.00012535,0.00012884,SL,-1.065609,-1.030609,0.065,0.0,0.571035,1
pair_mr,LINKUSDT,2026-06-16 14:00:00+00:00,2026-06-16 15:00:00+00:00,LONG,0.00012427,0.00012552,0.00012552,0.00012179,TP,0.436272,0.471272,0.065,0.0,0.608404,1
pair_mr,LINKUSDT,2026-06-16 18:00:00+00:00,2026-06-16 19:00:00+00:00,SHORT,0.00012608,0.0001286,0.00012462,0.0001286,SL,-1.065609,-1.030609,0.065,0.0,0.511156,1
pair_mr,LINKUSDT,2026-06-17 01:00:00+00:00,2026-06-17 02:00:00+00:00,SHORT,0.00012669,0.00012922,0.00012628,0.00012922,SL,-1.065609,-1.030609,0.065,0.0,0.429452,1
pair_mr,LINKUSDT,2026-06-17 02:00:00+00:00,2026-06-17 03:00:00+00:00,SHORT,0.00012702,0.00012956,0.00012631,0.00012956,SL,-1.065609,-1.030609,0.065,0.0,0.360808,1
pair_mr,LINKUSDT,2026-06-17 07:00:00+00:00,2026-06-17 08:00:00+00:00,LONG,0.00012653,0.00012681,0.00012681,0.000124,TP,0.04869,0.08369,0.065,0.0,0.363443,1
pair_mr,LINKUSDT,2026-06-17 08:00:00+00:00,2026-06-17 09:00:00+00:00,LONG,0.00012586,0.00012672,0.00012672,0.00012334,TP,0.275151,0.310151,0.065,0.0,0.378443,1
pair_mr,LINKUSDT,2026-06-17 13:00:00+00:00,2026-06-17 14:00:00+00:00,LONG,0.00012526,0.00012597,0.00012597,0.00012275,TP,0.219232,0.254232,0.065,0.0,0.390888,1
pair_mr,LINKUSDT,2026-06-17 19:00:00+00:00,2026-06-17 20:00:00+00:00,LONG,0.00012495,0.0001257,0.0001257,0.00012246,TP,0.234195,0.269195,0.065,0.0,0.40462,1
pair_mr,LINKUSDT,2026-06-18 03:00:00+00:00,2026-06-18 04:00:00+00:00,LONG,0.00012488,0.00012529,0.00012529,0.00012238,TP,0.099383,0.134383,0.065,0.0,0.410652,1
pair_mr,LINKUSDT,2026-06-18 04:00:00+00:00,2026-06-18 05:00:00+00:00,LONG,0.00012448,0.00012526,0.00012526,0.00012199,TP,0.24895,0.28395,0.065,0.0,0.425987,1
pair_mr,LINKUSDT,2026-06-18 05:00:00+00:00,2026-06-18 06:00:00+00:00,LONG,0.00012421,0.00012507,0.00012507,0.00012173,TP,0.279221,0.314221,0.065,0.0,0.443828,1
pair_mr,LINKUSDT,2026-06-18 09:00:00+00:00,2026-06-18 10:00:00+00:00,SHORT,0.00012521,0.00012771,0.00012447,0.00012771,SL,-1.065609,-1.030609,0.065,0.0,0.372886,1
pair_mr,LINKUSDT,2026-06-18 12:00:00+00:00,2026-06-18 13:00:00+00:00,SHORT,0.00012566,0.00012818,0.00012489,0.00012818,SL,-1.065609,-1.030609,0.065,0.0,0.313283,1
pair_mr,LINKUSDT,2026-06-18 20:00:00+00:00,2026-06-18 21:00:00+00:00,SHORT,0.00012659,0.00012912,0.00012518,0.00012912,SL,-1.065609,-1.030609,0.065,0.0,0.263208,1
pair_mr,LINKUSDT,2026-06-18 21:00:00+00:00,2026-06-18 22:00:00+00:00,SHORT,0.00012699,0.00012953,0.00012553,0.00012953,SL,-1.065609,-1.030609,0.065,0.0,0.221136,1
pair_mr,LINKUSDT,2026-06-19 03:00:00+00:00,2026-06-19 04:00:00+00:00,LONG,0.00012554,0.00012716,0.00012716,0.00012303,TP,0.578652,0.613652,0.065,0.0,0.24033,1
pair_mr,LINKUSDT,2026-06-19 04:00:00+00:00,2026-06-19 05:00:00+00:00,LONG,0.00012531,0.00012687,0.00012687,0.0001228,TP,0.555785,0.590785,0.065,0.0,0.260366,1
pair_mr,LINKUSDT,2026-06-19 10:00:00+00:00,2026-06-19 11:00:00+00:00,LONG,0.00012524,0.00012553,0.00012553,0.00012273,TP,0.052986,0.087986,0.065,0.0,0.262436,1
pair_mr,LINKUSDT,2026-06-19 11:00:00+00:00,2026-06-19 12:00:00+00:00,LONG,0.00012476,0.00012543,0.00012543,0.00012227,TP,0.201796,0.236796,0.065,0.0,0.270379,1
pair_mr,LINKUSDT,2026-06-19 20:00:00+00:00,2026-06-19 21:00:00+00:00,SHORT,0.00012533,0.00012784,0.00012501,0.00012784,SL,-1.065609,-1.030609,0.065,0.0,0.227162,1
pair_mr,LINKUSDT,2026-06-20 00:00:00+00:00,2026-06-20 01:00:00+00:00,LONG,0.00012415,0.00012512,0.00012512,0.00012167,TP,0.328243,0.363243,0.065,0.0,0.238346,1
pair_mr,LINKUSDT,2026-06-20 05:00:00+00:00,2026-06-20 06:00:00+00:00,SHORT,0.00012544,0.00012795,0.0001244,0.00012795,SL,-1.065609,-1.030609,0.065,0.0,0.200249,1
pair_mr,LINKUSDT,2026-06-20 11:00:00+00:00,2026-06-20 12:00:00+00:00,LONG,0.00012463,0.00012511,0.00012511,0.00012214,TP,0.128461,0.163461,0.065,0.0,0.204107,1
pair_mr,LINKUSDT,2026-06-20 12:00:00+00:00,2026-06-20 13:00:00+00:00,LONG,0.00012451,0.00012497,0.00012497,0.00012202,TP,0.12327,0.15827,0.065,0.0,0.207881,1
pair_mr,LINKUSDT,2026-06-20 13:00:00+00:00,2026-06-20 14:00:00+00:00,LONG,0.0001242,0.00012486,0.00012486,0.00012171,TP,0.201292,0.236292,0.065,0.0,0.214158,1
pair_mr,LINKUSDT,2026-06-20 14:00:00+00:00,2026-06-20 15:00:00+00:00,LONG,0.00012406,0.00012466,0.00012466,0.00012158,TP,0.176349,0.211349,0.065,0.0,0.219823,1
pair_mr,LINKUSDT,2026-06-20 17:00:00+00:00,2026-06-20 18:00:00+00:00,LONG,0.00012379,0.00012425,0.00012425,0.00012131,TP,0.123104,0.158104,0.065,0.0,0.223882,1
pair_mr,LINKUSDT,2026-06-20 18:00:00+00:00,2026-06-20 19:00:00+00:00,LONG,0.0001237,0.00012411,0.00012411,0.00012122,TP,0.101734,0.136734,0.065,0.0,0.227299,1
pair_mr,LINKUSDT,2026-06-20 22:00:00+00:00,2026-06-20 23:00:00+00:00,SHORT,0.00012429,0.00012677,0.00012372,0.00012677,SL,-1.065609,-1.030609,0.065,0.0,0.190967,1
pair_mr,LINKUSDT,2026-06-21 02:00:00+00:00,2026-06-21 03:00:00+00:00,LONG,0.00012372,0.00012407,0.00012407,0.00012124,TP,0.078372,0.113372,0.065,0.0,0.193212,1
pair_mr,LINKUSDT,2026-06-21 04:00:00+00:00,2026-06-21 05:00:00+00:00,LONG,0.00012353,0.00012392,0.00012392,0.00012106,TP,0.092828,0.127828,0.065,0.0,0.195902,1
pair_mr,LINKUSDT,2026-06-21 05:00:00+00:00,2026-06-21 06:00:00+00:00,LONG,0.00012334,0.00012378,0.00012378,0.00012088,TP,0.111966,0.146966,0.065,0.0,0.199192,1
pair_mr,LINKUSDT,2026-06-21 08:00:00+00:00,2026-06-21 09:00:00+00:00,SHORT,0.00012407,0.00012655,0.00012358,0.00012655,SL,-1.065609,-1.030609,0.065,0.0,0.167353,1
pair_mr,LINKUSDT,2026-06-21 09:00:00+00:00,2026-06-21 10:00:00+00:00,SHORT,0.00012433,0.00012682,0.00012365,0.00012682,SL,-1.065609,-1.030609,0.065,0.0,0.140603,1
pair_mr,LINKUSDT,2026-06-21 15:00:00+00:00,2026-06-21 16:00:00+00:00,SHORT,0.00012436,0.00012685,0.00012388,0.00012685,SL,-1.065609,-1.030609,0.065,0.0,0.118129,1
pair_mr,LINKUSDT,2026-06-21 20:00:00+00:00,2026-06-21 21:00:00+00:00,LONG,0.00012353,0.00012398,0.00012398,0.00012106,TP,0.120491,0.155491,0.065,0.0,0.120264,1
pair_mr,LINKUSDT,2026-06-21 21:00:00+00:00,2026-06-21 22:00:00+00:00,LONG,0.00012302,0.00012382,0.00012382,0.00012056,TP,0.258763,0.293763,0.065,0.0,0.124932,1
pair_mr,LINKUSDT,2026-06-21 22:00:00+00:00,2026-06-21 23:00:00+00:00,LONG,0.00012281,0.00012363,0.00012363,0.00012035,TP,0.270646,0.305646,0.065,0.0,0.130004,1
pair_mr,LINKUSDT,2026-06-22 05:00:00+00:00,2026-06-22 06:00:00+00:00,SHORT,0.00012367,0.00012614,0.00012318,0.00012614,SL,-1.065609,-1.030609,0.065,0.0,0.109224,1
pair_mr,LINKUSDT,2026-06-22 07:00:00+00:00,2026-06-22 08:00:00+00:00,SHORT,0.00012403,0.00012651,0.0001233,0.00012651,SL,-1.065609,-1.030609,0.065,0.0,0.091765,1
pair_mr,LINKUSDT,2026-06-22 08:00:00+00:00,2026-06-22 09:00:00+00:00,SHORT,0.00012449,0.00012698,0.0001235,0.00012698,SL,-1.065609,-1.030609,0.065,0.0,0.077097,1
pair_mr,LINKUSDT,2026-06-22 11:00:00+00:00,2026-06-22 12:00:00+00:00,SHORT,0.00012509,0.00012759,0.00012426,0.00012759,SL,-1.065609,-1.030609,0.065,0.0,0.064774,1
pair_mr,LINKUSDT,2026-06-22 14:00:00+00:00,2026-06-22 15:00:00+00:00,LONG,0.00012342,0.00012461,0.00012461,0.00012095,TP,0.417127,0.452127,0.065,0.0,0.068827,1
pair_mr,LINKUSDT,2026-06-22 15:00:00+00:00,2026-06-22 16:00:00+00:00,LONG,0.00012318,0.00012439,0.00012439,0.00012072,TP,0.426482,0.461482,0.065,0.0,0.07323,1
pair_mr,LINKUSDT,2026-06-22 19:00:00+00:00,2026-06-22 20:00:00+00:00,LONG,0.00012272,0.00012319,0.00012319,0.00012026,TP,0.127335,0.162335,0.065,0.0,0.074629,1
pair_mr,LINKUSDT,2026-06-22 23:00:00+00:00,2026-06-23 00:00:00+00:00,SHORT,0.00012296,0.00012542,0.00012281,0.00012542,SL,-1.065609,-1.030609,0.065,0.0,0.0627,1
pair_mr,LINKUSDT,2026-06-23 02:00:00+00:00,2026-06-23 03:00:00+00:00,SHORT,0.0001231,0.00012556,0.00012282,0.00012556,SL,-1.065609,-1.030609,0.065,0.0,0.052678,1
pair_mr,LINKUSDT,2026-06-23 03:00:00+00:00,2026-06-23 04:00:00+00:00,SHORT,0.00012333,0.0001258,0.00012288,0.0001258,SL,-1.065609,-1.030609,0.065,0.0,0.044258,1
pair_mr,LINKUSDT,2026-06-23 05:00:00+00:00,2026-06-23 06:00:00+00:00,SHORT,0.00012356,0.00012603,0.00012304,0.00012603,SL,-1.065609,-1.030609,0.065,0.0,0.037184,1
pair_mr,LINKUSDT,2026-06-23 06:00:00+00:00,2026-06-23 07:00:00+00:00,LONG,0.00012234,0.00012321,0.00012321,0.0001199,TP,0.290578,0.325578,0.065,0.0,0.038804,1
pair_mr,LINKUSDT,2026-06-23 07:00:00+00:00,2026-06-23 08:00:00+00:00,LONG,0.00012183,0.00012311,0.00012311,0.00011939,TP,0.459702,0.494702,0.065,0.0,0.04148,1
pair_mr,LINKUSDT,2026-06-23 08:00:00+00:00,2026-06-23 09:00:00+00:00,LONG,0.00012063,0.00012286,0.00012286,0.00011822,TP,0.855371,0.890371,0.065,0.0,0.046802,1
pair_mr,LINKUSDT,2026-06-23 16:00:00+00:00,2026-06-23 17:00:00+00:00,LONG,0.00012154,0.00012188,0.00012188,0.00011911,TP,0.074618,0.109618,0.065,0.0,0.047326,1
pair_mr,LINKUSDT,2026-06-23 22:00:00+00:00,2026-06-23 23:00:00+00:00,SHORT,0.00012169,0.00012412,0.00012148,0.00012412,SL,-1.065609,-1.030609,0.065,0.0,0.039761,1
pair_mr,LINKUSDT,2026-06-24 00:00:00+00:00,2026-06-24 01:00:00+00:00,LONG,0.00012097,0.00012154,0.00012154,0.00011855,TP,0.169372,0.204372,0.065,0.0,0.040771,1
pair_mr,LINKUSDT,2026-06-24 05:00:00+00:00,2026-06-24 06:00:00+00:00,SHORT,0.00012162,0.00012405,0.00012105,0.00012405,SL,-1.065609,-1.030609,0.065,0.0,0.034255,1
pair_mr,LINKUSDT,2026-06-24 06:00:00+00:00,2026-06-24 07:00:00+00:00,SHORT,0.0001217,0.00012413,0.00012118,0.00012413,SL,-1.065609,-1.030609,0.065,0.0,0.028779,1
pair_mr,LINKUSDT,2026-06-24 12:00:00+00:00,2026-06-24 13:00:00+00:00,LONG,0.00012115,0.00012143,0.00012143,0.00011873,TP,0.047254,0.082254,0.065,0.0,0.028983,1
pair_mr,LINKUSDT,2026-06-24 13:00:00+00:00,2026-06-24 14:00:00+00:00,SHORT,0.00012183,0.00012426,0.00012138,0.00012426,SL,-1.065609,-1.030609,0.065,0.0,0.024351,1
pair_mr,LINKUSDT,2026-06-24 14:00:00+00:00,2026-06-24 15:00:00+00:00,SHORT,0.00012275,0.0001252,0.00012146,0.0001252,SL,-1.065609,-1.030609,0.065,0.0,0.020458,1
pair_mr,LINKUSDT,2026-06-24 17:00:00+00:00,2026-06-24 18:00:00+00:00,LONG,0.00012017,0.00012188,0.00012188,0.00011777,TP,0.642571,0.677571,0.065,0.0,0.02243,1
pair_mr,LINKUSDT,2026-06-24 21:00:00+00:00,2026-06-24 22:00:00+00:00,SHORT,0.00012192,0.00012436,0.00012087,0.00012436,SL,-1.065609,-1.030609,0.065,0.0,0.018845,1
pair_mr,POLUSDT,2026-06-12 14:00:00+00:00,2026-06-12 15:00:00+00:00,LONG,1.16e-06,1.16e-06,1.16e-06,1.14e-06,TP,0.179343,0.214343,0.065,0.0,7.188311,1
pair_mr,POLUSDT,2026-06-12 15:00:00+00:00,2026-06-12 16:00:00+00:00,LONG,1.16e-06,1.16e-06,1.16e-06,1.13e-06,TP,0.308272,0.343272,0.065,0.0,7.520703,1
pair_mr,POLUSDT,2026-06-12 16:00:00+00:00,2026-06-12 17:00:00+00:00,LONG,1.15e-06,1.16e-06,1.16e-06,1.13e-06,TP,0.398958,0.433958,0.065,0.0,7.97077,1
pair_mr,POLUSDT,2026-06-12 20:00:00+00:00,2026-06-12 21:00:00+00:00,SHORT,1.16e-06,1.19e-06,1.16e-06,1.19e-06,SL,-1.065609,-1.030609,0.065,0.0,6.696711,1
pair_mr,POLUSDT,2026-06-12 21:00:00+00:00,2026-06-12 22:00:00+00:00,SHORT,1.17e-06,1.19e-06,1.16e-06,1.19e-06,SL,-1.065609,-1.030609,0.065,0.0,5.6263,1
pair_mr,POLUSDT,2026-06-13 00:00:00+00:00,2026-06-13 01:00:00+00:00,SHORT,1.17e-06,1.2e-06,1.16e-06,1.2e-06,SL,-1.065609,-1.030609,0.065,0.0,4.726984,1
pair_mr,POLUSDT,2026-06-13 02:00:00+00:00,2026-06-13 03:00:00+00:00,SHORT,1.18e-06,1.2e-06,1.17e-06,1.2e-06,SL,-1.065609,-1.030609,0.065,0.0,3.971417,1
pair_mr,POLUSDT,2026-06-13 03:00:00+00:00,2026-06-13 04:00:00+00:00,SHORT,1.18e-06,1.21e-06,1.17e-06,1.21e-06,SL,-1.065609,-1.030609,0.065,0.0,3.33662,1
pair_mr,POLUSDT,2026-06-13 12:00:00+00:00,2026-06-13 13:00:00+00:00,LONG,1.17e-06,1.17e-06,1.17e-06,1.14e-06,TP,0.23511,0.27011,0.065,0.0,3.454291,1
pair_mr,POLUSDT,2026-06-13 15:00:00+00:00,2026-06-13 16:00:00+00:00,SHORT,1.18e-06,1.2e-06,1.17e-06,1.2e-06,SL,-1.065609,-1.030609,0.065,0.0,2.902152,1
pair_mr,POLUSDT,2026-06-13 16:00:00+00:00,2026-06-13 17:00:00+00:00,SHORT,1.18e-06,1.2e-06,1.17e-06,1.2e-06,SL,-1.065609,-1.030609,0.065,0.0,2.438268,1
pair_mr,POLUSDT,2026-06-14 00:00:00+00:00,2026-06-14 01:00:00+00:00,LONG,1.17e-06,1.18e-06,1.18e-06,1.15e-06,TP,0.224228,0.259228,0.065,0.0,2.520277,1
pair_mr,POLUSDT,2026-06-14 06:00:00+00:00,2026-06-14 07:00:00+00:00,LONG,1.17e-06,1.17e-06,1.17e-06,1.15e-06,TP,0.095764,0.130764,0.065,0.0,2.55648,1
pair_mr,POLUSDT,2026-06-14 07:00:00+00:00,2026-06-14 08:00:00+00:00,LONG,1.16e-06,1.17e-06,1.17e-06,1.14e-06,TP,0.348505,0.383505,0.065,0.0,2.690122,1
pair_mr,POLUSDT,2026-06-14 08:00:00+00:00,2026-06-14 09:00:00+00:00,LONG,1.16e-06,1.17e-06,1.17e-06,1.14e-06,TP,0.296529,0.331529,0.065,0.0,2.809777,1
pair_mr,POLUSDT,2026-06-14 13:00:00+00:00,2026-06-14 14:00:00+00:00,SHORT,1.17e-06,1.2e-06,1.16e-06,1.2e-06,SL,-1.065609,-1.030609,0.065,0.0,2.360658,1
pair_mr,POLUSDT,2026-06-14 16:00:00+00:00,2026-06-14 17:00:00+00:00,SHORT,1.18e-06,1.2e-06,1.17e-06,1.2e-06,SL,-1.065609,-1.030609,0.065,0.0,1.983327,1
pair_mr,POLUSDT,2026-06-14 23:00:00+00:00,2026-06-15 00:00:00+00:00,LONG,1.17e-06,1.17e-06,1.17e-06,1.15e-06,TP,0.076753,0.111753,0.065,0.0,2.006161,1
pair_mr,POLUSDT,2026-06-15 00:00:00+00:00,2026-06-15 01:00:00+00:00,LONG,1.17e-06,1.17e-06,1.17e-06,1.15e-06,TP,0.105788,0.140788,0.065,0.0,2.037995,1
pair_mr,POLUSDT,2026-06-15 03:00:00+00:00,2026-06-15 04:00:00+00:00,LONG,1.17e-06,1.17e-06,1.17e-06,1.14e-06,TP,0.097656,0.132656,0.065,0.0,2.067849,1
pair_mr,POLUSDT,2026-06-15 04:00:00+00:00,2026-06-15 05:00:00+00:00,SHORT,1.18e-06,1.2e-06,1.17e-06,1.2e-06,SL,-1.065609,-1.030609,0.065,0.0,1.737321,1
pair_mr,POLUSDT,2026-06-15 05:00:00+00:00,2026-06-15 06:00:00+00:00,SHORT,1.18e-06,1.2e-06,1.17e-06,1.2e-06,SL,-1.065609,-1.030609,0.065,0.0,1.459625,1
pair_mr,POLUSDT,2026-06-15 13:00:00+00:00,2026-06-15 14:00:00+00:00,SHORT,1.18e-06,1.2e-06,1.17e-06,1.2e-06,SL,-1.065609,-1.030609,0.065,0.0,1.226317,1
pair_mr,POLUSDT,2026-06-15 21:00:00+00:00,2026-06-15 22:00:00+00:00,SHORT,1.18e-06,1.21e-06,1.18e-06,1.21e-06,SL,-1.065609,-1.030609,0.065,0.0,1.030301,1
pair_mr,POLUSDT,2026-06-16 07:00:00+00:00,2026-06-16 08:00:00+00:00,SHORT,1.18e-06,1.2e-06,1.18e-06,1.2e-06,SL,-1.065609,-1.030609,0.065,0.0,0.865616,1
pair_mr,POLUSDT,2026-06-16 08:00:00+00:00,2026-06-16 09:00:00+00:00,SHORT,1.19e-06,1.21e-06,1.18e-06,1.21e-06,SL,-1.065609,-1.030609,0.065,0.0,0.727255,1
pair_mr,POLUSDT,2026-06-16 12:00:00+00:00,2026-06-16 13:00:00+00:00,SHORT,1.19e-06,1.22e-06,1.19e-06,1.22e-06,SL,-1.065609,-1.030609,0.065,0.0,0.611009,1
pair_mr,POLUSDT,2026-06-16 14:00:00+00:00,2026-06-16 15:00:00+00:00,LONG,1.18e-06,1.19e-06,1.19e-06,1.15e-06,TP,0.392176,0.427176,0.065,0.0,0.646953,1
pair_mr,POLUSDT,2026-06-16 19:00:00+00:00,2026-06-16 20:00:00+00:00,LONG,1.17e-06,1.18e-06,1.18e-06,1.14e-06,TP,0.347219,0.382219,0.065,0.0,0.680648,1
pair_mr,POLUSDT,2026-06-16 23:00:00+00:00,2026-06-17 00:00:00+00:00,LONG,1.16e-06,1.17e-06,1.17e-06,1.14e-06,TP,0.315949,0.350949,0.065,0.0,0.712905,1
pair_mr,POLUSDT,2026-06-17 02:00:00+00:00,2026-06-17 03:00:00+00:00,SHORT,1.17e-06,1.2e-06,1.16e-06,1.2e-06,SL,-1.065609,-1.030609,0.065,0.0,0.598954,1
pair_mr,POLUSDT,2026-06-17 09:00:00+00:00,2026-06-17 10:00:00+00:00,SHORT,1.18e-06,1.21e-06,1.17e-06,1.21e-06,SL,-1.065609,-1.030609,0.065,0.0,0.503216,1
pair_mr,POLUSDT,2026-06-17 12:00:00+00:00,2026-06-17 13:00:00+00:00,SHORT,1.19e-06,1.22e-06,1.18e-06,1.22e-06,SL,-1.065609,-1.030609,0.065,0.0,0.422781,1
pair_mr,POLUSDT,2026-06-17 20:00:00+00:00,2026-06-17 21:00:00+00:00,SHORT,1.19e-06,1.22e-06,1.19e-06,1.22e-06,SL,-1.065609,-1.030609,0.065,0.0,0.355203,1
pair_mr,POLUSDT,2026-06-18 00:00:00+00:00,2026-06-18 01:00:00+00:00,SHORT,1.2e-06,1.22e-06,1.19e-06,1.22e-06,SL,-1.065609,-1.030609,0.065,0.0,0.298427,1
pair_mr,POLUSDT,2026-06-18 01:00:00+00:00,2026-06-18 02:00:00+00:00,SHORT,1.2e-06,1.22e-06,1.19e-06,1.22e-06,SL,-1.065609,-1.030609,0.065,0.0,0.250726,1
pair_mr,POLUSDT,2026-06-18 05:00:00+00:00,2026-06-18 06:00:00+00:00,LONG,1.18e-06,1.19e-06,1.19e-06,1.16e-06,TP,0.513551,0.548551,0.065,0.0,0.27004,1
pair_mr,POLUSDT,2026-06-18 12:00:00+00:00,2026-06-18 13:00:00+00:00,SHORT,1.2e-06,1.23e-06,1.19e-06,1.23e-06,SL,-1.065609,-1.030609,0.065,0.0,0.226877,1
pair_mr,POLUSDT,2026-06-18 13:00:00+00:00,2026-06-18 14:00:00+00:00,SHORT,1.2e-06,1.23e-06,1.2e-06,1.23e-06,SL,-1.065609,-1.030609,0.065,0.0,0.190612,1
pair_mr,POLUSDT,2026-06-18 14:00:00+00:00,2026-06-18 15:00:00+00:00,SHORT,1.22e-06,1.24e-06,1.2e-06,1.24e-06,SL,-1.065609,-1.030609,0.065,0.0,0.160145,1
pair_mr,POLUSDT,2026-06-18 17:00:00+00:00,2026-06-18 18:00:00+00:00,SHORT,1.22e-06,1.25e-06,1.21e-06,1.25e-06,SL,-1.065609,-1.030609,0.065,0.0,0.134547,1
pair_mr,POLUSDT,2026-06-18 19:00:00+00:00,2026-06-18 20:00:00+00:00,SHORT,1.24e-06,1.27e-06,1.22e-06,1.27e-06,SL,-1.065609,-1.030609,0.065,0.0,0.113041,1
pair_mr,POLUSDT,2026-06-19 00:00:00+00:00,2026-06-19 01:00:00+00:00,SHORT,1.25e-06,1.27e-06,1.24e-06,1.27e-06,SL,-1.065609,-1.030609,0.065,0.0,0.094972,1
pair_mr,POLUSDT,2026-06-19 05:00:00+00:00,2026-06-19 06:00:00+00:00,LONG,1.23e-06,1.25e-06,1.25e-06,1.21e-06,TP,0.376359,0.411359,0.065,0.0,0.100334,1
pair_mr,POLUSDT,2026-06-19 11:00:00+00:00,2026-06-19 12:00:00+00:00,LONG,1.24e-06,1.24e-06,1.24e-06,1.21e-06,TP,0.117665,0.152665,0.065,0.0,0.102105,1
pair_mr,POLUSDT,2026-06-19 15:00:00+00:00,2026-06-19 16:00:00+00:00,SHORT,1.27e-06,1.3e-06,1.24e-06,1.3e-06,SL,-1.054234,-1.025358,0.053626,0.0,0.085958,1
pair_mr,POLUSDT,2026-06-19 22:00:00+00:00,2026-06-19 23:00:00+00:00,SHORT,1.27e-06,1.29e-06,1.25e-06,1.29e-06,SL,-1.065609,-1.030609,0.065,0.0,0.072219,1
pair_mr,POLUSDT,2026-06-19 23:00:00+00:00,2026-06-20 00:00:00+00:00,SHORT,1.27e-06,1.3e-06,1.26e-06,1.3e-06,SL,-1.065609,-1.030609,0.065,0.0,0.060675,1
pair_mr,POLUSDT,2026-06-20 00:00:00+00:00,2026-06-20 01:00:00+00:00,SHORT,1.28e-06,1.31e-06,1.26e-06,1.31e-06,SL,-1.065609,-1.030609,0.065,0.0,0.050977,1
pair_mr,POLUSDT,2026-06-20 04:00:00+00:00,2026-06-20 05:00:00+00:00,SHORT,1.29e-06,1.32e-06,1.28e-06,1.32e-06,SL,-1.065609,-1.030609,0.065,0.0,0.042828,1
pair_mr,POLUSDT,2026-06-20 06:00:00+00:00,2026-06-20 07:00:00+00:00,SHORT,1.3e-06,1.33e-06,1.28e-06,1.33e-06,SL,-1.065609,-1.030609,0.065,0.0,0.035983,1
pair_mr,POLUSDT,2026-06-20 11:00:00+00:00,2026-06-20 12:00:00+00:00,LONG,1.29e-06,1.3e-06,1.3e-06,1.26e-06,TP,0.415106,0.450106,0.065,0.0,0.038223,1
pair_mr,POLUSDT,2026-06-20 12:00:00+00:00,2026-06-20 13:00:00+00:00,LONG,1.28e-06,1.3e-06,1.3e-06,1.26e-06,TP,0.408282,0.443282,0.065,0.0,0.040564,1
pair_mr,POLUSDT,2026-06-20 13:00:00+00:00,2026-06-20 14:00:00+00:00,LONG,1.28e-06,1.29e-06,1.29e-06,1.25e-06,TP,0.555427,0.590427,0.065,0.0,0.043944,1
pair_mr,POLUSDT,2026-06-20 14:00:00+00:00,2026-06-20 15:00:00+00:00,LONG,1.27e-06,1.29e-06,1.29e-06,1.24e-06,TP,0.6728,0.7078,0.065,0.0,0.048378,1
pair_mr,POLUSDT,2026-06-20 18:00:00+00:00,2026-06-20 19:00:00+00:00,LONG,1.26e-06,1.27e-06,1.27e-06,1.23e-06,TP,0.421062,0.456062,0.065,0.0,0.051434,1
pair_mr,POLUSDT,2026-06-20 23:00:00+00:00,2026-06-21 00:00:00+00:00,LONG,1.24e-06,1.26e-06,1.26e-06,1.21e-06,TP,0.677429,0.712429,0.065,0.0,0.05666,1
pair_mr,POLUSDT,2026-06-21 05:00:00+00:00,2026-06-21 06:00:00+00:00,LONG,1.23e-06,1.24e-06,1.24e-06,1.21e-06,TP,0.257548,0.292548,0.065,0.0,0.058849,1
pair_mr,POLUSDT,2026-06-21 14:00:00+00:00,2026-06-21 15:00:00+00:00,SHORT,1.24e-06,1.27e-06,1.24e-06,1.27e-06,SL,-1.065609,-1.030609,0.065,0.0,0.049443,1
pair_mr,POLUSDT,2026-06-21 15:00:00+00:00,2026-06-21 16:00:00+00:00,SHORT,1.25e-06,1.27e-06,1.24e-06,1.27e-06,SL,-1.065609,-1.030609,0.065,0.0,0.04154,1
pair_mr,POLUSDT,2026-06-21 16:00:00+00:00,2026-06-21 17:00:00+00:00,SHORT,1.26e-06,1.29e-06,1.24e-06,1.29e-06,SL,-1.065609,-1.030609,0.065,0.0,0.0349,1
pair_mr,POLUSDT,2026-06-21 18:00:00+00:00,2026-06-21 19:00:00+00:00,SHORT,1.27e-06,1.29e-06,1.25e-06,1.29e-06,SL,-1.065609,-1.030609,0.065,0.0,0.029322,1
pair_mr,POLUSDT,2026-06-21 21:00:00+00:00,2026-06-21 22:00:00+00:00,LONG,1.25e-06,1.26e-06,1.26e-06,1.22e-06,TP,0.622501,0.657501,0.065,0.0,0.032059,1
pair_mr,POLUSDT,2026-06-21 22:00:00+00:00,2026-06-21 23:00:00+00:00,LONG,1.24e-06,1.26e-06,1.26e-06,1.22e-06,TP,0.715545,0.750545,0.065,0.0,0.0355,1
pair_mr,POLUSDT,2026-06-22 09:00:00+00:00,2026-06-22 10:00:00+00:00,SHORT,1.25e-06,1.27e-06,1.24e-06,1.27e-06,SL,-1.065609,-1.030609,0.065,0.0,0.029826,1
pair_mr,POLUSDT,2026-06-22 12:00:00+00:00,2026-06-22 13:00:00+00:00,LONG,1.23e-06,1.24e-06,1.24e-06,1.2e-06,TP,0.45584,0.49084,0.065,0.0,0.031865,1
pair_mr,POLUSDT,2026-06-22 13:00:00+00:00,2026-06-22 14:00:00+00:00,LONG,1.22e-06,1.24e-06,1.24e-06,1.19e-06,TP,0.822526,0.857526,0.065,0.0,0.035797,1
pair_mr,POLUSDT,2026-06-22 15:00:00+00:00,2026-06-22 16:00:00+00:00,SHORT,1.25e-06,1.27e-06,1.23e-06,1.27e-06,SL,-1.065609,-1.030609,0.065,0.0,0.030075,1
pair_mr,POLUSDT,2026-06-23 01:00:00+00:00,2026-06-23 02:00:00+00:00,LONG,1.22e-06,1.24e-06,1.24e-06,1.2e-06,TP,0.420734,0.455734,0.065,0.0,0.031973,1
pair_mr,POLUSDT,2026-06-23 04:00:00+00:00,2026-06-23 05:00:00+00:00,SHORT,1.24e-06,1.27e-06,1.23e-06,1.27e-06,SL,-1.065609,-1.030609,0.065,0.0,0.026862,1
pair_mr,POLUSDT,2026-06-23 08:00:00+00:00,2026-06-23 09:00:00+00:00,LONG,1.23e-06,1.24e-06,1.24e-06,1.2e-06,TP,0.391112,0.426112,0.065,0.0,0.028438,1
pair_mr,POLUSDT,2026-06-23 11:00:00+00:00,2026-06-23 12:00:00+00:00,SHORT,1.24e-06,1.26e-06,1.23e-06,1.26e-06,SL,-1.065609,-1.030609,0.065,0.0,0.023893,1
pair_mr,POLUSDT,2026-06-23 12:00:00+00:00,2026-06-23 13:00:00+00:00,SHORT,1.24e-06,1.27e-06,1.23e-06,1.27e-06,SL,-1.065609,-1.030609,0.065,0.0,0.020074,1
pair_mr,POLUSDT,2026-06-23 13:00:00+00:00,2026-06-23 14:00:00+00:00,SHORT,1.25e-06,1.27e-06,1.23e-06,1.27e-06,SL,-1.065609,-1.030609,0.065,0.0,0.016865,1
pair_mr,POLUSDT,2026-06-23 17:00:00+00:00,2026-06-23 18:00:00+00:00,LONG,1.24e-06,1.24e-06,1.24e-06,1.21e-06,TP,0.255163,0.290163,0.065,0.0,0.017511,1
pair_mr,POLUSDT,2026-06-23 20:00:00+00:00,2026-06-23 21:00:00+00:00,LONG,1.24e-06,1.24e-06,1.24e-06,1.21e-06,TP,0.142558,0.177558,0.065,0.0,0.017885,1
pair_mr,POLUSDT,2026-06-24 00:00:00+00:00,2026-06-24 01:00:00+00:00,LONG,1.23e-06,1.24e-06,1.24e-06,1.2e-06,TP,0.37585,0.41085,0.065,0.0,0.018893,1
pair_mr,POLUSDT,2026-06-24 08:00:00+00:00,2026-06-24 09:00:00+00:00,LONG,1.22e-06,1.23e-06,1.23e-06,1.2e-06,TP,0.316787,0.351787,0.065,0.0,0.019791,1
pair_mr,POLUSDT,2026-06-24 13:00:00+00:00,2026-06-24 14:00:00+00:00,SHORT,1.23e-06,1.25e-06,1.22e-06,1.25e-06,SL,-1.065609,-1.030609,0.065,0.0,0.016628,1
pair_mr,POLUSDT,2026-06-24 14:00:00+00:00,2026-06-24 15:00:00+00:00,SHORT,1.24e-06,1.26e-06,1.22e-06,1.26e-06,SL,-1.065609,-1.030609,0.065,0.0,0.01397,1
pair_mr,POLUSDT,2026-06-24 17:00:00+00:00,2026-06-24 18:00:00+00:00,LONG,1.21e-06,1.23e-06,1.23e-06,1.19e-06,TP,0.561466,0.596466,0.065,0.0,0.015146,1
pair_mr,POLUSDT,2026-06-24 18:00:00+00:00,2026-06-24 19:00:00+00:00,LONG,1.2e-06,1.23e-06,1.23e-06,1.18e-06,TP,0.939896,0.971941,0.059512,0.0,0.017282,1
pair_mr,ARBUSDT,2026-06-12 09:00:00+00:00,2026-06-12 10:00:00+00:00,SHORT,1.33e-06,1.35e-06,1.31e-06,1.35e-06,SL,-1.065609,-1.030609,0.065,0.0,5.88111,1
pair_mr,ARBUSDT,2026-06-12 13:00:00+00:00,2026-06-12 14:00:00+00:00,LONG,1.31e-06,1.32e-06,1.32e-06,1.28e-06,TP,0.370601,0.405601,0.065,0.0,6.208042,1
pair_mr,ARBUSDT,2026-06-12 14:00:00+00:00,2026-06-12 15:00:00+00:00,SHORT,1.33e-06,1.36e-06,1.32e-06,1.36e-06,SL,-1.065609,-1.030609,0.065,0.0,5.21574,1
pair_mr,ARBUSDT,2026-06-13 00:00:00+00:00,2026-06-13 01:00:00+00:00,SHORT,1.32e-06,1.35e-06,1.32e-06,1.35e-06,SL,-1.065609,-1.030609,0.065,0.0,4.382049,1
pair_mr,ARBUSDT,2026-06-13 01:00:00+00:00,2026-06-13 02:00:00+00:00,SHORT,1.33e-06,1.35e-06,1.32e-06,1.35e-06,SL,-1.065609,-1.030609,0.065,0.0,3.681616,1
pair_mr,ARBUSDT,2026-06-13 06:00:00+00:00,2026-06-13 07:00:00+00:00,SHORT,1.33e-06,1.36e-06,1.32e-06,1.36e-06,SL,-1.065609,-1.030609,0.065,0.0,3.093142,1
pair_mr,ARBUSDT,2026-06-13 07:00:00+00:00,2026-06-13 08:00:00+00:00,SHORT,1.34e-06,1.37e-06,1.33e-06,1.37e-06,SL,-1.065609,-1.030609,0.065,0.0,2.59873,1
pair_mr,ARBUSDT,2026-06-13 11:00:00+00:00,2026-06-13 12:00:00+00:00,SHORT,1.35e-06,1.38e-06,1.34e-06,1.38e-06,SL,-1.065609,-1.030609,0.065,0.0,2.183345,1
pair_mr,ARBUSDT,2026-06-13 16:00:00+00:00,2026-06-13 17:00:00+00:00,LONG,1.34e-06,1.35e-06,1.35e-06,1.31e-06,TP,0.179529,0.214529,0.065,0.0,2.242141,1
pair_mr,ARBUSDT,2026-06-13 18:00:00+00:00,2026-06-13 19:00:00+00:00,LONG,1.33e-06,1.34e-06,1.34e-06,1.31e-06,TP,0.301435,0.336435,0.065,0.0,2.34352,1
pair_mr,ARBUSDT,2026-06-13 19:00:00+00:00,2026-06-13 20:00:00+00:00,LONG,1.33e-06,1.34e-06,1.34e-06,1.3e-06,TP,0.288151,0.323151,0.065,0.0,2.444813,1
pair_mr,ARBUSDT,2026-06-13 22:00:00+00:00,2026-06-13 23:00:00+00:00,LONG,1.33e-06,1.33e-06,1.33e-06,1.3e-06,TP,0.256547,0.291547,0.065,0.0,2.538894,1
pair_mr,ARBUSDT,2026-06-13 23:00:00+00:00,2026-06-14 00:00:00+00:00,LONG,1.32e-06,1.33e-06,1.33e-06,1.3e-06,TP,0.223859,0.258859,0.065,0.0,2.624147,1
pair_mr,ARBUSDT,2026-06-14 00:00:00+00:00,2026-06-14 01:00:00+00:00,LONG,1.31e-06,1.33e-06,1.33e-06,1.28e-06,TP,0.722698,0.757698,0.065,0.0,2.908617,1
pair_mr,ARBUSDT,2026-06-14 07:00:00+00:00,2026-06-14 08:00:00+00:00,LONG,1.3e-06,1.3e-06,1.3e-06,1.27e-06,TP,0.190527,0.225527,0.065,0.0,2.991743,1
pair_mr,ARBUSDT,2026-06-14 08:00:00+00:00,2026-06-14 09:00:00+00:00,LONG,1.29e-06,1.3e-06,1.3e-06,1.27e-06,TP,0.182082,0.217082,0.065,0.0,3.073454,1
pair_mr,ARBUSDT,2026-06-14 09:00:00+00:00,2026-06-14 10:00:00+00:00,LONG,1.29e-06,1.3e-06,1.3e-06,1.27e-06,TP,0.19144,0.22644,0.065,0.0,3.161711,1
pair_mr,ARBUSDT,2026-06-14 10:00:00+00:00,2026-06-14 11:00:00+00:00,LONG,1.29e-06,1.3e-06,1.3e-06,1.26e-06,TP,0.233934,0.268934,0.065,0.0,3.272656,1
pair_mr,ARBUSDT,2026-06-14 12:00:00+00:00,2026-06-14 13:00:00+00:00,LONG,1.29e-06,1.29e-06,1.29e-06,1.26e-06,TP,0.111125,0.146125,0.065,0.0,3.327207,1
pair_mr,ARBUSDT,2026-06-14 15:00:00+00:00,2026-06-14 16:00:00+00:00,LONG,1.29e-06,1.29e-06,1.29e-06,1.26e-06,TP,0.086461,0.121461,0.065,0.0,3.370358,1
pair_mr,ARBUSDT,2026-06-14 16:00:00+00:00,2026-06-14 17:00:00+00:00,LONG,1.28e-06,1.29e-06,1.29e-06,1.26e-06,TP,0.254103,0.289103,0.065,0.0,3.498821,1
pair_mr,ARBUSDT,2026-06-14 19:00:00+00:00,2026-06-14 20:00:00+00:00,SHORT,1.29e-06,1.32e-06,1.28e-06,1.32e-06,SL,-1.065609,-1.030609,0.065,0.0,2.939564,1
pair_mr,ARBUSDT,2026-06-14 21:00:00+00:00,2026-06-14 22:00:00+00:00,SHORT,1.31e-06,1.33e-06,1.29e-06,1.33e-06,SL,-1.065609,-1.030609,0.065,0.0,2.4697,1
pair_mr,ARBUSDT,2026-06-15 05:00:00+00:00,2026-06-15 06:00:00+00:00,SHORT,1.32e-06,1.34e-06,1.3e-06,1.34e-06,SL,-1.065609,-1.030609,0.065,0.0,2.07494,1
pair_mr,ARBUSDT,2026-06-15 10:00:00+00:00,2026-06-15 11:00:00+00:00,SHORT,1.33e-06,1.35e-06,1.32e-06,1.35e-06,SL,-1.065609,-1.030609,0.065,0.0,1.743279,1
pair_mr,ARBUSDT,2026-06-15 11:00:00+00:00,2026-06-15 12:00:00+00:00,SHORT,1.33e-06,1.36e-06,1.32e-06,1.36e-06,SL,-1.065609,-1.030609,0.065,0.0,1.464631,1
pair_mr,ARBUSDT,2026-06-15 13:00:00+00:00,2026-06-15 14:00:00+00:00,SHORT,1.35e-06,1.38e-06,1.32e-06,1.38e-06,SL,-1.065609,-1.030609,0.065,0.0,1.230522,1
pair_mr,ARBUSDT,2026-06-15 19:00:00+00:00,2026-06-15 20:00:00+00:00,LONG,1.31e-06,1.33e-06,1.33e-06,1.28e-06,TP,0.675776,0.710776,0.065,0.0,1.355256,1
pair_mr,ARBUSDT,2026-06-15 20:00:00+00:00,2026-06-15 21:00:00+00:00,LONG,1.31e-06,1.32e-06,1.32e-06,1.28e-06,TP,0.595876,0.630876,0.065,0.0,1.476391,1
pair_mr,ARBUSDT,2026-06-15 22:00:00+00:00,2026-06-15 23:00:00+00:00,LONG,1.3e-06,1.32e-06,1.32e-06,1.27e-06,TP,0.742523,0.777523,0.065,0.0,1.640829,1
pair_mr,ARBUSDT,2026-06-16 03:00:00+00:00,2026-06-16 04:00:00+00:00,SHORT,1.3e-06,1.33e-06,1.3e-06,1.33e-06,SL,-1.065609,-1.030609,0.065,0.0,1.378556,1
pair_mr,ARBUSDT,2026-06-16 08:00:00+00:00,2026-06-16 09:00:00+00:00,SHORT,1.31e-06,1.34e-06,1.3e-06,1.34e-06,SL,-1.065609,-1.030609,0.065,0.0,1.158206,1
pair_mr,ARBUSDT,2026-06-16 12:00:00+00:00,2026-06-16 13:00:00+00:00,SHORT,1.31e-06,1.34e-06,1.3e-06,1.34e-06,SL,-1.065609,-1.030609,0.065,0.0,0.973077,1
pair_mr,ARBUSDT,2026-06-16 13:00:00+00:00,2026-06-16 14:00:00+00:00,LONG,1.3e-06,1.31e-06,1.31e-06,1.27e-06,TP,0.262813,0.297813,0.065,0.0,1.011437,1
pair_mr,ARBUSDT,2026-06-16 14:00:00+00:00,2026-06-16 15:00:00+00:00,LONG,1.28e-06,1.3e-06,1.3e-06,1.26e-06,TP,0.825524,0.860524,0.065,0.0,1.136682,1
pair_mr,ARBUSDT,2026-06-16 18:00:00+00:00,2026-06-16 19:00:00+00:00,SHORT,1.3e-06,1.33e-06,1.29e-06,1.33e-06,SL,-1.065609,-1.030609,0.065,0.0,0.954993,1
pair_mr,ARBUSDT,2026-06-16 20:00:00+00:00,2026-06-16 21:00:00+00:00,SHORT,1.31e-06,1.34e-06,1.29e-06,1.34e-06,SL,-1.065609,-1.030609,0.065,0.0,0.802346,1
pair_mr,ARBUSDT,2026-06-17 00:00:00+00:00,2026-06-17 01:00:00+00:00,SHORT,1.31e-06,1.34e-06,1.3e-06,1.34e-06,SL,-1.065609,-1.030609,0.065,0.0,0.674098,1
pair_mr,ARBUSDT,2026-06-17 01:00:00+00:00,2026-06-17 02:00:00+00:00,SHORT,1.34e-06,1.37e-06,1.31e-06,1.37e-06,SL,-1.05483,-1.025633,0.054222,0.0,0.567439,1
pair_mr,ARBUSDT,2026-06-17 02:00:00+00:00,2026-06-17 03:00:00+00:00,SHORT,1.35e-06,1.39e-06,1.31e-06,1.39e-06,SL,-1.044738,-1.020975,0.044132,0.0,0.478515,1
pair_mr,ARBUSDT,2026-06-17 10:00:00+00:00,2026-06-17 11:00:00+00:00,LONG,1.33e-06,1.34e-06,1.34e-06,1.3e-06,TP,0.181916,0.216916,0.065,0.0,0.491573,1
pair_mr,ARBUSDT,2026-06-17 11:00:00+00:00,2026-06-17 12:00:00+00:00,LONG,1.32e-06,1.33e-06,1.33e-06,1.3e-06,TP,0.359188,0.394188,0.065,0.0,0.518058,1
pair_mr,ARBUSDT,2026-06-17 13:00:00+00:00,2026-06-17 14:00:00+00:00,LONG,1.32e-06,1.33e-06,1.33e-06,1.29e-06,TP,0.291481,0.326481,0.065,0.0,0.540708,1
pair_mr,ARBUSDT,2026-06-17 15:00:00+00:00,2026-06-17 16:00:00+00:00,SHORT,1.34e-06,1.37e-06,1.32e-06,1.37e-06,SL,-1.065609,-1.030609,0.065,0.0,0.454281,1
pair_mr,ARBUSDT,2026-06-17 19:00:00+00:00,2026-06-17 20:00:00+00:00,LONG,1.32e-06,1.33e-06,1.33e-06,1.29e-06,TP,0.594029,0.629029,0.065,0.0,0.494759,1
pair_mr,ARBUSDT,2026-06-18 01:00:00+00:00,2026-06-18 02:00:00+00:00,SHORT,1.35e-06,1.38e-06,1.33e-06,1.38e-06,SL,-1.065609,-1.030609,0.065,0.0,0.415676,1
pair_mr,ARBUSDT,2026-06-18 04:00:00+00:00,2026-06-18 05:00:00+00:00,LONG,1.32e-06,1.34e-06,1.34e-06,1.29e-06,TP,0.724857,0.759857,0.065,0.0,0.460872,1
pair_mr,ARBUSDT,2026-06-18 09:00:00+00:00,2026-06-18 10:00:00+00:00,SHORT,1.33e-06,1.36e-06,1.32e-06,1.36e-06,SL,-1.065609,-1.030609,0.065,0.0,0.387206,1
pair_mr,ARBUSDT,2026-06-18 14:00:00+00:00,2026-06-18 15:00:00+00:00,SHORT,1.34e-06,1.36e-06,1.32e-06,1.36e-06,SL,-1.065609,-1.030609,0.065,0.0,0.325314,1
pair_mr,ARBUSDT,2026-06-18 15:00:00+00:00,2026-06-18 16:00:00+00:00,LONG,1.31e-06,1.32e-06,1.32e-06,1.28e-06,TP,0.570726,0.605726,0.065,0.0,0.353164,1
pair_mr,ARBUSDT,2026-06-18 20:00:00+00:00,2026-06-18 21:00:00+00:00,SHORT,1.34e-06,1.37e-06,1.32e-06,1.37e-06,SL,-1.060957,-1.028462,0.060348,0.0,0.29696,1
pair_mr,ARBUSDT,2026-06-19 01:00:00+00:00,2026-06-19 02:00:00+00:00,SHORT,1.37e-06,1.39e-06,1.35e-06,1.39e-06,SL,-1.065609,-1.030609,0.065,0.0,0.249494,1
pair_mr,ARBUSDT,2026-06-19 04:00:00+00:00,2026-06-19 05:00:00+00:00,LONG,1.33e-06,1.36e-06,1.36e-06,1.3e-06,TP,0.943042,0.973393,0.056366,0.0,0.284786,1
pair_mr,ARBUSDT,2026-06-19 10:00:00+00:00,2026-06-19 11:00:00+00:00,LONG,1.32e-06,1.33e-06,1.33e-06,1.29e-06,TP,0.334592,0.369592,0.065,0.0,0.299079,1
pair_mr,ARBUSDT,2026-06-19 13:00:00+00:00,2026-06-19 14:00:00+00:00,SHORT,1.34e-06,1.37e-06,1.33e-06,1.37e-06,SL,-1.065609,-1.030609,0.065,0.0,0.251274,1
pair_mr,ARBUSDT,2026-06-19 18:00:00+00:00,2026-06-19 19:00:00+00:00,LONG,1.33e-06,1.34e-06,1.34e-06,1.3e-06,TP,0.308036,0.343036,0.065,0.0,0.262884,1
pair_mr,ARBUSDT,2026-06-19 19:00:00+00:00,2026-06-19 20:00:00+00:00,LONG,1.32e-06,1.33e-06,1.33e-06,1.29e-06,TP,0.620185,0.655185,0.065,0.0,0.28734,1
pair_mr,ARBUSDT,2026-06-20 01:00:00+00:00,2026-06-20 02:00:00+00:00,LONG,1.31e-06,1.32e-06,1.32e-06,1.29e-06,TP,0.203744,0.238744,0.065,0.0,0.296121,1
pair_mr,ARBUSDT,2026-06-20 02:00:00+00:00,2026-06-20 03:00:00+00:00,LONG,1.31e-06,1.32e-06,1.32e-06,1.28e-06,TP,0.324629,0.359629,0.065,0.0,0.310541,1
pair_mr,ARBUSDT,2026-06-20 05:00:00+00:00,2026-06-20 06:00:00+00:00,SHORT,1.32e-06,1.35e-06,1.31e-06,1.35e-06,SL,-1.065609,-1.030609,0.065,0.0,0.260903,1
pair_mr,ARBUSDT,2026-06-20 06:00:00+00:00,2026-06-20 07:00:00+00:00,SHORT,1.32e-06,1.35e-06,1.31e-06,1.35e-06,SL,-1.065609,-1.030609,0.065,0.0,0.2192,1
pair_mr,ARBUSDT,2026-06-20 11:00:00+00:00,2026-06-20 12:00:00+00:00,LONG,1.32e-06,1.32e-06,1.32e-06,1.29e-06,TP,0.254795,0.289795,0.065,0.0,0.227578,1
pair_mr,ARBUSDT,2026-06-20 12:00:00+00:00,2026-06-20 13:00:00+00:00,LONG,1.31e-06,1.32e-06,1.32e-06,1.28e-06,TP,0.423373,0.458373,0.065,0.0,0.242031,1
pair_mr,ARBUSDT,2026-06-20 13:00:00+00:00,2026-06-20 14:00:00+00:00,LONG,1.3e-06,1.32e-06,1.32e-06,1.28e-06,TP,0.507267,0.542267,0.065,0.0,0.260447,1
pair_mr,ARBUSDT,2026-06-20 17:00:00+00:00,2026-06-20 18:00:00+00:00,LONG,1.3e-06,1.31e-06,1.31e-06,1.27e-06,TP,0.229863,0.264863,0.065,0.0,0.269427,1
pair_mr,ARBUSDT,2026-06-20 22:00:00+00:00,2026-06-20 23:00:00+00:00,SHORT,1.32e-06,1.34e-06,1.3e-06,1.34e-06,SL,-1.065609,-1.030609,0.065,0.0,0.226361,1
pair_mr,ARBUSDT,2026-06-21 03:00:00+00:00,2026-06-21 04:00:00+00:00,LONG,1.3e-06,1.31e-06,1.31e-06,1.27e-06,TP,0.360174,0.395174,0.065,0.0,0.238591,1
pair_mr,ARBUSDT,2026-06-21 04:00:00+00:00,2026-06-21 05:00:00+00:00,LONG,1.29e-06,1.31e-06,1.31e-06,1.27e-06,TP,0.47038,0.50538,0.065,0.0,0.255425,1
pair_mr,ARBUSDT,2026-06-21 08:00:00+00:00,2026-06-21 09:00:00+00:00,SHORT,1.31e-06,1.33e-06,1.3e-06,1.33e-06,SL,-1.065609,-1.030609,0.065,0.0,0.214597,1
pair_mr,ARBUSDT,2026-06-21 09:00:00+00:00,2026-06-21 10:00:00+00:00,SHORT,1.31e-06,1.34e-06,1.3e-06,1.34e-06,SL,-1.065609,-1.030609,0.065,0.0,0.180296,1
pair_mr,ARBUSDT,2026-06-21 17:00:00+00:00,2026-06-21 18:00:00+00:00,LONG,1.3e-06,1.31e-06,1.31e-06,1.28e-06,TP,0.207569,0.242569,0.065,0.0,0.185909,1
pair_mr,ARBUSDT,2026-06-21 20:00:00+00:00,2026-06-21 21:00:00+00:00,LONG,1.3e-06,1.31e-06,1.31e-06,1.27e-06,TP,0.265672,0.300672,0.065,0.0,0.193318,1
pair_mr,ARBUSDT,2026-06-21 21:00:00+00:00,2026-06-21 22:00:00+00:00,LONG,1.29e-06,1.3e-06,1.3e-06,1.26e-06,TP,0.468328,0.503328,0.065,0.0,0.206898,1
pair_mr,ARBUSDT,2026-06-22 01:00:00+00:00,2026-06-22 02:00:00+00:00,SHORT,1.31e-06,1.34e-06,1.29e-06,1.34e-06,SL,-1.065609,-1.030609,0.065,0.0,0.173828,1
pair_mr,ARBUSDT,2026-06-22 06:00:00+00:00,2026-06-22 07:00:00+00:00,SHORT,1.31e-06,1.34e-06,1.3e-06,1.34e-06,SL,-1.065609,-1.030609,0.065,0.0,0.146043,1
pair_mr,ARBUSDT,2026-06-22 07:00:00+00:00,2026-06-22 08:00:00+00:00,SHORT,1.32e-06,1.35e-06,1.31e-06,1.35e-06,SL,-1.065609,-1.030609,0.065,0.0,0.122699,1
pair_mr,ARBUSDT,2026-06-22 08:00:00+00:00,2026-06-22 09:00:00+00:00,SHORT,1.33e-06,1.35e-06,1.31e-06,1.35e-06,SL,-1.065609,-1.030609,0.065,0.0,0.103087,1
pair_mr,ARBUSDT,2026-06-22 12:00:00+00:00,2026-06-22 13:00:00+00:00,LONG,1.32e-06,1.33e-06,1.33e-06,1.3e-06,TP,0.195519,0.230519,0.065,0.0,0.10611,1
pair_mr,ARBUSDT,2026-06-22 14:00:00+00:00,2026-06-22 15:00:00+00:00,LONG,1.32e-06,1.33e-06,1.33e-06,1.29e-06,TP,0.309785,0.344785,0.065,0.0,0.111041,1
pair_mr,ARBUSDT,2026-06-22 15:00:00+00:00,2026-06-22 16:00:00+00:00,LONG,1.31e-06,1.32e-06,1.32e-06,1.28e-06,TP,0.655829,0.690829,0.065,0.0,0.121964,1
pair_mr,ARBUSDT,2026-06-22 19:00:00+00:00,2026-06-22 20:00:00+00:00,LONG,1.3e-06,1.31e-06,1.31e-06,1.27e-06,TP,0.452035,0.487035,0.065,0.0,0.130234,1
pair_mr,ARBUSDT,2026-06-23 01:00:00+00:00,2026-06-23 02:00:00+00:00,LONG,1.29e-06,1.3e-06,1.3e-06,1.27e-06,TP,0.18773,0.22273,0.065,0.0,0.133901,1
pair_mr,ARBUSDT,2026-06-23 02:00:00+00:00,2026-06-23 03:00:00+00:00,LONG,1.29e-06,1.3e-06,1.3e-06,1.26e-06,TP,0.184933,0.219933,0.065,0.0,0.137616,1
pair_mr,ARBUSDT,2026-06-23 06:00:00+00:00,2026-06-23 07:00:00+00:00,LONG,1.27e-06,1.29e-06,1.29e-06,1.24e-06,TP,0.823008,0.858008,0.065,0.0,0.154605,1
pair_mr,ARBUSDT,2026-06-23 07:00:00+00:00,2026-06-23 08:00:00+00:00,LONG,1.27e-06,1.29e-06,1.29e-06,1.24e-06,TP,0.722998,0.757998,0.065,0.0,0.171371,1
pair_mr,ARBUSDT,2026-06-23 08:00:00+00:00,2026-06-23 09:00:00+00:00,LONG,1.24e-06,1.28e-06,1.28e-06,1.2e-06,TP,0.959283,0.980887,0.040123,0.0,0.19603,1
pair_mr,ARBUSDT,2026-06-23 13:00:00+00:00,2026-06-23 14:00:00+00:00,SHORT,1.28e-06,1.3e-06,1.25e-06,1.3e-06,SL,-1.064475,-1.030086,0.063866,0.0,0.16473,1
pair_mr,ARBUSDT,2026-06-23 20:00:00+00:00,2026-06-23 21:00:00+00:00,SHORT,1.26e-06,1.29e-06,1.26e-06,1.29e-06,SL,-1.065609,-1.030609,0.065,0.0,0.138399,1
pair_mr,ARBUSDT,2026-06-24 00:00:00+00:00,2026-06-24 01:00:00+00:00,LONG,1.25e-06,1.26e-06,1.26e-06,1.23e-06,TP,0.251807,0.286807,0.065,0.0,0.143627,1
pair_mr,ARBUSDT,2026-06-24 01:00:00+00:00,2026-06-24 02:00:00+00:00,LONG,1.25e-06,1.26e-06,1.26e-06,1.23e-06,TP,0.366924,0.401924,0.065,0.0,0.151532,1
pair_mr,ARBUSDT,2026-06-24 02:00:00+00:00,2026-06-24 03:00:00+00:00,LONG,1.25e-06,1.26e-06,1.26e-06,1.22e-06,TP,0.405317,0.440317,0.065,0.0,0.160745,1
pair_mr,ARBUSDT,2026-06-24 10:00:00+00:00,2026-06-24 11:00:00+00:00,LONG,1.25e-06,1.25e-06,1.25e-06,1.22e-06,TP,0.099247,0.134247,0.065,0.0,0.163138,1
pair_mr,ARBUSDT,2026-06-24 13:00:00+00:00,2026-06-24 14:00:00+00:00,SHORT,1.25e-06,1.28e-06,1.25e-06,1.28e-06,SL,-1.065609,-1.030609,0.065,0.0,0.137061,1
pair_mr,ARBUSDT,2026-06-24 14:00:00+00:00,2026-06-24 15:00:00+00:00,SHORT,1.26e-06,1.29e-06,1.25e-06,1.29e-06,SL,-1.065609,-1.030609,0.065,0.0,0.115153,1
pair_mr,ARBUSDT,2026-06-24 16:00:00+00:00,2026-06-24 17:00:00+00:00,LONG,1.23e-06,1.25e-06,1.25e-06,1.21e-06,TP,0.733574,0.768574,0.065,0.0,0.127824,1
pair_mr,OPUSDT,2026-06-12 09:00:00+00:00,2026-06-12 10:00:00+00:00,SHORT,1.55e-06,1.58e-06,1.52e-06,1.58e-06,SL,-1.065609,-1.030609,0.065,0.0,5.88111,1
pair_mr,OPUSDT,2026-06-12 10:00:00+00:00,2026-06-12 11:00:00+00:00,SHORT,1.56e-06,1.59e-06,1.53e-06,1.59e-06,SL,-1.065609,-1.030609,0.065,0.0,4.941066,1
pair_mr,OPUSDT,2026-06-12 14:00:00+00:00,2026-06-12 15:00:00+00:00,SHORT,1.57e-06,1.6e-06,1.56e-06,1.6e-06,SL,-1.065609,-1.030609,0.065,0.0,4.151279,1
pair_mr,OPUSDT,2026-06-12 16:00:00+00:00,2026-06-12 17:00:00+00:00,SHORT,1.58e-06,1.61e-06,1.56e-06,1.61e-06,SL,-1.065609,-1.030609,0.065,0.0,3.487733,1
pair_mr,OPUSDT,2026-06-12 21:00:00+00:00,2026-06-12 22:00:00+00:00,LONG,1.57e-06,1.57e-06,1.57e-06,1.53e-06,TP,0.252626,0.287626,0.065,0.0,3.619897,1
pair_mr,OPUSDT,2026-06-13 02:00:00+00:00,2026-06-13 03:00:00+00:00,SHORT,1.58e-06,1.61e-06,1.57e-06,1.61e-06,SL,-1.065609,-1.030609,0.065,0.0,3.041287,1
pair_mr,OPUSDT,2026-06-13 04:00:00+00:00,2026-06-13 05:00:00+00:00,SHORT,1.59e-06,1.62e-06,1.58e-06,1.62e-06,SL,-1.065609,-1.030609,0.065,0.0,2.555164,1
pair_mr,OPUSDT,2026-06-13 05:00:00+00:00,2026-06-13 06:00:00+00:00,SHORT,1.61e-06,1.64e-06,1.58e-06,1.64e-06,SL,-1.065609,-1.030609,0.065,0.0,2.146743,1
pair_mr,OPUSDT,2026-06-13 06:00:00+00:00,2026-06-13 07:00:00+00:00,SHORT,1.63e-06,1.67e-06,1.59e-06,1.67e-06,SL,-1.049735,-1.023282,0.049128,0.0,1.808716,1
pair_mr,OPUSDT,2026-06-13 07:00:00+00:00,2026-06-13 08:00:00+00:00,SHORT,1.66e-06,1.71e-06,1.6e-06,1.71e-06,SL,-1.038014,-1.017871,0.037409,0.0,1.527095,1
pair_mr,OPUSDT,2026-06-13 08:00:00+00:00,2026-06-13 09:00:00+00:00,SHORT,1.67e-06,1.74e-06,1.61e-06,1.74e-06,SL,-1.036163,-1.017016,0.035558,0.0,1.289747,1
pair_mr,OPUSDT,2026-06-13 09:00:00+00:00,2026-06-13 10:00:00+00:00,SHORT,1.7e-06,1.76e-06,1.63e-06,1.76e-06,SL,-1.034606,-1.016298,0.034001,0.0,1.08959,1
pair_mr,OPUSDT,2026-06-13 13:00:00+00:00,2026-06-13 14:00:00+00:00,SHORT,1.72e-06,1.75e-06,1.68e-06,1.75e-06,SL,-1.065197,-1.030419,0.064588,0.0,0.915496,1
pair_mr,OPUSDT,2026-06-13 22:00:00+00:00,2026-06-13 23:00:00+00:00,LONG,1.66e-06,1.69e-06,1.69e-06,1.63e-06,TP,0.567258,0.602258,0.065,0.0,0.993394,1
pair_mr,OPUSDT,2026-06-13 23:00:00+00:00,2026-06-14 00:00:00+00:00,LONG,1.66e-06,1.68e-06,1.68e-06,1.63e-06,TP,0.488092,0.523092,0.065,0.0,1.066125,1
pair_mr,OPUSDT,2026-06-14 00:00:00+00:00,2026-06-14 01:00:00+00:00,LONG,1.64e-06,1.67e-06,1.67e-06,1.61e-06,TP,0.760288,0.795288,0.065,0.0,1.187709,1
pair_mr,OPUSDT,2026-06-14 04:00:00+00:00,2026-06-14 05:00:00+00:00,LONG,1.63e-06,1.65e-06,1.65e-06,1.6e-06,TP,0.416301,0.451301,0.065,0.0,1.261875,1
pair_mr,OPUSDT,2026-06-14 09:00:00+00:00,2026-06-14 10:00:00+00:00,SHORT,1.65e-06,1.69e-06,1.64e-06,1.69e-06,SL,-1.065609,-1.030609,0.065,0.0,1.060175,1
pair_mr,OPUSDT,2026-06-14 10:00:00+00:00,2026-06-14 11:00:00+00:00,SHORT,1.66e-06,1.69e-06,1.65e-06,1.69e-06,SL,-1.065609,-1.030609,0.065,0.0,0.890716,1
pair_mr,OPUSDT,2026-06-14 22:00:00+00:00,2026-06-14 23:00:00+00:00,LONG,1.65e-06,1.66e-06,1.66e-06,1.62e-06,TP,0.076059,0.111059,0.065,0.0,0.900878,1
pair_mr,OPUSDT,2026-06-15 01:00:00+00:00,2026-06-15 02:00:00+00:00,SHORT,1.68e-06,1.71e-06,1.65e-06,1.71e-06,SL,-1.065609,-1.030609,0.065,0.0,0.75688,1
pair_mr,OPUSDT,2026-06-15 02:00:00+00:00,2026-06-15 03:00:00+00:00,SHORT,1.69e-06,1.72e-06,1.66e-06,1.72e-06,SL,-1.065609,-1.030609,0.065,0.0,0.635899,1
pair_mr,OPUSDT,2026-06-15 06:00:00+00:00,2026-06-15 07:00:00+00:00,LONG,1.67e-06,1.68e-06,1.68e-06,1.64e-06,TP,0.275311,0.310311,0.065,0.0,0.66216,1
pair_mr,OPUSDT,2026-06-15 15:00:00+00:00,2026-06-15 16:00:00+00:00,LONG,1.65e-06,1.67e-06,1.67e-06,1.62e-06,TP,0.657495,0.692495,0.065,0.0,0.727465,1
pair_mr,OPUSDT,2026-06-15 16:00:00+00:00,2026-06-15 17:00:00+00:00,LONG,1.65e-06,1.67e-06,1.67e-06,1.61e-06,TP,0.575416,0.610416,0.065,0.0,0.790254,1
pair_mr,OPUSDT,2026-06-15 22:00:00+00:00,2026-06-15 23:00:00+00:00,LONG,1.63e-06,1.65e-06,1.65e-06,1.6e-06,TP,0.574367,0.609367,0.065,0.0,0.858338,1
pair_mr,OPUSDT,2026-06-16 04:00:00+00:00,2026-06-16 05:00:00+00:00,LONG,1.63e-06,1.64e-06,1.64e-06,1.6e-06,TP,0.157251,0.192251,0.065,0.0,0.878585,1
pair_mr,OPUSDT,2026-06-16 05:00:00+00:00,2026-06-16 06:00:00+00:00,LONG,1.62e-06,1.64e-06,1.64e-06,1.59e-06,TP,0.377127,0.412127,0.065,0.0,0.928285,1
pair_mr,OPUSDT,2026-06-16 06:00:00+00:00,2026-06-16 07:00:00+00:00,LONG,1.61e-06,1.63e-06,1.63e-06,1.57e-06,TP,0.762773,0.797773,0.065,0.0,1.034496,1
pair_mr,OPUSDT,2026-06-16 11:00:00+00:00,2026-06-16 12:00:00+00:00,SHORT,1.63e-06,1.67e-06,1.62e-06,1.67e-06,SL,-1.065609,-1.030609,0.065,0.0,0.869141,1
pair_mr,OPUSDT,2026-06-16 12:00:00+00:00,2026-06-16 13:00:00+00:00,SHORT,1.64e-06,1.67e-06,1.62e-06,1.67e-06,SL,-1.065609,-1.030609,0.065,0.0,0.730216,1
pair_mr,OPUSDT,2026-06-16 18:00:00+00:00,2026-06-16 19:00:00+00:00,SHORT,1.64e-06,1.68e-06,1.62e-06,1.68e-06,SL,-1.065609,-1.030609,0.065,0.0,0.613497,1
pair_mr,OPUSDT,2026-06-16 19:00:00+00:00,2026-06-16 20:00:00+00:00,SHORT,1.65e-06,1.68e-06,1.63e-06,1.68e-06,SL,-1.065609,-1.030609,0.065,0.0,0.515435,1
pair_mr,OPUSDT,2026-06-16 20:00:00+00:00,2026-06-16 21:00:00+00:00,SHORT,1.67e-06,1.71e-06,1.63e-06,1.71e-06,SL,-1.054393,-1.025432,0.053786,0.0,0.433914,1
pair_mr,OPUSDT,2026-06-17 01:00:00+00:00,2026-06-17 02:00:00+00:00,SHORT,1.69e-06,1.72e-06,1.67e-06,1.72e-06,SL,-1.065609,-1.030609,0.065,0.0,0.364557,1
pair_mr,OPUSDT,2026-06-17 13:00:00+00:00,2026-06-17 14:00:00+00:00,LONG,1.64e-06,1.66e-06,1.66e-06,1.61e-06,TP,0.463634,0.498634,0.065,0.0,0.38991,1
pair_mr,OPUSDT,2026-06-17 14:00:00+00:00,2026-06-17 15:00:00+00:00,LONG,1.64e-06,1.65e-06,1.65e-06,1.6e-06,TP,0.476051,0.511051,0.065,0.0,0.417753,1
pair_mr,OPUSDT,2026-06-17 17:00:00+00:00,2026-06-17 18:00:00+00:00,SHORT,1.67e-06,1.71e-06,1.65e-06,1.71e-06,SL,-1.065609,-1.030609,0.065,0.0,0.350978,1
pair_mr,OPUSDT,2026-06-17 22:00:00+00:00,2026-06-17 23:00:00+00:00,SHORT,1.68e-06,1.71e-06,1.66e-06,1.71e-06,SL,-1.065609,-1.030609,0.065,0.0,0.294878,1
pair_mr,OPUSDT,2026-06-17 23:00:00+00:00,2026-06-18 00:00:00+00:00,SHORT,1.69e-06,1.72e-06,1.66e-06,1.72e-06,SL,-1.065609,-1.030609,0.065,0.0,0.247744,1
pair_mr,OPUSDT,2026-06-18 03:00:00+00:00,2026-06-18 04:00:00+00:00,LONG,1.67e-06,1.68e-06,1.68e-06,1.63e-06,TP,0.49531,0.53031,0.065,0.0,0.26615,1
pair_mr,OPUSDT,2026-06-18 04:00:00+00:00,2026-06-18 05:00:00+00:00,LONG,1.64e-06,1.68e-06,1.68e-06,1.6e-06,TP,0.945823,0.974676,0.053585,0.0,0.30391,1
pair_mr,OPUSDT,2026-06-18 05:00:00+00:00,2026-06-18 06:00:00+00:00,LONG,1.63e-06,1.67e-06,1.67e-06,1.59e-06,TP,0.950315,0.976749,0.049092,0.0,0.347232,1
pair_mr,OPUSDT,2026-06-18 09:00:00+00:00,2026-06-18 10:00:00+00:00,SHORT,1.7e-06,1.76e-06,1.65e-06,1.76e-06,SL,-1.040772,-1.019144,0.040166,0.0,0.293023,1
pair_mr,OPUSDT,2026-06-18 18:00:00+00:00,2026-06-18 19:00:00+00:00,SHORT,1.71e-06,1.74e-06,1.68e-06,1.74e-06,SL,-1.065609,-1.030609,0.065,0.0,0.246186,1
pair_mr,OPUSDT,2026-06-18 19:00:00+00:00,2026-06-18 20:00:00+00:00,SHORT,1.72e-06,1.76e-06,1.69e-06,1.76e-06,SL,-1.059119,-1.027613,0.058511,0.0,0.207075,1
pair_mr,OPUSDT,2026-06-18 23:00:00+00:00,2026-06-19 00:00:00+00:00,SHORT,1.73e-06,1.77e-06,1.72e-06,1.77e-06,SL,-1.065609,-1.030609,0.065,0.0,0.173976,1
pair_mr,OPUSDT,2026-06-19 00:00:00+00:00,2026-06-19 01:00:00+00:00,SHORT,1.75e-06,1.78e-06,1.73e-06,1.78e-06,SL,-1.065609,-1.030609,0.065,0.0,0.146167,1
pair_mr,OPUSDT,2026-06-19 01:00:00+00:00,2026-06-19 02:00:00+00:00,LONG,1.68e-06,1.73e-06,1.73e-06,1.63e-06,TP,0.954574,0.978715,0.044832,0.0,0.167096,1
pair_mr,OPUSDT,2026-06-19 02:00:00+00:00,2026-06-19 03:00:00+00:00,LONG,1.67e-06,1.72e-06,1.72e-06,1.61e-06,TP,0.960877,0.981623,0.038529,0.0,0.19118,1
pair_mr,OPUSDT,2026-06-19 03:00:00+00:00,2026-06-19 04:00:00+00:00,LONG,1.64e-06,1.71e-06,1.71e-06,1.56e-06,TP,0.970841,0.986221,0.028563,0.0,0.219021,1
pair_mr,OPUSDT,2026-06-19 08:00:00+00:00,2026-06-19 09:00:00+00:00,LONG,1.6e-06,1.62e-06,1.62e-06,1.57e-06,TP,0.529038,0.564038,0.065,0.0,0.236402,1
pair_mr,OPUSDT,2026-06-19 12:00:00+00:00,2026-06-19 13:00:00+00:00,SHORT,1.64e-06,1.67e-06,1.61e-06,1.67e-06,SL,-1.065609,-1.030609,0.065,0.0,0.198615,1
pair_mr,OPUSDT,2026-06-19 13:00:00+00:00,2026-06-19 14:00:00+00:00,SHORT,1.66e-06,1.71e-06,1.61e-06,1.71e-06,SL,-1.044909,-1.021054,0.044303,0.0,0.167485,1
pair_mr,OPUSDT,2026-06-19 19:00:00+00:00,2026-06-19 20:00:00+00:00,LONG,1.61e-06,1.63e-06,1.63e-06,1.58e-06,TP,0.554348,0.589348,0.065,0.0,0.181412,1
pair_mr,OPUSDT,2026-06-19 20:00:00+00:00,2026-06-19 21:00:00+00:00,LONG,1.61e-06,1.63e-06,1.63e-06,1.57e-06,TP,0.638149,0.673149,0.065,0.0,0.198777,1
pair_mr,OPUSDT,2026-06-19 23:00:00+00:00,2026-06-20 00:00:00+00:00,SHORT,1.64e-06,1.67e-06,1.62e-06,1.67e-06,SL,-1.065609,-1.030609,0.065,0.0,0.167004,1
pair_mr,OPUSDT,2026-06-20 03:00:00+00:00,2026-06-20 04:00:00+00:00,LONG,1.61e-06,1.63e-06,1.63e-06,1.58e-06,TP,0.421175,0.456175,0.065,0.0,0.177555,1
pair_mr,OPUSDT,2026-06-20 05:00:00+00:00,2026-06-20 06:00:00+00:00,SHORT,1.64e-06,1.67e-06,1.62e-06,1.67e-06,SL,-1.065609,-1.030609,0.065,0.0,0.149174,1
pair_mr,OPUSDT,2026-06-20 11:00:00+00:00,2026-06-20 12:00:00+00:00,LONG,1.6e-06,1.62e-06,1.62e-06,1.57e-06,TP,0.560664,0.595664,0.065,0.0,0.16172,1
pair_mr,OPUSDT,2026-06-20 12:00:00+00:00,2026-06-20 13:00:00+00:00,LONG,1.59e-06,1.62e-06,1.62e-06,1.56e-06,TP,0.753624,0.788624,0.065,0.0,0.180001,1
pair_mr,OPUSDT,2026-06-20 13:00:00+00:00,2026-06-20 14:00:00+00:00,LONG,1.59e-06,1.61e-06,1.61e-06,1.55e-06,TP,0.780073,0.815073,0.065,0.0,0.201063,1
pair_mr,OPUSDT,2026-06-20 17:00:00+00:00,2026-06-20 18:00:00+00:00,LONG,1.58e-06,1.58e-06,1.58e-06,1.55e-06,TP,0.201833,0.236833,0.065,0.0,0.20715,1
pair_mr,OPUSDT,2026-06-20 19:00:00+00:00,2026-06-20 20:00:00+00:00,SHORT,1.59e-06,1.62e-06,1.58e-06,1.62e-06,SL,-1.065609,-1.030609,0.065,0.0,0.174039,1
pair_mr,OPUSDT,2026-06-20 20:00:00+00:00,2026-06-20 21:00:00+00:00,SHORT,1.59e-06,1.62e-06,1.58e-06,1.62e-06,SL,-1.065609,-1.030609,0.065,0.0,0.14622,1
pair_mr,OPUSDT,2026-06-20 21:00:00+00:00,2026-06-20 22:00:00+00:00,SHORT,1.6e-06,1.64e-06,1.58e-06,1.64e-06,SL,-1.065609,-1.030609,0.065,0.0,0.122848,1
pair_mr,OPUSDT,2026-06-20 22:00:00+00:00,2026-06-20 23:00:00+00:00,SHORT,1.63e-06,1.67e-06,1.59e-06,1.67e-06,SL,-1.051555,-1.024121,0.050947,0.0,0.103471,1
pair_mr,OPUSDT,2026-06-21 10:00:00+00:00,2026-06-21 11:00:00+00:00,LONG,1.6e-06,1.61e-06,1.61e-06,1.56e-06,TP,0.213731,0.248731,0.065,0.0,0.106788,1
pair_mr,OPUSDT,2026-06-21 13:00:00+00:00,2026-06-21 14:00:00+00:00,SHORT,1.61e-06,1.64e-06,1.6e-06,1.64e-06,SL,-1.065609,-1.030609,0.065,0.0,0.089719,1
pair_mr,OPUSDT,2026-06-21 16:00:00+00:00,2026-06-21 17:00:00+00:00,LONG,1.59e-06,1.6e-06,1.6e-06,1.56e-06,TP,0.333466,0.368466,0.065,0.0,0.094207,1
pair_mr,OPUSDT,2026-06-21 17:00:00+00:00,2026-06-21 18:00:00+00:00,LONG,1.58e-06,1.6e-06,1.6e-06,1.55e-06,TP,0.620313,0.655313,0.065,0.0,0.102972,1
pair_mr,OPUSDT,2026-06-21 21:00:00+00:00,2026-06-21 22:00:00+00:00,LONG,1.58e-06,1.59e-06,1.59e-06,1.55e-06,TP,0.211354,0.246354,0.065,0.0,0.106237,1
pair_mr,OPUSDT,2026-06-21 23:00:00+00:00,2026-06-22 00:00:00+00:00,LONG,1.57e-06,1.58e-06,1.58e-06,1.54e-06,TP,0.21398,0.24898,0.065,0.0,0.109647,1
pair_mr,OPUSDT,2026-06-22 06:00:00+00:00,2026-06-22 07:00:00+00:00,SHORT,1.59e-06,1.62e-06,1.58e-06,1.62e-06,SL,-1.065609,-1.030609,0.065,0.0,0.092121,1
pair_mr,OPUSDT,2026-06-22 07:00:00+00:00,2026-06-22 08:00:00+00:00,SHORT,1.6e-06,1.64e-06,1.58e-06,1.64e-06,SL,-1.065609,-1.030609,0.065,0.0,0.077396,1
pair_mr,OPUSDT,2026-06-22 14:00:00+00:00,2026-06-22 15:00:00+00:00,SHORT,1.6e-06,1.64e-06,1.59e-06,1.64e-06,SL,-1.065609,-1.030609,0.065,0.0,0.065025,1
pair_mr,OPUSDT,2026-06-22 15:00:00+00:00,2026-06-22 16:00:00+00:00,LONG,1.58e-06,1.59e-06,1.59e-06,1.55e-06,TP,0.375807,0.410807,0.065,0.0,0.068691,1
pair_mr,OPUSDT,2026-06-22 21:00:00+00:00,2026-06-22 22:00:00+00:00,LONG,1.57e-06,1.58e-06,1.58e-06,1.54e-06,TP,0.294669,0.329669,0.065,0.0,0.071727,1
pair_mr,OPUSDT,2026-06-22 22:00:00+00:00,2026-06-22 23:00:00+00:00,LONG,1.56e-06,1.58e-06,1.58e-06,1.53e-06,TP,0.401464,0.436464,0.065,0.0,0.076046,1
pair_mr,OPUSDT,2026-06-23 01:00:00+00:00,2026-06-23 02:00:00+00:00,SHORT,1.58e-06,1.61e-06,1.57e-06,1.61e-06,SL,-1.065609,-1.030609,0.065,0.0,0.063891,1
pair_mr,OPUSDT,2026-06-23 05:00:00+00:00,2026-06-23 06:00:00+00:00,SHORT,1.59e-06,1.62e-06,1.58e-06,1.62e-06,SL,-1.065609,-1.030609,0.065,0.0,0.053678,1
pair_mr,OPUSDT,2026-06-23 06:00:00+00:00,2026-06-23 07:00:00+00:00,LONG,1.57e-06,1.58e-06,1.58e-06,1.53e-06,TP,0.378902,0.413902,0.065,0.0,0.056729,1
pair_mr,OPUSDT,2026-06-23 08:00:00+00:00,2026-06-23 09:00:00+00:00,LONG,1.54e-06,1.58e-06,1.58e-06,1.51e-06,TP,0.933942,0.968942,0.065,0.0,0.064676,1
pair_mr,OPUSDT,2026-06-23 12:00:00+00:00,2026-06-23 13:00:00+00:00,SHORT,1.58e-06,1.61e-06,1.56e-06,1.61e-06,SL,-1.065609,-1.030609,0.065,0.0,0.054338,1
pair_mr,OPUSDT,2026-06-23 13:00:00+00:00,2026-06-23 14:00:00+00:00,SHORT,1.6e-06,1.63e-06,1.56e-06,1.63e-06,SL,-1.055671,-1.026022,0.055063,0.0,0.045734,1
pair_mr,OPUSDT,2026-06-23 22:00:00+00:00,2026-06-23 23:00:00+00:00,SHORT,1.6e-06,1.63e-06,1.58e-06,1.63e-06,SL,-1.065609,-1.030609,0.065,0.0,0.038424,1
pair_mr,OPUSDT,2026-06-23 23:00:00+00:00,2026-06-24 00:00:00+00:00,SHORT,1.61e-06,1.65e-06,1.58e-06,1.65e-06,SL,-1.065186,-1.030414,0.064577,0.0,0.032284,1
pair_mr,OPUSDT,2026-06-24 04:00:00+00:00,2026-06-24 05:00:00+00:00,LONG,1.6e-06,1.61e-06,1.61e-06,1.57e-06,TP,0.367262,0.402262,0.065,0.0,0.034063,1
pair_mr,OPUSDT,2026-06-24 10:00:00+00:00,2026-06-24 11:00:00+00:00,SHORT,1.64e-06,1.67e-06,1.62e-06,1.67e-06,SL,-1.065609,-1.030609,0.065,0.0,0.028618,1
pair_mr,OPUSDT,2026-06-24 14:00:00+00:00,2026-06-24 15:00:00+00:00,SHORT,1.64e-06,1.67e-06,1.63e-06,1.67e-06,SL,-1.065609,-1.030609,0.065,0.0,0.024044,1
pair_mr,OPUSDT,2026-06-24 16:00:00+00:00,2026-06-24 17:00:00+00:00,LONG,1.61e-06,1.63e-06,1.63e-06,1.58e-06,TP,0.456865,0.491865,0.065,0.0,0.025692,1
pair_mr,OPUSDT,2026-06-24 17:00:00+00:00,2026-06-24 18:00:00+00:00,LONG,1.61e-06,1.63e-06,1.63e-06,1.57e-06,TP,0.606976,0.641976,0.065,0.0,0.028031,1
pair_mr,OPUSDT,2026-06-24 18:00:00+00:00,2026-06-24 19:00:00+00:00,SHORT,1.65e-06,1.69e-06,1.62e-06,1.69e-06,SL,-1.065609,-1.030609,0.065,0.0,0.02355,1
pair_mr,OPUSDT,2026-06-24 20:00:00+00:00,2026-06-24 21:00:00+00:00,SHORT,1.68e-06,1.73e-06,1.63e-06,1.73e-06,SL,-1.046567,-1.021819,0.04596,0.0,0.019853,1
pair_mr,APTUSDT,2026-06-12 09:00:00+00:00,2026-06-12 10:00:00+00:00,SHORT,1.041e-05,1.067e-05,1.015e-05,1.067e-05,SL,-1.052961,-1.024771,0.052354,0.0,5.894391,1
pair_mr,APTUSDT,2026-06-12 15:00:00+00:00,2026-06-12 16:00:00+00:00,LONG,1.011e-05,1.033e-05,1.033e-05,9.89e-06,TP,0.940263,0.97211,0.059146,0.0,6.725732,1
pair_mr,APTUSDT,2026-06-12 21:00:00+00:00,2026-06-12 22:00:00+00:00,LONG,1.01e-05,1.017e-05,1.017e-05,9.89e-06,TP,0.297693,0.332693,0.065,0.0,7.026063,1
pair_mr,APTUSDT,2026-06-12 22:00:00+00:00,2026-06-12 23:00:00+00:00,LONG,1.008e-05,1.014e-05,1.014e-05,9.88e-06,TP,0.216546,0.251546,0.065,0.0,7.254283,1
pair_mr,APTUSDT,2026-06-13 01:00:00+00:00,2026-06-13 02:00:00+00:00,SHORT,1.019e-05,1.04e-05,1.011e-05,1.04e-05,SL,-1.065609,-1.030609,0.065,0.0,6.094748,1
pair_mr,APTUSDT,2026-06-13 02:00:00+00:00,2026-06-13 03:00:00+00:00,SHORT,1.023e-05,1.044e-05,1.012e-05,1.044e-05,SL,-1.065609,-1.030609,0.065,0.0,5.120555,1
pair_mr,APTUSDT,2026-06-13 03:00:00+00:00,2026-06-13 04:00:00+00:00,SHORT,1.031e-05,1.052e-05,1.014e-05,1.052e-05,SL,-1.065609,-1.030609,0.065,0.0,4.302079,1
pair_mr,APTUSDT,2026-06-13 06:00:00+00:00,2026-06-13 07:00:00+00:00,SHORT,1.041e-05,1.062e-05,1.026e-05,1.062e-05,SL,-1.065609,-1.030609,0.065,0.0,3.614428,1
pair_mr,APTUSDT,2026-06-13 07:00:00+00:00,2026-06-13 08:00:00+00:00,SHORT,1.047e-05,1.068e-05,1.031e-05,1.068e-05,SL,-1.065609,-1.030609,0.065,0.0,3.036693,1
pair_mr,APTUSDT,2026-06-13 11:00:00+00:00,2026-06-13 12:00:00+00:00,SHORT,1.051e-05,1.072e-05,1.045e-05,1.072e-05,SL,-1.065609,-1.030609,0.065,0.0,2.551304,1
pair_mr,APTUSDT,2026-06-13 13:00:00+00:00,2026-06-13 14:00:00+00:00,SHORT,1.055e-05,1.076e-05,1.047e-05,1.076e-05,SL,-1.065609,-1.030609,0.065,0.0,2.1435,1
pair_mr,APTUSDT,2026-06-13 18:00:00+00:00,2026-06-13 19:00:00+00:00,LONG,1.047e-05,1.054e-05,1.054e-05,1.026e-05,TP,0.305716,0.340716,0.065,0.0,2.241795,1
pair_mr,APTUSDT,2026-06-13 19:00:00+00:00,2026-06-13 20:00:00+00:00,LONG,1.042e-05,1.053e-05,1.053e-05,1.021e-05,TP,0.43479,0.46979,0.065,0.0,2.388002,1
pair_mr,APTUSDT,2026-06-14 00:00:00+00:00,2026-06-14 01:00:00+00:00,LONG,1.038e-05,1.042e-05,1.042e-05,1.017e-05,TP,0.136129,0.171129,0.065,0.0,2.436763,1
pair_mr,APTUSDT,2026-06-14 03:00:00+00:00,2026-06-14 04:00:00+00:00,LONG,1.034e-05,1.038e-05,1.038e-05,1.013e-05,TP,0.137179,0.172179,0.065,0.0,2.486904,1
pair_mr,APTUSDT,2026-06-14 04:00:00+00:00,2026-06-14 05:00:00+00:00,LONG,1.031e-05,1.037e-05,1.037e-05,1.011e-05,TP,0.221195,0.256195,0.065,0.0,2.569418,1
pair_mr,APTUSDT,2026-06-14 06:00:00+00:00,2026-06-14 07:00:00+00:00,LONG,1.029e-05,1.034e-05,1.034e-05,1.008e-05,TP,0.198686,0.233686,0.065,0.0,2.645994,1
pair_mr,APTUSDT,2026-06-14 11:00:00+00:00,2026-06-14 12:00:00+00:00,LONG,1.027e-05,1.03e-05,1.03e-05,1.006e-05,TP,0.085474,0.120474,0.065,0.0,2.679919,1
pair_mr,APTUSDT,2026-06-14 12:00:00+00:00,2026-06-14 13:00:00+00:00,LONG,1.022e-05,1.03e-05,1.03e-05,1.002e-05,TP,0.296951,0.331951,0.065,0.0,2.799289,1
pair_mr,APTUSDT,2026-06-14 13:00:00+00:00,2026-06-14 14:00:00+00:00,LONG,1.02e-05,1.028e-05,1.028e-05,9.99e-06,TP,0.355844,0.390844,0.065,0.0,2.948706,1
pair_mr,APTUSDT,2026-06-14 14:00:00+00:00,2026-06-14 15:00:00+00:00,LONG,1.016e-05,1.026e-05,1.026e-05,9.95e-06,TP,0.439403,0.474403,0.065,0.0,3.143056,1
pair_mr,APTUSDT,2026-06-14 20:00:00+00:00,2026-06-14 21:00:00+00:00,SHORT,1.02e-05,1.041e-05,1.017e-05,1.041e-05,SL,-1.065609,-1.030609,0.065,0.0,2.640666,1
pair_mr,APTUSDT,2026-06-14 21:00:00+00:00,2026-06-14 22:00:00+00:00,SHORT,1.04e-05,1.063e-05,1.017e-05,1.063e-05,SL,-1.059927,-1.027986,0.059318,0.0,2.220829,1
pair_mr,APTUSDT,2026-06-15 02:00:00+00:00,2026-06-15 03:00:00+00:00,SHORT,1.042e-05,1.063e-05,1.036e-05,1.063e-05,SL,-1.065609,-1.030609,0.065,0.0,1.865849,1
pair_mr,APTUSDT,2026-06-15 05:00:00+00:00,2026-06-15 06:00:00+00:00,SHORT,1.043e-05,1.064e-05,1.037e-05,1.064e-05,SL,-1.065609,-1.030609,0.065,0.0,1.567609,1
pair_mr,APTUSDT,2026-06-15 11:00:00+00:00,2026-06-15 12:00:00+00:00,SHORT,1.046e-05,1.067e-05,1.039e-05,1.067e-05,SL,-1.065609,-1.030609,0.065,0.0,1.31704,1
pair_mr,APTUSDT,2026-06-15 12:00:00+00:00,2026-06-15 13:00:00+00:00,SHORT,1.05e-05,1.071e-05,1.04e-05,1.071e-05,SL,-1.065609,-1.030609,0.065,0.0,1.106523,1
pair_mr,APTUSDT,2026-06-15 13:00:00+00:00,2026-06-15 14:00:00+00:00,SHORT,1.069e-05,1.096e-05,1.042e-05,1.096e-05,SL,-1.051571,-1.024129,0.050964,0.0,0.931985,1
pair_mr,APTUSDT,2026-06-15 18:00:00+00:00,2026-06-15 19:00:00+00:00,LONG,1.041e-05,1.057e-05,1.057e-05,1.02e-05,TP,0.733898,0.768898,0.065,0.0,1.034582,1
pair_mr,APTUSDT,2026-06-15 19:00:00+00:00,2026-06-15 20:00:00+00:00,LONG,1.025e-05,1.052e-05,1.052e-05,9.99e-06,TP,0.948934,0.976112,0.050473,0.0,1.181844,1
pair_mr,APTUSDT,2026-06-15 22:00:00+00:00,2026-06-15 23:00:00+00:00,LONG,1.017e-05,1.035e-05,1.035e-05,9.97e-06,TP,0.798706,0.833706,0.065,0.0,1.323436,1
pair_mr,APTUSDT,2026-06-16 01:00:00+00:00,2026-06-16 02:00:00+00:00,LONG,1.014e-05,1.025e-05,1.025e-05,9.94e-06,TP,0.439921,0.474921,0.065,0.0,1.410767,1
pair_mr,APTUSDT,2026-06-16 07:00:00+00:00,2026-06-16 08:00:00+00:00,SHORT,1.03e-05,1.051e-05,1.019e-05,1.051e-05,SL,-1.065609,-1.030609,0.065,0.0,1.185268,1
pair_mr,APTUSDT,2026-06-16 08:00:00+00:00,2026-06-16 09:00:00+00:00,SHORT,1.038e-05,1.059e-05,1.022e-05,1.059e-05,SL,-1.065609,-1.030609,0.065,0.0,0.995813,1
pair_mr,APTUSDT,2026-06-16 13:00:00+00:00,2026-06-16 14:00:00+00:00,LONG,1.02e-05,1.03e-05,1.03e-05,9.99e-06,TP,0.455534,0.490534,0.065,0.0,1.063857,1
pair_mr,APTUSDT,2026-06-16 14:00:00+00:00,2026-06-16 15:00:00+00:00,LONG,1.004e-05,1.027e-05,1.027e-05,9.8e-06,TP,0.943347,0.973534,0.056061,0.0,1.214395,1
pair_mr,APTUSDT,2026-06-16 20:00:00+00:00,2026-06-16 21:00:00+00:00,SHORT,1.023e-05,1.044e-05,1.015e-05,1.044e-05,SL,-1.065609,-1.030609,0.065,0.0,1.020285,1
pair_mr,APTUSDT,2026-06-17 01:00:00+00:00,2026-06-17 02:00:00+00:00,SHORT,1.034e-05,1.055e-05,1.02e-05,1.055e-05,SL,-1.065609,-1.030609,0.065,0.0,0.857201,1
pair_mr,APTUSDT,2026-06-17 02:00:00+00:00,2026-06-17 03:00:00+00:00,SHORT,1.04e-05,1.061e-05,1.022e-05,1.061e-05,SL,-1.065609,-1.030609,0.065,0.0,0.720185,1
pair_mr,APTUSDT,2026-06-17 12:00:00+00:00,2026-06-17 13:00:00+00:00,SHORT,1.025e-05,1.046e-05,1.017e-05,1.046e-05,SL,-1.065609,-1.030609,0.065,0.0,0.60507,1
pair_mr,APTUSDT,2026-06-17 15:00:00+00:00,2026-06-17 16:00:00+00:00,SHORT,1.052e-05,1.084e-05,1.02e-05,1.084e-05,SL,-1.042929,-1.02014,0.042323,0.0,0.510413,1
pair_mr,APTUSDT,2026-06-18 03:00:00+00:00,2026-06-18 04:00:00+00:00,LONG,1.023e-05,1.039e-05,1.039e-05,1.002e-05,TP,0.743999,0.778999,0.065,0.0,0.567375,1
pair_mr,APTUSDT,2026-06-18 04:00:00+00:00,2026-06-18 05:00:00+00:00,LONG,1.005e-05,1.036e-05,1.036e-05,9.74e-06,TP,0.957118,0.979888,0.042288,0.0,0.648832,1
pair_mr,APTUSDT,2026-06-18 09:00:00+00:00,2026-06-18 10:00:00+00:00,SHORT,1.025e-05,1.045e-05,1.011e-05,1.045e-05,SL,-1.065609,-1.030609,0.065,0.0,0.545121,1
pair_mr,APTUSDT,2026-06-18 15:00:00+00:00,2026-06-18 16:00:00+00:00,LONG,9.96e-06,1.013e-05,1.013e-05,9.76e-06,TP,0.812152,0.847152,0.065,0.0,0.61153,1
pair_mr,APTUSDT,2026-06-18 20:00:00+00:00,2026-06-18 21:00:00+00:00,SHORT,1.015e-05,1.035e-05,1.003e-05,1.035e-05,SL,-1.065609,-1.030609,0.065,0.0,0.513782,1
pair_mr,APTUSDT,2026-06-18 23:00:00+00:00,2026-06-19 00:00:00+00:00,SHORT,1.021e-05,1.041e-05,1.011e-05,1.041e-05,SL,-1.065609,-1.030609,0.065,0.0,0.431658,1
pair_mr,APTUSDT,2026-06-19 00:00:00+00:00,2026-06-19 01:00:00+00:00,SHORT,1.024e-05,1.045e-05,1.014e-05,1.045e-05,SL,-1.065609,-1.030609,0.065,0.0,0.362661,1
pair_mr,APTUSDT,2026-06-19 01:00:00+00:00,2026-06-19 02:00:00+00:00,SHORT,1.028e-05,1.049e-05,1.017e-05,1.049e-05,SL,-1.065609,-1.030609,0.065,0.0,0.304693,1
pair_mr,APTUSDT,2026-06-19 03:00:00+00:00,2026-06-19 04:00:00+00:00,LONG,1.009e-05,1.022e-05,1.022e-05,9.89e-06,TP,0.563692,0.598692,0.065,0.0,0.330456,1
pair_mr,APTUSDT,2026-06-19 04:00:00+00:00,2026-06-19 05:00:00+00:00,LONG,9.95e-06,1.021e-05,1.021e-05,9.69e-06,TP,0.949707,0.976468,0.0497,0.0,0.377532,1
pair_mr,APTUSDT,2026-06-19 12:00:00+00:00,2026-06-19 13:00:00+00:00,SHORT,1.001e-05,1.021e-05,9.93e-06,1.021e-05,SL,-1.065609,-1.030609,0.065,0.0,0.317186,1
pair_mr,APTUSDT,2026-06-19 13:00:00+00:00,2026-06-19 14:00:00+00:00,SHORT,1.008e-05,1.028e-05,9.96e-06,1.028e-05,SL,-1.065609,-1.030609,0.065,0.0,0.266487,1
pair_mr,APTUSDT,2026-06-19 18:00:00+00:00,2026-06-19 19:00:00+00:00,LONG,1.001e-05,1.008e-05,1.008e-05,9.81e-06,TP,0.251695,0.286695,0.065,0.0,0.276548,1
pair_mr,APTUSDT,2026-06-19 19:00:00+00:00,2026-06-19 20:00:00+00:00,LONG,9.95e-06,1.006e-05,1.006e-05,9.75e-06,TP,0.518282,0.553282,0.065,0.0,0.298047,1
pair_mr,APTUSDT,2026-06-20 00:00:00+00:00,2026-06-20 01:00:00+00:00,LONG,9.91e-06,9.96e-06,9.96e-06,9.71e-06,TP,0.227421,0.262421,0.065,0.0,0.308215,1
pair_mr,APTUSDT,2026-06-20 01:00:00+00:00,2026-06-20 02:00:00+00:00,LONG,9.88e-06,9.96e-06,9.96e-06,9.69e-06,TP,0.300557,0.335557,0.065,0.0,0.32211,1
pair_mr,APTUSDT,2026-06-20 02:00:00+00:00,2026-06-20 03:00:00+00:00,LONG,9.85e-06,9.93e-06,9.93e-06,9.65e-06,TP,0.364035,0.399035,0.065,0.0,0.339699,1
pair_mr,APTUSDT,2026-06-20 05:00:00+00:00,2026-06-20 06:00:00+00:00,SHORT,9.97e-06,1.017e-05,9.88e-06,1.017e-05,SL,-1.065609,-1.030609,0.065,0.0,0.285401,1
pair_mr,APTUSDT,2026-06-20 09:00:00+00:00,2026-06-20 10:00:00+00:00,SHORT,1.005e-05,1.025e-05,9.97e-06,1.025e-05,SL,-1.065609,-1.030609,0.065,0.0,0.239782,1
pair_mr,APTUSDT,2026-06-20 13:00:00+00:00,2026-06-20 14:00:00+00:00,LONG,9.97e-06,1.003e-05,1.003e-05,9.77e-06,TP,0.233165,0.268165,0.065,0.0,0.248168,1
pair_mr,APTUSDT,2026-06-20 16:00:00+00:00,2026-06-20 17:00:00+00:00,LONG,9.92e-06,9.99e-06,9.99e-06,9.72e-06,TP,0.272374,0.307374,0.065,0.0,0.258308,1
pair_mr,APTUSDT,2026-06-20 17:00:00+00:00,2026-06-20 18:00:00+00:00,LONG,9.9e-06,9.97e-06,9.97e-06,9.7e-06,TP,0.297591,0.332591,0.065,0.0,0.269838,1
pair_mr,APTUSDT,2026-06-20 21:00:00+00:00,2026-06-20 22:00:00+00:00,SHORT,9.95e-06,1.015e-05,9.91e-06,1.015e-05,SL,-1.065609,-1.030609,0.065,0.0,0.226707,1
pair_mr,APTUSDT,2026-06-20 22:00:00+00:00,2026-06-20 23:00:00+00:00,SHORT,1.003e-05,1.023e-05,9.92e-06,1.023e-05,SL,-1.065609,-1.030609,0.065,0.0,0.19047,1
pair_mr,APTUSDT,2026-06-20 23:00:00+00:00,2026-06-21 00:00:00+00:00,SHORT,1.004e-05,1.024e-05,9.94e-06,1.024e-05,SL,-1.065609,-1.030609,0.065,0.0,0.160025,1
pair_mr,APTUSDT,2026-06-21 00:00:00+00:00,2026-06-21 01:00:00+00:00,SHORT,1.011e-05,1.032e-05,9.97e-06,1.032e-05,SL,-1.065609,-1.030609,0.065,0.0,0.134446,1
pair_mr,APTUSDT,2026-06-21 05:00:00+00:00,2026-06-21 06:00:00+00:00,LONG,1.007e-05,1.013e-05,1.013e-05,9.87e-06,TP,0.210432,0.245432,0.065,0.0,0.13869,1
pair_mr,APTUSDT,2026-06-21 06:00:00+00:00,2026-06-21 07:00:00+00:00,SHORT,1.02e-05,1.04e-05,1.012e-05,1.04e-05,SL,-1.065609,-1.030609,0.065,0.0,0.116522,1
pair_mr,APTUSDT,2026-06-21 08:00:00+00:00,2026-06-21 09:00:00+00:00,SHORT,1.032e-05,1.053e-05,1.014e-05,1.053e-05,SL,-1.065609,-1.030609,0.065,0.0,0.097897,1
pair_mr,APTUSDT,2026-06-21 09:00:00+00:00,2026-06-21 10:00:00+00:00,SHORT,1.036e-05,1.056e-05,1.017e-05,1.056e-05,SL,-1.065609,-1.030609,0.065,0.0,0.082249,1
pair_mr,APTUSDT,2026-06-21 19:00:00+00:00,2026-06-21 20:00:00+00:00,SHORT,1.028e-05,1.048e-05,1.023e-05,1.048e-05,SL,-1.065609,-1.030609,0.065,0.0,0.069102,1
pair_mr,APTUSDT,2026-06-22 00:00:00+00:00,2026-06-22 01:00:00+00:00,SHORT,1.045e-05,1.066e-05,1.025e-05,1.066e-05,SL,-1.065609,-1.030609,0.065,0.0,0.058057,1
pair_mr,APTUSDT,2026-06-22 07:00:00+00:00,2026-06-22 08:00:00+00:00,SHORT,1.048e-05,1.069e-05,1.035e-05,1.069e-05,SL,-1.065609,-1.030609,0.065,0.0,0.048777,1
pair_mr,APTUSDT,2026-06-22 11:00:00+00:00,2026-06-22 12:00:00+00:00,SHORT,1.054e-05,1.075e-05,1.042e-05,1.075e-05,SL,-1.065609,-1.030609,0.065,0.0,0.04098,1
pair_mr,APTUSDT,2026-06-22 15:00:00+00:00,2026-06-22 16:00:00+00:00,LONG,1.03e-05,1.044e-05,1.044e-05,1.01e-05,TP,0.60106,0.63606,0.065,0.0,0.044675,1
pair_mr,APTUSDT,2026-06-22 19:00:00+00:00,2026-06-22 20:00:00+00:00,LONG,1.027e-05,1.035e-05,1.035e-05,1.006e-05,TP,0.324505,0.359505,0.065,0.0,0.04685,1
pair_mr,APTUSDT,2026-06-22 23:00:00+00:00,2026-06-23 00:00:00+00:00,SHORT,1.033e-05,1.054e-05,1.028e-05,1.054e-05,SL,-1.065609,-1.030609,0.065,0.0,0.039361,1
pair_mr,APTUSDT,2026-06-23 06:00:00+00:00,2026-06-23 07:00:00+00:00,LONG,1.015e-05,1.025e-05,1.025e-05,9.94e-06,TP,0.464885,0.499885,0.065,0.0,0.042106,1
pair_mr,APTUSDT,2026-06-23 07:00:00+00:00,2026-06-23 08:00:00+00:00,LONG,1.012e-05,1.023e-05,1.023e-05,9.92e-06,TP,0.480909,0.515909,0.065,0.0,0.045143,1
pair_mr,APTUSDT,2026-06-23 08:00:00+00:00,2026-06-23 09:00:00+00:00,LONG,9.99e-06,1.021e-05,1.021e-05,9.77e-06,TP,0.94114,0.972515,0.058268,0.0,0.051516,1
pair_mr,APTUSDT,2026-06-23 13:00:00+00:00,2026-06-23 14:00:00+00:00,SHORT,1.02e-05,1.04e-05,1.007e-05,1.04e-05,SL,-1.065609,-1.030609,0.065,0.0,0.043282,1
pair_mr,APTUSDT,2026-06-23 19:00:00+00:00,2026-06-23 20:00:00+00:00,SHORT,1.022e-05,1.042e-05,1.015e-05,1.042e-05,SL,-1.065609,-1.030609,0.065,0.0,0.036363,1
pair_mr,APTUSDT,2026-06-23 20:00:00+00:00,2026-06-23 21:00:00+00:00,SHORT,1.036e-05,1.056e-05,1.015e-05,1.056e-05,SL,-1.065609,-1.030609,0.065,0.0,0.030551,1
pair_mr,APTUSDT,2026-06-24 03:00:00+00:00,2026-06-24 04:00:00+00:00,LONG,1.023e-05,1.033e-05,1.033e-05,1.002e-05,TP,0.442161,0.477161,0.065,0.0,0.032577,1
pair_mr,APTUSDT,2026-06-24 10:00:00+00:00,2026-06-24 11:00:00+00:00,LONG,1.018e-05,1.029e-05,1.029e-05,9.98e-06,TP,0.457041,0.492041,0.065,0.0,0.034811,1
pair_mr,APTUSDT,2026-06-24 14:00:00+00:00,2026-06-24 15:00:00+00:00,SHORT,1.031e-05,1.051e-05,1.02e-05,1.051e-05,SL,-1.065609,-1.030609,0.065,0.0,0.029247,1
pair_mr,APTUSDT,2026-06-24 16:00:00+00:00,2026-06-24 17:00:00+00:00,LONG,1.005e-05,1.021e-05,1.021e-05,9.84e-06,TP,0.774676,0.809676,0.065,0.0,0.032645,1
pair_mr,APTUSDT,2026-06-24 17:00:00+00:00,2026-06-24 18:00:00+00:00,LONG,9.96e-06,1.018e-05,1.018e-05,9.73e-06,TP,0.941917,0.972874,0.057491,0.0,0.037257,1
pair_mr,APTUSDT,2026-06-24 20:00:00+00:00,2026-06-24 21:00:00+00:00,SHORT,1.032e-05,1.055e-05,1.01e-05,1.055e-05,SL,-1.059737,-1.027898,0.059129,0.0,0.031335,1
pair_mr,APTUSDT,2026-06-24 21:00:00+00:00,2026-06-24 22:00:00+00:00,SHORT,1.038e-05,1.065e-05,1.012e-05,1.065e-05,SL,-1.051662,-1.024171,0.051055,0.0,0.026392,1
pair_mr,SUIUSDT,2026-06-12 14:00:00+00:00,2026-06-12 15:00:00+00:00,SHORT,1.193e-05,1.217e-05,1.189e-05,1.217e-05,SL,-1.065609,-1.030609,0.065,0.0,5.88111,1
pair_mr,SUIUSDT,2026-06-12 15:00:00+00:00,2026-06-12 16:00:00+00:00,LONG,1.175e-05,1.189e-05,1.189e-05,1.152e-05,TP,0.51609,0.55109,0.065,0.0,6.336388,1
pair_mr,SUIUSDT,2026-06-12 23:00:00+00:00,2026-06-13 00:00:00+00:00,SHORT,1.181e-05,1.205e-05,1.178e-05,1.205e-05,SL,-1.065609,-1.030609,0.065,0.0,5.323571,1
pair_mr,SUIUSDT,2026-06-13 01:00:00+00:00,2026-06-13 02:00:00+00:00,SHORT,1.186e-05,1.21e-05,1.18e-05,1.21e-05,SL,-1.065609,-1.030609,0.065,0.0,4.472644,1
pair_mr,SUIUSDT,2026-06-13 07:00:00+00:00,2026-06-13 08:00:00+00:00,SHORT,1.194e-05,1.218e-05,1.182e-05,1.218e-05,SL,-1.065609,-1.030609,0.065,0.0,3.75773,1
pair_mr,SUIUSDT,2026-06-13 08:00:00+00:00,2026-06-13 09:00:00+00:00,SHORT,1.195e-05,1.219e-05,1.184e-05,1.219e-05,SL,-1.065609,-1.030609,0.065,0.0,3.15709,1
pair_mr,SUIUSDT,2026-06-13 09:00:00+00:00,2026-06-13 10:00:00+00:00,SHORT,1.201e-05,1.225e-05,1.187e-05,1.225e-05,SL,-1.065609,-1.030609,0.065,0.0,2.652456,1
pair_mr,SUIUSDT,2026-06-13 12:00:00+00:00,2026-06-13 13:00:00+00:00,SHORT,1.208e-05,1.232e-05,1.198e-05,1.232e-05,SL,-1.065609,-1.030609,0.065,0.0,2.228484,1
pair_mr,SUIUSDT,2026-06-13 18:00:00+00:00,2026-06-13 19:00:00+00:00,LONG,1.194e-05,1.201e-05,1.201e-05,1.171e-05,TP,0.201397,0.236397,0.065,0.0,2.295805,1
pair_mr,SUIUSDT,2026-06-13 19:00:00+00:00,2026-06-13 20:00:00+00:00,LONG,1.191e-05,1.2e-05,1.2e-05,1.167e-05,TP,0.316101,0.351101,0.065,0.0,2.404661,1
pair_mr,SUIUSDT,2026-06-14 00:00:00+00:00,2026-06-14 01:00:00+00:00,LONG,1.186e-05,1.191e-05,1.191e-05,1.162e-05,TP,0.156843,0.191843,0.065,0.0,2.461235,1
pair_mr,SUIUSDT,2026-06-14 06:00:00+00:00,2026-06-14 07:00:00+00:00,LONG,1.182e-05,1.188e-05,1.188e-05,1.158e-05,TP,0.201597,0.236597,0.065,0.0,2.535661,1
pair_mr,SUIUSDT,2026-06-14 07:00:00+00:00,2026-06-14 08:00:00+00:00,LONG,1.178e-05,1.187e-05,1.187e-05,1.155e-05,TP,0.311705,0.346705,0.065,0.0,2.654218,1
pair_mr,SUIUSDT,2026-06-14 13:00:00+00:00,2026-06-14 14:00:00+00:00,LONG,1.173e-05,1.177e-05,1.177e-05,1.15e-05,TP,0.063935,0.098935,0.065,0.0,2.679672,1
pair_mr,SUIUSDT,2026-06-14 14:00:00+00:00,2026-06-14 15:00:00+00:00,LONG,1.169e-05,1.176e-05,1.176e-05,1.145e-05,TP,0.231886,0.266886,0.065,0.0,2.772879,1
pair_mr,SUIUSDT,2026-06-14 21:00:00+00:00,2026-06-14 22:00:00+00:00,SHORT,1.202e-05,1.231e-05,1.174e-05,1.231e-05,SL,-1.055604,-1.025991,0.054996,0.0,2.33382,1
pair_mr,SUIUSDT,2026-06-14 23:00:00+00:00,2026-06-15 00:00:00+00:00,SHORT,1.222e-05,1.259e-05,1.185e-05,1.259e-05,SL,-1.043388,-1.020351,0.042781,0.0,1.968558,1
pair_mr,SUIUSDT,2026-06-15 05:00:00+00:00,2026-06-15 06:00:00+00:00,SHORT,1.22e-05,1.244e-05,1.211e-05,1.244e-05,SL,-1.065609,-1.030609,0.065,0.0,1.653901,1
pair_mr,SUIUSDT,2026-06-15 11:00:00+00:00,2026-06-15 12:00:00+00:00,SHORT,1.221e-05,1.246e-05,1.212e-05,1.246e-05,SL,-1.065609,-1.030609,0.065,0.0,1.389539,1
pair_mr,SUIUSDT,2026-06-15 13:00:00+00:00,2026-06-15 14:00:00+00:00,SHORT,1.243e-05,1.27e-05,1.216e-05,1.27e-05,SL,-1.060769,-1.028375,0.06016,0.0,1.168442,1
pair_mr,SUIUSDT,2026-06-15 19:00:00+00:00,2026-06-15 20:00:00+00:00,LONG,1.206e-05,1.22e-05,1.22e-05,1.182e-05,TP,0.489871,0.524871,0.065,0.0,1.2543,1
pair_mr,SUIUSDT,2026-06-15 22:00:00+00:00,2026-06-15 23:00:00+00:00,LONG,1.193e-05,1.209e-05,1.209e-05,1.169e-05,TP,0.590066,0.625066,0.065,0.0,1.365318,1
pair_mr,SUIUSDT,2026-06-16 02:00:00+00:00,2026-06-16 03:00:00+00:00,LONG,1.185e-05,1.196e-05,1.196e-05,1.161e-05,TP,0.397211,0.432211,0.065,0.0,1.446666,1
pair_mr,SUIUSDT,2026-06-16 07:00:00+00:00,2026-06-16 08:00:00+00:00,SHORT,1.191e-05,1.215e-05,1.187e-05,1.215e-05,SL,-1.065609,-1.030609,0.065,0.0,1.215429,1
pair_mr,SUIUSDT,2026-06-16 08:00:00+00:00,2026-06-16 09:00:00+00:00,SHORT,1.207e-05,1.231e-05,1.189e-05,1.231e-05,SL,-1.065609,-1.030609,0.065,0.0,1.021153,1
pair_mr,SUIUSDT,2026-06-16 13:00:00+00:00,2026-06-16 14:00:00+00:00,LONG,1.193e-05,1.201e-05,1.201e-05,1.169e-05,TP,0.299664,0.334664,0.065,0.0,1.067054,1
pair_mr,SUIUSDT,2026-06-16 14:00:00+00:00,2026-06-16 15:00:00+00:00,LONG,1.189e-05,1.198e-05,1.198e-05,1.165e-05,TP,0.347303,0.382303,0.065,0.0,1.122642,1
pair_mr,SUIUSDT,2026-06-16 18:00:00+00:00,2026-06-16 19:00:00+00:00,SHORT,1.207e-05,1.231e-05,1.192e-05,1.231e-05,SL,-1.065609,-1.030609,0.065,0.0,0.943198,1
pair_mr,SUIUSDT,2026-06-16 20:00:00+00:00,2026-06-16 21:00:00+00:00,SHORT,1.221e-05,1.246e-05,1.199e-05,1.246e-05,SL,-1.065609,-1.030609,0.065,0.0,0.792436,1
pair_mr,SUIUSDT,2026-06-17 01:00:00+00:00,2026-06-17 02:00:00+00:00,SHORT,1.233e-05,1.258e-05,1.217e-05,1.258e-05,SL,-1.065609,-1.030609,0.065,0.0,0.665772,1
pair_mr,SUIUSDT,2026-06-17 02:00:00+00:00,2026-06-17 03:00:00+00:00,SHORT,1.237e-05,1.262e-05,1.22e-05,1.262e-05,SL,-1.065609,-1.030609,0.065,0.0,0.559354,1
pair_mr,SUIUSDT,2026-06-17 08:00:00+00:00,2026-06-17 09:00:00+00:00,LONG,1.216e-05,1.224e-05,1.224e-05,1.192e-05,TP,0.254988,0.289988,0.065,0.0,0.580748,1
pair_mr,SUIUSDT,2026-06-17 11:00:00+00:00,2026-06-17 12:00:00+00:00,LONG,1.213e-05,1.219e-05,1.219e-05,1.189e-05,TP,0.198295,0.233295,0.065,0.0,0.598022,1
pair_mr,SUIUSDT,2026-06-17 13:00:00+00:00,2026-06-17 14:00:00+00:00,LONG,1.21e-05,1.217e-05,1.217e-05,1.186e-05,TP,0.200072,0.235072,0.065,0.0,0.615969,1
pair_mr,SUIUSDT,2026-06-17 15:00:00+00:00,2026-06-17 16:00:00+00:00,SHORT,1.225e-05,1.249e-05,1.214e-05,1.249e-05,SL,-1.065609,-1.030609,0.065,0.0,0.517512,1
pair_mr,SUIUSDT,2026-06-17 19:00:00+00:00,2026-06-17 20:00:00+00:00,LONG,1.203e-05,1.217e-05,1.217e-05,1.179e-05,TP,0.528079,0.563079,0.065,0.0,0.558505,1
pair_mr,SUIUSDT,2026-06-17 23:00:00+00:00,2026-06-18 00:00:00+00:00,LONG,1.189e-05,1.206e-05,1.206e-05,1.165e-05,TP,0.641385,0.676385,0.065,0.0,0.612237,1
pair_mr,SUIUSDT,2026-06-18 01:00:00+00:00,2026-06-18 02:00:00+00:00,LONG,1.18e-05,1.198e-05,1.198e-05,1.156e-05,TP,0.69358,0.72858,0.065,0.0,0.675933,1
pair_mr,SUIUSDT,2026-06-18 04:00:00+00:00,2026-06-18 05:00:00+00:00,LONG,1.168e-05,1.187e-05,1.187e-05,1.145e-05,TP,0.739098,0.774098,0.065,0.0,0.75087,1
pair_mr,SUIUSDT,2026-06-18 05:00:00+00:00,2026-06-18 06:00:00+00:00,LONG,1.166e-05,1.183e-05,1.183e-05,1.142e-05,TP,0.667179,0.702179,0.065,0.0,0.826014,1
pair_mr,SUIUSDT,2026-06-18 09:00:00+00:00,2026-06-18 10:00:00+00:00,SHORT,1.172e-05,1.196e-05,1.168e-05,1.196e-05,SL,-1.065609,-1.030609,0.065,0.0,0.693983,1
pair_mr,SUIUSDT,2026-06-18 13:00:00+00:00,2026-06-18 14:00:00+00:00,LONG,1.153e-05,1.169e-05,1.169e-05,1.13e-05,TP,0.596849,0.631849,0.065,0.0,0.756113,1
pair_mr,SUIUSDT,2026-06-18 15:00:00+00:00,2026-06-18 16:00:00+00:00,LONG,1.138e-05,1.163e-05,1.163e-05,1.112e-05,TP,0.940915,0.972411,0.058493,0.0,0.862829,1
pair_mr,SUIUSDT,2026-06-18 20:00:00+00:00,2026-06-18 21:00:00+00:00,SHORT,1.149e-05,1.172e-05,1.143e-05,1.172e-05,SL,-1.065609,-1.030609,0.065,0.0,0.724913,1
pair_mr,SUIUSDT,2026-06-18 22:00:00+00:00,2026-06-18 23:00:00+00:00,SHORT,1.153e-05,1.176e-05,1.145e-05,1.176e-05,SL,-1.065609,-1.030609,0.065,0.0,0.609042,1
pair_mr,SUIUSDT,2026-06-18 23:00:00+00:00,2026-06-19 00:00:00+00:00,SHORT,1.159e-05,1.182e-05,1.148e-05,1.182e-05,SL,-1.065609,-1.030609,0.065,0.0,0.511692,1
pair_mr,SUIUSDT,2026-06-19 03:00:00+00:00,2026-06-19 04:00:00+00:00,LONG,1.145e-05,1.157e-05,1.157e-05,1.122e-05,TP,0.428606,0.463606,0.065,0.0,0.544589,1
pair_mr,SUIUSDT,2026-06-19 04:00:00+00:00,2026-06-19 05:00:00+00:00,LONG,1.135e-05,1.155e-05,1.155e-05,1.113e-05,TP,0.803088,0.838088,0.065,0.0,0.610192,1
pair_mr,SUIUSDT,2026-06-19 11:00:00+00:00,2026-06-19 12:00:00+00:00,LONG,1.135e-05,1.139e-05,1.139e-05,1.112e-05,TP,0.114018,0.149018,0.065,0.0,0.620628,1
pair_mr,SUIUSDT,2026-06-19 12:00:00+00:00,2026-06-19 13:00:00+00:00,LONG,1.132e-05,1.138e-05,1.138e-05,1.109e-05,TP,0.193553,0.228553,0.065,0.0,0.638647,1
pair_mr,SUIUSDT,2026-06-19 14:00:00+00:00,2026-06-19 15:00:00+00:00,LONG,1.13e-05,1.136e-05,1.136e-05,1.107e-05,TP,0.189169,0.224169,0.065,0.0,0.656769,1
pair_mr,SUIUSDT,2026-06-19 16:00:00+00:00,2026-06-19 17:00:00+00:00,LONG,1.127e-05,1.132e-05,1.132e-05,1.104e-05,TP,0.173118,0.208118,0.065,0.0,0.673823,1
pair_mr,SUIUSDT,2026-06-20 00:00:00+00:00,2026-06-20 01:00:00+00:00,LONG,1.122e-05,1.126e-05,1.126e-05,1.1e-05,TP,0.12639,0.16139,0.065,0.0,0.686598,1
pair_mr,SUIUSDT,2026-06-20 02:00:00+00:00,2026-06-20 03:00:00+00:00,LONG,1.119e-05,1.125e-05,1.125e-05,1.096e-05,TP,0.212657,0.247657,0.065,0.0,0.7085,1
pair_mr,SUIUSDT,2026-06-20 05:00:00+00:00,2026-06-20 06:00:00+00:00,SHORT,1.13e-05,1.153e-05,1.121e-05,1.153e-05,SL,-1.065609,-1.030609,0.065,0.0,0.595252,1
pair_mr,SUIUSDT,2026-06-20 10:00:00+00:00,2026-06-20 11:00:00+00:00,SHORT,1.131e-05,1.154e-05,1.129e-05,1.154e-05,SL,-1.065609,-1.030609,0.065,0.0,0.500106,1
pair_mr,SUIUSDT,2026-06-20 11:00:00+00:00,2026-06-20 12:00:00+00:00,LONG,1.126e-05,1.129e-05,1.129e-05,1.104e-05,TP,0.058132,0.093132,0.065,0.0,0.504467,1
pair_mr,SUIUSDT,2026-06-20 13:00:00+00:00,2026-06-20 14:00:00+00:00,LONG,1.119e-05,1.128e-05,1.128e-05,1.097e-05,TP,0.32638,0.36138,0.065,0.0,0.529164,1
pair_mr,SUIUSDT,2026-06-20 14:00:00+00:00,2026-06-20 15:00:00+00:00,LONG,1.111e-05,1.127e-05,1.127e-05,1.089e-05,TP,0.622442,0.657442,0.065,0.0,0.57857,1
pair_mr,SUIUSDT,2026-06-20 15:00:00+00:00,2026-06-20 16:00:00+00:00,LONG,1.107e-05,1.123e-05,1.123e-05,1.085e-05,TP,0.648233,0.683233,0.065,0.0,0.634828,1
pair_mr,SUIUSDT,2026-06-20 22:00:00+00:00,2026-06-20 23:00:00+00:00,SHORT,1.111e-05,1.133e-05,1.103e-05,1.133e-05,SL,-1.065609,-1.030609,0.065,0.0,0.533356,1
pair_mr,SUIUSDT,2026-06-21 04:00:00+00:00,2026-06-21 05:00:00+00:00,LONG,1.101e-05,1.107e-05,1.107e-05,1.079e-05,TP,0.188992,0.223992,0.065,0.0,0.548476,1
pair_mr,SUIUSDT,2026-06-21 05:00:00+00:00,2026-06-21 06:00:00+00:00,LONG,1.1e-05,1.105e-05,1.105e-05,1.078e-05,TP,0.177356,0.212356,0.065,0.0,0.563067,1
pair_mr,SUIUSDT,2026-06-21 07:00:00+00:00,2026-06-21 08:00:00+00:00,SHORT,1.107e-05,1.129e-05,1.103e-05,1.129e-05,SL,-1.065609,-1.030609,0.065,0.0,0.473066,1
pair_mr,SUIUSDT,2026-06-21 11:00:00+00:00,2026-06-21 12:00:00+00:00,LONG,1.099e-05,1.105e-05,1.105e-05,1.077e-05,TP,0.221751,0.256751,0.065,0.0,0.488801,1
pair_mr,SUIUSDT,2026-06-21 13:00:00+00:00,2026-06-21 14:00:00+00:00,SHORT,1.112e-05,1.134e-05,1.104e-05,1.134e-05,SL,-1.065609,-1.030609,0.065,0.0,0.410671,1
pair_mr,SUIUSDT,2026-06-21 21:00:00+00:00,2026-06-21 22:00:00+00:00,LONG,1.1e-05,1.107e-05,1.107e-05,1.078e-05,TP,0.226026,0.261026,0.065,0.0,0.424594,1
pair_mr,SUIUSDT,2026-06-21 22:00:00+00:00,2026-06-21 23:00:00+00:00,LONG,1.094e-05,1.105e-05,1.105e-05,1.072e-05,TP,0.472019,0.507019,0.065,0.0,0.454656,1
pair_mr,SUIUSDT,2026-06-22 07:00:00+00:00,2026-06-22 08:00:00+00:00,SHORT,1.107e-05,1.129e-05,1.098e-05,1.129e-05,SL,-1.065609,-1.030609,0.065,0.0,0.381983,1
pair_mr,SUIUSDT,2026-06-22 08:00:00+00:00,2026-06-22 09:00:00+00:00,SHORT,1.109e-05,1.131e-05,1.1e-05,1.131e-05,SL,-1.065609,-1.030609,0.065,0.0,0.320927,1
pair_mr,SUIUSDT,2026-06-22 11:00:00+00:00,2026-06-22 12:00:00+00:00,SHORT,1.143e-05,1.179e-05,1.106e-05,1.179e-05,SL,-1.041706,-1.019575,0.0411,0.0,0.27078,1
pair_mr,SUIUSDT,2026-06-22 20:00:00+00:00,2026-06-22 21:00:00+00:00,SHORT,1.126e-05,1.149e-05,1.115e-05,1.149e-05,SL,-1.065609,-1.030609,0.065,0.0,0.227498,1
pair_mr,SUIUSDT,2026-06-23 01:00:00+00:00,2026-06-23 02:00:00+00:00,LONG,1.119e-05,1.124e-05,1.124e-05,1.097e-05,TP,0.145229,0.180229,0.065,0.0,0.232454,1
pair_mr,SUIUSDT,2026-06-23 02:00:00+00:00,2026-06-23 03:00:00+00:00,SHORT,1.13e-05,1.153e-05,1.122e-05,1.153e-05,SL,-1.065609,-1.030609,0.065,0.0,0.195298,1
pair_mr,SUIUSDT,2026-06-23 03:00:00+00:00,2026-06-23 04:00:00+00:00,SHORT,1.137e-05,1.16e-05,1.124e-05,1.16e-05,SL,-1.065609,-1.030609,0.065,0.0,0.164082,1
pair_mr,SUIUSDT,2026-06-23 05:00:00+00:00,2026-06-23 06:00:00+00:00,LONG,1.116e-05,1.129e-05,1.129e-05,1.094e-05,TP,0.512824,0.547824,0.065,0.0,0.176703,1
pair_mr,SUIUSDT,2026-06-23 06:00:00+00:00,2026-06-23 07:00:00+00:00,LONG,1.097e-05,1.127e-05,1.127e-05,1.067e-05,TP,0.95178,0.977425,0.047627,0.0,0.201931,1
pair_mr,SUIUSDT,2026-06-23 07:00:00+00:00,2026-06-23 08:00:00+00:00,LONG,1.092e-05,1.123e-05,1.123e-05,1.061e-05,TP,0.953362,0.978155,0.046044,0.0,0.230808,1
pair_mr,SUIUSDT,2026-06-23 10:00:00+00:00,2026-06-23 11:00:00+00:00,SHORT,1.126e-05,1.153e-05,1.1e-05,1.153e-05,SL,-1.056042,-1.026193,0.055435,0.0,0.194246,1
pair_mr,SUIUSDT,2026-06-23 11:00:00+00:00,2026-06-23 12:00:00+00:00,SHORT,1.137e-05,1.171e-05,1.102e-05,1.171e-05,SL,-1.043335,-1.020327,0.042729,0.0,0.163847,1
pair_mr,SUIUSDT,2026-06-23 17:00:00+00:00,2026-06-23 18:00:00+00:00,LONG,1.119e-05,1.127e-05,1.127e-05,1.097e-05,TP,0.296767,0.331767,0.065,0.0,0.17114,1
pair_mr,SUIUSDT,2026-06-23 22:00:00+00:00,2026-06-23 23:00:00+00:00,SHORT,1.124e-05,1.146e-05,1.119e-05,1.146e-05,SL,-1.065609,-1.030609,0.065,0.0,0.143785,1
pair_mr,SUIUSDT,2026-06-24 02:00:00+00:00,2026-06-24 03:00:00+00:00,LONG,1.116e-05,1.122e-05,1.122e-05,1.094e-05,TP,0.19619,0.23119,0.065,0.0,0.148016,1
pair_mr,SUIUSDT,2026-06-24 03:00:00+00:00,2026-06-24 04:00:00+00:00,LONG,1.113e-05,1.121e-05,1.121e-05,1.091e-05,TP,0.29503,0.33003,0.065,0.0,0.154567,1
pair_mr,SUIUSDT,2026-06-24 12:00:00+00:00,2026-06-24 13:00:00+00:00,LONG,1.112e-05,1.116e-05,1.116e-05,1.09e-05,TP,0.13629,0.17129,0.065,0.0,0.157727,1
pair_mr,SUIUSDT,2026-06-24 14:00:00+00:00,2026-06-24 15:00:00+00:00,SHORT,1.123e-05,1.145e-05,1.114e-05,1.145e-05,SL,-1.065609,-1.030609,0.065,0.0,0.132515,1
pair_mr,SUIUSDT,2026-06-24 17:00:00+00:00,2026-06-24 18:00:00+00:00,LONG,1.106e-05,1.116e-05,1.116e-05,1.084e-05,TP,0.363107,0.398107,0.065,0.0,0.139733,1
pair_mr,SUIUSDT,2026-06-24 18:00:00+00:00,2026-06-24 19:00:00+00:00,SHORT,1.126e-05,1.149e-05,1.115e-05,1.149e-05,SL,-1.065609,-1.030609,0.065,0.0,0.117398,1
pair_mr,INJUSDT,2026-06-12 10:00:00+00:00,2026-06-12 11:00:00+00:00,LONG,8.455e-05,8.541e-05,8.541e-05,8.286e-05,TP,0.442035,0.477035,0.065,0.0,7.464137,1
pair_mr,INJUSDT,2026-06-12 11:00:00+00:00,2026-06-12 12:00:00+00:00,LONG,8.363e-05,8.52e-05,8.52e-05,8.196e-05,TP,0.870173,0.905173,0.065,0.0,8.4384,1
pair_mr,INJUSDT,2026-06-12 13:00:00+00:00,2026-06-12 14:00:00+00:00,LONG,8.274e-05,8.455e-05,8.455e-05,8.092e-05,TP,0.94011,0.97204,0.059298,0.0,9.628354,1
pair_mr,INJUSDT,2026-06-12 15:00:00+00:00,2026-06-12 16:00:00+00:00,LONG,8.051e-05,8.354e-05,8.354e-05,7.748e-05,TP,0.964904,0.983482,0.034501,0.0,11.02192,1
pair_mr,INJUSDT,2026-06-12 20:00:00+00:00,2026-06-12 21:00:00+00:00,SHORT,8.118e-05,8.28e-05,8.054e-05,8.28e-05,SL,-1.065609,-1.030609,0.065,0.0,9.260161,1
pair_mr,INJUSDT,2026-06-12 23:00:00+00:00,2026-06-13 00:00:00+00:00,LONG,7.989e-05,8.063e-05,8.063e-05,7.83e-05,TP,0.398699,0.433699,0.065,0.0,9.813964,1
pair_mr,INJUSDT,2026-06-13 02:00:00+00:00,2026-06-13 03:00:00+00:00,LONG,7.973e-05,8.042e-05,8.042e-05,7.814e-05,TP,0.367392,0.402392,0.065,0.0,10.354799,1
pair_mr,INJUSDT,2026-06-13 06:00:00+00:00,2026-06-13 07:00:00+00:00,SHORT,8.134e-05,8.297e-05,8.03e-05,8.297e-05,SL,-1.065609,-1.030609,0.065,0.0,8.699674,1
pair_mr,INJUSDT,2026-06-13 07:00:00+00:00,2026-06-13 08:00:00+00:00,SHORT,8.334e-05,8.625e-05,8.043e-05,8.625e-05,SL,-1.037802,-1.017773,0.037196,0.0,7.345393,1
pair_mr,INJUSDT,2026-06-13 16:00:00+00:00,2026-06-13 17:00:00+00:00,LONG,8.1e-05,8.217e-05,8.217e-05,7.938e-05,TP,0.654031,0.689031,0.065,0.0,8.066011,1
pair_mr,INJUSDT,2026-06-13 17:00:00+00:00,2026-06-13 18:00:00+00:00,LONG,8.084e-05,8.195e-05,8.195e-05,7.922e-05,TP,0.62115,0.65615,0.065,0.0,8.817542,1
pair_mr,INJUSDT,2026-06-13 21:00:00+00:00,2026-06-13 22:00:00+00:00,SHORT,8.137e-05,8.3e-05,8.09e-05,8.3e-05,SL,-1.065609,-1.030609,0.065,0.0,7.408134,1
pair_mr,INJUSDT,2026-06-13 23:00:00+00:00,2026-06-14 00:00:00+00:00,SHORT,8.179e-05,8.343e-05,8.1e-05,8.343e-05,SL,-1.065609,-1.030609,0.065,0.0,6.224008,1
pair_mr,INJUSDT,2026-06-14 04:00:00+00:00,2026-06-14 05:00:00+00:00,LONG,8e-05,8.123e-05,8.123e-05,7.84e-05,TP,0.700414,0.735414,0.065,0.0,6.877915,1
pair_mr,INJUSDT,2026-06-14 10:00:00+00:00,2026-06-14 11:00:00+00:00,LONG,7.924e-05,7.979e-05,7.979e-05,7.766e-05,TP,0.281209,0.316209,0.065,0.0,7.168035,1
pair_mr,INJUSDT,2026-06-14 12:00:00+00:00,2026-06-14 13:00:00+00:00,LONG,7.901e-05,7.958e-05,7.958e-05,7.743e-05,TP,0.295723,0.330723,0.065,0.0,7.485998,1
pair_mr,INJUSDT,2026-06-14 14:00:00+00:00,2026-06-14 15:00:00+00:00,LONG,7.846e-05,7.937e-05,7.937e-05,7.689e-05,TP,0.515716,0.550716,0.065,0.0,8.065095,1
pair_mr,INJUSDT,2026-06-14 17:00:00+00:00,2026-06-14 18:00:00+00:00,LONG,7.787e-05,7.886e-05,7.886e-05,7.632e-05,TP,0.566894,0.601894,0.065,0.0,8.750903,1
pair_mr,INJUSDT,2026-06-14 21:00:00+00:00,2026-06-14 22:00:00+00:00,SHORT,7.979e-05,8.141e-05,7.817e-05,8.141e-05,SL,-1.064694,-1.030187,0.064085,0.0,7.353348,1
pair_mr,INJUSDT,2026-06-15 04:00:00+00:00,2026-06-15 05:00:00+00:00,SHORT,8.012e-05,8.172e-05,7.858e-05,8.172e-05,SL,-1.065609,-1.030609,0.065,0.0,6.177978,1
pair_mr,INJUSDT,2026-06-15 10:00:00+00:00,2026-06-15 11:00:00+00:00,SHORT,8.213e-05,8.463e-05,7.963e-05,8.463e-05,SL,-1.043326,-1.020323,0.04272,0.0,5.211131,1
pair_mr,INJUSDT,2026-06-15 11:00:00+00:00,2026-06-15 12:00:00+00:00,SHORT,8.285e-05,8.552e-05,8.018e-05,8.552e-05,SL,-1.040994,-1.019246,0.040388,0.0,4.397418,1
pair_mr,INJUSDT,2026-06-15 14:00:00+00:00,2026-06-15 15:00:00+00:00,SHORT,8.481e-05,8.785e-05,8.176e-05,8.785e-05,SL,-1.036758,-1.017291,0.036152,0.0,3.71356,1
pair_mr,INJUSDT,2026-06-15 20:00:00+00:00,2026-06-15 21:00:00+00:00,SHORT,8.55e-05,8.721e-05,8.447e-05,8.721e-05,SL,-1.065609,-1.030609,0.065,0.0,3.119979,1
pair_mr,INJUSDT,2026-06-15 22:00:00+00:00,2026-06-15 23:00:00+00:00,LONG,8.335e-05,8.496e-05,8.496e-05,8.168e-05,TP,0.905293,0.940293,0.065,0.0,3.543654,1
pair_mr,INJUSDT,2026-06-16 03:00:00+00:00,2026-06-16 04:00:00+00:00,SHORT,8.631e-05,8.863e-05,8.398e-05,8.863e-05,SL,-1.04892,-1.022905,0.048313,0.0,2.986102,1
pair_mr,INJUSDT,2026-06-16 07:00:00+00:00,2026-06-16 08:00:00+00:00,SHORT,8.762e-05,8.987e-05,8.538e-05,8.987e-05,SL,-1.051377,-1.024039,0.05077,0.0,2.515174,1
pair_mr,INJUSDT,2026-06-16 08:00:00+00:00,2026-06-16 09:00:00+00:00,SHORT,8.845e-05,9.084e-05,8.606e-05,9.084e-05,SL,-1.048755,-1.022829,0.048149,0.0,2.119504,1
pair_mr,INJUSDT,2026-06-16 10:00:00+00:00,2026-06-16 11:00:00+00:00,SHORT,9.032e-05,9.343e-05,8.721e-05,9.343e-05,SL,-1.038357,-1.018029,0.037751,0.0,1.789384,1
pair_mr,INJUSDT,2026-06-16 13:00:00+00:00,2026-06-16 14:00:00+00:00,LONG,8.763e-05,8.948e-05,8.948e-05,8.579e-05,TP,0.937626,0.970893,0.061783,0.0,2.04105,1
pair_mr,INJUSDT,2026-06-16 14:00:00+00:00,2026-06-16 15:00:00+00:00,LONG,8.671e-05,8.932e-05,8.932e-05,8.411e-05,TP,0.956095,0.979417,0.043311,0.0,2.333765,1
pair_mr,INJUSDT,2026-06-16 15:00:00+00:00,2026-06-16 16:00:00+00:00,LONG,8.542e-05,8.888e-05,8.888e-05,8.196e-05,TP,0.967297,0.984586,0.032108,0.0,2.672382,1
pair_mr,INJUSDT,2026-06-16 22:00:00+00:00,2026-06-16 23:00:00+00:00,LONG,8.496e-05,8.658e-05,8.658e-05,8.327e-05,TP,0.883884,0.918884,0.065,0.0,3.026693,1
pair_mr,INJUSDT,2026-06-16 23:00:00+00:00,2026-06-17 00:00:00+00:00,LONG,8.441e-05,8.623e-05,8.623e-05,8.259e-05,TP,0.939029,0.971541,0.060379,0.0,3.453016,1
pair_mr,INJUSDT,2026-06-17 06:00:00+00:00,2026-06-17 07:00:00+00:00,LONG,8.482e-05,8.555e-05,8.555e-05,8.312e-05,TP,0.366602,0.401602,0.065,0.0,3.642899,1
pair_mr,INJUSDT,2026-06-17 07:00:00+00:00,2026-06-17 08:00:00+00:00,LONG,8.421e-05,8.528e-05,8.528e-05,8.252e-05,TP,0.572181,0.607181,0.065,0.0,3.955558,1
pair_mr,INJUSDT,2026-06-17 08:00:00+00:00,2026-06-17 09:00:00+00:00,LONG,8.343e-05,8.5e-05,8.5e-05,8.177e-05,TP,0.874956,0.909956,0.065,0.0,4.474699,1
pair_mr,INJUSDT,2026-06-17 13:00:00+00:00,2026-06-17 14:00:00+00:00,LONG,8.258e-05,8.339e-05,8.339e-05,8.093e-05,TP,0.424561,0.459561,0.065,0.0,4.759667,1
pair_mr,INJUSDT,2026-06-17 15:00:00+00:00,2026-06-17 16:00:00+00:00,SHORT,8.418e-05,8.587e-05,8.311e-05,8.587e-05,SL,-1.065609,-1.030609,0.065,0.0,3.998875,1
pair_mr,INJUSDT,2026-06-17 17:00:00+00:00,2026-06-17 18:00:00+00:00,SHORT,8.51e-05,8.708e-05,8.312e-05,8.708e-05,SL,-1.056441,-1.026377,0.055833,0.0,3.365189,1
pair_mr,INJUSDT,2026-06-18 02:00:00+00:00,2026-06-18 03:00:00+00:00,LONG,8.374e-05,8.442e-05,8.442e-05,8.207e-05,TP,0.343236,0.378236,0.065,0.0,3.538447,1
pair_mr,INJUSDT,2026-06-18 03:00:00+00:00,2026-06-18 04:00:00+00:00,LONG,8.216e-05,8.427e-05,8.427e-05,8.005e-05,TP,0.948798,0.976049,0.05061,0.0,4.042037,1
pair_mr,INJUSDT,2026-06-18 09:00:00+00:00,2026-06-18 10:00:00+00:00,SHORT,8.229e-05,8.394e-05,8.19e-05,8.394e-05,SL,-1.065609,-1.030609,0.065,0.0,3.395953,1
pair_mr,INJUSDT,2026-06-18 11:00:00+00:00,2026-06-18 12:00:00+00:00,LONG,8.123e-05,8.191e-05,8.191e-05,7.961e-05,TP,0.350556,0.385556,0.065,0.0,3.574523,1
pair_mr,INJUSDT,2026-06-18 16:00:00+00:00,2026-06-18 17:00:00+00:00,SHORT,8.207e-05,8.371e-05,8.154e-05,8.371e-05,SL,-1.065609,-1.030609,0.065,0.0,3.003166,1
pair_mr,INJUSDT,2026-06-18 19:00:00+00:00,2026-06-18 20:00:00+00:00,SHORT,8.289e-05,8.455e-05,8.183e-05,8.455e-05,SL,-1.065609,-1.030609,0.065,0.0,2.523136,1
pair_mr,INJUSDT,2026-06-18 20:00:00+00:00,2026-06-18 21:00:00+00:00,SHORT,8.438e-05,8.668e-05,8.207e-05,8.668e-05,SL,-1.048187,-1.022567,0.04758,0.0,2.126429,1
pair_mr,INJUSDT,2026-06-18 23:00:00+00:00,2026-06-19 00:00:00+00:00,SHORT,8.583e-05,8.82e-05,8.347e-05,8.82e-05,SL,-1.047783,-1.02238,0.047176,0.0,1.792223,1
pair_mr,INJUSDT,2026-06-19 03:00:00+00:00,2026-06-19 04:00:00+00:00,LONG,8.138e-05,8.471e-05,8.471e-05,7.804e-05,TP,0.967684,0.984764,0.031721,0.0,2.052369,1
pair_mr,INJUSDT,2026-06-19 04:00:00+00:00,2026-06-19 05:00:00+00:00,LONG,8.098e-05,8.412e-05,8.412e-05,7.784e-05,TP,0.965855,0.98392,0.03355,0.0,2.349713,1
pair_mr,INJUSDT,2026-06-19 09:00:00+00:00,2026-06-19 10:00:00+00:00,SHORT,8.178e-05,8.341e-05,8.121e-05,8.341e-05,SL,-1.065609,-1.030609,0.065,0.0,1.974131,1
pair_mr,INJUSDT,2026-06-19 11:00:00+00:00,2026-06-19 12:00:00+00:00,LONG,8.054e-05,8.124e-05,8.124e-05,7.893e-05,TP,0.368661,0.403661,0.065,0.0,2.083299,1
pair_mr,INJUSDT,2026-06-19 16:00:00+00:00,2026-06-19 17:00:00+00:00,LONG,7.996e-05,8.073e-05,8.073e-05,7.836e-05,TP,0.413357,0.448357,0.065,0.0,2.212471,1
pair_mr,INJUSDT,2026-06-20 05:00:00+00:00,2026-06-20 06:00:00+00:00,SHORT,8.079e-05,8.241e-05,8.014e-05,8.241e-05,SL,-1.065609,-1.030609,0.065,0.0,1.858827,1
pair_mr,INJUSDT,2026-06-20 11:00:00+00:00,2026-06-20 12:00:00+00:00,LONG,7.964e-05,8.006e-05,8.006e-05,7.804e-05,TP,0.201932,0.236932,0.065,0.0,1.91513,1
pair_mr,INJUSDT,2026-06-20 13:00:00+00:00,2026-06-20 14:00:00+00:00,LONG,7.835e-05,7.991e-05,7.991e-05,7.678e-05,TP,0.930705,0.965705,0.065,0.0,2.182493,1
pair_mr,INJUSDT,2026-06-20 14:00:00+00:00,2026-06-20 15:00:00+00:00,LONG,7.816e-05,7.958e-05,7.958e-05,7.66e-05,TP,0.842842,0.877842,0.065,0.0,2.458418,1
pair_mr,INJUSDT,2026-06-20 22:00:00+00:00,2026-06-20 23:00:00+00:00,SHORT,7.896e-05,8.054e-05,7.817e-05,8.054e-05,SL,-1.065609,-1.030609,0.065,0.0,2.065461,1
pair_mr,INJUSDT,2026-06-21 10:00:00+00:00,2026-06-21 11:00:00+00:00,LONG,7.804e-05,7.825e-05,7.825e-05,7.648e-05,TP,0.069439,0.104439,0.065,0.0,2.086974,1
pair_mr,INJUSDT,2026-06-21 11:00:00+00:00,2026-06-21 12:00:00+00:00,LONG,7.76e-05,7.821e-05,7.821e-05,7.605e-05,TP,0.328175,0.363175,0.065,0.0,2.189708,1
pair_mr,INJUSDT,2026-06-21 16:00:00+00:00,2026-06-21 17:00:00+00:00,LONG,7.693e-05,7.785e-05,7.785e-05,7.539e-05,TP,0.534418,0.569418,0.065,0.0,2.365241,1
pair_mr,INJUSDT,2026-06-21 17:00:00+00:00,2026-06-21 18:00:00+00:00,LONG,7.674e-05,7.772e-05,7.772e-05,7.52e-05,TP,0.5749,0.6099,0.065,0.0,2.569208,1
pair_mr,INJUSDT,2026-06-21 21:00:00+00:00,2026-06-21 22:00:00+00:00,LONG,7.62e-05,7.698e-05,7.698e-05,7.468e-05,TP,0.442195,0.477195,0.065,0.0,2.739621,1
pair_mr,INJUSDT,2026-06-22 01:00:00+00:00,2026-06-22 02:00:00+00:00,SHORT,7.743e-05,7.898e-05,7.643e-05,7.898e-05,SL,-1.065609,-1.030609,0.065,0.0,2.301716,1
pair_mr,INJUSDT,2026-06-22 09:00:00+00:00,2026-06-22 10:00:00+00:00,LONG,7.604e-05,7.642e-05,7.642e-05,7.451e-05,TP,0.188449,0.223449,0.065,0.0,2.36678,1
pair_mr,INJUSDT,2026-06-22 14:00:00+00:00,2026-06-22 15:00:00+00:00,LONG,7.519e-05,7.635e-05,7.635e-05,7.369e-05,TP,0.704823,0.739823,0.065,0.0,2.617004,1
pair_mr,INJUSDT,2026-06-22 15:00:00+00:00,2026-06-22 16:00:00+00:00,LONG,7.442e-05,7.618e-05,7.618e-05,7.266e-05,TP,0.944383,0.974012,0.055025,0.0,2.987722,1
pair_mr,INJUSDT,2026-06-22 22:00:00+00:00,2026-06-22 23:00:00+00:00,LONG,7.506e-05,7.542e-05,7.542e-05,7.356e-05,TP,0.175438,0.210438,0.065,0.0,3.066346,1
pair_mr,INJUSDT,2026-06-23 00:00:00+00:00,2026-06-23 01:00:00+00:00,LONG,7.488e-05,7.528e-05,7.528e-05,7.338e-05,TP,0.205554,0.240554,0.065,0.0,3.160891,1
pair_mr,INJUSDT,2026-06-23 03:00:00+00:00,2026-06-23 04:00:00+00:00,SHORT,7.555e-05,7.706e-05,7.498e-05,7.706e-05,SL,-1.065609,-1.030609,0.065,0.0,2.65565,1
pair_mr,INJUSDT,2026-06-23 04:00:00+00:00,2026-06-23 05:00:00+00:00,LONG,7.315e-05,7.508e-05,7.508e-05,7.122e-05,TP,0.950168,0.976681,0.049239,0.0,3.034147,1
pair_mr,INJUSDT,2026-06-23 09:00:00+00:00,2026-06-23 10:00:00+00:00,SHORT,7.349e-05,7.496e-05,7.324e-05,7.496e-05,SL,-1.065609,-1.030609,0.065,0.0,2.549165,1
pair_mr,INJUSDT,2026-06-23 11:00:00+00:00,2026-06-23 12:00:00+00:00,SHORT,7.367e-05,7.515e-05,7.328e-05,7.515e-05,SL,-1.065609,-1.030609,0.065,0.0,2.141703,1
pair_mr,INJUSDT,2026-06-23 14:00:00+00:00,2026-06-23 15:00:00+00:00,LONG,7.273e-05,7.33e-05,7.33e-05,7.128e-05,TP,0.328992,0.363992,0.065,0.0,2.247393,1
pair_mr,INJUSDT,2026-06-23 15:00:00+00:00,2026-06-23 16:00:00+00:00,LONG,7.255e-05,7.315e-05,7.315e-05,7.11e-05,TP,0.352456,0.387456,0.065,0.0,2.366209,1
pair_mr,INJUSDT,2026-06-23 19:00:00+00:00,2026-06-23 20:00:00+00:00,SHORT,7.32e-05,7.466e-05,7.26e-05,7.466e-05,SL,-1.065609,-1.030609,0.065,0.0,1.987991,1
pair_mr,INJUSDT,2026-06-23 20:00:00+00:00,2026-06-23 21:00:00+00:00,SHORT,7.369e-05,7.516e-05,7.27e-05,7.516e-05,SL,-1.065609,-1.030609,0.065,0.0,1.670228,1
pair_mr,INJUSDT,2026-06-23 23:00:00+00:00,2026-06-24 00:00:00+00:00,LONG,7.246e-05,7.318e-05,7.318e-05,7.101e-05,TP,0.429977,0.464977,0.065,0.0,1.777952,1
pair_mr,INJUSDT,2026-06-24 04:00:00+00:00,2026-06-24 05:00:00+00:00,LONG,7.191e-05,7.23e-05,7.23e-05,7.047e-05,TP,0.206433,0.241433,0.065,0.0,1.833006,1
pair_mr,INJUSDT,2026-06-24 09:00:00+00:00,2026-06-24 10:00:00+00:00,LONG,7.159e-05,7.208e-05,7.208e-05,7.016e-05,TP,0.277855,0.312855,0.065,0.0,1.909403,1
pair_mr,INJUSDT,2026-06-24 10:00:00+00:00,2026-06-24 11:00:00+00:00,LONG,7.128e-05,7.202e-05,7.202e-05,6.985e-05,TP,0.451397,0.486397,0.065,0.0,2.038687,1
pair_mr,INJUSDT,2026-06-24 11:00:00+00:00,2026-06-24 12:00:00+00:00,LONG,6.888e-05,7.184e-05,7.184e-05,6.593e-05,TP,0.969094,0.985415,0.03031,0.0,2.33504,1
pair_mr,INJUSDT,2026-06-24 22:00:00+00:00,2026-06-24 23:00:00+00:00,LONG,6.945e-05,7.054e-05,7.054e-05,6.806e-05,TP,0.722007,0.757007,0.065,0.0,2.587927,1
pair_mr,NEARUSDT,2026-06-12 15:00:00+00:00,2026-06-12 16:00:00+00:00,LONG,3.207e-05,3.281e-05,3.281e-05,3.132e-05,TP,0.943281,0.973503,0.056127,0.0,7.990445,1
pair_mr,NEARUSDT,2026-06-12 18:00:00+00:00,2026-06-12 19:00:00+00:00,LONG,3.175e-05,3.231e-05,3.231e-05,3.111e-05,TP,0.827189,0.862189,0.065,0.0,8.981886,1
pair_mr,NEARUSDT,2026-06-12 19:00:00+00:00,2026-06-12 20:00:00+00:00,LONG,3.156e-05,3.214e-05,3.214e-05,3.093e-05,TP,0.842818,0.877818,0.065,0.0,10.117401,1
pair_mr,NEARUSDT,2026-06-13 02:00:00+00:00,2026-06-13 03:00:00+00:00,SHORT,3.174e-05,3.237e-05,3.153e-05,3.237e-05,SL,-1.065609,-1.030609,0.065,0.0,8.500222,1
pair_mr,NEARUSDT,2026-06-13 04:00:00+00:00,2026-06-13 05:00:00+00:00,LONG,3.146e-05,3.162e-05,3.162e-05,3.083e-05,TP,0.187201,0.222201,0.065,0.0,8.738909,1
pair_mr,NEARUSDT,2026-06-13 06:00:00+00:00,2026-06-13 07:00:00+00:00,SHORT,3.182e-05,3.245e-05,3.158e-05,3.245e-05,SL,-1.065609,-1.030609,0.065,0.0,7.34207,1
pair_mr,NEARUSDT,2026-06-13 11:00:00+00:00,2026-06-13 12:00:00+00:00,SHORT,3.191e-05,3.254e-05,3.175e-05,3.254e-05,SL,-1.065609,-1.030609,0.065,0.0,6.168503,1
pair_mr,NEARUSDT,2026-06-13 12:00:00+00:00,2026-06-13 13:00:00+00:00,SHORT,3.203e-05,3.267e-05,3.177e-05,3.267e-05,SL,-1.065609,-1.030609,0.065,0.0,5.182521,1
pair_mr,NEARUSDT,2026-06-13 14:00:00+00:00,2026-06-13 15:00:00+00:00,SHORT,3.228e-05,3.292e-05,3.19e-05,3.292e-05,SL,-1.065609,-1.030609,0.065,0.0,4.35414,1
pair_mr,NEARUSDT,2026-06-13 15:00:00+00:00,2026-06-13 16:00:00+00:00,SHORT,3.388e-05,3.575e-05,3.2e-05,3.575e-05,SL,-1.024057,-1.011428,0.023454,0.0,3.685307,1
pair_mr,NEARUSDT,2026-06-14 01:00:00+00:00,2026-06-14 02:00:00+00:00,SHORT,3.342e-05,3.409e-05,3.287e-05,3.409e-05,SL,-1.065609,-1.030609,0.065,0.0,3.096242,1
pair_mr,NEARUSDT,2026-06-14 07:00:00+00:00,2026-06-14 08:00:00+00:00,LONG,3.264e-05,3.297e-05,3.297e-05,3.199e-05,TP,0.438291,0.473291,0.065,0.0,3.299801,1
pair_mr,NEARUSDT,2026-06-14 10:00:00+00:00,2026-06-14 11:00:00+00:00,LONG,3.26e-05,3.278e-05,3.278e-05,3.194e-05,TP,0.209776,0.244776,0.065,0.0,3.403633,1
pair_mr,NEARUSDT,2026-06-14 12:00:00+00:00,2026-06-14 13:00:00+00:00,LONG,3.251e-05,3.27e-05,3.27e-05,3.186e-05,TP,0.227381,0.262381,0.065,0.0,3.519722,1
pair_mr,NEARUSDT,2026-06-14 14:00:00+00:00,2026-06-14 15:00:00+00:00,LONG,3.24e-05,3.264e-05,3.264e-05,3.175e-05,TP,0.314563,0.349563,0.065,0.0,3.685798,1
pair_mr,NEARUSDT,2026-06-14 15:00:00+00:00,2026-06-14 16:00:00+00:00,LONG,3.233e-05,3.257e-05,3.257e-05,3.168e-05,TP,0.297967,0.332967,0.065,0.0,3.850535,1
pair_mr,NEARUSDT,2026-06-14 17:00:00+00:00,2026-06-14 18:00:00+00:00,SHORT,3.276e-05,3.342e-05,3.246e-05,3.342e-05,SL,-1.065609,-1.030609,0.065,0.0,3.23506,1
pair_mr,NEARUSDT,2026-06-14 19:00:00+00:00,2026-06-14 20:00:00+00:00,SHORT,3.296e-05,3.362e-05,3.255e-05,3.362e-05,SL,-1.065609,-1.030609,0.065,0.0,2.717964,1
pair_mr,NEARUSDT,2026-06-14 21:00:00+00:00,2026-06-14 22:00:00+00:00,SHORT,3.351e-05,3.423e-05,3.28e-05,3.423e-05,SL,-1.061442,-1.028685,0.060833,0.0,2.28522,1
pair_mr,NEARUSDT,2026-06-14 22:00:00+00:00,2026-06-14 23:00:00+00:00,SHORT,3.38e-05,3.458e-05,3.302e-05,3.458e-05,SL,-1.056959,-1.026616,0.056351,0.0,1.922912,1
pair_mr,NEARUSDT,2026-06-15 00:00:00+00:00,2026-06-15 01:00:00+00:00,SHORT,3.426e-05,3.511e-05,3.341e-05,3.511e-05,SL,-1.053043,-1.024809,0.052436,0.0,1.619175,1
pair_mr,NEARUSDT,2026-06-15 02:00:00+00:00,2026-06-15 03:00:00+00:00,SHORT,3.482e-05,3.572e-05,3.391e-05,3.572e-05,SL,-1.050568,-1.023666,0.049961,0.0,1.364017,1
pair_mr,NEARUSDT,2026-06-15 03:00:00+00:00,2026-06-15 04:00:00+00:00,SHORT,3.513e-05,3.609e-05,3.417e-05,3.609e-05,SL,-1.048118,-1.022535,0.047511,0.0,1.14957,1
pair_mr,NEARUSDT,2026-06-15 04:00:00+00:00,2026-06-15 05:00:00+00:00,SHORT,3.597e-05,3.75e-05,3.444e-05,3.75e-05,SL,-1.031135,-1.014696,0.030531,0.0,0.971765,1
pair_mr,NEARUSDT,2026-06-15 09:00:00+00:00,2026-06-15 10:00:00+00:00,SHORT,3.646e-05,3.718e-05,3.607e-05,3.718e-05,SL,-1.065609,-1.030609,0.065,0.0,0.816437,1
pair_mr,NEARUSDT,2026-06-15 10:00:00+00:00,2026-06-15 11:00:00+00:00,SHORT,3.672e-05,3.745e-05,3.616e-05,3.745e-05,SL,-1.065609,-1.030609,0.065,0.0,0.685937,1
pair_mr,NEARUSDT,2026-06-15 11:00:00+00:00,2026-06-15 12:00:00+00:00,SHORT,3.766e-05,3.9e-05,3.632e-05,3.9e-05,SL,-1.037186,-1.017489,0.036581,0.0,0.57922,1
pair_mr,NEARUSDT,2026-06-15 14:00:00+00:00,2026-06-15 15:00:00+00:00,SHORT,3.803e-05,3.901e-05,3.705e-05,3.901e-05,SL,-1.05098,-1.023856,0.050373,0.0,0.487908,1
pair_mr,NEARUSDT,2026-06-15 22:00:00+00:00,2026-06-15 23:00:00+00:00,LONG,3.626e-05,3.716e-05,3.716e-05,3.535e-05,TP,0.947553,0.975475,0.051854,0.0,0.557256,1
pair_mr,NEARUSDT,2026-06-15 23:00:00+00:00,2026-06-16 00:00:00+00:00,LONG,3.607e-05,3.697e-05,3.697e-05,3.517e-05,TP,0.947144,0.975286,0.052263,0.0,0.636426,1
pair_mr,NEARUSDT,2026-06-16 05:00:00+00:00,2026-06-16 06:00:00+00:00,SHORT,3.674e-05,3.748e-05,3.625e-05,3.748e-05,SL,-1.065609,-1.030609,0.065,0.0,0.534699,1
pair_mr,NEARUSDT,2026-06-16 07:00:00+00:00,2026-06-16 08:00:00+00:00,SHORT,3.693e-05,3.767e-05,3.641e-05,3.767e-05,SL,-1.065609,-1.030609,0.065,0.0,0.449232,1
pair_mr,NEARUSDT,2026-06-16 08:00:00+00:00,2026-06-16 09:00:00+00:00,SHORT,3.728e-05,3.803e-05,3.655e-05,3.803e-05,SL,-1.065609,-1.030609,0.065,0.0,0.377426,1
pair_mr,NEARUSDT,2026-06-16 09:00:00+00:00,2026-06-16 10:00:00+00:00,SHORT,3.765e-05,3.854e-05,3.676e-05,3.854e-05,SL,-1.055397,-1.025895,0.054789,0.0,0.317676,1
pair_mr,NEARUSDT,2026-06-16 13:00:00+00:00,2026-06-16 14:00:00+00:00,LONG,3.607e-05,3.712e-05,3.712e-05,3.501e-05,TP,0.954976,0.9789,0.04443,0.0,0.363182,1
pair_mr,NEARUSDT,2026-06-16 14:00:00+00:00,2026-06-16 15:00:00+00:00,LONG,3.54e-05,3.688e-05,3.688e-05,3.391e-05,TP,0.968433,0.98511,0.030971,0.0,0.415939,1
pair_mr,NEARUSDT,2026-06-16 19:00:00+00:00,2026-06-16 20:00:00+00:00,LONG,3.506e-05,3.539e-05,3.539e-05,3.436e-05,TP,0.403978,0.438978,0.065,0.0,0.441144,1
pair_mr,NEARUSDT,2026-06-16 20:00:00+00:00,2026-06-16 21:00:00+00:00,SHORT,3.596e-05,3.668e-05,3.533e-05,3.668e-05,SL,-1.065609,-1.030609,0.065,0.0,0.370631,1
pair_mr,NEARUSDT,2026-06-17 10:00:00+00:00,2026-06-17 11:00:00+00:00,LONG,3.505e-05,3.527e-05,3.527e-05,3.435e-05,TP,0.259916,0.294916,0.065,0.0,0.385081,1
pair_mr,NEARUSDT,2026-06-17 12:00:00+00:00,2026-06-17 13:00:00+00:00,SHORT,3.563e-05,3.634e-05,3.519e-05,3.634e-05,SL,-1.065609,-1.030609,0.065,0.0,0.323529,1
pair_mr,NEARUSDT,2026-06-17 15:00:00+00:00,2026-06-17 16:00:00+00:00,SHORT,3.622e-05,3.71e-05,3.533e-05,3.71e-05,SL,-1.053755,-1.025137,0.053147,0.0,0.272391,1
pair_mr,NEARUSDT,2026-06-17 19:00:00+00:00,2026-06-17 20:00:00+00:00,LONG,3.477e-05,3.557e-05,3.557e-05,3.398e-05,TP,0.942335,0.973067,0.057073,0.0,0.310893,1
pair_mr,NEARUSDT,2026-06-17 21:00:00+00:00,2026-06-17 22:00:00+00:00,LONG,3.464e-05,3.522e-05,3.522e-05,3.395e-05,TP,0.774881,0.809881,0.065,0.0,0.347029,1
pair_mr,NEARUSDT,2026-06-17 23:00:00+00:00,2026-06-18 00:00:00+00:00,LONG,3.381e-05,3.488e-05,3.488e-05,3.275e-05,TP,0.958145,0.980362,0.041261,0.0,0.396905,1
pair_mr,NEARUSDT,2026-06-18 09:00:00+00:00,2026-06-18 10:00:00+00:00,SHORT,3.481e-05,3.551e-05,3.418e-05,3.551e-05,SL,-1.065609,-1.030609,0.065,0.0,0.333463,1
pair_mr,NEARUSDT,2026-06-18 12:00:00+00:00,2026-06-18 13:00:00+00:00,SHORT,3.512e-05,3.583e-05,3.454e-05,3.583e-05,SL,-1.065609,-1.030609,0.065,0.0,0.280162,1
pair_mr,NEARUSDT,2026-06-18 13:00:00+00:00,2026-06-18 14:00:00+00:00,SHORT,3.55e-05,3.63e-05,3.469e-05,3.63e-05,SL,-1.058059,-1.027124,0.057451,0.0,0.235698,1
pair_mr,NEARUSDT,2026-06-18 17:00:00+00:00,2026-06-18 18:00:00+00:00,LONG,3.469e-05,3.531e-05,3.531e-05,3.4e-05,TP,0.831694,0.866694,0.065,0.0,0.265102,1
pair_mr,NEARUSDT,2026-06-18 22:00:00+00:00,2026-06-18 23:00:00+00:00,SHORT,3.523e-05,3.593e-05,3.484e-05,3.593e-05,SL,-1.065609,-1.030609,0.065,0.0,0.222728,1
pair_mr,NEARUSDT,2026-06-18 23:00:00+00:00,2026-06-19 00:00:00+00:00,SHORT,3.553e-05,3.625e-05,3.495e-05,3.625e-05,SL,-1.065609,-1.030609,0.065,0.0,0.187127,1
pair_mr,NEARUSDT,2026-06-19 03:00:00+00:00,2026-06-19 04:00:00+00:00,LONG,3.399e-05,3.532e-05,3.532e-05,3.267e-05,TP,0.966017,0.983995,0.033388,0.0,0.214242,1
pair_mr,NEARUSDT,2026-06-19 04:00:00+00:00,2026-06-19 05:00:00+00:00,LONG,3.367e-05,3.507e-05,3.507e-05,3.228e-05,TP,0.968092,0.984953,0.031312,0.0,0.245352,1
pair_mr,NEARUSDT,2026-06-19 10:00:00+00:00,2026-06-19 11:00:00+00:00,LONG,3.374e-05,3.401e-05,3.401e-05,3.307e-05,TP,0.336857,0.371857,0.065,0.0,0.25775,1
pair_mr,NEARUSDT,2026-06-19 11:00:00+00:00,2026-06-19 12:00:00+00:00,LONG,3.355e-05,3.396e-05,3.396e-05,3.288e-05,TP,0.551568,0.586568,0.065,0.0,0.279075,1
pair_mr,NEARUSDT,2026-06-19 19:00:00+00:00,2026-06-19 20:00:00+00:00,LONG,3.367e-05,3.407e-05,3.407e-05,3.299e-05,TP,0.539527,0.574527,0.065,0.0,0.30166,1
pair_mr,NEARUSDT,2026-06-19 23:00:00+00:00,2026-06-20 00:00:00+00:00,SHORT,3.44e-05,3.509e-05,3.39e-05,3.509e-05,SL,-1.065609,-1.030609,0.065,0.0,0.253442,1
pair_mr,NEARUSDT,2026-06-20 06:00:00+00:00,2026-06-20 07:00:00+00:00,LONG,3.389e-05,3.415e-05,3.415e-05,3.321e-05,TP,0.323725,0.358725,0.065,0.0,0.265749,1
pair_mr,NEARUSDT,2026-06-20 07:00:00+00:00,2026-06-20 08:00:00+00:00,LONG,3.362e-05,3.41e-05,3.41e-05,3.295e-05,TP,0.654774,0.689774,0.065,0.0,0.29185,1
pair_mr,NEARUSDT,2026-06-20 11:00:00+00:00,2026-06-20 12:00:00+00:00,LONG,3.351e-05,3.374e-05,3.374e-05,3.284e-05,TP,0.272736,0.307736,0.065,0.0,0.30379,1
pair_mr,NEARUSDT,2026-06-20 16:00:00+00:00,2026-06-20 17:00:00+00:00,SHORT,3.425e-05,3.494e-05,3.364e-05,3.494e-05,SL,-1.065609,-1.030609,0.065,0.0,0.255231,1
pair_mr,NEARUSDT,2026-06-20 22:00:00+00:00,2026-06-20 23:00:00+00:00,SHORT,3.41e-05,3.479e-05,3.369e-05,3.479e-05,SL,-1.065609,-1.030609,0.065,0.0,0.214435,1
pair_mr,NEARUSDT,2026-06-21 00:00:00+00:00,2026-06-21 01:00:00+00:00,SHORT,3.439e-05,3.508e-05,3.39e-05,3.508e-05,SL,-1.065609,-1.030609,0.065,0.0,0.180159,1
pair_mr,NEARUSDT,2026-06-21 06:00:00+00:00,2026-06-21 07:00:00+00:00,SHORT,3.47e-05,3.539e-05,3.418e-05,3.539e-05,SL,-1.065609,-1.030609,0.065,0.0,0.151362,1
pair_mr,NEARUSDT,2026-06-21 08:00:00+00:00,2026-06-21 09:00:00+00:00,SHORT,3.526e-05,3.609e-05,3.442e-05,3.609e-05,SL,-1.055647,-1.02601,0.055039,0.0,0.127395,1
pair_mr,NEARUSDT,2026-06-21 09:00:00+00:00,2026-06-21 10:00:00+00:00,SHORT,3.536e-05,3.61e-05,3.462e-05,3.61e-05,SL,-1.062761,-1.029294,0.062152,0.0,0.107086,1
pair_mr,NEARUSDT,2026-06-21 12:00:00+00:00,2026-06-21 13:00:00+00:00,LONG,3.396e-05,3.502e-05,3.502e-05,3.29e-05,TP,0.957617,0.980119,0.041789,0.0,0.122468,1
pair_mr,NEARUSDT,2026-06-21 17:00:00+00:00,2026-06-21 18:00:00+00:00,LONG,3.36e-05,3.402e-05,3.402e-05,3.292e-05,TP,0.560191,0.595191,0.065,0.0,0.132759,1
pair_mr,NEARUSDT,2026-06-21 20:00:00+00:00,2026-06-21 21:00:00+00:00,LONG,3.318e-05,3.393e-05,3.393e-05,3.244e-05,TP,0.941175,0.972532,0.058233,0.0,0.151502,1
pair_mr,NEARUSDT,2026-06-22 01:00:00+00:00,2026-06-22 02:00:00+00:00,SHORT,3.354e-05,3.421e-05,3.322e-05,3.421e-05,SL,-1.065609,-1.030609,0.065,0.0,0.127285,1
pair_mr,NEARUSDT,2026-06-22 02:00:00+00:00,2026-06-22 03:00:00+00:00,SHORT,3.366e-05,3.434e-05,3.33e-05,3.434e-05,SL,-1.065609,-1.030609,0.065,0.0,0.10694,1
pair_mr,NEARUSDT,2026-06-22 07:00:00+00:00,2026-06-22 08:00:00+00:00,SHORT,3.381e-05,3.448e-05,3.354e-05,3.448e-05,SL,-1.065609,-1.030609,0.065,0.0,0.089846,1
pair_mr,NEARUSDT,2026-06-22 10:00:00+00:00,2026-06-22 11:00:00+00:00,LONG,3.33e-05,3.36e-05,3.36e-05,3.264e-05,TP,0.378389,0.413389,0.065,0.0,0.094946,1
pair_mr,NEARUSDT,2026-06-22 14:00:00+00:00,2026-06-22 15:00:00+00:00,LONG,3.283e-05,3.34e-05,3.34e-05,3.217e-05,TP,0.8023,0.8373,0.065,0.0,0.106372,1
pair_mr,NEARUSDT,2026-06-22 15:00:00+00:00,2026-06-22 16:00:00+00:00,LONG,3.271e-05,3.328e-05,3.328e-05,3.206e-05,TP,0.801808,0.836808,0.065,0.0,0.119166,1
pair_mr,NEARUSDT,2026-06-22 20:00:00+00:00,2026-06-22 21:00:00+00:00,SHORT,3.322e-05,3.389e-05,3.281e-05,3.389e-05,SL,-1.065609,-1.030609,0.065,0.0,0.100118,1
pair_mr,NEARUSDT,2026-06-22 22:00:00+00:00,2026-06-22 23:00:00+00:00,LONG,3.234e-05,3.291e-05,3.291e-05,3.169e-05,TP,0.811129,0.846129,0.065,0.0,0.112299,1
pair_mr,NEARUSDT,2026-06-23 08:00:00+00:00,2026-06-23 09:00:00+00:00,LONG,3.177e-05,3.204e-05,3.204e-05,3.113e-05,TP,0.354417,0.389417,0.065,0.0,0.11827,1
pair_mr,NEARUSDT,2026-06-23 15:00:00+00:00,2026-06-23 16:00:00+00:00,LONG,3.167e-05,3.2e-05,3.2e-05,3.104e-05,TP,0.450103,0.485103,0.065,0.0,0.126255,1
pair_mr,NEARUSDT,2026-06-23 20:00:00+00:00,2026-06-23 21:00:00+00:00,SHORT,3.193e-05,3.257e-05,3.167e-05,3.257e-05,SL,-1.065609,-1.030609,0.065,0.0,0.106074,1
pair_mr,NEARUSDT,2026-06-23 23:00:00+00:00,2026-06-24 00:00:00+00:00,LONG,3.158e-05,3.178e-05,3.178e-05,3.095e-05,TP,0.245797,0.280797,0.065,0.0,0.109985,1
pair_mr,NEARUSDT,2026-06-24 02:00:00+00:00,2026-06-24 03:00:00+00:00,LONG,3.144e-05,3.166e-05,3.166e-05,3.081e-05,TP,0.287139,0.322139,0.065,0.0,0.114722,1
pair_mr,NEARUSDT,2026-06-24 03:00:00+00:00,2026-06-24 04:00:00+00:00,LONG,3.139e-05,3.159e-05,3.159e-05,3.076e-05,TP,0.260365,0.295365,0.065,0.0,0.119202,1
pair_mr,NEARUSDT,2026-06-24 07:00:00+00:00,2026-06-24 08:00:00+00:00,LONG,3.118e-05,3.144e-05,3.144e-05,3.056e-05,TP,0.35305,0.38805,0.065,0.0,0.125515,1
pair_mr,NEARUSDT,2026-06-24 13:00:00+00:00,2026-06-24 14:00:00+00:00,SHORT,3.161e-05,3.224e-05,3.126e-05,3.224e-05,SL,-1.065609,-1.030609,0.065,0.0,0.105453,1
pair_mr,NEARUSDT,2026-06-24 14:00:00+00:00,2026-06-24 15:00:00+00:00,SHORT,3.169e-05,3.233e-05,3.135e-05,3.233e-05,SL,-1.065609,-1.030609,0.065,0.0,0.088597,1
pair_mr,NEARUSDT,2026-06-24 18:00:00+00:00,2026-06-24 19:00:00+00:00,SHORT,3.193e-05,3.257e-05,3.161e-05,3.257e-05,SL,-1.065609,-1.030609,0.065,0.0,0.074435,1
pair_mr,NEARUSDT,2026-06-24 21:00:00+00:00,2026-06-24 22:00:00+00:00,SHORT,3.221e-05,3.285e-05,3.173e-05,3.285e-05,SL,-1.065609,-1.030609,0.065,0.0,0.062538,1
pair_mr,LDOUSDT,2026-06-12 15:00:00+00:00,2026-06-12 16:00:00+00:00,LONG,4.11e-06,4.15e-06,4.15e-06,4.03e-06,TP,0.42871,0.46371,0.065,0.0,7.450146,1
pair_mr,LDOUSDT,2026-06-12 20:00:00+00:00,2026-06-12 21:00:00+00:00,SHORT,4.15e-06,4.23e-06,4.13e-06,4.23e-06,SL,-1.065609,-1.030609,0.065,0.0,6.259304,1
pair_mr,LDOUSDT,2026-06-12 22:00:00+00:00,2026-06-12 23:00:00+00:00,LONG,4.11e-06,4.14e-06,4.14e-06,4.03e-06,TP,0.26457,0.29957,0.065,0.0,6.507707,1
pair_mr,LDOUSDT,2026-06-13 03:00:00+00:00,2026-06-13 04:00:00+00:00,LONG,4.07e-06,4.11e-06,4.11e-06,3.99e-06,TP,0.459928,0.494928,0.065,0.0,6.956669,1
pair_mr,LDOUSDT,2026-06-13 04:00:00+00:00,2026-06-13 05:00:00+00:00,LONG,4.06e-06,4.1e-06,4.1e-06,3.98e-06,TP,0.396935,0.431935,0.065,0.0,7.370871,1
pair_mr,LDOUSDT,2026-06-13 07:00:00+00:00,2026-06-13 08:00:00+00:00,SHORT,4.12e-06,4.2e-06,4.08e-06,4.2e-06,SL,-1.065609,-1.030609,0.065,0.0,6.192701,1
pair_mr,LDOUSDT,2026-06-13 08:00:00+00:00,2026-06-13 09:00:00+00:00,SHORT,4.13e-06,4.21e-06,4.08e-06,4.21e-06,SL,-1.065609,-1.030609,0.065,0.0,5.202851,1
pair_mr,LDOUSDT,2026-06-13 15:00:00+00:00,2026-06-13 16:00:00+00:00,SHORT,4.15e-06,4.23e-06,4.13e-06,4.23e-06,SL,-1.065609,-1.030609,0.065,0.0,4.37122,1
pair_mr,LDOUSDT,2026-06-13 19:00:00+00:00,2026-06-13 20:00:00+00:00,LONG,4.09e-06,4.13e-06,4.13e-06,4.01e-06,TP,0.323499,0.358499,0.065,0.0,4.583333,1
pair_mr,LDOUSDT,2026-06-13 23:00:00+00:00,2026-06-14 00:00:00+00:00,LONG,4.08e-06,4.1e-06,4.1e-06,4e-06,TP,0.123995,0.158995,0.065,0.0,4.66858,1
pair_mr,LDOUSDT,2026-06-14 00:00:00+00:00,2026-06-14 01:00:00+00:00,LONG,4.08e-06,4.09e-06,4.09e-06,3.99e-06,TP,0.137471,0.172471,0.065,0.0,4.764849,1
pair_mr,LDOUSDT,2026-06-14 03:00:00+00:00,2026-06-14 04:00:00+00:00,SHORT,4.1e-06,4.18e-06,4.08e-06,4.18e-06,SL,-1.065609,-1.030609,0.065,0.0,4.003229,1
pair_mr,LDOUSDT,2026-06-14 06:00:00+00:00,2026-06-14 07:00:00+00:00,LONG,4.07e-06,4.09e-06,4.09e-06,3.99e-06,TP,0.141988,0.176988,0.065,0.0,4.08849,1
pair_mr,LDOUSDT,2026-06-14 07:00:00+00:00,2026-06-14 08:00:00+00:00,LONG,4.06e-06,4.08e-06,4.08e-06,3.98e-06,TP,0.282547,0.317547,0.065,0.0,4.261769,1
pair_mr,LDOUSDT,2026-06-14 12:00:00+00:00,2026-06-14 13:00:00+00:00,LONG,4.04e-06,4.06e-06,4.06e-06,3.96e-06,TP,0.169564,0.204564,0.065,0.0,4.370165,1
pair_mr,LDOUSDT,2026-06-14 14:00:00+00:00,2026-06-14 15:00:00+00:00,LONG,4.02e-06,4.05e-06,4.05e-06,3.94e-06,TP,0.272289,0.307289,0.065,0.0,4.548658,1
pair_mr,LDOUSDT,2026-06-14 20:00:00+00:00,2026-06-14 21:00:00+00:00,LONG,4.04e-06,4.04e-06,4.04e-06,3.96e-06,TP,-0.011349,0.023651,0.065,0.0,4.540915,1
pair_mr,LDOUSDT,2026-06-14 21:00:00+00:00,2026-06-14 22:00:00+00:00,SHORT,4.11e-06,4.19e-06,4.04e-06,4.19e-06,SL,-1.065609,-1.030609,0.065,0.0,3.815089,1
pair_mr,LDOUSDT,2026-06-15 02:00:00+00:00,2026-06-15 03:00:00+00:00,SHORT,4.13e-06,4.21e-06,4.09e-06,4.21e-06,SL,-1.065609,-1.030609,0.065,0.0,3.20528,1
pair_mr,LDOUSDT,2026-06-15 08:00:00+00:00,2026-06-15 09:00:00+00:00,SHORT,4.14e-06,4.22e-06,4.12e-06,4.22e-06,SL,-1.065609,-1.030609,0.065,0.0,2.692943,1
pair_mr,LDOUSDT,2026-06-15 09:00:00+00:00,2026-06-15 10:00:00+00:00,SHORT,4.15e-06,4.23e-06,4.13e-06,4.23e-06,SL,-1.065609,-1.030609,0.065,0.0,2.2625,1
pair_mr,LDOUSDT,2026-06-15 10:00:00+00:00,2026-06-15 11:00:00+00:00,SHORT,4.16e-06,4.25e-06,4.13e-06,4.25e-06,SL,-1.065609,-1.030609,0.065,0.0,1.900858,1
pair_mr,LDOUSDT,2026-06-15 11:00:00+00:00,2026-06-15 12:00:00+00:00,SHORT,4.2e-06,4.28e-06,4.14e-06,4.28e-06,SL,-1.065609,-1.030609,0.065,0.0,1.597023,1
pair_mr,LDOUSDT,2026-06-15 13:00:00+00:00,2026-06-15 14:00:00+00:00,SHORT,4.21e-06,4.3e-06,4.16e-06,4.3e-06,SL,-1.065609,-1.030609,0.065,0.0,1.341752,1
pair_mr,LDOUSDT,2026-06-15 18:00:00+00:00,2026-06-15 19:00:00+00:00,LONG,4.18e-06,4.2e-06,4.2e-06,4.09e-06,TP,0.215016,0.250016,0.065,0.0,1.385027,1
pair_mr,LDOUSDT,2026-06-15 19:00:00+00:00,2026-06-15 20:00:00+00:00,LONG,4.15e-06,4.19e-06,4.19e-06,4.07e-06,TP,0.434136,0.469136,0.065,0.0,1.475221,1
pair_mr,LDOUSDT,2026-06-15 20:00:00+00:00,2026-06-15 21:00:00+00:00,LONG,4.14e-06,4.18e-06,4.18e-06,4.06e-06,TP,0.421546,0.456546,0.065,0.0,1.568502,1
pair_mr,LDOUSDT,2026-06-15 22:00:00+00:00,2026-06-15 23:00:00+00:00,LONG,4.11e-06,4.16e-06,4.16e-06,4.02e-06,TP,0.631209,0.666209,0.065,0.0,1.71701,1
pair_mr,LDOUSDT,2026-06-16 07:00:00+00:00,2026-06-16 08:00:00+00:00,SHORT,4.15e-06,4.23e-06,4.12e-06,4.23e-06,SL,-1.065609,-1.030609,0.065,0.0,1.44256,1
pair_mr,LDOUSDT,2026-06-16 08:00:00+00:00,2026-06-16 09:00:00+00:00,SHORT,4.2e-06,4.28e-06,4.13e-06,4.28e-06,SL,-1.065609,-1.030609,0.065,0.0,1.21198,1
pair_mr,LDOUSDT,2026-06-16 12:00:00+00:00,2026-06-16 13:00:00+00:00,SHORT,4.23e-06,4.31e-06,4.17e-06,4.31e-06,SL,-1.065609,-1.030609,0.065,0.0,1.018255,1
pair_mr,LDOUSDT,2026-06-16 18:00:00+00:00,2026-06-16 19:00:00+00:00,SHORT,4.2e-06,4.29e-06,4.16e-06,4.29e-06,SL,-1.065609,-1.030609,0.065,0.0,0.855496,1
pair_mr,LDOUSDT,2026-06-16 19:00:00+00:00,2026-06-16 20:00:00+00:00,SHORT,4.21e-06,4.3e-06,4.16e-06,4.3e-06,SL,-1.065609,-1.030609,0.065,0.0,0.718752,1
pair_mr,LDOUSDT,2026-06-16 20:00:00+00:00,2026-06-16 21:00:00+00:00,SHORT,4.24e-06,4.32e-06,4.18e-06,4.32e-06,SL,-1.065609,-1.030609,0.065,0.0,0.603866,1
pair_mr,LDOUSDT,2026-06-17 00:00:00+00:00,2026-06-17 01:00:00+00:00,SHORT,4.27e-06,4.35e-06,4.23e-06,4.35e-06,SL,-1.065609,-1.030609,0.065,0.0,0.507343,1
pair_mr,LDOUSDT,2026-06-17 01:00:00+00:00,2026-06-17 02:00:00+00:00,SHORT,4.39e-06,4.55e-06,4.24e-06,4.55e-06,SL,-1.038011,-1.017869,0.037405,0.0,0.428349,1
pair_mr,LDOUSDT,2026-06-17 02:00:00+00:00,2026-06-17 03:00:00+00:00,SHORT,4.42e-06,4.58e-06,4.27e-06,4.58e-06,SL,-1.038231,-1.017971,0.037626,0.0,0.36164,1
pair_mr,LDOUSDT,2026-06-17 07:00:00+00:00,2026-06-17 08:00:00+00:00,SHORT,4.53e-06,4.62e-06,4.44e-06,4.62e-06,SL,-1.064141,-1.029931,0.063532,0.0,0.303915,1
pair_mr,LDOUSDT,2026-06-17 11:00:00+00:00,2026-06-17 12:00:00+00:00,LONG,4.38e-06,4.49e-06,4.49e-06,4.27e-06,TP,0.946402,0.974944,0.053005,0.0,0.347059,1
pair_mr,LDOUSDT,2026-06-17 15:00:00+00:00,2026-06-17 16:00:00+00:00,SHORT,4.48e-06,4.57e-06,4.43e-06,4.57e-06,SL,-1.065609,-1.030609,0.065,0.0,0.291584,1
pair_mr,LDOUSDT,2026-06-17 18:00:00+00:00,2026-06-17 19:00:00+00:00,LONG,4.37e-06,4.43e-06,4.43e-06,4.28e-06,TP,0.676627,0.711627,0.065,0.0,0.321178,1
pair_mr,LDOUSDT,2026-06-17 19:00:00+00:00,2026-06-17 20:00:00+00:00,LONG,4.32e-06,4.42e-06,4.42e-06,4.23e-06,TP,0.942014,0.972919,0.057394,0.0,0.366562,1
pair_mr,LDOUSDT,2026-06-17 21:00:00+00:00,2026-06-17 22:00:00+00:00,LONG,4.28e-06,4.37e-06,4.37e-06,4.2e-06,TP,0.919079,0.954079,0.065,0.0,0.417096,1
pair_mr,LDOUSDT,2026-06-18 00:00:00+00:00,2026-06-18 01:00:00+00:00,SHORT,4.34e-06,4.43e-06,4.3e-06,4.43e-06,SL,-1.065609,-1.030609,0.065,0.0,0.350427,1
pair_mr,LDOUSDT,2026-06-18 05:00:00+00:00,2026-06-18 06:00:00+00:00,LONG,4.28e-06,4.34e-06,4.34e-06,4.2e-06,TP,0.629415,0.664415,0.065,0.0,0.383512,1
pair_mr,LDOUSDT,2026-06-18 08:00:00+00:00,2026-06-18 09:00:00+00:00,SHORT,4.41e-06,4.5e-06,4.31e-06,4.5e-06,SL,-1.061518,-1.028721,0.06091,0.0,0.322446,1
pair_mr,LDOUSDT,2026-06-18 09:00:00+00:00,2026-06-18 10:00:00+00:00,SHORT,4.47e-06,4.61e-06,4.33e-06,4.61e-06,SL,-1.042458,-1.019922,0.041852,0.0,0.272026,1
pair_mr,LDOUSDT,2026-06-18 13:00:00+00:00,2026-06-18 14:00:00+00:00,LONG,4.35e-06,4.42e-06,4.42e-06,4.26e-06,TP,0.789378,0.824378,0.065,0.0,0.304235,1
pair_mr,LDOUSDT,2026-06-18 15:00:00+00:00,2026-06-18 16:00:00+00:00,LONG,4.29e-06,4.39e-06,4.39e-06,4.18e-06,TP,0.947646,0.975518,0.051761,0.0,0.347481,1
pair_mr,LDOUSDT,2026-06-18 16:00:00+00:00,2026-06-18 17:00:00+00:00,LONG,4.27e-06,4.37e-06,4.37e-06,4.17e-06,TP,0.941911,0.972871,0.057498,0.0,0.396576,1
pair_mr,LDOUSDT,2026-06-18 20:00:00+00:00,2026-06-18 21:00:00+00:00,SHORT,4.38e-06,4.47e-06,4.3e-06,4.47e-06,SL,-1.065609,-1.030609,0.065,0.0,0.333187,1
pair_mr,LDOUSDT,2026-06-19 00:00:00+00:00,2026-06-19 01:00:00+00:00,SHORT,4.43e-06,4.52e-06,4.38e-06,4.52e-06,SL,-1.065609,-1.030609,0.065,0.0,0.27993,1
pair_mr,LDOUSDT,2026-06-19 02:00:00+00:00,2026-06-19 03:00:00+00:00,SHORT,4.51e-06,4.62e-06,4.41e-06,4.62e-06,SL,-1.055364,-1.02588,0.054756,0.0,0.235615,1
pair_mr,LDOUSDT,2026-06-19 03:00:00+00:00,2026-06-19 04:00:00+00:00,SHORT,4.53e-06,4.63e-06,4.43e-06,4.63e-06,SL,-1.060443,-1.028224,0.059834,0.0,0.198137,1
pair_mr,LDOUSDT,2026-06-19 11:00:00+00:00,2026-06-19 12:00:00+00:00,LONG,4.32e-06,4.38e-06,4.38e-06,4.23e-06,TP,0.643641,0.678641,0.065,0.0,0.217266,1
pair_mr,LDOUSDT,2026-06-19 14:00:00+00:00,2026-06-19 15:00:00+00:00,SHORT,4.44e-06,4.53e-06,4.36e-06,4.53e-06,SL,-1.065609,-1.030609,0.065,0.0,0.182538,1
pair_mr,LDOUSDT,2026-06-19 19:00:00+00:00,2026-06-19 20:00:00+00:00,LONG,4.38e-06,4.44e-06,4.44e-06,4.29e-06,TP,0.559896,0.594896,0.065,0.0,0.197869,1
pair_mr,LDOUSDT,2026-06-19 21:00:00+00:00,2026-06-19 22:00:00+00:00,LONG,4.36e-06,4.42e-06,4.42e-06,4.27e-06,TP,0.60992,0.64492,0.065,0.0,0.215971,1
pair_mr,LDOUSDT,2026-06-20 05:00:00+00:00,2026-06-20 06:00:00+00:00,SHORT,4.4e-06,4.49e-06,4.36e-06,4.49e-06,SL,-1.065609,-1.030609,0.065,0.0,0.18145,1
pair_mr,LDOUSDT,2026-06-20 13:00:00+00:00,2026-06-20 14:00:00+00:00,LONG,4.32e-06,4.38e-06,4.38e-06,4.24e-06,TP,0.592964,0.627964,0.065,0.0,0.197589,1
pair_mr,LDOUSDT,2026-06-20 14:00:00+00:00,2026-06-20 15:00:00+00:00,LONG,4.31e-06,4.37e-06,4.37e-06,4.23e-06,TP,0.532513,0.567513,0.065,0.0,0.213372,1
pair_mr,LDOUSDT,2026-06-20 18:00:00+00:00,2026-06-20 19:00:00+00:00,LONG,4.29e-06,4.32e-06,4.32e-06,4.21e-06,TP,0.25704,0.29204,0.065,0.0,0.221599,1
pair_mr,LDOUSDT,2026-06-20 22:00:00+00:00,2026-06-20 23:00:00+00:00,SHORT,4.32e-06,4.41e-06,4.29e-06,4.41e-06,SL,-1.065609,-1.030609,0.065,0.0,0.186178,1
pair_mr,LDOUSDT,2026-06-21 04:00:00+00:00,2026-06-21 05:00:00+00:00,LONG,4.28e-06,4.3e-06,4.3e-06,4.2e-06,TP,0.117528,0.152528,0.065,0.0,0.18946,1
pair_mr,LDOUSDT,2026-06-21 05:00:00+00:00,2026-06-21 06:00:00+00:00,LONG,4.28e-06,4.3e-06,4.3e-06,4.19e-06,TP,0.1364,0.1714,0.065,0.0,0.193336,1
pair_mr,LDOUSDT,2026-06-21 07:00:00+00:00,2026-06-21 08:00:00+00:00,SHORT,4.3e-06,4.39e-06,4.29e-06,4.39e-06,SL,-1.065609,-1.030609,0.065,0.0,0.162433,1
pair_mr,LDOUSDT,2026-06-21 08:00:00+00:00,2026-06-21 09:00:00+00:00,SHORT,4.33e-06,4.41e-06,4.29e-06,4.41e-06,SL,-1.065609,-1.030609,0.065,0.0,0.13647,1
pair_mr,LDOUSDT,2026-06-21 09:00:00+00:00,2026-06-21 10:00:00+00:00,SHORT,4.38e-06,4.47e-06,4.3e-06,4.47e-06,SL,-1.065609,-1.030609,0.065,0.0,0.114656,1
pair_mr,LDOUSDT,2026-06-21 16:00:00+00:00,2026-06-21 17:00:00+00:00,LONG,4.35e-06,4.39e-06,4.39e-06,4.26e-06,TP,0.446622,0.481622,0.065,0.0,0.122337,1
pair_mr,LDOUSDT,2026-06-21 17:00:00+00:00,2026-06-21 18:00:00+00:00,LONG,4.34e-06,4.38e-06,4.38e-06,4.26e-06,TP,0.384467,0.419467,0.065,0.0,0.129393,1
pair_mr,LDOUSDT,2026-06-21 20:00:00+00:00,2026-06-21 21:00:00+00:00,LONG,4.29e-06,4.35e-06,4.35e-06,4.21e-06,TP,0.60421,0.63921,0.065,0.0,0.14112,1
pair_mr,LDOUSDT,2026-06-21 21:00:00+00:00,2026-06-21 22:00:00+00:00,LONG,4.26e-06,4.33e-06,4.33e-06,4.18e-06,TP,0.73576,0.77076,0.065,0.0,0.156694,1
pair_mr,LDOUSDT,2026-06-21 22:00:00+00:00,2026-06-21 23:00:00+00:00,LONG,4.25e-06,4.31e-06,4.31e-06,4.16e-06,TP,0.702779,0.737779,0.065,0.0,0.173212,1
pair_mr,LDOUSDT,2026-06-22 03:00:00+00:00,2026-06-22 04:00:00+00:00,LONG,4.21e-06,4.24e-06,4.24e-06,4.12e-06,TP,0.360891,0.395891,0.065,0.0,0.182589,1
pair_mr,LDOUSDT,2026-06-22 08:00:00+00:00,2026-06-22 09:00:00+00:00,SHORT,4.24e-06,4.33e-06,4.22e-06,4.33e-06,SL,-1.065609,-1.030609,0.065,0.0,0.153404,1
pair_mr,LDOUSDT,2026-06-22 11:00:00+00:00,2026-06-22 12:00:00+00:00,SHORT,4.3e-06,4.39e-06,4.24e-06,4.39e-06,SL,-1.065609,-1.030609,0.065,0.0,0.128883,1
pair_mr,LDOUSDT,2026-06-22 15:00:00+00:00,2026-06-22 16:00:00+00:00,LONG,4.24e-06,4.28e-06,4.28e-06,4.16e-06,TP,0.435438,0.470438,0.065,0.0,0.137302,1
pair_mr,LDOUSDT,2026-06-22 19:00:00+00:00,2026-06-22 20:00:00+00:00,LONG,4.21e-06,4.26e-06,4.26e-06,4.13e-06,TP,0.498928,0.533928,0.065,0.0,0.147577,1
pair_mr,LDOUSDT,2026-06-23 03:00:00+00:00,2026-06-23 04:00:00+00:00,SHORT,4.2e-06,4.28e-06,4.18e-06,4.28e-06,SL,-1.065609,-1.030609,0.065,0.0,0.123988,1
pair_mr,LDOUSDT,2026-06-23 06:00:00+00:00,2026-06-23 07:00:00+00:00,LONG,4.15e-06,4.19e-06,4.19e-06,4.07e-06,TP,0.417545,0.452545,0.065,0.0,0.131754,1
pair_mr,LDOUSDT,2026-06-23 08:00:00+00:00,2026-06-23 09:00:00+00:00,LONG,4.09e-06,4.19e-06,4.19e-06,3.99e-06,TP,0.943748,0.973719,0.05566,0.0,0.150405,1
pair_mr,LDOUSDT,2026-06-23 13:00:00+00:00,2026-06-23 14:00:00+00:00,SHORT,4.15e-06,4.23e-06,4.09e-06,4.23e-06,SL,-1.065609,-1.030609,0.065,0.0,0.126364,1
pair_mr,LDOUSDT,2026-06-23 20:00:00+00:00,2026-06-23 21:00:00+00:00,SHORT,4.15e-06,4.23e-06,4.11e-06,4.23e-06,SL,-1.065609,-1.030609,0.065,0.0,0.106166,1
pair_mr,LDOUSDT,2026-06-24 01:00:00+00:00,2026-06-24 02:00:00+00:00,LONG,4.13e-06,4.14e-06,4.14e-06,4.05e-06,TP,0.11242,0.14742,0.065,0.0,0.107956,1
pair_mr,LDOUSDT,2026-06-24 02:00:00+00:00,2026-06-24 03:00:00+00:00,LONG,4.12e-06,4.14e-06,4.14e-06,4.04e-06,TP,0.129907,0.164907,0.065,0.0,0.11006,1
pair_mr,LDOUSDT,2026-06-24 03:00:00+00:00,2026-06-24 04:00:00+00:00,LONG,4.1e-06,4.14e-06,4.14e-06,4.02e-06,TP,0.33489,0.36989,0.065,0.0,0.115589,1
pair_mr,LDOUSDT,2026-06-24 08:00:00+00:00,2026-06-24 09:00:00+00:00,LONG,4.09e-06,4.1e-06,4.1e-06,4.01e-06,TP,0.067221,0.102221,0.065,0.0,0.116754,1
pair_mr,LDOUSDT,2026-06-24 13:00:00+00:00,2026-06-24 14:00:00+00:00,SHORT,4.13e-06,4.21e-06,4.1e-06,4.21e-06,SL,-1.065609,-1.030609,0.065,0.0,0.098092,1
pair_mr,LDOUSDT,2026-06-24 14:00:00+00:00,2026-06-24 15:00:00+00:00,SHORT,4.21e-06,4.31e-06,4.1e-06,4.31e-06,SL,-1.052451,-1.024535,0.051844,0.0,0.082606,1
pair_mr,WIFUSDT,2026-06-12 09:00:00+00:00,2026-06-12 10:00:00+00:00,SHORT,2.49e-06,2.54e-06,2.47e-06,2.54e-06,SL,-1.065609,-1.030609,0.065,0.0,5.88111,1
pair_mr,WIFUSDT,2026-06-12 12:00:00+00:00,2026-06-12 13:00:00+00:00,SHORT,2.5e-06,2.56e-06,2.48e-06,2.56e-06,SL,-1.065609,-1.030609,0.065,0.0,4.941066,1
pair_mr,WIFUSDT,2026-06-12 14:00:00+00:00,2026-06-12 15:00:00+00:00,SHORT,2.51e-06,2.56e-06,2.49e-06,2.56e-06,SL,-1.065609,-1.030609,0.065,0.0,4.151279,1
pair_mr,WIFUSDT,2026-06-12 15:00:00+00:00,2026-06-12 16:00:00+00:00,LONG,2.47e-06,2.5e-06,2.5e-06,2.42e-06,TP,0.466664,0.501664,0.065,0.0,4.441867,1
pair_mr,WIFUSDT,2026-06-13 01:00:00+00:00,2026-06-13 02:00:00+00:00,SHORT,2.49e-06,2.54e-06,2.48e-06,2.54e-06,SL,-1.065609,-1.030609,0.065,0.0,3.731872,1
pair_mr,WIFUSDT,2026-06-13 07:00:00+00:00,2026-06-13 08:00:00+00:00,SHORT,2.51e-06,2.56e-06,2.49e-06,2.56e-06,SL,-1.065609,-1.030609,0.065,0.0,3.135365,1
pair_mr,WIFUSDT,2026-06-13 09:00:00+00:00,2026-06-13 10:00:00+00:00,SHORT,2.53e-06,2.58e-06,2.5e-06,2.58e-06,SL,-1.065609,-1.030609,0.065,0.0,2.634204,1
pair_mr,WIFUSDT,2026-06-13 11:00:00+00:00,2026-06-13 12:00:00+00:00,SHORT,2.55e-06,2.61e-06,2.52e-06,2.61e-06,SL,-1.065609,-1.030609,0.065,0.0,2.213149,1
pair_mr,WIFUSDT,2026-06-13 17:00:00+00:00,2026-06-13 18:00:00+00:00,LONG,2.51e-06,2.52e-06,2.52e-06,2.46e-06,TP,0.237815,0.272815,0.065,0.0,2.292097,1
pair_mr,WIFUSDT,2026-06-13 18:00:00+00:00,2026-06-13 19:00:00+00:00,LONG,2.5e-06,2.52e-06,2.52e-06,2.45e-06,TP,0.313985,0.348985,0.065,0.0,2.40005,1
pair_mr,WIFUSDT,2026-06-13 22:00:00+00:00,2026-06-13 23:00:00+00:00,LONG,2.49e-06,2.5e-06,2.5e-06,2.44e-06,TP,0.198917,0.233917,0.065,0.0,2.471661,1
pair_mr,WIFUSDT,2026-06-13 23:00:00+00:00,2026-06-14 00:00:00+00:00,LONG,2.49e-06,2.5e-06,2.5e-06,2.44e-06,TP,0.19124,0.22624,0.065,0.0,2.542563,1
pair_mr,WIFUSDT,2026-06-14 00:00:00+00:00,2026-06-14 01:00:00+00:00,LONG,2.48e-06,2.5e-06,2.5e-06,2.43e-06,TP,0.34345,0.37845,0.065,0.0,2.67355,1
pair_mr,WIFUSDT,2026-06-14 04:00:00+00:00,2026-06-14 05:00:00+00:00,LONG,2.47e-06,2.48e-06,2.48e-06,2.42e-06,TP,0.230009,0.265009,0.065,0.0,2.765791,1
pair_mr,WIFUSDT,2026-06-14 12:00:00+00:00,2026-06-14 13:00:00+00:00,LONG,2.45e-06,2.46e-06,2.46e-06,2.4e-06,TP,0.1797,0.2147,0.065,0.0,2.840343,1
pair_mr,WIFUSDT,2026-06-14 14:00:00+00:00,2026-06-14 15:00:00+00:00,LONG,2.44e-06,2.46e-06,2.46e-06,2.39e-06,TP,0.242859,0.277859,0.065,0.0,2.943813,1
pair_mr,WIFUSDT,2026-06-14 15:00:00+00:00,2026-06-14 16:00:00+00:00,LONG,2.44e-06,2.45e-06,2.45e-06,2.39e-06,TP,0.20237,0.23737,0.065,0.0,3.033174,1
pair_mr,WIFUSDT,2026-06-14 19:00:00+00:00,2026-06-14 20:00:00+00:00,SHORT,2.45e-06,2.5e-06,2.44e-06,2.5e-06,SL,-1.065609,-1.030609,0.065,0.0,2.548347,1
pair_mr,WIFUSDT,2026-06-14 20:00:00+00:00,2026-06-14 21:00:00+00:00,SHORT,2.45e-06,2.5e-06,2.44e-06,2.5e-06,SL,-1.065609,-1.030609,0.065,0.0,2.141016,1
pair_mr,WIFUSDT,2026-06-14 21:00:00+00:00,2026-06-14 22:00:00+00:00,SHORT,2.5e-06,2.55e-06,2.45e-06,2.55e-06,SL,-1.065609,-1.030609,0.065,0.0,1.798793,1
pair_mr,WIFUSDT,2026-06-15 02:00:00+00:00,2026-06-15 03:00:00+00:00,SHORT,2.52e-06,2.58e-06,2.5e-06,2.58e-06,SL,-1.065609,-1.030609,0.065,0.0,1.511271,1
pair_mr,WIFUSDT,2026-06-15 04:00:00+00:00,2026-06-15 05:00:00+00:00,SHORT,2.53e-06,2.58e-06,2.51e-06,2.58e-06,SL,-1.065609,-1.030609,0.065,0.0,1.269708,1
pair_mr,WIFUSDT,2026-06-15 08:00:00+00:00,2026-06-15 09:00:00+00:00,SHORT,2.54e-06,2.59e-06,2.53e-06,2.59e-06,SL,-1.065609,-1.030609,0.065,0.0,1.066756,1
pair_mr,WIFUSDT,2026-06-15 11:00:00+00:00,2026-06-15 12:00:00+00:00,SHORT,2.56e-06,2.61e-06,2.54e-06,2.61e-06,SL,-1.065609,-1.030609,0.065,0.0,0.896244,1
pair_mr,WIFUSDT,2026-06-15 13:00:00+00:00,2026-06-15 14:00:00+00:00,SHORT,2.6e-06,2.66e-06,2.55e-06,2.66e-06,SL,-1.06192,-1.028906,0.061311,0.0,0.753483,1
pair_mr,WIFUSDT,2026-06-15 14:00:00+00:00,2026-06-15 15:00:00+00:00,SHORT,2.61e-06,2.66e-06,2.56e-06,2.66e-06,SL,-1.065609,-1.030609,0.065,0.0,0.633046,1
pair_mr,WIFUSDT,2026-06-15 18:00:00+00:00,2026-06-15 19:00:00+00:00,LONG,2.57e-06,2.6e-06,2.6e-06,2.51e-06,TP,0.533222,0.568222,0.065,0.0,0.683679,1
pair_mr,WIFUSDT,2026-06-15 19:00:00+00:00,2026-06-15 20:00:00+00:00,LONG,2.54e-06,2.59e-06,2.59e-06,2.49e-06,TP,0.80964,0.84464,0.065,0.0,0.766709,1
pair_mr,WIFUSDT,2026-06-15 20:00:00+00:00,2026-06-15 21:00:00+00:00,LONG,2.54e-06,2.58e-06,2.58e-06,2.49e-06,TP,0.693357,0.728357,0.065,0.0,0.846449,1
pair_mr,WIFUSDT,2026-06-16 03:00:00+00:00,2026-06-16 04:00:00+00:00,SHORT,2.54e-06,2.59e-06,2.52e-06,2.59e-06,SL,-1.065609,-1.030609,0.065,0.0,0.711151,1
pair_mr,WIFUSDT,2026-06-16 07:00:00+00:00,2026-06-16 08:00:00+00:00,SHORT,2.55e-06,2.61e-06,2.53e-06,2.61e-06,SL,-1.065609,-1.030609,0.065,0.0,0.59748,1
pair_mr,WIFUSDT,2026-06-16 08:00:00+00:00,2026-06-16 09:00:00+00:00,SHORT,2.58e-06,2.63e-06,2.54e-06,2.63e-06,SL,-1.065609,-1.030609,0.065,0.0,0.501978,1
pair_mr,WIFUSDT,2026-06-16 12:00:00+00:00,2026-06-16 13:00:00+00:00,SHORT,2.58e-06,2.63e-06,2.56e-06,2.63e-06,SL,-1.065609,-1.030609,0.065,0.0,0.421741,1
pair_mr,WIFUSDT,2026-06-16 14:00:00+00:00,2026-06-16 15:00:00+00:00,LONG,2.54e-06,2.56e-06,2.56e-06,2.49e-06,TP,0.469651,0.504651,0.065,0.0,0.451452,1
pair_mr,WIFUSDT,2026-06-16 20:00:00+00:00,2026-06-16 21:00:00+00:00,SHORT,2.58e-06,2.63e-06,2.55e-06,2.63e-06,SL,-1.065609,-1.030609,0.065,0.0,0.379291,1
pair_mr,WIFUSDT,2026-06-16 21:00:00+00:00,2026-06-16 22:00:00+00:00,SHORT,2.6e-06,2.65e-06,2.56e-06,2.65e-06,SL,-1.065609,-1.030609,0.065,0.0,0.318665,1
pair_mr,WIFUSDT,2026-06-17 01:00:00+00:00,2026-06-17 02:00:00+00:00,SHORT,2.63e-06,2.69e-06,2.59e-06,2.69e-06,SL,-1.065609,-1.030609,0.065,0.0,0.267729,1
pair_mr,WIFUSDT,2026-06-17 02:00:00+00:00,2026-06-17 03:00:00+00:00,SHORT,2.71e-06,2.81e-06,2.6e-06,2.81e-06,SL,-1.034208,-1.016114,0.033603,0.0,0.226196,1
pair_mr,WIFUSDT,2026-06-17 11:00:00+00:00,2026-06-17 12:00:00+00:00,LONG,2.58e-06,2.6e-06,2.6e-06,2.53e-06,TP,0.390554,0.425554,0.065,0.0,0.239447,1
pair_mr,WIFUSDT,2026-06-17 13:00:00+00:00,2026-06-17 14:00:00+00:00,LONG,2.57e-06,2.59e-06,2.59e-06,2.52e-06,TP,0.302998,0.337998,0.065,0.0,0.25033,1
pair_mr,WIFUSDT,2026-06-17 15:00:00+00:00,2026-06-17 16:00:00+00:00,SHORT,2.62e-06,2.67e-06,2.58e-06,2.67e-06,SL,-1.065609,-1.030609,0.065,0.0,0.210317,1
pair_mr,WIFUSDT,2026-06-17 19:00:00+00:00,2026-06-17 20:00:00+00:00,LONG,2.58e-06,2.61e-06,2.61e-06,2.53e-06,TP,0.429135,0.464135,0.065,0.0,0.223855,1
pair_mr,WIFUSDT,2026-06-18 03:00:00+00:00,2026-06-18 04:00:00+00:00,LONG,2.58e-06,2.6e-06,2.6e-06,2.53e-06,TP,0.358575,0.393575,0.065,0.0,0.235895,1
pair_mr,WIFUSDT,2026-06-18 04:00:00+00:00,2026-06-18 05:00:00+00:00,LONG,2.57e-06,2.6e-06,2.6e-06,2.51e-06,TP,0.532298,0.567298,0.065,0.0,0.25473,1
pair_mr,WIFUSDT,2026-06-18 08:00:00+00:00,2026-06-18 09:00:00+00:00,SHORT,2.6e-06,2.65e-06,2.58e-06,2.65e-06,SL,-1.065609,-1.030609,0.065,0.0,0.214014,1
pair_mr,WIFUSDT,2026-06-18 09:00:00+00:00,2026-06-18 10:00:00+00:00,SHORT,2.62e-06,2.68e-06,2.58e-06,2.68e-06,SL,-1.065609,-1.030609,0.065,0.0,0.179806,1
pair_mr,WIFUSDT,2026-06-18 15:00:00+00:00,2026-06-18 16:00:00+00:00,LONG,2.56e-06,2.61e-06,2.61e-06,2.51e-06,TP,0.833539,0.868539,0.065,0.0,0.202287,1
pair_mr,WIFUSDT,2026-06-18 20:00:00+00:00,2026-06-18 21:00:00+00:00,SHORT,2.64e-06,2.7e-06,2.58e-06,2.7e-06,SL,-1.057956,-1.027077,0.057348,0.0,0.170185,1
pair_mr,WIFUSDT,2026-06-19 01:00:00+00:00,2026-06-19 02:00:00+00:00,LONG,2.63e-06,2.64e-06,2.64e-06,2.58e-06,TP,0.045947,0.080947,0.065,0.0,0.171358,1
pair_mr,WIFUSDT,2026-06-19 03:00:00+00:00,2026-06-19 04:00:00+00:00,LONG,2.6e-06,2.64e-06,2.64e-06,2.55e-06,TP,0.554759,0.589759,0.065,0.0,0.185617,1
pair_mr,WIFUSDT,2026-06-19 04:00:00+00:00,2026-06-19 05:00:00+00:00,LONG,2.58e-06,2.63e-06,2.63e-06,2.53e-06,TP,0.932949,0.967949,0.065,0.0,0.211593,1
pair_mr,WIFUSDT,2026-06-19 10:00:00+00:00,2026-06-19 11:00:00+00:00,LONG,2.56e-06,2.58e-06,2.58e-06,2.51e-06,TP,0.250084,0.285084,0.065,0.0,0.219531,1
pair_mr,WIFUSDT,2026-06-19 11:00:00+00:00,2026-06-19 12:00:00+00:00,LONG,2.55e-06,2.57e-06,2.57e-06,2.5e-06,TP,0.283356,0.318356,0.065,0.0,0.228861,1
pair_mr,WIFUSDT,2026-06-19 13:00:00+00:00,2026-06-19 14:00:00+00:00,SHORT,2.6e-06,2.65e-06,2.57e-06,2.65e-06,SL,-1.065609,-1.030609,0.065,0.0,0.19228,1
pair_mr,WIFUSDT,2026-06-19 18:00:00+00:00,2026-06-19 19:00:00+00:00,LONG,2.56e-06,2.58e-06,2.58e-06,2.51e-06,TP,0.364158,0.399158,0.065,0.0,0.202783,1
pair_mr,WIFUSDT,2026-06-19 19:00:00+00:00,2026-06-19 20:00:00+00:00,LONG,2.55e-06,2.58e-06,2.58e-06,2.5e-06,TP,0.412924,0.447924,0.065,0.0,0.215343,1
pair_mr,WIFUSDT,2026-06-20 02:00:00+00:00,2026-06-20 03:00:00+00:00,LONG,2.53e-06,2.55e-06,2.55e-06,2.48e-06,TP,0.263555,0.298555,0.065,0.0,0.223856,1
pair_mr,WIFUSDT,2026-06-20 05:00:00+00:00,2026-06-20 06:00:00+00:00,SHORT,2.57e-06,2.62e-06,2.54e-06,2.62e-06,SL,-1.065609,-1.030609,0.065,0.0,0.188075,1
pair_mr,WIFUSDT,2026-06-20 06:00:00+00:00,2026-06-20 07:00:00+00:00,SHORT,2.58e-06,2.63e-06,2.54e-06,2.63e-06,SL,-1.065609,-1.030609,0.065,0.0,0.158013,1
pair_mr,WIFUSDT,2026-06-20 12:00:00+00:00,2026-06-20 13:00:00+00:00,LONG,2.55e-06,2.56e-06,2.56e-06,2.5e-06,TP,0.157799,0.192799,0.065,0.0,0.161753,1
pair_mr,WIFUSDT,2026-06-20 14:00:00+00:00,2026-06-20 15:00:00+00:00,LONG,2.53e-06,2.56e-06,2.56e-06,2.48e-06,TP,0.505259,0.540259,0.065,0.0,0.174012,1
pair_mr,WIFUSDT,2026-06-20 22:00:00+00:00,2026-06-20 23:00:00+00:00,SHORT,2.53e-06,2.58e-06,2.51e-06,2.58e-06,SL,-1.065609,-1.030609,0.065,0.0,0.146198,1
pair_mr,WIFUSDT,2026-06-21 04:00:00+00:00,2026-06-21 05:00:00+00:00,LONG,2.52e-06,2.53e-06,2.53e-06,2.47e-06,TP,0.152632,0.187632,0.065,0.0,0.149545,1
pair_mr,WIFUSDT,2026-06-21 05:00:00+00:00,2026-06-21 06:00:00+00:00,LONG,2.51e-06,2.53e-06,2.53e-06,2.46e-06,TP,0.247101,0.282101,0.065,0.0,0.155088,1
pair_mr,WIFUSDT,2026-06-21 08:00:00+00:00,2026-06-21 09:00:00+00:00,SHORT,2.54e-06,2.59e-06,2.52e-06,2.59e-06,SL,-1.065609,-1.030609,0.065,0.0,0.130298,1
pair_mr,WIFUSDT,2026-06-21 09:00:00+00:00,2026-06-21 10:00:00+00:00,SHORT,2.55e-06,2.6e-06,2.52e-06,2.6e-06,SL,-1.065609,-1.030609,0.065,0.0,0.109471,1
pair_mr,WIFUSDT,2026-06-21 15:00:00+00:00,2026-06-21 16:00:00+00:00,SHORT,2.62e-06,2.69e-06,2.54e-06,2.69e-06,SL,-1.045502,-1.021327,0.044895,0.0,0.092303,1
pair_mr,WIFUSDT,2026-06-21 20:00:00+00:00,2026-06-21 21:00:00+00:00,LONG,2.56e-06,2.59e-06,2.59e-06,2.51e-06,TP,0.527645,0.562645,0.065,0.0,0.099609,1
pair_mr,WIFUSDT,2026-06-21 21:00:00+00:00,2026-06-21 22:00:00+00:00,LONG,2.54e-06,2.58e-06,2.58e-06,2.49e-06,TP,0.573299,0.608299,0.065,0.0,0.108175,1
pair_mr,WIFUSDT,2026-06-21 22:00:00+00:00,2026-06-21 23:00:00+00:00,LONG,2.54e-06,2.57e-06,2.57e-06,2.49e-06,TP,0.528766,0.563766,0.065,0.0,0.116755,1
pair_mr,WIFUSDT,2026-06-22 07:00:00+00:00,2026-06-22 08:00:00+00:00,SHORT,2.57e-06,2.62e-06,2.55e-06,2.62e-06,SL,-1.065609,-1.030609,0.065,0.0,0.098092,1
pair_mr,WIFUSDT,2026-06-22 08:00:00+00:00,2026-06-22 09:00:00+00:00,SHORT,2.58e-06,2.64e-06,2.55e-06,2.64e-06,SL,-1.065609,-1.030609,0.065,0.0,0.082413,1
pair_mr,WIFUSDT,2026-06-22 11:00:00+00:00,2026-06-22 12:00:00+00:00,SHORT,2.6e-06,2.66e-06,2.57e-06,2.66e-06,SL,-1.065609,-1.030609,0.065,0.0,0.06924,1
pair_mr,WIFUSDT,2026-06-22 13:00:00+00:00,2026-06-22 14:00:00+00:00,SHORT,2.63e-06,2.68e-06,2.59e-06,2.68e-06,SL,-1.065609,-1.030609,0.065,0.0,0.058173,1
pair_mr,WIFUSDT,2026-06-22 18:00:00+00:00,2026-06-22 19:00:00+00:00,LONG,2.58e-06,2.61e-06,2.61e-06,2.53e-06,TP,0.617273,0.652273,0.065,0.0,0.063559,1
pair_mr,WIFUSDT,2026-06-22 19:00:00+00:00,2026-06-22 20:00:00+00:00,LONG,2.55e-06,2.6e-06,2.6e-06,2.5e-06,TP,0.937757,0.970954,0.061651,0.0,0.072499,1
pair_mr,WIFUSDT,2026-06-23 02:00:00+00:00,2026-06-23 03:00:00+00:00,SHORT,2.58e-06,2.63e-06,2.55e-06,2.63e-06,SL,-1.065609,-1.030609,0.065,0.0,0.060911,1
pair_mr,WIFUSDT,2026-06-23 03:00:00+00:00,2026-06-23 04:00:00+00:00,SHORT,2.58e-06,2.64e-06,2.56e-06,2.64e-06,SL,-1.065609,-1.030609,0.065,0.0,0.051175,1
pair_mr,WIFUSDT,2026-06-23 06:00:00+00:00,2026-06-23 07:00:00+00:00,LONG,2.54e-06,2.58e-06,2.58e-06,2.49e-06,TP,0.567214,0.602214,0.065,0.0,0.055529,1
pair_mr,WIFUSDT,2026-06-23 07:00:00+00:00,2026-06-23 08:00:00+00:00,LONG,2.53e-06,2.57e-06,2.57e-06,2.48e-06,TP,0.791916,0.826916,0.065,0.0,0.062125,1
pair_mr,WIFUSDT,2026-06-23 08:00:00+00:00,2026-06-23 09:00:00+00:00,LONG,2.49e-06,2.56e-06,2.56e-06,2.42e-06,TP,0.952798,0.977895,0.046609,0.0,0.071004,1
pair_mr,WIFUSDT,2026-06-23 13:00:00+00:00,2026-06-23 14:00:00+00:00,SHORT,2.53e-06,2.58e-06,2.5e-06,2.58e-06,SL,-1.065609,-1.030609,0.065,0.0,0.059655,1
pair_mr,WIFUSDT,2026-06-23 16:00:00+00:00,2026-06-23 17:00:00+00:00,LONG,2.48e-06,2.51e-06,2.51e-06,2.43e-06,TP,0.499311,0.534311,0.065,0.0,0.064123,1
pair_mr,WIFUSDT,2026-06-23 20:00:00+00:00,2026-06-23 21:00:00+00:00,SHORT,2.52e-06,2.57e-06,2.49e-06,2.57e-06,SL,-1.065609,-1.030609,0.065,0.0,0.053873,1
pair_mr,WIFUSDT,2026-06-23 21:00:00+00:00,2026-06-23 22:00:00+00:00,SHORT,2.52e-06,2.57e-06,2.5e-06,2.57e-06,SL,-1.065609,-1.030609,0.065,0.0,0.045262,1
pair_mr,WIFUSDT,2026-06-24 02:00:00+00:00,2026-06-24 03:00:00+00:00,LONG,2.49e-06,2.51e-06,2.51e-06,2.44e-06,TP,0.449215,0.484215,0.065,0.0,0.048312,1
pair_mr,WIFUSDT,2026-06-24 03:00:00+00:00,2026-06-24 04:00:00+00:00,LONG,2.47e-06,2.5e-06,2.5e-06,2.42e-06,TP,0.589627,0.624627,0.065,0.0,0.052585,1
pair_mr,WIFUSDT,2026-06-24 10:00:00+00:00,2026-06-24 11:00:00+00:00,LONG,2.46e-06,2.47e-06,2.47e-06,2.41e-06,TP,0.233196,0.268196,0.065,0.0,0.054424,1
pair_mr,WIFUSDT,2026-06-24 12:00:00+00:00,2026-06-24 13:00:00+00:00,LONG,2.45e-06,2.47e-06,2.47e-06,2.41e-06,TP,0.187888,0.222888,0.065,0.0,0.055958,1
pair_mr,WIFUSDT,2026-06-24 13:00:00+00:00,2026-06-24 14:00:00+00:00,LONG,2.45e-06,2.46e-06,2.46e-06,2.4e-06,TP,0.275213,0.310213,0.065,0.0,0.058268,1
pair_mr,WIFUSDT,2026-06-24 16:00:00+00:00,2026-06-24 17:00:00+00:00,LONG,2.4e-06,2.46e-06,2.46e-06,2.33e-06,TP,0.948423,0.975876,0.050984,0.0,0.066557,1
pair_mr,WIFUSDT,2026-06-24 17:00:00+00:00,2026-06-24 18:00:00+00:00,LONG,2.38e-06,2.44e-06,2.44e-06,2.32e-06,TP,0.947804,0.975591,0.051603,0.0,0.07602,1
pair_mr,WIFUSDT,2026-06-24 21:00:00+00:00,2026-06-24 22:00:00+00:00,SHORT,2.44e-06,2.49e-06,2.4e-06,2.49e-06,SL,-1.065609,-1.030609,0.065,0.0,0.063869,1
pair_mr,FETUSDT,2026-06-12 13:00:00+00:00,2026-06-12 14:00:00+00:00,LONG,2.98e-06,3.01e-06,3.01e-06,2.92e-06,TP,0.460749,0.495749,0.065,0.0,7.483786,1
pair_mr,FETUSDT,2026-06-12 21:00:00+00:00,2026-06-12 22:00:00+00:00,LONG,2.94e-06,2.97e-06,2.97e-06,2.89e-06,TP,0.337255,0.372255,0.065,0.0,7.862378,1
pair_mr,FETUSDT,2026-06-12 22:00:00+00:00,2026-06-12 23:00:00+00:00,LONG,2.93e-06,2.96e-06,2.96e-06,2.87e-06,TP,0.504492,0.539492,0.065,0.0,8.457354,1
pair_mr,FETUSDT,2026-06-13 07:00:00+00:00,2026-06-13 08:00:00+00:00,SHORT,2.99e-06,3.06e-06,2.92e-06,3.06e-06,SL,-1.056995,-1.026633,0.056387,0.0,7.116446,1
pair_mr,FETUSDT,2026-06-13 09:00:00+00:00,2026-06-13 10:00:00+00:00,SHORT,3.02e-06,3.1e-06,2.94e-06,3.1e-06,SL,-1.050123,-1.023461,0.049516,0.0,5.995475,1
pair_mr,FETUSDT,2026-06-13 11:00:00+00:00,2026-06-13 12:00:00+00:00,SHORT,3.11e-06,3.22e-06,3e-06,3.22e-06,SL,-1.03654,-1.01719,0.035935,0.0,5.063292,1
pair_mr,FETUSDT,2026-06-13 12:00:00+00:00,2026-06-13 13:00:00+00:00,SHORT,3.17e-06,3.3e-06,3.03e-06,3.3e-06,SL,-1.030114,-1.014224,0.02951,0.0,4.280927,1
pair_mr,FETUSDT,2026-06-13 13:00:00+00:00,2026-06-13 14:00:00+00:00,SHORT,3.23e-06,3.4e-06,3.06e-06,3.4e-06,SL,-1.025161,-1.011938,0.024557,0.0,3.622631,1
pair_mr,FETUSDT,2026-06-13 17:00:00+00:00,2026-06-13 18:00:00+00:00,SHORT,3.26e-06,3.33e-06,3.2e-06,3.33e-06,SL,-1.065609,-1.030609,0.065,0.0,3.043585,1
pair_mr,FETUSDT,2026-06-14 02:00:00+00:00,2026-06-14 03:00:00+00:00,SHORT,3.26e-06,3.32e-06,3.23e-06,3.32e-06,SL,-1.065609,-1.030609,0.065,0.0,2.557094,1
pair_mr,FETUSDT,2026-06-14 03:00:00+00:00,2026-06-14 04:00:00+00:00,SHORT,3.33e-06,3.42e-06,3.23e-06,3.42e-06,SL,-1.047534,-1.022266,0.046928,0.0,2.155298,1
pair_mr,FETUSDT,2026-06-14 12:00:00+00:00,2026-06-14 13:00:00+00:00,LONG,3.18e-06,3.27e-06,3.27e-06,3.09e-06,TP,0.95421,0.978547,0.045196,0.0,2.463789,1
pair_mr,FETUSDT,2026-06-14 13:00:00+00:00,2026-06-14 14:00:00+00:00,LONG,3.15e-06,3.26e-06,3.26e-06,3.04e-06,TP,0.962228,0.982246,0.037178,0.0,2.819397,1
pair_mr,FETUSDT,2026-06-14 20:00:00+00:00,2026-06-14 21:00:00+00:00,SHORT,3.19e-06,3.25e-06,3.15e-06,3.25e-06,SL,-1.065609,-1.030609,0.065,0.0,2.368741,1
pair_mr,FETUSDT,2026-06-14 21:00:00+00:00,2026-06-14 22:00:00+00:00,SHORT,3.22e-06,3.28e-06,3.16e-06,3.28e-06,SL,-1.065609,-1.030609,0.065,0.0,1.990118,1
pair_mr,FETUSDT,2026-06-14 22:00:00+00:00,2026-06-14 23:00:00+00:00,SHORT,3.23e-06,3.29e-06,3.17e-06,3.29e-06,SL,-1.065609,-1.030609,0.065,0.0,1.672015,1
pair_mr,FETUSDT,2026-06-15 02:00:00+00:00,2026-06-15 03:00:00+00:00,SHORT,3.26e-06,3.32e-06,3.22e-06,3.32e-06,SL,-1.065609,-1.030609,0.065,0.0,1.404758,1
pair_mr,FETUSDT,2026-06-15 05:00:00+00:00,2026-06-15 06:00:00+00:00,SHORT,3.29e-06,3.36e-06,3.23e-06,3.36e-06,SL,-1.065609,-1.030609,0.065,0.0,1.180219,1
pair_mr,FETUSDT,2026-06-15 11:00:00+00:00,2026-06-15 12:00:00+00:00,SHORT,3.34e-06,3.42e-06,3.27e-06,3.42e-06,SL,-1.058816,-1.027473,0.058207,0.0,0.992774,1
pair_mr,FETUSDT,2026-06-15 19:00:00+00:00,2026-06-15 20:00:00+00:00,LONG,3.26e-06,3.28e-06,3.28e-06,3.19e-06,TP,0.351711,0.386711,0.065,0.0,1.04515,1
pair_mr,FETUSDT,2026-06-15 20:00:00+00:00,2026-06-15 21:00:00+00:00,SHORT,3.31e-06,3.38e-06,3.28e-06,3.38e-06,SL,-1.065609,-1.030609,0.065,0.0,0.878091,1
pair_mr,FETUSDT,2026-06-15 22:00:00+00:00,2026-06-15 23:00:00+00:00,LONG,3.2e-06,3.28e-06,3.28e-06,3.11e-06,TP,0.952153,0.977597,0.047253,0.0,1.003503,1
pair_mr,FETUSDT,2026-06-16 10:00:00+00:00,2026-06-16 11:00:00+00:00,LONG,3.2e-06,3.22e-06,3.22e-06,3.13e-06,TP,0.279872,0.314872,0.065,0.0,1.045631,1
pair_mr,FETUSDT,2026-06-16 11:00:00+00:00,2026-06-16 12:00:00+00:00,LONG,3.19e-06,3.22e-06,3.22e-06,3.12e-06,TP,0.410363,0.445363,0.065,0.0,1.109994,1
pair_mr,FETUSDT,2026-06-16 13:00:00+00:00,2026-06-16 14:00:00+00:00,LONG,3.16e-06,3.2e-06,3.2e-06,3.1e-06,TP,0.670852,0.705852,0.065,0.0,1.22169,1
pair_mr,FETUSDT,2026-06-16 14:00:00+00:00,2026-06-16 15:00:00+00:00,LONG,3.13e-06,3.19e-06,3.19e-06,3.07e-06,TP,0.908099,0.943099,0.065,0.0,1.388103,1
pair_mr,FETUSDT,2026-06-16 22:00:00+00:00,2026-06-16 23:00:00+00:00,LONG,3.15e-06,3.17e-06,3.17e-06,3.08e-06,TP,0.305722,0.340722,0.065,0.0,1.451759,1
pair_mr,FETUSDT,2026-06-16 23:00:00+00:00,2026-06-17 00:00:00+00:00,LONG,3.12e-06,3.16e-06,3.16e-06,3.06e-06,TP,0.594106,0.629106,0.065,0.0,1.581133,1
pair_mr,FETUSDT,2026-06-17 13:00:00+00:00,2026-06-17 14:00:00+00:00,LONG,3.15e-06,3.17e-06,3.17e-06,3.09e-06,TP,0.268112,0.303112,0.065,0.0,1.644721,1
pair_mr,FETUSDT,2026-06-17 15:00:00+00:00,2026-06-17 16:00:00+00:00,SHORT,3.21e-06,3.27e-06,3.17e-06,3.27e-06,SL,-1.065609,-1.030609,0.065,0.0,1.381827,1
pair_mr,FETUSDT,2026-06-17 19:00:00+00:00,2026-06-17 20:00:00+00:00,LONG,3.13e-06,3.18e-06,3.18e-06,3.07e-06,TP,0.749165,0.784165,0.065,0.0,1.537109,1
pair_mr,FETUSDT,2026-06-17 21:00:00+00:00,2026-06-17 22:00:00+00:00,LONG,3.11e-06,3.16e-06,3.16e-06,3.05e-06,TP,0.825023,0.860023,0.065,0.0,1.727332,1
pair_mr,FETUSDT,2026-06-18 04:00:00+00:00,2026-06-18 05:00:00+00:00,LONG,3.08e-06,3.1e-06,3.1e-06,3.02e-06,TP,0.307329,0.342329,0.065,0.0,1.806961,1
pair_mr,FETUSDT,2026-06-18 09:00:00+00:00,2026-06-18 10:00:00+00:00,SHORT,3.12e-06,3.19e-06,3.09e-06,3.19e-06,SL,-1.065609,-1.030609,0.065,0.0,1.518134,1
pair_mr,FETUSDT,2026-06-18 15:00:00+00:00,2026-06-18 16:00:00+00:00,LONG,3.04e-06,3.09e-06,3.09e-06,2.98e-06,TP,0.723308,0.758308,0.065,0.0,1.682846,1
pair_mr,FETUSDT,2026-06-18 20:00:00+00:00,2026-06-18 21:00:00+00:00,SHORT,3.09e-06,3.15e-06,3.05e-06,3.15e-06,SL,-1.065609,-1.030609,0.065,0.0,1.413857,1
pair_mr,FETUSDT,2026-06-18 21:00:00+00:00,2026-06-18 22:00:00+00:00,SHORT,3.11e-06,3.17e-06,3.06e-06,3.17e-06,SL,-1.065609,-1.030609,0.065,0.0,1.187864,1
pair_mr,FETUSDT,2026-06-18 23:00:00+00:00,2026-06-19 00:00:00+00:00,SHORT,3.14e-06,3.2e-06,3.08e-06,3.2e-06,SL,-1.065609,-1.030609,0.065,0.0,0.997995,1
pair_mr,FETUSDT,2026-06-19 00:00:00+00:00,2026-06-19 01:00:00+00:00,SHORT,3.15e-06,3.22e-06,3.1e-06,3.22e-06,SL,-1.065609,-1.030609,0.065,0.0,0.838474,1
pair_mr,FETUSDT,2026-06-19 04:00:00+00:00,2026-06-19 05:00:00+00:00,LONG,3.09e-06,3.15e-06,3.15e-06,3.02e-06,TP,0.936941,0.970577,0.062468,0.0,0.956314,1
pair_mr,FETUSDT,2026-06-19 09:00:00+00:00,2026-06-19 10:00:00+00:00,LONG,3.06e-06,3.08e-06,3.08e-06,3e-06,TP,0.327254,0.362254,0.065,0.0,1.003257,1
pair_mr,FETUSDT,2026-06-19 12:00:00+00:00,2026-06-19 13:00:00+00:00,SHORT,3.1e-06,3.16e-06,3.06e-06,3.16e-06,SL,-1.065609,-1.030609,0.065,0.0,0.842895,1
pair_mr,FETUSDT,2026-06-19 13:00:00+00:00,2026-06-19 14:00:00+00:00,SHORT,3.11e-06,3.18e-06,3.07e-06,3.18e-06,SL,-1.065609,-1.030609,0.065,0.0,0.708166,1
pair_mr,FETUSDT,2026-06-19 18:00:00+00:00,2026-06-19 19:00:00+00:00,LONG,3.04e-06,3.1e-06,3.1e-06,2.98e-06,TP,0.810107,0.845107,0.065,0.0,0.794219,1
pair_mr,FETUSDT,2026-06-19 19:00:00+00:00,2026-06-19 20:00:00+00:00,LONG,3.03e-06,3.08e-06,3.08e-06,2.97e-06,TP,0.698477,0.733477,0.065,0.0,0.877431,1
pair_mr,FETUSDT,2026-06-20 02:00:00+00:00,2026-06-20 03:00:00+00:00,LONG,2.99e-06,3.02e-06,3.02e-06,2.93e-06,TP,0.414901,0.449901,0.065,0.0,0.932038,1
pair_mr,FETUSDT,2026-06-20 03:00:00+00:00,2026-06-20 04:00:00+00:00,LONG,2.98e-06,3.01e-06,3.01e-06,2.92e-06,TP,0.438892,0.473892,0.065,0.0,0.993398,1
pair_mr,FETUSDT,2026-06-20 11:00:00+00:00,2026-06-20 12:00:00+00:00,LONG,2.97e-06,2.98e-06,2.98e-06,2.91e-06,TP,0.20676,0.24176,0.065,0.0,1.024207,1
pair_mr,FETUSDT,2026-06-20 13:00:00+00:00,2026-06-20 14:00:00+00:00,LONG,2.94e-06,2.98e-06,2.98e-06,2.89e-06,TP,0.517954,0.552954,0.065,0.0,1.103781,1
pair_mr,FETUSDT,2026-06-20 17:00:00+00:00,2026-06-20 18:00:00+00:00,LONG,2.92e-06,2.96e-06,2.96e-06,2.86e-06,TP,0.72246,0.75746,0.065,0.0,1.223396,1
pair_mr,FETUSDT,2026-06-20 18:00:00+00:00,2026-06-20 19:00:00+00:00,LONG,2.91e-06,2.95e-06,2.95e-06,2.85e-06,TP,0.652576,0.687576,0.065,0.0,1.34315,1
pair_mr,FETUSDT,2026-06-20 22:00:00+00:00,2026-06-20 23:00:00+00:00,SHORT,2.95e-06,3.01e-06,2.92e-06,3.01e-06,SL,-1.065609,-1.030609,0.065,0.0,1.128459,1
pair_mr,FETUSDT,2026-06-21 00:00:00+00:00,2026-06-21 01:00:00+00:00,LONG,2.9e-06,2.93e-06,2.93e-06,2.84e-06,TP,0.394653,0.429653,0.065,0.0,1.195262,1
pair_mr,FETUSDT,2026-06-21 05:00:00+00:00,2026-06-21 06:00:00+00:00,LONG,2.89e-06,2.9e-06,2.9e-06,2.83e-06,TP,0.137132,0.172132,0.065,0.0,1.219848,1
pair_mr,FETUSDT,2026-06-21 07:00:00+00:00,2026-06-21 08:00:00+00:00,SHORT,2.91e-06,2.97e-06,2.89e-06,2.97e-06,SL,-1.065609,-1.030609,0.065,0.0,1.024866,1
pair_mr,FETUSDT,2026-06-21 09:00:00+00:00,2026-06-21 10:00:00+00:00,SHORT,2.93e-06,2.98e-06,2.9e-06,2.98e-06,SL,-1.065609,-1.030609,0.065,0.0,0.86105,1
pair_mr,FETUSDT,2026-06-21 17:00:00+00:00,2026-06-21 18:00:00+00:00,LONG,2.9e-06,2.93e-06,2.93e-06,2.84e-06,TP,0.438137,0.473137,0.065,0.0,0.917639,1
pair_mr,FETUSDT,2026-06-21 21:00:00+00:00,2026-06-21 22:00:00+00:00,LONG,2.86e-06,2.91e-06,2.91e-06,2.81e-06,TP,0.791411,0.826411,0.065,0.0,1.026573,1
pair_mr,FETUSDT,2026-06-21 22:00:00+00:00,2026-06-21 23:00:00+00:00,LONG,2.81e-06,2.9e-06,2.9e-06,2.71e-06,TP,0.961626,0.981969,0.037779,0.0,1.17465,1
pair_mr,FETUSDT,2026-06-22 11:00:00+00:00,2026-06-22 12:00:00+00:00,SHORT,2.88e-06,2.94e-06,2.85e-06,2.94e-06,SL,-1.065609,-1.030609,0.065,0.0,0.986892,1
pair_mr,FETUSDT,2026-06-22 12:00:00+00:00,2026-06-22 13:00:00+00:00,SHORT,2.89e-06,2.95e-06,2.86e-06,2.95e-06,SL,-1.065609,-1.030609,0.065,0.0,0.829146,1
pair_mr,FETUSDT,2026-06-22 15:00:00+00:00,2026-06-22 16:00:00+00:00,LONG,2.83e-06,2.87e-06,2.87e-06,2.77e-06,TP,0.725799,0.760799,0.065,0.0,0.919415,1
pair_mr,FETUSDT,2026-06-22 21:00:00+00:00,2026-06-22 22:00:00+00:00,LONG,2.8e-06,2.81e-06,2.81e-06,2.74e-06,TP,0.179909,0.214909,0.065,0.0,0.944227,1
pair_mr,FETUSDT,2026-06-22 23:00:00+00:00,2026-06-23 00:00:00+00:00,SHORT,2.84e-06,2.89e-06,2.81e-06,2.89e-06,SL,-1.065609,-1.030609,0.065,0.0,0.7933,1
pair_mr,FETUSDT,2026-06-23 00:00:00+00:00,2026-06-23 01:00:00+00:00,SHORT,2.9e-06,2.98e-06,2.81e-06,2.98e-06,SL,-1.045077,-1.021131,0.044471,0.0,0.668941,1
pair_mr,FETUSDT,2026-06-23 06:00:00+00:00,2026-06-23 07:00:00+00:00,LONG,2.79e-06,2.86e-06,2.86e-06,2.72e-06,TP,0.946157,0.97483,0.053251,0.0,0.76388,1
pair_mr,FETUSDT,2026-06-23 07:00:00+00:00,2026-06-23 08:00:00+00:00,LONG,2.78e-06,2.85e-06,2.85e-06,2.72e-06,TP,0.944095,0.973879,0.055313,0.0,0.872056,1
pair_mr,FETUSDT,2026-06-23 08:00:00+00:00,2026-06-23 09:00:00+00:00,LONG,2.74e-06,2.83e-06,2.83e-06,2.65e-06,TP,0.958838,0.980682,0.040567,0.0,0.99748,1
pair_mr,FETUSDT,2026-06-23 13:00:00+00:00,2026-06-23 14:00:00+00:00,SHORT,2.81e-06,2.87e-06,2.76e-06,2.87e-06,SL,-1.065609,-1.030609,0.065,0.0,0.838041,1
pair_mr,FETUSDT,2026-06-23 20:00:00+00:00,2026-06-23 21:00:00+00:00,SHORT,2.79e-06,2.84e-06,2.77e-06,2.84e-06,SL,-1.065609,-1.030609,0.065,0.0,0.704088,1
pair_mr,FETUSDT,2026-06-24 02:00:00+00:00,2026-06-24 03:00:00+00:00,SHORT,2.8e-06,2.85e-06,2.78e-06,2.85e-06,SL,-1.065609,-1.030609,0.065,0.0,0.591545,1
pair_mr,FETUSDT,2026-06-24 10:00:00+00:00,2026-06-24 11:00:00+00:00,LONG,2.76e-06,2.79e-06,2.79e-06,2.7e-06,TP,0.479414,0.514414,0.065,0.0,0.634085,1
pair_mr,FETUSDT,2026-06-24 14:00:00+00:00,2026-06-24 15:00:00+00:00,SHORT,2.81e-06,2.86e-06,2.77e-06,2.86e-06,SL,-1.065609,-1.030609,0.065,0.0,0.532732,1
pair_mr,RENDERUSDT,2026-06-12 13:00:00+00:00,2026-06-12 14:00:00+00:00,LONG,2.597e-05,2.612e-05,2.612e-05,2.545e-05,TP,0.226407,0.261407,0.065,0.0,7.237728,1
pair_mr,RENDERUSDT,2026-06-12 14:00:00+00:00,2026-06-12 15:00:00+00:00,SHORT,2.625e-05,2.677e-05,2.609e-05,2.677e-05,SL,-1.065609,-1.030609,0.065,0.0,6.080839,1
pair_mr,RENDERUSDT,2026-06-13 00:00:00+00:00,2026-06-13 01:00:00+00:00,SHORT,2.639e-05,2.692e-05,2.603e-05,2.692e-05,SL,-1.065609,-1.030609,0.065,0.0,5.10887,1
pair_mr,RENDERUSDT,2026-06-13 01:00:00+00:00,2026-06-13 02:00:00+00:00,SHORT,2.644e-05,2.697e-05,2.608e-05,2.697e-05,SL,-1.065609,-1.030609,0.065,0.0,4.292261,1
pair_mr,RENDERUSDT,2026-06-13 06:00:00+00:00,2026-06-13 07:00:00+00:00,SHORT,2.662e-05,2.715e-05,2.635e-05,2.715e-05,SL,-1.065609,-1.030609,0.065,0.0,3.60618,1
pair_mr,RENDERUSDT,2026-06-13 07:00:00+00:00,2026-06-13 08:00:00+00:00,SHORT,2.717e-05,2.795e-05,2.638e-05,2.795e-05,SL,-1.045618,-1.021381,0.045012,0.0,3.040577,1
pair_mr,RENDERUSDT,2026-06-13 12:00:00+00:00,2026-06-13 13:00:00+00:00,SHORT,2.763e-05,2.818e-05,2.729e-05,2.818e-05,SL,-1.065609,-1.030609,0.065,0.0,2.554567,1
pair_mr,RENDERUSDT,2026-06-13 13:00:00+00:00,2026-06-13 14:00:00+00:00,SHORT,2.8e-05,2.862e-05,2.738e-05,2.862e-05,SL,-1.059162,-1.027633,0.058554,0.0,2.148712,1
pair_mr,RENDERUSDT,2026-06-13 14:00:00+00:00,2026-06-13 15:00:00+00:00,SHORT,2.815e-05,2.876e-05,2.754e-05,2.876e-05,SL,-1.060861,-1.028417,0.060252,0.0,1.806789,1
pair_mr,RENDERUSDT,2026-06-13 18:00:00+00:00,2026-06-13 19:00:00+00:00,LONG,2.729e-05,2.783e-05,2.783e-05,2.675e-05,TP,0.918055,0.953055,0.065,0.0,2.055599,1
pair_mr,RENDERUSDT,2026-06-14 03:00:00+00:00,2026-06-14 04:00:00+00:00,SHORT,2.767e-05,2.822e-05,2.746e-05,2.822e-05,SL,-1.065609,-1.030609,0.065,0.0,1.727029,1
pair_mr,RENDERUSDT,2026-06-14 09:00:00+00:00,2026-06-14 10:00:00+00:00,SHORT,2.765e-05,2.821e-05,2.748e-05,2.821e-05,SL,-1.065609,-1.030609,0.065,0.0,1.450979,1
pair_mr,RENDERUSDT,2026-06-14 11:00:00+00:00,2026-06-14 12:00:00+00:00,LONG,2.73e-05,2.752e-05,2.752e-05,2.675e-05,TP,0.351609,0.386609,0.065,0.0,1.527505,1
pair_mr,RENDERUSDT,2026-06-14 12:00:00+00:00,2026-06-14 13:00:00+00:00,LONG,2.717e-05,2.749e-05,2.749e-05,2.663e-05,TP,0.523665,0.558665,0.065,0.0,1.64749,1
pair_mr,RENDERUSDT,2026-06-14 13:00:00+00:00,2026-06-14 14:00:00+00:00,LONG,2.703e-05,2.742e-05,2.742e-05,2.649e-05,TP,0.637969,0.672969,0.065,0.0,1.805147,1
pair_mr,RENDERUSDT,2026-06-14 14:00:00+00:00,2026-06-14 15:00:00+00:00,LONG,2.688e-05,2.732e-05,2.732e-05,2.634e-05,TP,0.751193,0.786193,0.065,0.0,2.00855,1
pair_mr,RENDERUSDT,2026-06-14 21:00:00+00:00,2026-06-14 22:00:00+00:00,SHORT,2.76e-05,2.815e-05,2.725e-05,2.815e-05,SL,-1.065609,-1.030609,0.065,0.0,1.6875,1
pair_mr,RENDERUSDT,2026-06-15 02:00:00+00:00,2026-06-15 03:00:00+00:00,SHORT,2.782e-05,2.837e-05,2.755e-05,2.837e-05,SL,-1.065609,-1.030609,0.065,0.0,1.417768,1
pair_mr,RENDERUSDT,2026-06-15 09:00:00+00:00,2026-06-15 10:00:00+00:00,SHORT,2.8e-05,2.857e-05,2.779e-05,2.857e-05,SL,-1.065609,-1.030609,0.065,0.0,1.19115,1
pair_mr,RENDERUSDT,2026-06-15 14:00:00+00:00,2026-06-15 15:00:00+00:00,LONG,2.76e-05,2.785e-05,2.785e-05,2.705e-05,TP,0.375833,0.410833,0.065,0.0,1.258301,1
pair_mr,RENDERUSDT,2026-06-15 16:00:00+00:00,2026-06-15 17:00:00+00:00,LONG,2.711e-05,2.771e-05,2.771e-05,2.652e-05,TP,0.939794,0.971894,0.059615,0.0,1.435682,1
pair_mr,RENDERUSDT,2026-06-15 19:00:00+00:00,2026-06-15 20:00:00+00:00,LONG,2.674e-05,2.731e-05,2.731e-05,2.616e-05,TP,0.939159,0.971601,0.06025,0.0,1.637933,1
pair_mr,RENDERUSDT,2026-06-16 01:00:00+00:00,2026-06-16 02:00:00+00:00,LONG,2.662e-05,2.691e-05,2.691e-05,2.609e-05,TP,0.475057,0.510057,0.065,0.0,1.754649,1
pair_mr,RENDERUSDT,2026-06-16 02:00:00+00:00,2026-06-16 03:00:00+00:00,LONG,2.655e-05,2.688e-05,2.688e-05,2.602e-05,TP,0.542759,0.577759,0.065,0.0,1.897502,1
pair_mr,RENDERUSDT,2026-06-16 08:00:00+00:00,2026-06-16 09:00:00+00:00,SHORT,2.717e-05,2.772e-05,2.701e-05,2.772e-05,SL,-1.065609,-1.030609,0.065,0.0,1.594203,1
pair_mr,RENDERUSDT,2026-06-16 11:00:00+00:00,2026-06-16 12:00:00+00:00,LONG,2.692e-05,2.707e-05,2.707e-05,2.638e-05,TP,0.21544,0.25044,0.065,0.0,1.645721,1
pair_mr,RENDERUSDT,2026-06-16 12:00:00+00:00,2026-06-16 13:00:00+00:00,LONG,2.687e-05,2.705e-05,2.705e-05,2.633e-05,TP,0.265528,0.300528,0.065,0.0,1.711269,1
pair_mr,RENDERUSDT,2026-06-16 13:00:00+00:00,2026-06-16 14:00:00+00:00,LONG,2.662e-05,2.701e-05,2.701e-05,2.608e-05,TP,0.678183,0.713183,0.065,0.0,1.885352,1
pair_mr,RENDERUSDT,2026-06-16 14:00:00+00:00,2026-06-16 15:00:00+00:00,LONG,2.621e-05,2.69e-05,2.69e-05,2.551e-05,TP,0.950229,0.97671,0.049178,0.0,2.154079,1
pair_mr,RENDERUSDT,2026-06-16 20:00:00+00:00,2026-06-16 21:00:00+00:00,SHORT,2.66e-05,2.713e-05,2.623e-05,2.713e-05,SL,-1.065609,-1.030609,0.065,0.0,1.809768,1
pair_mr,RENDERUSDT,2026-06-17 00:00:00+00:00,2026-06-17 01:00:00+00:00,LONG,2.608e-05,2.642e-05,2.642e-05,2.556e-05,TP,0.590628,0.625628,0.065,0.0,1.970103,1
pair_mr,RENDERUSDT,2026-06-17 02:00:00+00:00,2026-06-17 03:00:00+00:00,SHORT,2.667e-05,2.721e-05,2.636e-05,2.721e-05,SL,-1.065609,-1.030609,0.065,0.0,1.655199,1
pair_mr,RENDERUSDT,2026-06-17 07:00:00+00:00,2026-06-17 08:00:00+00:00,LONG,2.647e-05,2.664e-05,2.664e-05,2.594e-05,TP,0.254597,0.289597,0.065,0.0,1.718411,1
pair_mr,RENDERUSDT,2026-06-17 08:00:00+00:00,2026-06-17 09:00:00+00:00,LONG,2.62e-05,2.66e-05,2.66e-05,2.567e-05,TP,0.702743,0.737743,0.065,0.0,1.899551,1
pair_mr,RENDERUSDT,2026-06-17 19:00:00+00:00,2026-06-17 20:00:00+00:00,LONG,2.592e-05,2.63e-05,2.63e-05,2.54e-05,TP,0.671412,0.706412,0.065,0.0,2.090858,1
pair_mr,RENDERUSDT,2026-06-18 00:00:00+00:00,2026-06-18 01:00:00+00:00,SHORT,2.668e-05,2.722e-05,2.614e-05,2.722e-05,SL,-1.064657,-1.03017,0.064048,0.0,1.756951,1
pair_mr,RENDERUSDT,2026-06-18 04:00:00+00:00,2026-06-18 05:00:00+00:00,LONG,2.614e-05,2.648e-05,2.648e-05,2.562e-05,TP,0.589531,0.624531,0.065,0.0,1.912318,1
pair_mr,RENDERUSDT,2026-06-18 09:00:00+00:00,2026-06-18 10:00:00+00:00,SHORT,2.662e-05,2.715e-05,2.628e-05,2.715e-05,SL,-1.065609,-1.030609,0.065,0.0,1.60665,1
pair_mr,RENDERUSDT,2026-06-18 14:00:00+00:00,2026-06-18 15:00:00+00:00,SHORT,2.689e-05,2.743e-05,2.651e-05,2.743e-05,SL,-1.065609,-1.030609,0.065,0.0,1.349841,1
pair_mr,RENDERUSDT,2026-06-18 15:00:00+00:00,2026-06-18 16:00:00+00:00,LONG,2.604e-05,2.657e-05,2.657e-05,2.551e-05,TP,0.935605,0.969961,0.063804,0.0,1.539279,1
pair_mr,RENDERUSDT,2026-06-18 23:00:00+00:00,2026-06-19 00:00:00+00:00,SHORT,2.665e-05,2.718e-05,2.645e-05,2.718e-05,SL,-1.065609,-1.030609,0.065,0.0,1.293238,1
pair_mr,RENDERUSDT,2026-06-19 00:00:00+00:00,2026-06-19 01:00:00+00:00,SHORT,2.734e-05,2.816e-05,2.652e-05,2.816e-05,SL,-1.043957,-1.020614,0.043351,0.0,1.090726,1
pair_mr,RENDERUSDT,2026-06-19 01:00:00+00:00,2026-06-19 02:00:00+00:00,SHORT,2.767e-05,2.865e-05,2.669e-05,2.865e-05,SL,-1.037202,-1.017496,0.036596,0.0,0.92103,1
pair_mr,RENDERUSDT,2026-06-19 07:00:00+00:00,2026-06-19 08:00:00+00:00,LONG,2.655e-05,2.72e-05,2.72e-05,2.591e-05,TP,0.945767,0.97465,0.053641,0.0,1.051692,1
pair_mr,RENDERUSDT,2026-06-19 12:00:00+00:00,2026-06-19 13:00:00+00:00,SHORT,2.715e-05,2.769e-05,2.663e-05,2.769e-05,SL,-1.065609,-1.030609,0.065,0.0,0.883588,1
pair_mr,RENDERUSDT,2026-06-19 13:00:00+00:00,2026-06-19 14:00:00+00:00,SHORT,2.737e-05,2.799e-05,2.675e-05,2.799e-05,SL,-1.057974,-1.027085,0.057366,0.0,0.743366,1
pair_mr,RENDERUSDT,2026-06-19 17:00:00+00:00,2026-06-19 18:00:00+00:00,SHORT,2.758e-05,2.813e-05,2.722e-05,2.813e-05,SL,-1.065609,-1.030609,0.065,0.0,0.624546,1
pair_mr,RENDERUSDT,2026-06-19 23:00:00+00:00,2026-06-20 00:00:00+00:00,SHORT,2.766e-05,2.822e-05,2.734e-05,2.822e-05,SL,-1.065609,-1.030609,0.065,0.0,0.524717,1
pair_mr,RENDERUSDT,2026-06-20 06:00:00+00:00,2026-06-20 07:00:00+00:00,LONG,2.744e-05,2.759e-05,2.759e-05,2.689e-05,TP,0.2213,0.2563,0.065,0.0,0.542135,1
pair_mr,RENDERUSDT,2026-06-20 07:00:00+00:00,2026-06-20 08:00:00+00:00,LONG,2.733e-05,2.756e-05,2.756e-05,2.679e-05,TP,0.354361,0.389361,0.065,0.0,0.570952,1
pair_mr,RENDERUSDT,2026-06-20 12:00:00+00:00,2026-06-20 13:00:00+00:00,LONG,2.721e-05,2.741e-05,2.741e-05,2.666e-05,TP,0.306514,0.341514,0.065,0.0,0.597203,1
pair_mr,RENDERUSDT,2026-06-20 13:00:00+00:00,2026-06-20 14:00:00+00:00,LONG,2.711e-05,2.738e-05,2.738e-05,2.657e-05,TP,0.433548,0.468548,0.065,0.0,0.63604,1
pair_mr,RENDERUSDT,2026-06-20 17:00:00+00:00,2026-06-20 18:00:00+00:00,LONG,2.691e-05,2.716e-05,2.716e-05,2.637e-05,TP,0.41042,0.44542,0.065,0.0,0.675197,1
pair_mr,RENDERUSDT,2026-06-20 18:00:00+00:00,2026-06-20 19:00:00+00:00,LONG,2.681e-05,2.71e-05,2.71e-05,2.628e-05,TP,0.478851,0.513851,0.065,0.0,0.723695,1
pair_mr,RENDERUSDT,2026-06-21 00:00:00+00:00,2026-06-21 01:00:00+00:00,LONG,2.628e-05,2.678e-05,2.678e-05,2.576e-05,TP,0.889098,0.924098,0.065,0.0,0.82021,1
pair_mr,RENDERUSDT,2026-06-21 07:00:00+00:00,2026-06-21 08:00:00+00:00,LONG,2.629e-05,2.637e-05,2.637e-05,2.576e-05,TP,0.091169,0.126169,0.065,0.0,0.831427,1
pair_mr,RENDERUSDT,2026-06-21 08:00:00+00:00,2026-06-21 09:00:00+00:00,LONG,2.624e-05,2.636e-05,2.636e-05,2.571e-05,TP,0.170983,0.205983,0.065,0.0,0.85275,1
pair_mr,RENDERUSDT,2026-06-21 17:00:00+00:00,2026-06-21 18:00:00+00:00,LONG,2.627e-05,2.637e-05,2.637e-05,2.574e-05,TP,0.124566,0.159566,0.065,0.0,0.868684,1
pair_mr,RENDERUSDT,2026-06-21 18:00:00+00:00,2026-06-21 19:00:00+00:00,LONG,2.625e-05,2.634e-05,2.634e-05,2.573e-05,TP,0.09385,0.12885,0.065,0.0,0.880913,1
pair_mr,RENDERUSDT,2026-06-21 21:00:00+00:00,2026-06-21 22:00:00+00:00,LONG,2.601e-05,2.626e-05,2.626e-05,2.549e-05,TP,0.416691,0.451691,0.065,0.0,0.935973,1
pair_mr,RENDERUSDT,2026-06-22 04:00:00+00:00,2026-06-22 05:00:00+00:00,SHORT,2.619e-05,2.672e-05,2.606e-05,2.672e-05,SL,-1.065609,-1.030609,0.065,0.0,0.786366,1
pair_mr,RENDERUSDT,2026-06-22 14:00:00+00:00,2026-06-22 15:00:00+00:00,LONG,2.595e-05,2.616e-05,2.616e-05,2.543e-05,TP,0.352114,0.387114,0.065,0.0,0.827899,1
pair_mr,RENDERUSDT,2026-06-22 15:00:00+00:00,2026-06-22 16:00:00+00:00,LONG,2.592e-05,2.612e-05,2.612e-05,2.54e-05,TP,0.315914,0.350914,0.065,0.0,0.867131,1
pair_mr,RENDERUSDT,2026-06-22 19:00:00+00:00,2026-06-22 20:00:00+00:00,LONG,2.577e-05,2.593e-05,2.593e-05,2.526e-05,TP,0.238371,0.273371,0.065,0.0,0.898136,1
pair_mr,RENDERUSDT,2026-06-22 21:00:00+00:00,2026-06-22 22:00:00+00:00,LONG,2.563e-05,2.589e-05,2.589e-05,2.512e-05,TP,0.440008,0.475008,0.065,0.0,0.957414,1
pair_mr,RENDERUSDT,2026-06-22 22:00:00+00:00,2026-06-22 23:00:00+00:00,LONG,2.549e-05,2.581e-05,2.581e-05,2.498e-05,TP,0.564087,0.599087,0.065,0.0,1.038424,1
pair_mr,RENDERUSDT,2026-06-23 00:00:00+00:00,2026-06-23 01:00:00+00:00,LONG,2.508e-05,2.565e-05,2.565e-05,2.451e-05,TP,0.942373,0.973084,0.057035,0.0,1.185211,1
pair_mr,RENDERUSDT,2026-06-23 07:00:00+00:00,2026-06-23 08:00:00+00:00,LONG,2.501e-05,2.524e-05,2.524e-05,2.451e-05,TP,0.39442,0.42942,0.065,0.0,1.255332,1
pair_mr,RENDERUSDT,2026-06-23 08:00:00+00:00,2026-06-23 09:00:00+00:00,LONG,2.486e-05,2.522e-05,2.522e-05,2.436e-05,TP,0.656425,0.691425,0.065,0.0,1.378936,1
pair_mr,RENDERUSDT,2026-06-23 13:00:00+00:00,2026-06-23 14:00:00+00:00,SHORT,2.527e-05,2.577e-05,2.504e-05,2.577e-05,SL,-1.065609,-1.030609,0.065,0.0,1.158525,1
pair_mr,RENDERUSDT,2026-06-23 16:00:00+00:00,2026-06-23 17:00:00+00:00,LONG,2.497e-05,2.515e-05,2.515e-05,2.447e-05,TP,0.297751,0.332751,0.065,0.0,1.210268,1
pair_mr,RENDERUSDT,2026-06-23 20:00:00+00:00,2026-06-23 21:00:00+00:00,SHORT,2.522e-05,2.573e-05,2.503e-05,2.573e-05,SL,-1.065609,-1.030609,0.065,0.0,1.016817,1
pair_mr,RENDERUSDT,2026-06-24 01:00:00+00:00,2026-06-24 02:00:00+00:00,SHORT,2.558e-05,2.609e-05,2.525e-05,2.609e-05,SL,-1.065609,-1.030609,0.065,0.0,0.854288,1
pair_mr,RENDERUSDT,2026-06-24 08:00:00+00:00,2026-06-24 09:00:00+00:00,SHORT,2.566e-05,2.618e-05,2.539e-05,2.618e-05,SL,-1.065609,-1.030609,0.065,0.0,0.717737,1
pair_mr,RENDERUSDT,2026-06-24 14:00:00+00:00,2026-06-24 15:00:00+00:00,SHORT,2.567e-05,2.618e-05,2.543e-05,2.618e-05,SL,-1.065609,-1.030609,0.065,0.0,0.603013,1
pair_mr,RENDERUSDT,2026-06-24 16:00:00+00:00,2026-06-24 17:00:00+00:00,LONG,2.518e-05,2.547e-05,2.547e-05,2.468e-05,TP,0.519312,0.554312,0.065,0.0,0.649986,1
pair_mr,TIAUSDT,2026-06-12 12:00:00+00:00,2026-06-12 13:00:00+00:00,SHORT,5.3e-06,5.49e-06,5.11e-06,5.49e-06,SL,-1.036602,-1.017219,0.035997,0.0,5.911568,1
pair_mr,TIAUSDT,2026-06-12 21:00:00+00:00,2026-06-12 22:00:00+00:00,LONG,5.08e-06,5.15e-06,5.15e-06,4.98e-06,TP,0.588441,0.623441,0.065,0.0,6.433359,1
pair_mr,TIAUSDT,2026-06-13 05:00:00+00:00,2026-06-13 06:00:00+00:00,SHORT,5.17e-06,5.27e-06,5.13e-06,5.27e-06,SL,-1.065609,-1.030609,0.065,0.0,5.405042,1
pair_mr,TIAUSDT,2026-06-13 06:00:00+00:00,2026-06-13 07:00:00+00:00,SHORT,5.23e-06,5.34e-06,5.14e-06,5.34e-06,SL,-1.065609,-1.030609,0.065,0.0,4.541093,1
pair_mr,TIAUSDT,2026-06-13 07:00:00+00:00,2026-06-13 08:00:00+00:00,SHORT,5.25e-06,5.35e-06,5.16e-06,5.35e-06,SL,-1.065609,-1.030609,0.065,0.0,3.815238,1
pair_mr,TIAUSDT,2026-06-13 11:00:00+00:00,2026-06-13 12:00:00+00:00,SHORT,5.28e-06,5.38e-06,5.23e-06,5.38e-06,SL,-1.065609,-1.030609,0.065,0.0,3.205405,1
pair_mr,TIAUSDT,2026-06-13 12:00:00+00:00,2026-06-13 13:00:00+00:00,SHORT,5.32e-06,5.43e-06,5.24e-06,5.43e-06,SL,-1.065609,-1.030609,0.065,0.0,2.693049,1
pair_mr,TIAUSDT,2026-06-13 15:00:00+00:00,2026-06-13 16:00:00+00:00,SHORT,5.44e-06,5.57e-06,5.3e-06,5.57e-06,SL,-1.052105,-1.024375,0.051497,0.0,2.268044,1
pair_mr,TIAUSDT,2026-06-14 00:00:00+00:00,2026-06-14 01:00:00+00:00,LONG,5.34e-06,5.37e-06,5.37e-06,5.23e-06,TP,0.285372,0.320372,0.065,0.0,2.365129,1
pair_mr,TIAUSDT,2026-06-14 02:00:00+00:00,2026-06-14 03:00:00+00:00,LONG,5.32e-06,5.36e-06,5.36e-06,5.21e-06,TP,0.317714,0.352714,0.065,0.0,2.477844,1
pair_mr,TIAUSDT,2026-06-14 04:00:00+00:00,2026-06-14 05:00:00+00:00,LONG,5.27e-06,5.34e-06,5.34e-06,5.17e-06,TP,0.574985,0.609985,0.065,0.0,2.691553,1
pair_mr,TIAUSDT,2026-06-14 10:00:00+00:00,2026-06-14 11:00:00+00:00,LONG,5.22e-06,5.27e-06,5.27e-06,5.12e-06,TP,0.364857,0.399857,0.065,0.0,2.838857,1
pair_mr,TIAUSDT,2026-06-14 12:00:00+00:00,2026-06-14 13:00:00+00:00,LONG,5.2e-06,5.24e-06,5.24e-06,5.1e-06,TP,0.302878,0.337878,0.065,0.0,2.967832,1
pair_mr,TIAUSDT,2026-06-14 16:00:00+00:00,2026-06-14 17:00:00+00:00,SHORT,5.25e-06,5.35e-06,5.21e-06,5.35e-06,SL,-1.065609,-1.030609,0.065,0.0,2.493449,1
pair_mr,TIAUSDT,2026-06-14 18:00:00+00:00,2026-06-14 19:00:00+00:00,SHORT,5.26e-06,5.37e-06,5.22e-06,5.37e-06,SL,-1.065609,-1.030609,0.065,0.0,2.094893,1
pair_mr,TIAUSDT,2026-06-14 19:00:00+00:00,2026-06-14 20:00:00+00:00,SHORT,5.29e-06,5.4e-06,5.23e-06,5.4e-06,SL,-1.065609,-1.030609,0.065,0.0,1.760042,1
pair_mr,TIAUSDT,2026-06-14 21:00:00+00:00,2026-06-14 22:00:00+00:00,SHORT,5.35e-06,5.45e-06,5.26e-06,5.45e-06,SL,-1.065609,-1.030609,0.065,0.0,1.478715,1
pair_mr,TIAUSDT,2026-06-15 02:00:00+00:00,2026-06-15 03:00:00+00:00,SHORT,5.42e-06,5.53e-06,5.33e-06,5.53e-06,SL,-1.065609,-1.030609,0.065,0.0,1.242355,1
pair_mr,TIAUSDT,2026-06-15 04:00:00+00:00,2026-06-15 05:00:00+00:00,SHORT,5.49e-06,5.61e-06,5.37e-06,5.61e-06,SL,-1.058667,-1.027404,0.058059,0.0,1.045069,1
pair_mr,TIAUSDT,2026-06-15 05:00:00+00:00,2026-06-15 06:00:00+00:00,SHORT,5.53e-06,5.67e-06,5.4e-06,5.67e-06,SL,-1.053319,-1.024936,0.052711,0.0,0.87995,1
pair_mr,TIAUSDT,2026-06-15 12:00:00+00:00,2026-06-15 13:00:00+00:00,SHORT,5.63e-06,5.77e-06,5.48e-06,5.77e-06,SL,-1.050584,-1.023673,0.049977,0.0,0.741281,1
pair_mr,TIAUSDT,2026-06-15 13:00:00+00:00,2026-06-15 14:00:00+00:00,SHORT,5.67e-06,5.84e-06,5.51e-06,5.84e-06,SL,-1.045118,-1.02115,0.044511,0.0,0.625072,1
pair_mr,TIAUSDT,2026-06-16 00:00:00+00:00,2026-06-16 01:00:00+00:00,SHORT,5.7e-06,5.84e-06,5.56e-06,5.84e-06,SL,-1.053553,-1.025044,0.052946,0.0,0.52629,1
pair_mr,TIAUSDT,2026-06-16 06:00:00+00:00,2026-06-16 07:00:00+00:00,SHORT,5.76e-06,5.89e-06,5.63e-06,5.89e-06,SL,-1.056982,-1.026627,0.056374,0.0,0.442848,1
pair_mr,TIAUSDT,2026-06-16 13:00:00+00:00,2026-06-16 14:00:00+00:00,SHORT,5.8e-06,5.91e-06,5.7e-06,5.91e-06,SL,-1.065609,-1.030609,0.065,0.0,0.372063,1
pair_mr,TIAUSDT,2026-06-16 17:00:00+00:00,2026-06-16 18:00:00+00:00,SHORT,5.82e-06,5.93e-06,5.71e-06,5.93e-06,SL,-1.065609,-1.030609,0.065,0.0,0.312592,1
pair_mr,TIAUSDT,2026-06-16 20:00:00+00:00,2026-06-16 21:00:00+00:00,SHORT,5.95e-06,6.13e-06,5.77e-06,6.13e-06,SL,-1.043452,-1.020381,0.042846,0.0,0.263666,1
pair_mr,TIAUSDT,2026-06-16 22:00:00+00:00,2026-06-16 23:00:00+00:00,SHORT,6.11e-06,6.35e-06,5.87e-06,6.35e-06,SL,-1.033813,-1.015931,0.033208,0.0,0.222778,1
pair_mr,TIAUSDT,2026-06-16 23:00:00+00:00,2026-06-17 00:00:00+00:00,SHORT,6.16e-06,6.4e-06,5.93e-06,6.4e-06,SL,-1.034877,-1.016423,0.034272,0.0,0.188196,1
pair_mr,TIAUSDT,2026-06-17 01:00:00+00:00,2026-06-17 02:00:00+00:00,SHORT,6.23e-06,6.4e-06,6.06e-06,6.4e-06,SL,-1.047747,-1.022364,0.04714,0.0,0.158619,1
pair_mr,TIAUSDT,2026-06-17 02:00:00+00:00,2026-06-17 03:00:00+00:00,SHORT,6.33e-06,6.55e-06,6.11e-06,6.55e-06,SL,-1.038605,-1.018144,0.038,0.0,0.133908,1
pair_mr,TIAUSDT,2026-06-17 04:00:00+00:00,2026-06-17 05:00:00+00:00,SHORT,6.37e-06,6.55e-06,6.2e-06,6.55e-06,SL,-1.04883,-1.022864,0.048223,0.0,0.112841,1
pair_mr,TIAUSDT,2026-06-17 07:00:00+00:00,2026-06-17 08:00:00+00:00,LONG,6.16e-06,6.29e-06,6.29e-06,6.03e-06,TP,0.938576,0.971332,0.060832,0.0,0.128727,1
pair_mr,TIAUSDT,2026-06-17 13:00:00+00:00,2026-06-17 14:00:00+00:00,LONG,6.05e-06,6.16e-06,6.16e-06,5.93e-06,TP,0.853084,0.888084,0.065,0.0,0.145199,1
pair_mr,TIAUSDT,2026-06-17 22:00:00+00:00,2026-06-17 23:00:00+00:00,LONG,6.09e-06,6.12e-06,6.12e-06,5.96e-06,TP,0.24431,0.27931,0.065,0.0,0.15052,1
pair_mr,TIAUSDT,2026-06-18 05:00:00+00:00,2026-06-18 06:00:00+00:00,LONG,6.04e-06,6.1e-06,6.1e-06,5.92e-06,TP,0.498201,0.533201,0.065,0.0,0.161769,1
pair_mr,TIAUSDT,2026-06-18 09:00:00+00:00,2026-06-18 10:00:00+00:00,SHORT,6.12e-06,6.24e-06,6.05e-06,6.24e-06,SL,-1.065609,-1.030609,0.065,0.0,0.135911,1
pair_mr,TIAUSDT,2026-06-18 13:00:00+00:00,2026-06-18 14:00:00+00:00,LONG,6e-06,6.07e-06,6.07e-06,5.88e-06,TP,0.521845,0.556845,0.065,0.0,0.14655,1
pair_mr,TIAUSDT,2026-06-18 15:00:00+00:00,2026-06-18 16:00:00+00:00,LONG,5.94e-06,6.06e-06,6.06e-06,5.82e-06,TP,0.935141,0.969747,0.064268,0.0,0.167107,1
pair_mr,TIAUSDT,2026-06-18 20:00:00+00:00,2026-06-18 21:00:00+00:00,SHORT,6.24e-06,6.48e-06,6.01e-06,6.48e-06,SL,-1.03519,-1.016567,0.034585,0.0,0.141159,1
pair_mr,TIAUSDT,2026-06-19 00:00:00+00:00,2026-06-19 01:00:00+00:00,SHORT,6.33e-06,6.48e-06,6.18e-06,6.48e-06,SL,-1.056677,-1.026486,0.056069,0.0,0.118785,1
pair_mr,TIAUSDT,2026-06-19 04:00:00+00:00,2026-06-19 05:00:00+00:00,LONG,6.04e-06,6.27e-06,6.27e-06,5.81e-06,TP,0.964953,0.983504,0.034452,0.0,0.135978,1
pair_mr,TIAUSDT,2026-06-19 10:00:00+00:00,2026-06-19 11:00:00+00:00,LONG,6.05e-06,6.08e-06,6.08e-06,5.93e-06,TP,0.201618,0.236618,0.065,0.0,0.140091,1
pair_mr,TIAUSDT,2026-06-19 11:00:00+00:00,2026-06-19 12:00:00+00:00,LONG,6e-06,6.07e-06,6.07e-06,5.88e-06,TP,0.500241,0.535241,0.065,0.0,0.150602,1
pair_mr,TIAUSDT,2026-06-19 13:00:00+00:00,2026-06-19 14:00:00+00:00,SHORT,6.2e-06,6.35e-06,6.06e-06,6.35e-06,SL,-1.056455,-1.026384,0.055847,0.0,0.126737,1
pair_mr,TIAUSDT,2026-06-19 23:00:00+00:00,2026-06-20 00:00:00+00:00,LONG,5.98e-06,6.02e-06,6.02e-06,5.86e-06,TP,0.330251,0.365251,0.065,0.0,0.133015,1
pair_mr,TIAUSDT,2026-06-20 00:00:00+00:00,2026-06-20 01:00:00+00:00,LONG,5.9e-06,6.02e-06,6.02e-06,5.78e-06,TP,0.901121,0.936121,0.065,0.0,0.150994,1
pair_mr,TIAUSDT,2026-06-20 10:00:00+00:00,2026-06-20 11:00:00+00:00,LONG,5.94e-06,6.01e-06,6.01e-06,5.82e-06,TP,0.48887,0.52387,0.065,0.0,0.162067,1
pair_mr,TIAUSDT,2026-06-20 11:00:00+00:00,2026-06-20 12:00:00+00:00,LONG,5.9e-06,5.99e-06,5.99e-06,5.78e-06,TP,0.652761,0.687761,0.065,0.0,0.177935,1
pair_mr,TIAUSDT,2026-06-20 12:00:00+00:00,2026-06-20 13:00:00+00:00,LONG,5.88e-06,5.96e-06,5.96e-06,5.76e-06,TP,0.659897,0.694897,0.065,0.0,0.195548,1
pair_mr,TIAUSDT,2026-06-20 17:00:00+00:00,2026-06-20 18:00:00+00:00,LONG,5.82e-06,5.87e-06,5.87e-06,5.7e-06,TP,0.355719,0.390719,0.065,0.0,0.205982,1
pair_mr,TIAUSDT,2026-06-21 01:00:00+00:00,2026-06-21 02:00:00+00:00,LONG,5.77e-06,5.79e-06,5.79e-06,5.65e-06,TP,0.139205,0.174205,0.065,0.0,0.210283,1
pair_mr,TIAUSDT,2026-06-21 02:00:00+00:00,2026-06-21 03:00:00+00:00,LONG,5.75e-06,5.79e-06,5.79e-06,5.64e-06,TP,0.239455,0.274455,0.065,0.0,0.217836,1
pair_mr,TIAUSDT,2026-06-21 03:00:00+00:00,2026-06-21 04:00:00+00:00,LONG,5.72e-06,5.78e-06,5.78e-06,5.6e-06,TP,0.485107,0.520107,0.065,0.0,0.233687,1
pair_mr,TIAUSDT,2026-06-21 08:00:00+00:00,2026-06-21 09:00:00+00:00,SHORT,5.78e-06,5.9e-06,5.72e-06,5.9e-06,SL,-1.065609,-1.030609,0.065,0.0,0.196335,1
pair_mr,TIAUSDT,2026-06-21 09:00:00+00:00,2026-06-21 10:00:00+00:00,SHORT,5.85e-06,5.97e-06,5.73e-06,5.97e-06,SL,-1.062817,-1.02932,0.062208,0.0,0.165034,1
pair_mr,TIAUSDT,2026-06-21 14:00:00+00:00,2026-06-21 15:00:00+00:00,LONG,5.81e-06,5.86e-06,5.86e-06,5.7e-06,TP,0.3177,0.3527,0.065,0.0,0.172899,1
pair_mr,TIAUSDT,2026-06-21 16:00:00+00:00,2026-06-21 17:00:00+00:00,LONG,5.79e-06,5.85e-06,5.85e-06,5.67e-06,TP,0.507762,0.542762,0.065,0.0,0.186068,1
pair_mr,TIAUSDT,2026-06-21 17:00:00+00:00,2026-06-21 18:00:00+00:00,LONG,5.76e-06,5.84e-06,5.84e-06,5.64e-06,TP,0.671237,0.706237,0.065,0.0,0.204802,1
pair_mr,TIAUSDT,2026-06-21 21:00:00+00:00,2026-06-21 22:00:00+00:00,LONG,5.72e-06,5.77e-06,5.77e-06,5.61e-06,TP,0.370404,0.405404,0.065,0.0,0.216181,1
pair_mr,TIAUSDT,2026-06-22 01:00:00+00:00,2026-06-22 02:00:00+00:00,SHORT,5.81e-06,5.92e-06,5.74e-06,5.92e-06,SL,-1.065609,-1.030609,0.065,0.0,0.181626,1
pair_mr,TIAUSDT,2026-06-22 02:00:00+00:00,2026-06-22 03:00:00+00:00,SHORT,5.85e-06,5.97e-06,5.76e-06,5.97e-06,SL,-1.065609,-1.030609,0.065,0.0,0.152595,1
pair_mr,TIAUSDT,2026-06-22 06:00:00+00:00,2026-06-22 07:00:00+00:00,SHORT,5.89e-06,6.01e-06,5.82e-06,6.01e-06,SL,-1.065609,-1.030609,0.065,0.0,0.128204,1
pair_mr,TIAUSDT,2026-06-22 07:00:00+00:00,2026-06-22 08:00:00+00:00,SHORT,5.96e-06,6.08e-06,5.84e-06,6.08e-06,SL,-1.065363,-1.030495,0.064754,0.0,0.107716,1
pair_mr,TIAUSDT,2026-06-22 08:00:00+00:00,2026-06-22 09:00:00+00:00,SHORT,6.06e-06,6.26e-06,5.86e-06,6.26e-06,SL,-1.039277,-1.018454,0.038671,0.0,0.090924,1
pair_mr,TIAUSDT,2026-06-22 11:00:00+00:00,2026-06-22 12:00:00+00:00,SHORT,6.12e-06,6.27e-06,5.98e-06,6.27e-06,SL,-1.054672,-1.025561,0.054065,0.0,0.07654,1
pair_mr,TIAUSDT,2026-06-22 14:00:00+00:00,2026-06-22 15:00:00+00:00,SHORT,6.28e-06,6.5e-06,6.06e-06,6.5e-06,SL,-1.037654,-1.017705,0.037048,0.0,0.064627,1
pair_mr,TIAUSDT,2026-06-23 01:00:00+00:00,2026-06-23 02:00:00+00:00,SHORT,6.2e-06,6.36e-06,6.04e-06,6.36e-06,SL,-1.050789,-1.023768,0.050182,0.0,0.05444,1
pair_mr,TIAUSDT,2026-06-23 03:00:00+00:00,2026-06-23 04:00:00+00:00,SHORT,6.31e-06,6.52e-06,6.1e-06,6.52e-06,SL,-1.039372,-1.018498,0.038766,0.0,0.045953,1
pair_mr,TIAUSDT,2026-06-23 06:00:00+00:00,2026-06-23 07:00:00+00:00,LONG,6.07e-06,6.2e-06,6.2e-06,5.94e-06,TP,0.938829,0.971449,0.060579,0.0,0.052424,1
pair_mr,TIAUSDT,2026-06-23 10:00:00+00:00,2026-06-23 11:00:00+00:00,LONG,5.93e-06,6.05e-06,6.05e-06,5.8e-06,TP,0.93973,0.971865,0.059678,0.0,0.059814,1
pair_mr,TIAUSDT,2026-06-23 13:00:00+00:00,2026-06-23 14:00:00+00:00,SHORT,6.08e-06,6.2e-06,5.98e-06,6.2e-06,SL,-1.065609,-1.030609,0.065,0.0,0.050253,1
pair_mr,TIAUSDT,2026-06-23 14:00:00+00:00,2026-06-23 15:00:00+00:00,SHORT,6.22e-06,6.44e-06,6e-06,6.44e-06,SL,-1.037627,-1.017692,0.037022,0.0,0.042431,1
pair_mr,TIAUSDT,2026-06-23 23:00:00+00:00,2026-06-24 00:00:00+00:00,LONG,6e-06,6.13e-06,6.13e-06,5.87e-06,TP,0.938151,0.971136,0.061258,0.0,0.048403,1
pair_mr,TIAUSDT,2026-06-24 04:00:00+00:00,2026-06-24 05:00:00+00:00,LONG,5.91e-06,6.07e-06,6.07e-06,5.74e-06,TP,0.953038,0.978006,0.046368,0.0,0.055322,1
pair_mr,TIAUSDT,2026-06-24 14:00:00+00:00,2026-06-24 15:00:00+00:00,SHORT,6.01e-06,6.13e-06,5.94e-06,6.13e-06,SL,-1.065609,-1.030609,0.065,0.0,0.046479,1
pair_mr,TIAUSDT,2026-06-24 16:00:00+00:00,2026-06-24 17:00:00+00:00,LONG,5.8e-06,5.95e-06,5.95e-06,5.66e-06,TP,0.947049,0.975242,0.052359,0.0,0.053082,1
pair_mr,TIAUSDT,2026-06-24 21:00:00+00:00,2026-06-24 22:00:00+00:00,SHORT,5.95e-06,6.07e-06,5.84e-06,6.07e-06,SL,-1.065609,-1.030609,0.065,0.0,0.044597,1
pair_mr,SEIUSDT,2026-06-12 09:00:00+00:00,2026-06-12 10:00:00+00:00,SHORT,8e-07,8.2e-07,7.9e-07,8.2e-07,SL,-1.065609,-1.030609,0.065,0.0,5.88111,1
pair_mr,SEIUSDT,2026-06-12 10:00:00+00:00,2026-06-12 11:00:00+00:00,SHORT,8.1e-07,8.3e-07,7.9e-07,8.3e-07,SL,-1.050083,-1.023442,0.049476,0.0,4.954762,1
pair_mr,SEIUSDT,2026-06-12 11:00:00+00:00,2026-06-12 12:00:00+00:00,SHORT,8.2e-07,8.5e-07,7.9e-07,8.5e-07,SL,-1.041965,-1.019694,0.041359,0.0,4.180359,1
pair_mr,SEIUSDT,2026-06-12 15:00:00+00:00,2026-06-12 16:00:00+00:00,LONG,8e-07,8.1e-07,8.1e-07,7.9e-07,TP,0.56931,0.60431,0.065,0.0,4.537348,1
pair_mr,SEIUSDT,2026-06-13 00:00:00+00:00,2026-06-13 01:00:00+00:00,SHORT,8.2e-07,8.4e-07,8.1e-07,8.4e-07,SL,-1.065609,-1.030609,0.065,0.0,3.812092,1
pair_mr,SEIUSDT,2026-06-13 01:00:00+00:00,2026-06-13 02:00:00+00:00,SHORT,8.3e-07,8.5e-07,8.1e-07,8.5e-07,SL,-1.060473,-1.028238,0.059865,0.0,3.205698,1
pair_mr,SEIUSDT,2026-06-13 06:00:00+00:00,2026-06-13 07:00:00+00:00,SHORT,8.7e-07,8.9e-07,8.4e-07,8.9e-07,SL,-1.043377,-1.020347,0.042771,0.0,2.703985,1
pair_mr,SEIUSDT,2026-06-13 17:00:00+00:00,2026-06-13 18:00:00+00:00,LONG,8.5e-07,8.5e-07,8.5e-07,8.3e-07,TP,0.229545,0.264545,0.065,0.0,2.797089,1
pair_mr,SEIUSDT,2026-06-13 18:00:00+00:00,2026-06-13 19:00:00+00:00,LONG,8.4e-07,8.5e-07,8.5e-07,8.3e-07,TP,0.312157,0.347157,0.065,0.0,2.928058,1
pair_mr,SEIUSDT,2026-06-13 22:00:00+00:00,2026-06-13 23:00:00+00:00,LONG,8.4e-07,8.4e-07,8.4e-07,8.2e-07,TP,0.191792,0.226792,0.065,0.0,3.012295,1
pair_mr,SEIUSDT,2026-06-14 00:00:00+00:00,2026-06-14 01:00:00+00:00,LONG,8.3e-07,8.4e-07,8.4e-07,8.2e-07,TP,0.525708,0.560708,0.065,0.0,3.249833,1
pair_mr,SEIUSDT,2026-06-14 01:00:00+00:00,2026-06-14 02:00:00+00:00,LONG,8.3e-07,8.4e-07,8.4e-07,8.1e-07,TP,0.643705,0.678705,0.065,0.0,3.563623,1
pair_mr,SEIUSDT,2026-06-14 05:00:00+00:00,2026-06-14 06:00:00+00:00,LONG,8.3e-07,8.3e-07,8.3e-07,8.1e-07,TP,0.322894,0.357894,0.065,0.0,3.736224,1
pair_mr,SEIUSDT,2026-06-14 11:00:00+00:00,2026-06-14 12:00:00+00:00,LONG,8.2e-07,8.3e-07,8.3e-07,8.1e-07,TP,0.168865,0.203865,0.065,0.0,3.830862,1
pair_mr,SEIUSDT,2026-06-14 12:00:00+00:00,2026-06-14 13:00:00+00:00,LONG,8.2e-07,8.3e-07,8.3e-07,8.1e-07,TP,0.27656,0.31156,0.065,0.0,3.989781,1
pair_mr,SEIUSDT,2026-06-14 15:00:00+00:00,2026-06-14 16:00:00+00:00,SHORT,8.3e-07,8.5e-07,8.2e-07,8.5e-07,SL,-1.065609,-1.030609,0.065,0.0,3.352049,1
pair_mr,SEIUSDT,2026-06-14 16:00:00+00:00,2026-06-14 17:00:00+00:00,SHORT,8.4e-07,8.6e-07,8.2e-07,8.6e-07,SL,-1.065609,-1.030609,0.065,0.0,2.816253,1
pair_mr,SEIUSDT,2026-06-14 23:00:00+00:00,2026-06-15 00:00:00+00:00,SHORT,8.4e-07,8.6e-07,8.4e-07,8.6e-07,SL,-1.065609,-1.030609,0.065,0.0,2.366099,1
pair_mr,SEIUSDT,2026-06-15 03:00:00+00:00,2026-06-15 04:00:00+00:00,LONG,8.3e-07,8.4e-07,8.4e-07,8.2e-07,TP,0.226992,0.261992,0.065,0.0,2.446662,1
pair_mr,SEIUSDT,2026-06-15 04:00:00+00:00,2026-06-15 05:00:00+00:00,LONG,8.3e-07,8.4e-07,8.4e-07,8.1e-07,TP,0.376778,0.411778,0.065,0.0,2.58494,1
pair_mr,SEIUSDT,2026-06-15 05:00:00+00:00,2026-06-15 06:00:00+00:00,LONG,8.3e-07,8.4e-07,8.4e-07,8.1e-07,TP,0.337214,0.372214,0.065,0.0,2.715691,1
pair_mr,SEIUSDT,2026-06-15 08:00:00+00:00,2026-06-15 09:00:00+00:00,SHORT,8.4e-07,8.6e-07,8.3e-07,8.6e-07,SL,-1.065609,-1.030609,0.065,0.0,2.281611,1
pair_mr,SEIUSDT,2026-06-15 12:00:00+00:00,2026-06-15 13:00:00+00:00,LONG,8.3e-07,8.4e-07,8.4e-07,8.2e-07,TP,0.319639,0.354639,0.065,0.0,2.391005,1
pair_mr,SEIUSDT,2026-06-15 14:00:00+00:00,2026-06-15 15:00:00+00:00,LONG,8.3e-07,8.4e-07,8.4e-07,8.2e-07,TP,0.265966,0.300966,0.065,0.0,2.486394,1
pair_mr,SEIUSDT,2026-06-15 15:00:00+00:00,2026-06-15 16:00:00+00:00,LONG,8.3e-07,8.4e-07,8.4e-07,8.1e-07,TP,0.349214,0.384214,0.065,0.0,2.616637,1
pair_mr,SEIUSDT,2026-06-15 18:00:00+00:00,2026-06-15 19:00:00+00:00,LONG,8.2e-07,8.3e-07,8.3e-07,8.1e-07,TP,0.53416,0.56916,0.065,0.0,2.826292,1
pair_mr,SEIUSDT,2026-06-15 19:00:00+00:00,2026-06-15 20:00:00+00:00,LONG,8.1e-07,8.3e-07,8.3e-07,8e-07,TP,0.90179,0.93679,0.065,0.0,3.2086,1
pair_mr,SEIUSDT,2026-06-16 00:00:00+00:00,2026-06-16 01:00:00+00:00,SHORT,8.2e-07,8.3e-07,8.1e-07,8.3e-07,SL,-1.065609,-1.030609,0.065,0.0,2.695733,1
pair_mr,SEIUSDT,2026-06-16 04:00:00+00:00,2026-06-16 05:00:00+00:00,LONG,8.1e-07,8.1e-07,8.1e-07,7.9e-07,TP,0.208469,0.243469,0.065,0.0,2.78003,1
pair_mr,SEIUSDT,2026-06-16 06:00:00+00:00,2026-06-16 07:00:00+00:00,LONG,8e-07,8.1e-07,8.1e-07,7.9e-07,TP,0.500486,0.535486,0.065,0.0,2.988735,1
pair_mr,SEIUSDT,2026-06-16 13:00:00+00:00,2026-06-16 14:00:00+00:00,LONG,8.1e-07,8.2e-07,8.2e-07,7.9e-07,TP,0.537238,0.572238,0.065,0.0,3.229584,1
pair_mr,SEIUSDT,2026-06-16 14:00:00+00:00,2026-06-16 15:00:00+00:00,LONG,8e-07,8.1e-07,8.1e-07,7.9e-07,TP,0.587311,0.622311,0.065,0.0,3.514099,1
pair_mr,SEIUSDT,2026-06-16 18:00:00+00:00,2026-06-16 19:00:00+00:00,SHORT,8.2e-07,8.3e-07,8.1e-07,8.3e-07,SL,-1.065609,-1.030609,0.065,0.0,2.952401,1
pair_mr,SEIUSDT,2026-06-16 19:00:00+00:00,2026-06-16 20:00:00+00:00,SHORT,8.3e-07,8.4e-07,8.1e-07,8.4e-07,SL,-1.065609,-1.030609,0.065,0.0,2.480485,1
pair_mr,SEIUSDT,2026-06-16 20:00:00+00:00,2026-06-16 21:00:00+00:00,SHORT,8.4e-07,8.6e-07,8.2e-07,8.6e-07,SL,-1.051928,-1.024294,0.051321,0.0,2.089091,1
pair_mr,SEIUSDT,2026-06-17 01:00:00+00:00,2026-06-17 02:00:00+00:00,SHORT,8.5e-07,8.6e-07,8.3e-07,8.6e-07,SL,-1.065609,-1.030609,0.065,0.0,1.755168,1
pair_mr,SEIUSDT,2026-06-17 08:00:00+00:00,2026-06-17 09:00:00+00:00,LONG,8.3e-07,8.4e-07,8.4e-07,8.2e-07,TP,0.234238,0.269238,0.065,0.0,1.816837,1
pair_mr,SEIUSDT,2026-06-17 12:00:00+00:00,2026-06-17 13:00:00+00:00,SHORT,8.5e-07,8.7e-07,8.4e-07,8.7e-07,SL,-1.065609,-1.030609,0.065,0.0,1.526431,1
pair_mr,SEIUSDT,2026-06-17 15:00:00+00:00,2026-06-17 16:00:00+00:00,SHORT,8.5e-07,8.7e-07,8.4e-07,8.7e-07,SL,-1.065609,-1.030609,0.065,0.0,1.282444,1
pair_mr,SEIUSDT,2026-06-17 20:00:00+00:00,2026-06-17 21:00:00+00:00,SHORT,8.5e-07,8.7e-07,8.5e-07,8.7e-07,SL,-1.065609,-1.030609,0.065,0.0,1.077457,1
pair_mr,SEIUSDT,2026-06-18 03:00:00+00:00,2026-06-18 04:00:00+00:00,LONG,8.4e-07,8.5e-07,8.5e-07,8.3e-07,TP,0.507685,0.542685,0.065,0.0,1.159508,1
pair_mr,SEIUSDT,2026-06-18 04:00:00+00:00,2026-06-18 05:00:00+00:00,LONG,8.4e-07,8.5e-07,8.5e-07,8.2e-07,TP,0.531486,0.566486,0.065,0.0,1.251947,1
pair_mr,SEIUSDT,2026-06-18 06:00:00+00:00,2026-06-18 07:00:00+00:00,SHORT,8.6e-07,8.7e-07,8.5e-07,8.7e-07,SL,-1.065609,-1.030609,0.065,0.0,1.051834,1
pair_mr,SEIUSDT,2026-06-18 16:00:00+00:00,2026-06-18 17:00:00+00:00,SHORT,8.5e-07,8.7e-07,8.4e-07,8.7e-07,SL,-1.065609,-1.030609,0.065,0.0,0.883708,1
pair_mr,SEIUSDT,2026-06-18 18:00:00+00:00,2026-06-18 19:00:00+00:00,SHORT,8.5e-07,8.7e-07,8.5e-07,8.7e-07,SL,-1.065609,-1.030609,0.065,0.0,0.742455,1
pair_mr,SEIUSDT,2026-06-18 19:00:00+00:00,2026-06-18 20:00:00+00:00,SHORT,8.7e-07,8.8e-07,8.5e-07,8.8e-07,SL,-1.063283,-1.029535,0.062674,0.0,0.624039,1
pair_mr,SEIUSDT,2026-06-18 20:00:00+00:00,2026-06-18 21:00:00+00:00,SHORT,8.7e-07,8.9e-07,8.5e-07,8.9e-07,SL,-1.055065,-1.025742,0.054457,0.0,0.525279,1
pair_mr,SEIUSDT,2026-06-19 03:00:00+00:00,2026-06-19 04:00:00+00:00,SHORT,8.8e-07,9e-07,8.8e-07,9e-07,SL,-1.065609,-1.030609,0.065,0.0,0.441317,1
pair_mr,SEIUSDT,2026-06-19 04:00:00+00:00,2026-06-19 05:00:00+00:00,LONG,8.7e-07,8.8e-07,8.8e-07,8.5e-07,TP,0.422271,0.457271,0.065,0.0,0.469271,1
pair_mr,SEIUSDT,2026-06-19 06:00:00+00:00,2026-06-19 07:00:00+00:00,LONG,8.6e-07,8.7e-07,8.7e-07,8.5e-07,TP,0.448291,0.483291,0.065,0.0,0.500826,1
pair_mr,SEIUSDT,2026-06-19 07:00:00+00:00,2026-06-19 08:00:00+00:00,LONG,8.6e-07,8.7e-07,8.7e-07,8.4e-07,TP,0.642204,0.677204,0.065,0.0,0.549071,1
pair_mr,SEIUSDT,2026-06-19 09:00:00+00:00,2026-06-19 10:00:00+00:00,LONG,8.5e-07,8.6e-07,8.6e-07,8.4e-07,TP,0.555534,0.590534,0.065,0.0,0.594825,1
pair_mr,SEIUSDT,2026-06-19 13:00:00+00:00,2026-06-19 14:00:00+00:00,SHORT,8.7e-07,8.9e-07,8.5e-07,8.9e-07,SL,-1.065609,-1.030609,0.065,0.0,0.499747,1
pair_mr,SEIUSDT,2026-06-19 18:00:00+00:00,2026-06-19 19:00:00+00:00,LONG,8.5e-07,8.6e-07,8.6e-07,8.4e-07,TP,0.41245,0.44745,0.065,0.0,0.530666,1
pair_mr,SEIUSDT,2026-06-19 19:00:00+00:00,2026-06-19 20:00:00+00:00,LONG,8.5e-07,8.6e-07,8.6e-07,8.3e-07,TP,0.566128,0.601128,0.065,0.0,0.575729,1
pair_mr,SEIUSDT,2026-06-20 05:00:00+00:00,2026-06-20 06:00:00+00:00,SHORT,8.5e-07,8.7e-07,8.4e-07,8.7e-07,SL,-1.065609,-1.030609,0.065,0.0,0.483704,1
pair_mr,SEIUSDT,2026-06-20 06:00:00+00:00,2026-06-20 07:00:00+00:00,SHORT,8.7e-07,9e-07,8.5e-07,9e-07,SL,-1.044487,-1.020859,0.043881,0.0,0.407921,1
pair_mr,SEIUSDT,2026-06-20 14:00:00+00:00,2026-06-20 15:00:00+00:00,LONG,8.5e-07,8.6e-07,8.6e-07,8.3e-07,TP,0.730701,0.765701,0.065,0.0,0.452631,1
pair_mr,SEIUSDT,2026-06-20 15:00:00+00:00,2026-06-20 16:00:00+00:00,LONG,8.5e-07,8.6e-07,8.6e-07,8.3e-07,TP,0.601763,0.636763,0.065,0.0,0.493487,1
pair_mr,SEIUSDT,2026-06-20 16:00:00+00:00,2026-06-20 17:00:00+00:00,LONG,8.4e-07,8.5e-07,8.5e-07,8.2e-07,TP,0.760695,0.795695,0.065,0.0,0.549796,1
pair_mr,SEIUSDT,2026-06-20 22:00:00+00:00,2026-06-20 23:00:00+00:00,SHORT,8.5e-07,8.7e-07,8.4e-07,8.7e-07,SL,-1.065609,-1.030609,0.065,0.0,0.461916,1
pair_mr,SEIUSDT,2026-06-20 23:00:00+00:00,2026-06-21 00:00:00+00:00,SHORT,8.5e-07,8.7e-07,8.4e-07,8.7e-07,SL,-1.065609,-1.030609,0.065,0.0,0.388083,1
pair_mr,SEIUSDT,2026-06-21 00:00:00+00:00,2026-06-21 01:00:00+00:00,SHORT,8.6e-07,8.8e-07,8.4e-07,8.8e-07,SL,-1.065609,-1.030609,0.065,0.0,0.326051,1
pair_mr,SEIUSDT,2026-06-21 01:00:00+00:00,2026-06-21 02:00:00+00:00,SHORT,8.7e-07,8.8e-07,8.5e-07,8.8e-07,SL,-1.065609,-1.030609,0.065,0.0,0.273935,1
pair_mr,SEIUSDT,2026-06-21 09:00:00+00:00,2026-06-21 10:00:00+00:00,LONG,8.5e-07,8.6e-07,8.6e-07,8.4e-07,TP,0.451684,0.486684,0.065,0.0,0.292494,1
pair_mr,SEIUSDT,2026-06-21 14:00:00+00:00,2026-06-21 15:00:00+00:00,SHORT,8.7e-07,8.9e-07,8.6e-07,8.9e-07,SL,-1.065609,-1.030609,0.065,0.0,0.245742,1
pair_mr,SEIUSDT,2026-06-21 22:00:00+00:00,2026-06-21 23:00:00+00:00,SHORT,8.6e-07,8.8e-07,8.6e-07,8.8e-07,SL,-1.065609,-1.030609,0.065,0.0,0.206462,1
pair_mr,SEIUSDT,2026-06-21 23:00:00+00:00,2026-06-22 00:00:00+00:00,SHORT,8.6e-07,8.8e-07,8.6e-07,8.8e-07,SL,-1.065609,-1.030609,0.065,0.0,0.173461,1
pair_mr,SEIUSDT,2026-06-22 00:00:00+00:00,2026-06-22 01:00:00+00:00,SHORT,8.6e-07,8.8e-07,8.6e-07,8.8e-07,SL,-1.065609,-1.030609,0.065,0.0,0.145735,1
pair_mr,SEIUSDT,2026-06-22 07:00:00+00:00,2026-06-22 08:00:00+00:00,LONG,8.6e-07,8.6e-07,8.6e-07,8.4e-07,TP,0.014704,0.049704,0.065,0.0,0.146056,1
pair_mr,SEIUSDT,2026-06-22 09:00:00+00:00,2026-06-22 10:00:00+00:00,SHORT,8.6e-07,8.8e-07,8.6e-07,8.8e-07,SL,-1.065609,-1.030609,0.065,0.0,0.12271,1
pair_mr,SEIUSDT,2026-06-22 11:00:00+00:00,2026-06-22 12:00:00+00:00,SHORT,8.6e-07,8.8e-07,8.6e-07,8.8e-07,SL,-1.065609,-1.030609,0.065,0.0,0.103096,1
pair_mr,SEIUSDT,2026-06-22 14:00:00+00:00,2026-06-22 15:00:00+00:00,LONG,8.5e-07,8.6e-07,8.6e-07,8.3e-07,TP,0.422383,0.457383,0.065,0.0,0.109628,1
pair_mr,SEIUSDT,2026-06-22 15:00:00+00:00,2026-06-22 16:00:00+00:00,LONG,8.5e-07,8.6e-07,8.6e-07,8.3e-07,TP,0.650639,0.685639,0.065,0.0,0.120327,1
pair_mr,SEIUSDT,2026-06-22 19:00:00+00:00,2026-06-22 20:00:00+00:00,LONG,8.4e-07,8.5e-07,8.5e-07,8.3e-07,TP,0.225904,0.260904,0.065,0.0,0.124405,1
pair_mr,SEIUSDT,2026-06-22 23:00:00+00:00,2026-06-23 00:00:00+00:00,SHORT,8.5e-07,8.7e-07,8.5e-07,8.7e-07,SL,-1.065609,-1.030609,0.065,0.0,0.10452,1
pair_mr,SEIUSDT,2026-06-23 08:00:00+00:00,2026-06-23 09:00:00+00:00,LONG,8.4e-07,8.5e-07,8.5e-07,8.2e-07,TP,0.335778,0.370778,0.065,0.0,0.109784,1
pair_mr,SEIUSDT,2026-06-23 11:00:00+00:00,2026-06-23 12:00:00+00:00,SHORT,8.5e-07,8.7e-07,8.4e-07,8.7e-07,SL,-1.065609,-1.030609,0.065,0.0,0.092236,1
pair_mr,SEIUSDT,2026-06-23 15:00:00+00:00,2026-06-23 16:00:00+00:00,LONG,8.4e-07,8.5e-07,8.5e-07,8.2e-07,TP,0.376286,0.411286,0.065,0.0,0.097442,1
pair_mr,SEIUSDT,2026-06-23 16:00:00+00:00,2026-06-23 17:00:00+00:00,LONG,8.4e-07,8.5e-07,8.5e-07,8.2e-07,TP,0.529542,0.564542,0.065,0.0,0.105182,1
pair_mr,SEIUSDT,2026-06-23 22:00:00+00:00,2026-06-23 23:00:00+00:00,SHORT,8.4e-07,8.6e-07,8.3e-07,8.6e-07,SL,-1.065609,-1.030609,0.065,0.0,0.088369,1
pair_mr,SEIUSDT,2026-06-24 00:00:00+00:00,2026-06-24 01:00:00+00:00,SHORT,8.5e-07,8.7e-07,8.4e-07,8.7e-07,SL,-1.065609,-1.030609,0.065,0.0,0.074244,1
pair_mr,SEIUSDT,2026-06-24 11:00:00+00:00,2026-06-24 12:00:00+00:00,SHORT,8.5e-07,8.7e-07,8.4e-07,8.7e-07,SL,-1.065609,-1.030609,0.065,0.0,0.062377,1
pair_mr,SEIUSDT,2026-06-24 14:00:00+00:00,2026-06-24 15:00:00+00:00,SHORT,8.7e-07,8.9e-07,8.5e-07,8.9e-07,SL,-1.051307,-1.024007,0.050699,0.0,0.05254,1
pair_mr,SEIUSDT,2026-06-24 18:00:00+00:00,2026-06-24 19:00:00+00:00,SHORT,8.9e-07,9.1e-07,8.6e-07,9.1e-07,SL,-1.050187,-1.02349,0.049579,0.0,0.044264,1
pair_mr,SEIUSDT,2026-06-24 19:00:00+00:00,2026-06-24 20:00:00+00:00,SHORT,8.9e-07,9.1e-07,8.7e-07,9.1e-07,SL,-1.06182,-1.02886,0.061211,0.0,0.037214,1
pair_mr,SEIUSDT,2026-06-24 20:00:00+00:00,2026-06-24 21:00:00+00:00,SHORT,9e-07,9.3e-07,8.8e-07,9.3e-07,SL,-1.046356,-1.021721,0.045749,0.0,0.031373,1
pair_mr,ATOMUSDT,2026-06-12 11:00:00+00:00,2026-06-12 12:00:00+00:00,LONG,3.102e-05,3.135e-05,3.135e-05,3.04e-05,TP,0.456851,0.491851,0.065,0.0,7.479694,1
pair_mr,ATOMUSDT,2026-06-12 12:00:00+00:00,2026-06-12 13:00:00+00:00,LONG,3.087e-05,3.125e-05,3.125e-05,3.025e-05,TP,0.550854,0.585854,0.065,0.0,8.097727,1
pair_mr,ATOMUSDT,2026-06-12 13:00:00+00:00,2026-06-12 14:00:00+00:00,LONG,3.071e-05,3.115e-05,3.115e-05,3.01e-05,TP,0.649627,0.684627,0.065,0.0,8.886803,1
pair_mr,ATOMUSDT,2026-06-12 14:00:00+00:00,2026-06-12 15:00:00+00:00,LONG,3.055e-05,3.102e-05,3.102e-05,2.993e-05,TP,0.706562,0.741562,0.065,0.0,9.828664,1
pair_mr,ATOMUSDT,2026-06-12 19:00:00+00:00,2026-06-12 20:00:00+00:00,SHORT,3.084e-05,3.146e-05,3.063e-05,3.146e-05,SL,-1.065609,-1.030609,0.065,0.0,8.257637,1
pair_mr,ATOMUSDT,2026-06-12 20:00:00+00:00,2026-06-12 21:00:00+00:00,SHORT,3.091e-05,3.152e-05,3.069e-05,3.152e-05,SL,-1.065609,-1.030609,0.065,0.0,6.937725,1
pair_mr,ATOMUSDT,2026-06-12 23:00:00+00:00,2026-06-13 00:00:00+00:00,SHORT,3.113e-05,3.175e-05,3.083e-05,3.175e-05,SL,-1.065609,-1.030609,0.065,0.0,5.828789,1
pair_mr,ATOMUSDT,2026-06-13 00:00:00+00:00,2026-06-13 01:00:00+00:00,SHORT,3.144e-05,3.207e-05,3.092e-05,3.207e-05,SL,-1.065609,-1.030609,0.065,0.0,4.897107,1
pair_mr,ATOMUSDT,2026-06-13 05:00:00+00:00,2026-06-13 06:00:00+00:00,LONG,3.112e-05,3.145e-05,3.145e-05,3.05e-05,TP,0.466927,0.501927,0.065,0.0,5.240096,1
pair_mr,ATOMUSDT,2026-06-13 10:00:00+00:00,2026-06-13 11:00:00+00:00,LONG,3.103e-05,3.115e-05,3.115e-05,3.041e-05,TP,0.129252,0.164252,0.065,0.0,5.341691,1
pair_mr,ATOMUSDT,2026-06-13 12:00:00+00:00,2026-06-13 13:00:00+00:00,LONG,3.092e-05,3.11e-05,3.11e-05,3.03e-05,TP,0.234878,0.269878,0.065,0.0,5.529888,1
pair_mr,ATOMUSDT,2026-06-13 13:00:00+00:00,2026-06-13 14:00:00+00:00,LONG,3.076e-05,3.108e-05,3.108e-05,3.015e-05,TP,0.446176,0.481176,0.065,0.0,5.899984,1
pair_mr,ATOMUSDT,2026-06-13 18:00:00+00:00,2026-06-13 19:00:00+00:00,LONG,3.052e-05,3.074e-05,3.074e-05,2.991e-05,TP,0.290791,0.325791,0.065,0.0,6.157333,1
pair_mr,ATOMUSDT,2026-06-13 19:00:00+00:00,2026-06-13 20:00:00+00:00,LONG,3.051e-05,3.069e-05,3.069e-05,2.99e-05,TP,0.219335,0.254335,0.065,0.0,6.359911,1
pair_mr,ATOMUSDT,2026-06-13 20:00:00+00:00,2026-06-13 21:00:00+00:00,LONG,3.041e-05,3.064e-05,3.064e-05,2.98e-05,TP,0.311911,0.346911,0.065,0.0,6.65747,1
pair_mr,ATOMUSDT,2026-06-13 22:00:00+00:00,2026-06-13 23:00:00+00:00,LONG,3.016e-05,3.052e-05,3.052e-05,2.956e-05,TP,0.522448,0.557448,0.065,0.0,7.179198,1
pair_mr,ATOMUSDT,2026-06-14 00:00:00+00:00,2026-06-14 01:00:00+00:00,LONG,3.004e-05,3.035e-05,3.035e-05,2.944e-05,TP,0.459525,0.494525,0.065,0.0,7.674051,1
pair_mr,ATOMUSDT,2026-06-14 12:00:00+00:00,2026-06-14 13:00:00+00:00,LONG,2.992e-05,3.004e-05,3.004e-05,2.933e-05,TP,0.135422,0.170422,0.065,0.0,7.829937,1
pair_mr,ATOMUSDT,2026-06-14 14:00:00+00:00,2026-06-14 15:00:00+00:00,SHORT,3.04e-05,3.1e-05,3.002e-05,3.1e-05,SL,-1.065609,-1.030609,0.065,0.0,6.578389,1
pair_mr,ATOMUSDT,2026-06-14 15:00:00+00:00,2026-06-14 16:00:00+00:00,SHORT,3.058e-05,3.119e-05,3.009e-05,3.119e-05,SL,-1.065609,-1.030609,0.065,0.0,5.52689,1
pair_mr,ATOMUSDT,2026-06-14 16:00:00+00:00,2026-06-14 17:00:00+00:00,SHORT,3.07e-05,3.131e-05,3.021e-05,3.131e-05,SL,-1.065609,-1.030609,0.065,0.0,4.643464,1
pair_mr,ATOMUSDT,2026-06-14 18:00:00+00:00,2026-06-14 19:00:00+00:00,SHORT,3.126e-05,3.202e-05,3.05e-05,3.202e-05,SL,-1.054084,-1.025289,0.053476,0.0,3.909274,1
pair_mr,ATOMUSDT,2026-06-15 03:00:00+00:00,2026-06-15 04:00:00+00:00,LONG,3.005e-05,3.044e-05,3.044e-05,2.945e-05,TP,0.582031,0.617031,0.065,0.0,4.250572,1
pair_mr,ATOMUSDT,2026-06-15 07:00:00+00:00,2026-06-15 08:00:00+00:00,LONG,2.987e-05,3.02e-05,3.02e-05,2.928e-05,TP,0.481721,0.516721,0.065,0.0,4.55771,1
pair_mr,ATOMUSDT,2026-06-15 11:00:00+00:00,2026-06-15 12:00:00+00:00,SHORT,3.032e-05,3.093e-05,3e-05,3.093e-05,SL,-1.065609,-1.030609,0.065,0.0,3.8292,1
pair_mr,ATOMUSDT,2026-06-15 15:00:00+00:00,2026-06-15 16:00:00+00:00,LONG,2.974e-05,3.017e-05,3.017e-05,2.915e-05,TP,0.664811,0.699811,0.065,0.0,4.211053,1
pair_mr,ATOMUSDT,2026-06-15 16:00:00+00:00,2026-06-15 17:00:00+00:00,LONG,2.957e-05,3.01e-05,3.01e-05,2.898e-05,TP,0.831222,0.866222,0.065,0.0,4.736102,1
pair_mr,ATOMUSDT,2026-06-15 20:00:00+00:00,2026-06-15 21:00:00+00:00,LONG,2.937e-05,2.958e-05,2.958e-05,2.879e-05,TP,0.284482,0.319482,0.065,0.0,4.938202,1
pair_mr,ATOMUSDT,2026-06-15 23:00:00+00:00,2026-06-16 00:00:00+00:00,SHORT,2.961e-05,3.021e-05,2.946e-05,3.021e-05,SL,-1.065609,-1.030609,0.065,0.0,4.148873,1
pair_mr,ATOMUSDT,2026-06-16 07:00:00+00:00,2026-06-16 08:00:00+00:00,SHORT,3.001e-05,3.061e-05,2.96e-05,3.061e-05,SL,-1.065609,-1.030609,0.065,0.0,3.485712,1
pair_mr,ATOMUSDT,2026-06-16 12:00:00+00:00,2026-06-16 13:00:00+00:00,SHORT,3.025e-05,3.085e-05,2.995e-05,3.085e-05,SL,-1.065609,-1.030609,0.065,0.0,2.928551,1
pair_mr,ATOMUSDT,2026-06-16 17:00:00+00:00,2026-06-16 18:00:00+00:00,SHORT,3.03e-05,3.09e-05,3.014e-05,3.09e-05,SL,-1.065609,-1.030609,0.065,0.0,2.460447,1
pair_mr,ATOMUSDT,2026-06-16 18:00:00+00:00,2026-06-16 19:00:00+00:00,SHORT,3.043e-05,3.104e-05,3.015e-05,3.104e-05,SL,-1.065609,-1.030609,0.065,0.0,2.067166,1
pair_mr,ATOMUSDT,2026-06-16 20:00:00+00:00,2026-06-16 21:00:00+00:00,SHORT,3.054e-05,3.115e-05,3.029e-05,3.115e-05,SL,-1.065609,-1.030609,0.065,0.0,1.736747,1
pair_mr,ATOMUSDT,2026-06-17 00:00:00+00:00,2026-06-17 01:00:00+00:00,SHORT,3.066e-05,3.128e-05,3.039e-05,3.128e-05,SL,-1.065609,-1.030609,0.065,0.0,1.459143,1
pair_mr,ATOMUSDT,2026-06-17 09:00:00+00:00,2026-06-17 10:00:00+00:00,SHORT,3.038e-05,3.099e-05,3.027e-05,3.099e-05,SL,-1.065609,-1.030609,0.065,0.0,1.225912,1
pair_mr,ATOMUSDT,2026-06-17 10:00:00+00:00,2026-06-17 11:00:00+00:00,SHORT,3.042e-05,3.102e-05,3.028e-05,3.102e-05,SL,-1.065609,-1.030609,0.065,0.0,1.02996,1
pair_mr,ATOMUSDT,2026-06-17 11:00:00+00:00,2026-06-17 12:00:00+00:00,SHORT,3.049e-05,3.11e-05,3.03e-05,3.11e-05,SL,-1.065609,-1.030609,0.065,0.0,0.86533,1
pair_mr,ATOMUSDT,2026-06-17 16:00:00+00:00,2026-06-17 17:00:00+00:00,LONG,3.021e-05,3.049e-05,3.049e-05,2.961e-05,TP,0.382912,0.417912,0.065,0.0,0.915032,1
pair_mr,ATOMUSDT,2026-06-17 17:00:00+00:00,2026-06-17 18:00:00+00:00,LONG,2.986e-05,3.043e-05,3.043e-05,2.926e-05,TP,0.887307,0.922307,0.065,0.0,1.036819,1
pair_mr,ATOMUSDT,2026-06-17 21:00:00+00:00,2026-06-17 22:00:00+00:00,LONG,2.943e-05,3.005e-05,3.005e-05,2.88e-05,TP,0.938131,0.971127,0.061277,0.0,1.18272,1
pair_mr,ATOMUSDT,2026-06-18 02:00:00+00:00,2026-06-18 03:00:00+00:00,LONG,2.899e-05,2.935e-05,2.935e-05,2.841e-05,TP,0.566422,0.601422,0.065,0.0,1.283207,1
pair_mr,ATOMUSDT,2026-06-18 03:00:00+00:00,2026-06-18 04:00:00+00:00,LONG,2.882e-05,2.926e-05,2.926e-05,2.825e-05,TP,0.700319,0.735319,0.065,0.0,1.418006,1
pair_mr,ATOMUSDT,2026-06-18 10:00:00+00:00,2026-06-18 11:00:00+00:00,LONG,2.842e-05,2.902e-05,2.902e-05,2.781e-05,TP,0.937952,0.971044,0.061457,0.0,1.617509,1
pair_mr,ATOMUSDT,2026-06-18 18:00:00+00:00,2026-06-18 19:00:00+00:00,LONG,2.836e-05,2.863e-05,2.863e-05,2.78e-05,TP,0.405076,0.440076,0.065,0.0,1.715791,1
pair_mr,ATOMUSDT,2026-06-18 23:00:00+00:00,2026-06-19 00:00:00+00:00,SHORT,2.876e-05,2.934e-05,2.855e-05,2.934e-05,SL,-1.065609,-1.030609,0.065,0.0,1.441537,1
pair_mr,ATOMUSDT,2026-06-19 05:00:00+00:00,2026-06-19 06:00:00+00:00,SHORT,2.89e-05,2.947e-05,2.879e-05,2.947e-05,SL,-1.065609,-1.030609,0.065,0.0,1.211119,1
pair_mr,ATOMUSDT,2026-06-19 06:00:00+00:00,2026-06-19 07:00:00+00:00,SHORT,2.901e-05,2.959e-05,2.882e-05,2.959e-05,SL,-1.065609,-1.030609,0.065,0.0,1.017532,1
pair_mr,ATOMUSDT,2026-06-19 07:00:00+00:00,2026-06-19 08:00:00+00:00,SHORT,2.908e-05,2.966e-05,2.885e-05,2.966e-05,SL,-1.065609,-1.030609,0.065,0.0,0.854889,1
pair_mr,ATOMUSDT,2026-06-19 10:00:00+00:00,2026-06-19 11:00:00+00:00,LONG,2.885e-05,2.904e-05,2.904e-05,2.827e-05,TP,0.277047,0.312047,0.065,0.0,0.890415,1
pair_mr,ATOMUSDT,2026-06-19 16:00:00+00:00,2026-06-19 17:00:00+00:00,LONG,2.872e-05,2.899e-05,2.899e-05,2.815e-05,TP,0.396686,0.431686,0.065,0.0,0.943398,1
pair_mr,ATOMUSDT,2026-06-19 22:00:00+00:00,2026-06-19 23:00:00+00:00,LONG,2.847e-05,2.861e-05,2.861e-05,2.79e-05,TP,0.181725,0.216725,0.065,0.0,0.969114,1
pair_mr,ATOMUSDT,2026-06-20 00:00:00+00:00,2026-06-20 01:00:00+00:00,LONG,2.841e-05,2.853e-05,2.853e-05,2.784e-05,TP,0.147982,0.182982,0.065,0.0,0.990625,1
pair_mr,ATOMUSDT,2026-06-20 01:00:00+00:00,2026-06-20 02:00:00+00:00,LONG,2.82e-05,2.85e-05,2.85e-05,2.763e-05,TP,0.464849,0.499849,0.065,0.0,1.059699,1
pair_mr,ATOMUSDT,2026-06-20 09:00:00+00:00,2026-06-20 10:00:00+00:00,LONG,2.815e-05,2.83e-05,2.83e-05,2.758e-05,TP,0.199143,0.234143,0.065,0.0,1.091354,1
pair_mr,ATOMUSDT,2026-06-20 10:00:00+00:00,2026-06-20 11:00:00+00:00,LONG,2.811e-05,2.826e-05,2.826e-05,2.754e-05,TP,0.208777,0.243777,0.065,0.0,1.125531,1
pair_mr,ATOMUSDT,2026-06-20 11:00:00+00:00,2026-06-20 12:00:00+00:00,LONG,2.8e-05,2.822e-05,2.822e-05,2.744e-05,TP,0.339443,0.374443,0.065,0.0,1.182839,1
pair_mr,ATOMUSDT,2026-06-20 16:00:00+00:00,2026-06-20 17:00:00+00:00,LONG,2.784e-05,2.796e-05,2.796e-05,2.729e-05,TP,0.147564,0.182564,0.065,0.0,1.209021,1
pair_mr,ATOMUSDT,2026-06-20 18:00:00+00:00,2026-06-20 19:00:00+00:00,SHORT,2.81e-05,2.866e-05,2.793e-05,2.866e-05,SL,-1.065609,-1.030609,0.065,0.0,1.015769,1
pair_mr,ATOMUSDT,2026-06-20 19:00:00+00:00,2026-06-20 20:00:00+00:00,SHORT,2.821e-05,2.878e-05,2.796e-05,2.878e-05,SL,-1.065609,-1.030609,0.065,0.0,0.853407,1
pair_mr,ATOMUSDT,2026-06-20 23:00:00+00:00,2026-06-21 00:00:00+00:00,LONG,2.804e-05,2.815e-05,2.815e-05,2.748e-05,TP,0.142205,0.177205,0.065,0.0,0.871611,1
pair_mr,ATOMUSDT,2026-06-21 00:00:00+00:00,2026-06-21 01:00:00+00:00,LONG,2.793e-05,2.814e-05,2.814e-05,2.737e-05,TP,0.311873,0.346873,0.065,0.0,0.912386,1
pair_mr,ATOMUSDT,2026-06-21 01:00:00+00:00,2026-06-21 02:00:00+00:00,LONG,2.786e-05,2.809e-05,2.809e-05,2.73e-05,TP,0.345753,0.380753,0.065,0.0,0.959705,1
pair_mr,ATOMUSDT,2026-06-21 03:00:00+00:00,2026-06-21 04:00:00+00:00,LONG,2.769e-05,2.795e-05,2.795e-05,2.713e-05,TP,0.409193,0.444193,0.065,0.0,1.01861,1
pair_mr,ATOMUSDT,2026-06-21 08:00:00+00:00,2026-06-21 09:00:00+00:00,SHORT,2.783e-05,2.839e-05,2.77e-05,2.839e-05,SL,-1.065609,-1.030609,0.065,0.0,0.855794,1
pair_mr,ATOMUSDT,2026-06-21 11:00:00+00:00,2026-06-21 12:00:00+00:00,LONG,2.761e-05,2.775e-05,2.775e-05,2.706e-05,TP,0.201792,0.236792,0.065,0.0,0.881698,1
pair_mr,ATOMUSDT,2026-06-21 15:00:00+00:00,2026-06-21 16:00:00+00:00,LONG,2.759e-05,2.766e-05,2.766e-05,2.703e-05,TP,0.064785,0.099785,0.065,0.0,0.890266,1
pair_mr,ATOMUSDT,2026-06-21 17:00:00+00:00,2026-06-21 18:00:00+00:00,LONG,2.751e-05,2.764e-05,2.764e-05,2.696e-05,TP,0.165876,0.200876,0.065,0.0,0.912417,1
pair_mr,ATOMUSDT,2026-06-21 20:00:00+00:00,2026-06-21 21:00:00+00:00,SHORT,2.767e-05,2.822e-05,2.758e-05,2.822e-05,SL,-1.065609,-1.030609,0.065,0.0,0.766575,1
pair_mr,ATOMUSDT,2026-06-21 23:00:00+00:00,2026-06-22 00:00:00+00:00,SHORT,2.775e-05,2.83e-05,2.761e-05,2.83e-05,SL,-1.065609,-1.030609,0.065,0.0,0.644045,1
pair_mr,ATOMUSDT,2026-06-22 04:00:00+00:00,2026-06-22 05:00:00+00:00,SHORT,2.799e-05,2.855e-05,2.77e-05,2.855e-05,SL,-1.065609,-1.030609,0.065,0.0,0.5411,1
pair_mr,ATOMUSDT,2026-06-22 06:00:00+00:00,2026-06-22 07:00:00+00:00,SHORT,2.819e-05,2.875e-05,2.781e-05,2.875e-05,SL,-1.065609,-1.030609,0.065,0.0,0.45461,1
pair_mr,ATOMUSDT,2026-06-22 09:00:00+00:00,2026-06-22 10:00:00+00:00,SHORT,2.843e-05,2.9e-05,2.807e-05,2.9e-05,SL,-1.065609,-1.030609,0.065,0.0,0.381944,1
pair_mr,ATOMUSDT,2026-06-22 13:00:00+00:00,2026-06-22 14:00:00+00:00,LONG,2.789e-05,2.824e-05,2.824e-05,2.733e-05,TP,0.565401,0.600401,0.065,0.0,0.414337,1
pair_mr,ATOMUSDT,2026-06-22 15:00:00+00:00,2026-06-22 16:00:00+00:00,LONG,2.777e-05,2.813e-05,2.813e-05,2.722e-05,TP,0.566716,0.601716,0.065,0.0,0.449559,1
pair_mr,ATOMUSDT,2026-06-22 23:00:00+00:00,2026-06-23 00:00:00+00:00,SHORT,2.81e-05,2.866e-05,2.788e-05,2.866e-05,SL,-1.065609,-1.030609,0.065,0.0,0.377701,1
pair_mr,ATOMUSDT,2026-06-23 10:00:00+00:00,2026-06-23 11:00:00+00:00,SHORT,2.817e-05,2.874e-05,2.797e-05,2.874e-05,SL,-1.065609,-1.030609,0.065,0.0,0.317328,1
pair_mr,ATOMUSDT,2026-06-23 11:00:00+00:00,2026-06-23 12:00:00+00:00,SHORT,2.831e-05,2.888e-05,2.799e-05,2.888e-05,SL,-1.065609,-1.030609,0.065,0.0,0.266606,1
pair_mr,ATOMUSDT,2026-06-23 14:00:00+00:00,2026-06-23 15:00:00+00:00,LONG,2.789e-05,2.817e-05,2.817e-05,2.733e-05,TP,0.432125,0.467125,0.065,0.0,0.283887,1
pair_mr,ATOMUSDT,2026-06-23 15:00:00+00:00,2026-06-23 16:00:00+00:00,LONG,2.76e-05,2.814e-05,2.814e-05,2.705e-05,TP,0.900254,0.935254,0.065,0.0,0.322223,1
pair_mr,ATOMUSDT,2026-06-23 22:00:00+00:00,2026-06-23 23:00:00+00:00,LONG,2.751e-05,2.761e-05,2.761e-05,2.696e-05,TP,0.123679,0.158679,0.065,0.0,0.328201,1
pair_mr,ATOMUSDT,2026-06-23 23:00:00+00:00,2026-06-24 00:00:00+00:00,LONG,2.739e-05,2.76e-05,2.76e-05,2.684e-05,TP,0.319102,0.354102,0.065,0.0,0.34391,1
pair_mr,ATOMUSDT,2026-06-24 00:00:00+00:00,2026-06-24 01:00:00+00:00,LONG,2.733e-05,2.754e-05,2.754e-05,2.678e-05,TP,0.323855,0.358855,0.065,0.0,0.360617,1
pair_mr,ATOMUSDT,2026-06-24 03:00:00+00:00,2026-06-24 04:00:00+00:00,LONG,2.713e-05,2.742e-05,2.742e-05,2.658e-05,TP,0.475731,0.510731,0.065,0.0,0.38635,1
pair_mr,ATOMUSDT,2026-06-24 08:00:00+00:00,2026-06-24 09:00:00+00:00,LONG,2.679e-05,2.71e-05,2.71e-05,2.626e-05,TP,0.507101,0.542101,0.065,0.0,0.415738,1
pair_mr,ATOMUSDT,2026-06-24 09:00:00+00:00,2026-06-24 10:00:00+00:00,LONG,2.664e-05,2.704e-05,2.704e-05,2.611e-05,TP,0.676496,0.711496,0.065,0.0,0.457925,1
pair_mr,ATOMUSDT,2026-06-24 10:00:00+00:00,2026-06-24 11:00:00+00:00,LONG,2.65e-05,2.694e-05,2.694e-05,2.597e-05,TP,0.758604,0.793604,0.065,0.0,0.510032,1
pair_mr,ATOMUSDT,2026-06-24 11:00:00+00:00,2026-06-24 12:00:00+00:00,LONG,2.625e-05,2.682e-05,2.682e-05,2.569e-05,TP,0.938933,0.971497,0.060476,0.0,0.581865,1
pair_mr,ATOMUSDT,2026-06-24 14:00:00+00:00,2026-06-24 15:00:00+00:00,SHORT,2.722e-05,2.795e-05,2.65e-05,2.795e-05,SL,-1.049557,-1.023199,0.04895,0.0,0.49026,1
pair_mr,DOTUSDT,2026-06-12 09:00:00+00:00,2026-06-12 10:00:00+00:00,SHORT,1.511e-05,1.541e-05,1.501e-05,1.541e-05,SL,-1.065609,-1.030609,0.065,0.0,5.88111,1
pair_mr,DOTUSDT,2026-06-12 10:00:00+00:00,2026-06-12 11:00:00+00:00,SHORT,1.516e-05,1.546e-05,1.502e-05,1.546e-05,SL,-1.065609,-1.030609,0.065,0.0,4.941066,1
pair_mr,DOTUSDT,2026-06-12 15:00:00+00:00,2026-06-12 16:00:00+00:00,LONG,1.492e-05,1.514e-05,1.514e-05,1.462e-05,TP,0.691107,0.726107,0.065,0.0,5.453286,1
pair_mr,DOTUSDT,2026-06-13 00:00:00+00:00,2026-06-13 01:00:00+00:00,SHORT,1.512e-05,1.542e-05,1.504e-05,1.542e-05,SL,-1.065609,-1.030609,0.065,0.0,4.581625,1
pair_mr,DOTUSDT,2026-06-13 01:00:00+00:00,2026-06-13 02:00:00+00:00,SHORT,1.517e-05,1.548e-05,1.505e-05,1.548e-05,SL,-1.065609,-1.030609,0.065,0.0,3.849292,1
pair_mr,DOTUSDT,2026-06-13 02:00:00+00:00,2026-06-13 03:00:00+00:00,SHORT,1.522e-05,1.552e-05,1.507e-05,1.552e-05,SL,-1.065609,-1.030609,0.065,0.0,3.234016,1
pair_mr,DOTUSDT,2026-06-13 06:00:00+00:00,2026-06-13 07:00:00+00:00,SHORT,1.535e-05,1.566e-05,1.52e-05,1.566e-05,SL,-1.065609,-1.030609,0.065,0.0,2.717086,1
pair_mr,DOTUSDT,2026-06-13 07:00:00+00:00,2026-06-13 08:00:00+00:00,SHORT,1.554e-05,1.585e-05,1.524e-05,1.585e-05,SL,-1.065609,-1.030609,0.065,0.0,2.282784,1
pair_mr,DOTUSDT,2026-06-13 17:00:00+00:00,2026-06-13 18:00:00+00:00,LONG,1.533e-05,1.54e-05,1.54e-05,1.502e-05,TP,0.166783,0.201783,0.065,0.0,2.339893,1
pair_mr,DOTUSDT,2026-06-13 18:00:00+00:00,2026-06-13 19:00:00+00:00,LONG,1.524e-05,1.538e-05,1.538e-05,1.493e-05,TP,0.398591,0.433591,0.065,0.0,2.479792,1
pair_mr,DOTUSDT,2026-06-13 19:00:00+00:00,2026-06-13 20:00:00+00:00,LONG,1.522e-05,1.535e-05,1.535e-05,1.491e-05,TP,0.36813,0.40313,0.065,0.0,2.616725,1
pair_mr,DOTUSDT,2026-06-14 00:00:00+00:00,2026-06-14 01:00:00+00:00,LONG,1.514e-05,1.522e-05,1.522e-05,1.484e-05,TP,0.174095,0.209095,0.065,0.0,2.685058,1
pair_mr,DOTUSDT,2026-06-14 04:00:00+00:00,2026-06-14 05:00:00+00:00,LONG,1.505e-05,1.516e-05,1.516e-05,1.475e-05,TP,0.29432,0.32932,0.065,0.0,2.803599,1
pair_mr,DOTUSDT,2026-06-14 07:00:00+00:00,2026-06-14 08:00:00+00:00,LONG,1.499e-05,1.509e-05,1.509e-05,1.469e-05,TP,0.274409,0.309409,0.065,0.0,2.918999,1
pair_mr,DOTUSDT,2026-06-14 17:00:00+00:00,2026-06-14 18:00:00+00:00,LONG,1.491e-05,1.496e-05,1.496e-05,1.461e-05,TP,0.106678,0.141678,0.065,0.0,2.965707,1
pair_mr,DOTUSDT,2026-06-14 18:00:00+00:00,2026-06-14 19:00:00+00:00,LONG,1.489e-05,1.495e-05,1.495e-05,1.46e-05,TP,0.124171,0.159171,0.065,0.0,3.020946,1
pair_mr,DOTUSDT,2026-06-14 21:00:00+00:00,2026-06-14 22:00:00+00:00,SHORT,1.509e-05,1.539e-05,1.492e-05,1.539e-05,SL,-1.065609,-1.030609,0.065,0.0,2.538074,1
pair_mr,DOTUSDT,2026-06-14 22:00:00+00:00,2026-06-14 23:00:00+00:00,SHORT,1.509e-05,1.54e-05,1.494e-05,1.54e-05,SL,-1.065609,-1.030609,0.065,0.0,2.132384,1
pair_mr,DOTUSDT,2026-06-14 23:00:00+00:00,2026-06-15 00:00:00+00:00,SHORT,1.519e-05,1.549e-05,1.498e-05,1.549e-05,SL,-1.065609,-1.030609,0.065,0.0,1.791541,1
pair_mr,DOTUSDT,2026-06-15 02:00:00+00:00,2026-06-15 03:00:00+00:00,SHORT,1.521e-05,1.551e-05,1.513e-05,1.551e-05,SL,-1.065609,-1.030609,0.065,0.0,1.505179,1
pair_mr,DOTUSDT,2026-06-15 04:00:00+00:00,2026-06-15 05:00:00+00:00,SHORT,1.524e-05,1.555e-05,1.517e-05,1.555e-05,SL,-1.065609,-1.030609,0.065,0.0,1.264589,1
pair_mr,DOTUSDT,2026-06-15 05:00:00+00:00,2026-06-15 06:00:00+00:00,SHORT,1.527e-05,1.557e-05,1.518e-05,1.557e-05,SL,-1.065609,-1.030609,0.065,0.0,1.062455,1
pair_mr,DOTUSDT,2026-06-15 09:00:00+00:00,2026-06-15 10:00:00+00:00,SHORT,1.53e-05,1.56e-05,1.524e-05,1.56e-05,SL,-1.065609,-1.030609,0.065,0.0,0.892631,1
pair_mr,DOTUSDT,2026-06-15 10:00:00+00:00,2026-06-15 11:00:00+00:00,SHORT,1.542e-05,1.573e-05,1.525e-05,1.573e-05,SL,-1.065609,-1.030609,0.065,0.0,0.749952,1
pair_mr,DOTUSDT,2026-06-15 13:00:00+00:00,2026-06-15 14:00:00+00:00,SHORT,1.557e-05,1.588e-05,1.536e-05,1.588e-05,SL,-1.065609,-1.030609,0.065,0.0,0.630078,1
pair_mr,DOTUSDT,2026-06-15 19:00:00+00:00,2026-06-15 20:00:00+00:00,LONG,1.531e-05,1.548e-05,1.548e-05,1.5e-05,TP,0.490502,0.525502,0.065,0.0,0.676437,1
pair_mr,DOTUSDT,2026-06-15 20:00:00+00:00,2026-06-15 21:00:00+00:00,LONG,1.527e-05,1.544e-05,1.544e-05,1.496e-05,TP,0.49926,0.53426,0.065,0.0,0.727094,1
pair_mr,DOTUSDT,2026-06-15 22:00:00+00:00,2026-06-15 23:00:00+00:00,LONG,1.516e-05,1.536e-05,1.536e-05,1.485e-05,TP,0.589079,0.624079,0.065,0.0,0.791342,1
pair_mr,DOTUSDT,2026-06-16 03:00:00+00:00,2026-06-16 04:00:00+00:00,SHORT,1.527e-05,1.558e-05,1.521e-05,1.558e-05,SL,-1.065609,-1.030609,0.065,0.0,0.664852,1
pair_mr,DOTUSDT,2026-06-16 07:00:00+00:00,2026-06-16 08:00:00+00:00,SHORT,1.531e-05,1.562e-05,1.523e-05,1.562e-05,SL,-1.065609,-1.030609,0.065,0.0,0.558581,1
pair_mr,DOTUSDT,2026-06-16 08:00:00+00:00,2026-06-16 09:00:00+00:00,SHORT,1.54e-05,1.571e-05,1.525e-05,1.571e-05,SL,-1.065609,-1.030609,0.065,0.0,0.469297,1
pair_mr,DOTUSDT,2026-06-16 12:00:00+00:00,2026-06-16 13:00:00+00:00,SHORT,1.547e-05,1.578e-05,1.537e-05,1.578e-05,SL,-1.065609,-1.030609,0.065,0.0,0.394284,1
pair_mr,DOTUSDT,2026-06-16 13:00:00+00:00,2026-06-16 14:00:00+00:00,LONG,1.533e-05,1.54e-05,1.54e-05,1.502e-05,TP,0.171381,0.206381,0.065,0.0,0.40442,1
pair_mr,DOTUSDT,2026-06-16 14:00:00+00:00,2026-06-16 15:00:00+00:00,LONG,1.518e-05,1.539e-05,1.539e-05,1.487e-05,TP,0.633563,0.668563,0.065,0.0,0.442854,1
pair_mr,DOTUSDT,2026-06-16 20:00:00+00:00,2026-06-16 21:00:00+00:00,SHORT,1.55e-05,1.581e-05,1.531e-05,1.581e-05,SL,-1.065609,-1.030609,0.065,0.0,0.372067,1
pair_mr,DOTUSDT,2026-06-17 01:00:00+00:00,2026-06-17 02:00:00+00:00,SHORT,1.563e-05,1.594e-05,1.547e-05,1.594e-05,SL,-1.065609,-1.030609,0.065,0.0,0.312596,1
pair_mr,DOTUSDT,2026-06-17 02:00:00+00:00,2026-06-17 03:00:00+00:00,SHORT,1.565e-05,1.596e-05,1.55e-05,1.596e-05,SL,-1.065609,-1.030609,0.065,0.0,0.26263,1
pair_mr,DOTUSDT,2026-06-17 08:00:00+00:00,2026-06-17 09:00:00+00:00,LONG,1.553e-05,1.559e-05,1.559e-05,1.522e-05,TP,0.112568,0.147568,0.065,0.0,0.267064,1
pair_mr,DOTUSDT,2026-06-17 11:00:00+00:00,2026-06-17 12:00:00+00:00,LONG,1.552e-05,1.558e-05,1.558e-05,1.521e-05,TP,0.149131,0.184131,0.065,0.0,0.273039,1
pair_mr,DOTUSDT,2026-06-17 15:00:00+00:00,2026-06-17 16:00:00+00:00,SHORT,1.578e-05,1.61e-05,1.554e-05,1.61e-05,SL,-1.065609,-1.030609,0.065,0.0,0.229396,1
pair_mr,DOTUSDT,2026-06-18 01:00:00+00:00,2026-06-18 02:00:00+00:00,LONG,1.551e-05,1.557e-05,1.557e-05,1.52e-05,TP,0.129025,0.164025,0.065,0.0,0.233835,1
pair_mr,DOTUSDT,2026-06-18 02:00:00+00:00,2026-06-18 03:00:00+00:00,LONG,1.548e-05,1.555e-05,1.555e-05,1.517e-05,TP,0.163195,0.198195,0.065,0.0,0.23956,1
pair_mr,DOTUSDT,2026-06-18 03:00:00+00:00,2026-06-18 04:00:00+00:00,LONG,1.527e-05,1.554e-05,1.554e-05,1.496e-05,TP,0.815298,0.850298,0.065,0.0,0.268856,1
pair_mr,DOTUSDT,2026-06-18 04:00:00+00:00,2026-06-18 05:00:00+00:00,LONG,1.522e-05,1.547e-05,1.547e-05,1.492e-05,TP,0.760033,0.795033,0.065,0.0,0.299507,1
pair_mr,DOTUSDT,2026-06-18 09:00:00+00:00,2026-06-18 10:00:00+00:00,SHORT,1.533e-05,1.564e-05,1.525e-05,1.564e-05,SL,-1.065609,-1.030609,0.065,0.0,0.251634,1
pair_mr,DOTUSDT,2026-06-18 11:00:00+00:00,2026-06-18 12:00:00+00:00,LONG,1.52e-05,1.529e-05,1.529e-05,1.49e-05,TP,0.216214,0.251214,0.065,0.0,0.259795,1
pair_mr,DOTUSDT,2026-06-18 20:00:00+00:00,2026-06-18 21:00:00+00:00,SHORT,1.543e-05,1.574e-05,1.524e-05,1.574e-05,SL,-1.065609,-1.030609,0.065,0.0,0.218269,1
pair_mr,DOTUSDT,2026-06-19 01:00:00+00:00,2026-06-19 02:00:00+00:00,SHORT,1.554e-05,1.585e-05,1.545e-05,1.585e-05,SL,-1.065609,-1.030609,0.065,0.0,0.18338,1
pair_mr,DOTUSDT,2026-06-19 03:00:00+00:00,2026-06-19 04:00:00+00:00,LONG,1.54e-05,1.55e-05,1.55e-05,1.509e-05,TP,0.258925,0.293925,0.065,0.0,0.190503,1
pair_mr,DOTUSDT,2026-06-19 04:00:00+00:00,2026-06-19 05:00:00+00:00,LONG,1.527e-05,1.549e-05,1.549e-05,1.496e-05,TP,0.657872,0.692872,0.065,0.0,0.209302,1
pair_mr,DOTUSDT,2026-06-19 11:00:00+00:00,2026-06-19 12:00:00+00:00,LONG,1.516e-05,1.526e-05,1.526e-05,1.486e-05,TP,0.257647,0.292647,0.065,0.0,0.21739,1
pair_mr,DOTUSDT,2026-06-20 02:00:00+00:00,2026-06-20 03:00:00+00:00,LONG,1.507e-05,1.51e-05,1.51e-05,1.477e-05,TP,0.044382,0.079382,0.065,0.0,0.218838,1
pair_mr,DOTUSDT,2026-06-20 03:00:00+00:00,2026-06-20 04:00:00+00:00,LONG,1.505e-05,1.51e-05,1.51e-05,1.475e-05,TP,0.078635,0.113635,0.065,0.0,0.221419,1
pair_mr,DOTUSDT,2026-06-20 05:00:00+00:00,2026-06-20 06:00:00+00:00,SHORT,1.518e-05,1.548e-05,1.509e-05,1.548e-05,SL,-1.065609,-1.030609,0.065,0.0,0.186027,1
pair_mr,DOTUSDT,2026-06-20 08:00:00+00:00,2026-06-20 09:00:00+00:00,SHORT,1.522e-05,1.553e-05,1.513e-05,1.553e-05,SL,-1.065609,-1.030609,0.065,0.0,0.156292,1
pair_mr,DOTUSDT,2026-06-20 14:00:00+00:00,2026-06-20 15:00:00+00:00,LONG,1.506e-05,1.514e-05,1.514e-05,1.476e-05,TP,0.194116,0.229116,0.065,0.0,0.160843,1
pair_mr,DOTUSDT,2026-06-20 17:00:00+00:00,2026-06-20 18:00:00+00:00,LONG,1.503e-05,1.509e-05,1.509e-05,1.473e-05,TP,0.131467,0.166467,0.065,0.0,0.164015,1
pair_mr,DOTUSDT,2026-06-20 18:00:00+00:00,2026-06-20 19:00:00+00:00,LONG,1.501e-05,1.507e-05,1.507e-05,1.471e-05,TP,0.14911,0.18411,0.065,0.0,0.167683,1
pair_mr,DOTUSDT,2026-06-20 19:00:00+00:00,2026-06-20 20:00:00+00:00,LONG,1.498e-05,1.505e-05,1.505e-05,1.468e-05,TP,0.186155,0.221155,0.065,0.0,0.172366,1
pair_mr,DOTUSDT,2026-06-20 21:00:00+00:00,2026-06-20 22:00:00+00:00,SHORT,1.511e-05,1.542e-05,1.502e-05,1.542e-05,SL,-1.065609,-1.030609,0.065,0.0,0.144814,1
pair_mr,DOTUSDT,2026-06-20 22:00:00+00:00,2026-06-20 23:00:00+00:00,SHORT,1.513e-05,1.543e-05,1.503e-05,1.543e-05,SL,-1.065609,-1.030609,0.065,0.0,0.121667,1
pair_mr,DOTUSDT,2026-06-21 04:00:00+00:00,2026-06-21 05:00:00+00:00,LONG,1.503e-05,1.508e-05,1.508e-05,1.473e-05,TP,0.093695,0.128695,0.065,0.0,0.123377,1
pair_mr,DOTUSDT,2026-06-21 05:00:00+00:00,2026-06-21 06:00:00+00:00,LONG,1.501e-05,1.508e-05,1.508e-05,1.471e-05,TP,0.159188,0.194188,0.065,0.0,0.126323,1
pair_mr,DOTUSDT,2026-06-21 08:00:00+00:00,2026-06-21 09:00:00+00:00,SHORT,1.508e-05,1.538e-05,1.504e-05,1.538e-05,SL,-1.065609,-1.030609,0.065,0.0,0.106131,1
pair_mr,DOTUSDT,2026-06-21 09:00:00+00:00,2026-06-21 10:00:00+00:00,SHORT,1.516e-05,1.546e-05,1.504e-05,1.546e-05,SL,-1.065609,-1.030609,0.065,0.0,0.089167,1
pair_mr,DOTUSDT,2026-06-21 17:00:00+00:00,2026-06-21 18:00:00+00:00,LONG,1.497e-05,1.507e-05,1.507e-05,1.467e-05,TP,0.264792,0.299792,0.065,0.0,0.092709,1
pair_mr,DOTUSDT,2026-06-21 21:00:00+00:00,2026-06-21 22:00:00+00:00,LONG,1.491e-05,1.5e-05,1.5e-05,1.461e-05,TP,0.241064,0.276064,0.065,0.0,0.096061,1
pair_mr,DOTUSDT,2026-06-21 22:00:00+00:00,2026-06-21 23:00:00+00:00,LONG,1.488e-05,1.498e-05,1.498e-05,1.458e-05,TP,0.262307,0.297307,0.065,0.0,0.099841,1
pair_mr,DOTUSDT,2026-06-22 06:00:00+00:00,2026-06-22 07:00:00+00:00,SHORT,1.496e-05,1.526e-05,1.488e-05,1.526e-05,SL,-1.065609,-1.030609,0.065,0.0,0.083882,1
pair_mr,DOTUSDT,2026-06-22 07:00:00+00:00,2026-06-22 08:00:00+00:00,SHORT,1.5e-05,1.53e-05,1.49e-05,1.53e-05,SL,-1.065609,-1.030609,0.065,0.0,0.070474,1
pair_mr,DOTUSDT,2026-06-22 12:00:00+00:00,2026-06-22 13:00:00+00:00,LONG,1.491e-05,1.498e-05,1.498e-05,1.461e-05,TP,0.154572,0.189572,0.065,0.0,0.072108,1
pair_mr,DOTUSDT,2026-06-22 14:00:00+00:00,2026-06-22 15:00:00+00:00,LONG,1.486e-05,1.494e-05,1.494e-05,1.456e-05,TP,0.193456,0.228456,0.065,0.0,0.074201,1
pair_mr,DOTUSDT,2026-06-22 15:00:00+00:00,2026-06-22 16:00:00+00:00,LONG,1.475e-05,1.492e-05,1.492e-05,1.446e-05,TP,0.494283,0.529283,0.065,0.0,0.079702,1
pair_mr,DOTUSDT,2026-06-22 18:00:00+00:00,2026-06-22 19:00:00+00:00,LONG,1.469e-05,1.482e-05,1.482e-05,1.44e-05,TP,0.371894,0.406894,0.065,0.0,0.084148,1
pair_mr,DOTUSDT,2026-06-22 19:00:00+00:00,2026-06-22 20:00:00+00:00,LONG,1.465e-05,1.478e-05,1.478e-05,1.435e-05,TP,0.397437,0.432437,0.065,0.0,0.089165,1
pair_mr,DOTUSDT,2026-06-22 22:00:00+00:00,2026-06-22 23:00:00+00:00,LONG,1.459e-05,1.47e-05,1.47e-05,1.43e-05,TP,0.301103,0.336103,0.065,0.0,0.093192,1
pair_mr,DOTUSDT,2026-06-23 00:00:00+00:00,2026-06-23 01:00:00+00:00,LONG,1.455e-05,1.464e-05,1.464e-05,1.426e-05,TP,0.243386,0.278386,0.065,0.0,0.096594,1
pair_mr,DOTUSDT,2026-06-23 03:00:00+00:00,2026-06-23 04:00:00+00:00,SHORT,1.463e-05,1.492e-05,1.457e-05,1.492e-05,SL,-1.065609,-1.030609,0.065,0.0,0.081154,1
pair_mr,DOTUSDT,2026-06-23 05:00:00+00:00,2026-06-23 06:00:00+00:00,SHORT,1.468e-05,1.497e-05,1.458e-05,1.497e-05,SL,-1.065609,-1.030609,0.065,0.0,0.068183,1
pair_mr,DOTUSDT,2026-06-23 06:00:00+00:00,2026-06-23 07:00:00+00:00,LONG,1.447e-05,1.46e-05,1.46e-05,1.418e-05,TP,0.411862,0.446862,0.065,0.0,0.072395,1
pair_mr,DOTUSDT,2026-06-23 07:00:00+00:00,2026-06-23 08:00:00+00:00,LONG,1.44e-05,1.459e-05,1.459e-05,1.411e-05,TP,0.587209,0.622209,0.065,0.0,0.078772,1
pair_mr,DOTUSDT,2026-06-23 08:00:00+00:00,2026-06-23 09:00:00+00:00,LONG,1.427e-05,1.455e-05,1.455e-05,1.399e-05,TP,0.914092,0.949092,0.065,0.0,0.089572,1
pair_mr,DOTUSDT,2026-06-23 19:00:00+00:00,2026-06-23 20:00:00+00:00,SHORT,1.448e-05,1.477e-05,1.44e-05,1.477e-05,SL,-1.065609,-1.030609,0.065,0.0,0.075255,1
pair_mr,DOTUSDT,2026-06-23 20:00:00+00:00,2026-06-23 21:00:00+00:00,SHORT,1.454e-05,1.483e-05,1.441e-05,1.483e-05,SL,-1.065609,-1.030609,0.065,0.0,0.063226,1
pair_mr,DOTUSDT,2026-06-24 02:00:00+00:00,2026-06-24 03:00:00+00:00,LONG,1.449e-05,1.452e-05,1.452e-05,1.42e-05,TP,0.029789,0.064789,0.065,0.0,0.063509,1
pair_mr,DOTUSDT,2026-06-24 03:00:00+00:00,2026-06-24 04:00:00+00:00,LONG,1.443e-05,1.451e-05,1.451e-05,1.414e-05,TP,0.198142,0.233142,0.065,0.0,0.065396,1
pair_mr,DOTUSDT,2026-06-24 09:00:00+00:00,2026-06-24 10:00:00+00:00,LONG,1.441e-05,1.445e-05,1.445e-05,1.413e-05,TP,0.067315,0.102315,0.065,0.0,0.066056,1
pair_mr,DOTUSDT,2026-06-24 12:00:00+00:00,2026-06-24 13:00:00+00:00,LONG,1.438e-05,1.443e-05,1.443e-05,1.409e-05,TP,0.102445,0.137445,0.065,0.0,0.067071,1
pair_mr,DOTUSDT,2026-06-24 13:00:00+00:00,2026-06-24 14:00:00+00:00,SHORT,1.447e-05,1.476e-05,1.441e-05,1.476e-05,SL,-1.065609,-1.030609,0.065,0.0,0.056351,1
pair_mr,DOTUSDT,2026-06-24 14:00:00+00:00,2026-06-24 15:00:00+00:00,SHORT,1.462e-05,1.491e-05,1.442e-05,1.491e-05,SL,-1.065609,-1.030609,0.065,0.0,0.047344,1
pair_mr,DOTUSDT,2026-06-24 16:00:00+00:00,2026-06-24 17:00:00+00:00,LONG,1.426e-05,1.447e-05,1.447e-05,1.398e-05,TP,0.647507,0.682507,0.065,0.0,0.051942,1
pair_mr,FILUSDT,2026-06-12 13:00:00+00:00,2026-06-12 14:00:00+00:00,LONG,1.177e-05,1.186e-05,1.186e-05,1.154e-05,TP,0.288713,0.323713,0.065,0.0,7.303149,1
pair_mr,FILUSDT,2026-06-12 15:00:00+00:00,2026-06-12 16:00:00+00:00,LONG,1.171e-05,1.184e-05,1.184e-05,1.147e-05,TP,0.504773,0.539773,0.065,0.0,7.856114,1
pair_mr,FILUSDT,2026-06-13 00:00:00+00:00,2026-06-13 01:00:00+00:00,SHORT,1.184e-05,1.208e-05,1.177e-05,1.208e-05,SL,-1.065609,-1.030609,0.065,0.0,6.600382,1
pair_mr,FILUSDT,2026-06-13 01:00:00+00:00,2026-06-13 02:00:00+00:00,SHORT,1.196e-05,1.22e-05,1.178e-05,1.22e-05,SL,-1.065609,-1.030609,0.065,0.0,5.545368,1
pair_mr,FILUSDT,2026-06-13 06:00:00+00:00,2026-06-13 07:00:00+00:00,SHORT,1.212e-05,1.236e-05,1.196e-05,1.236e-05,SL,-1.065609,-1.030609,0.065,0.0,4.658988,1
pair_mr,FILUSDT,2026-06-13 07:00:00+00:00,2026-06-13 08:00:00+00:00,SHORT,1.214e-05,1.239e-05,1.2e-05,1.239e-05,SL,-1.065609,-1.030609,0.065,0.0,3.914289,1
pair_mr,FILUSDT,2026-06-13 11:00:00+00:00,2026-06-13 12:00:00+00:00,SHORT,1.223e-05,1.248e-05,1.216e-05,1.248e-05,SL,-1.065609,-1.030609,0.065,0.0,3.288624,1
pair_mr,FILUSDT,2026-06-13 12:00:00+00:00,2026-06-13 13:00:00+00:00,SHORT,1.226e-05,1.251e-05,1.218e-05,1.251e-05,SL,-1.065609,-1.030609,0.065,0.0,2.762966,1
pair_mr,FILUSDT,2026-06-13 13:00:00+00:00,2026-06-13 14:00:00+00:00,SHORT,1.228e-05,1.253e-05,1.221e-05,1.253e-05,SL,-1.065609,-1.030609,0.065,0.0,2.321329,1
pair_mr,FILUSDT,2026-06-13 15:00:00+00:00,2026-06-13 16:00:00+00:00,SHORT,1.232e-05,1.257e-05,1.224e-05,1.257e-05,SL,-1.065609,-1.030609,0.065,0.0,1.950285,1
pair_mr,FILUSDT,2026-06-13 20:00:00+00:00,2026-06-13 21:00:00+00:00,LONG,1.222e-05,1.229e-05,1.229e-05,1.197e-05,TP,0.244254,0.279254,0.065,0.0,2.02174,1
pair_mr,FILUSDT,2026-06-13 22:00:00+00:00,2026-06-13 23:00:00+00:00,LONG,1.217e-05,1.227e-05,1.227e-05,1.193e-05,TP,0.342157,0.377157,0.065,0.0,2.125502,1
pair_mr,FILUSDT,2026-06-14 00:00:00+00:00,2026-06-14 01:00:00+00:00,LONG,1.207e-05,1.222e-05,1.222e-05,1.183e-05,TP,0.524377,0.559377,0.065,0.0,2.292687,1
pair_mr,FILUSDT,2026-06-14 01:00:00+00:00,2026-06-14 02:00:00+00:00,LONG,1.202e-05,1.218e-05,1.218e-05,1.178e-05,TP,0.57525,0.61025,0.065,0.0,2.490517,1
pair_mr,FILUSDT,2026-06-14 06:00:00+00:00,2026-06-14 07:00:00+00:00,LONG,1.192e-05,1.2e-05,1.2e-05,1.168e-05,TP,0.288068,0.323068,0.065,0.0,2.598133,1
pair_mr,FILUSDT,2026-06-14 07:00:00+00:00,2026-06-14 08:00:00+00:00,LONG,1.191e-05,1.198e-05,1.198e-05,1.167e-05,TP,0.24004,0.27504,0.065,0.0,2.691682,1
pair_mr,FILUSDT,2026-06-14 09:00:00+00:00,2026-06-14 10:00:00+00:00,SHORT,1.202e-05,1.226e-05,1.195e-05,1.226e-05,SL,-1.065609,-1.030609,0.065,0.0,2.26144,1
pair_mr,FILUSDT,2026-06-14 14:00:00+00:00,2026-06-14 15:00:00+00:00,LONG,1.185e-05,1.195e-05,1.195e-05,1.162e-05,TP,0.36117,0.39617,0.065,0.0,2.383954,1
pair_mr,FILUSDT,2026-06-14 20:00:00+00:00,2026-06-14 21:00:00+00:00,SHORT,1.189e-05,1.213e-05,1.185e-05,1.213e-05,SL,-1.065609,-1.030609,0.065,0.0,2.0029,1
pair_mr,FILUSDT,2026-06-14 21:00:00+00:00,2026-06-14 22:00:00+00:00,SHORT,1.209e-05,1.233e-05,1.186e-05,1.233e-05,SL,-1.065609,-1.030609,0.065,0.0,1.682754,1
pair_mr,FILUSDT,2026-06-15 02:00:00+00:00,2026-06-15 03:00:00+00:00,SHORT,1.218e-05,1.242e-05,1.206e-05,1.242e-05,SL,-1.065609,-1.030609,0.065,0.0,1.41378,1
pair_mr,FILUSDT,2026-06-15 04:00:00+00:00,2026-06-15 05:00:00+00:00,SHORT,1.224e-05,1.248e-05,1.211e-05,1.248e-05,SL,-1.065609,-1.030609,0.065,0.0,1.187799,1
pair_mr,FILUSDT,2026-06-15 10:00:00+00:00,2026-06-15 11:00:00+00:00,SHORT,1.223e-05,1.248e-05,1.219e-05,1.248e-05,SL,-1.065609,-1.030609,0.065,0.0,0.99794,1
pair_mr,FILUSDT,2026-06-15 11:00:00+00:00,2026-06-15 12:00:00+00:00,SHORT,1.234e-05,1.259e-05,1.22e-05,1.259e-05,SL,-1.065609,-1.030609,0.065,0.0,0.838428,1
pair_mr,FILUSDT,2026-06-15 15:00:00+00:00,2026-06-15 16:00:00+00:00,LONG,1.212e-05,1.226e-05,1.226e-05,1.188e-05,TP,0.527651,0.562651,0.065,0.0,0.904787,1
pair_mr,FILUSDT,2026-06-15 16:00:00+00:00,2026-06-15 17:00:00+00:00,LONG,1.208e-05,1.224e-05,1.224e-05,1.184e-05,TP,0.587167,0.622167,0.065,0.0,0.984477,1
pair_mr,FILUSDT,2026-06-15 19:00:00+00:00,2026-06-15 20:00:00+00:00,LONG,1.205e-05,1.216e-05,1.216e-05,1.18e-05,TP,0.395158,0.430158,0.065,0.0,1.04283,1
pair_mr,FILUSDT,2026-06-15 22:00:00+00:00,2026-06-15 23:00:00+00:00,LONG,1.194e-05,1.211e-05,1.211e-05,1.17e-05,TP,0.649762,0.684762,0.065,0.0,1.144469,1
pair_mr,FILUSDT,2026-06-16 03:00:00+00:00,2026-06-16 04:00:00+00:00,SHORT,1.207e-05,1.231e-05,1.198e-05,1.231e-05,SL,-1.065609,-1.030609,0.065,0.0,0.961535,1
pair_mr,FILUSDT,2026-06-16 08:00:00+00:00,2026-06-16 09:00:00+00:00,SHORT,1.211e-05,1.236e-05,1.202e-05,1.236e-05,SL,-1.065609,-1.030609,0.065,0.0,0.807842,1
pair_mr,FILUSDT,2026-06-16 13:00:00+00:00,2026-06-16 14:00:00+00:00,LONG,1.2e-05,1.208e-05,1.208e-05,1.176e-05,TP,0.257713,0.292713,0.065,0.0,0.839071,1
pair_mr,FILUSDT,2026-06-16 14:00:00+00:00,2026-06-16 15:00:00+00:00,LONG,1.185e-05,1.205e-05,1.205e-05,1.162e-05,TP,0.767875,0.802875,0.065,0.0,0.935716,1
pair_mr,FILUSDT,2026-06-16 18:00:00+00:00,2026-06-16 19:00:00+00:00,SHORT,1.211e-05,1.235e-05,1.194e-05,1.235e-05,SL,-1.065609,-1.030609,0.065,0.0,0.78615,1
pair_mr,FILUSDT,2026-06-16 19:00:00+00:00,2026-06-16 20:00:00+00:00,SHORT,1.217e-05,1.241e-05,1.196e-05,1.241e-05,SL,-1.065609,-1.030609,0.065,0.0,0.660491,1
pair_mr,FILUSDT,2026-06-16 20:00:00+00:00,2026-06-16 21:00:00+00:00,SHORT,1.232e-05,1.261e-05,1.203e-05,1.261e-05,SL,-1.055253,-1.025828,0.054645,0.0,0.555943,1
pair_mr,FILUSDT,2026-06-17 01:00:00+00:00,2026-06-17 02:00:00+00:00,SHORT,1.247e-05,1.272e-05,1.235e-05,1.272e-05,SL,-1.065609,-1.030609,0.065,0.0,0.46708,1
pair_mr,FILUSDT,2026-06-17 02:00:00+00:00,2026-06-17 03:00:00+00:00,SHORT,1.252e-05,1.277e-05,1.238e-05,1.277e-05,SL,-1.065609,-1.030609,0.065,0.0,0.392422,1
pair_mr,FILUSDT,2026-06-17 09:00:00+00:00,2026-06-17 10:00:00+00:00,SHORT,1.248e-05,1.273e-05,1.242e-05,1.273e-05,SL,-1.065609,-1.030609,0.065,0.0,0.329696,1
pair_mr,FILUSDT,2026-06-17 11:00:00+00:00,2026-06-17 12:00:00+00:00,LONG,1.238e-05,1.245e-05,1.245e-05,1.213e-05,TP,0.210525,0.245525,0.065,0.0,0.340108,1
pair_mr,FILUSDT,2026-06-17 15:00:00+00:00,2026-06-17 16:00:00+00:00,SHORT,1.263e-05,1.288e-05,1.243e-05,1.288e-05,SL,-1.065609,-1.030609,0.065,0.0,0.285744,1
pair_mr,FILUSDT,2026-06-17 19:00:00+00:00,2026-06-17 20:00:00+00:00,LONG,1.221e-05,1.244e-05,1.244e-05,1.197e-05,TP,0.879884,0.914884,0.065,0.0,0.323458,1
pair_mr,FILUSDT,2026-06-18 03:00:00+00:00,2026-06-18 04:00:00+00:00,LONG,1.231e-05,1.239e-05,1.239e-05,1.206e-05,TP,0.247736,0.282736,0.065,0.0,0.335478,1
pair_mr,FILUSDT,2026-06-18 04:00:00+00:00,2026-06-18 05:00:00+00:00,LONG,1.225e-05,1.238e-05,1.238e-05,1.2e-05,TP,0.456757,0.491757,0.065,0.0,0.358462,1
pair_mr,FILUSDT,2026-06-18 09:00:00+00:00,2026-06-18 10:00:00+00:00,SHORT,1.242e-05,1.267e-05,1.229e-05,1.267e-05,SL,-1.065609,-1.030609,0.065,0.0,0.301165,1
pair_mr,FILUSDT,2026-06-18 14:00:00+00:00,2026-06-18 15:00:00+00:00,SHORT,1.246e-05,1.271e-05,1.233e-05,1.271e-05,SL,-1.065609,-1.030609,0.065,0.0,0.253027,1
pair_mr,FILUSDT,2026-06-18 15:00:00+00:00,2026-06-18 16:00:00+00:00,LONG,1.214e-05,1.234e-05,1.234e-05,1.19e-05,TP,0.748008,0.783008,0.065,0.0,0.281416,1
pair_mr,FILUSDT,2026-06-18 20:00:00+00:00,2026-06-18 21:00:00+00:00,SHORT,1.262e-05,1.298e-05,1.227e-05,1.298e-05,SL,-1.046798,-1.021926,0.046192,0.0,0.237228,1
pair_mr,FILUSDT,2026-06-19 03:00:00+00:00,2026-06-19 04:00:00+00:00,LONG,1.248e-05,1.265e-05,1.265e-05,1.223e-05,TP,0.626833,0.661833,0.065,0.0,0.259534,1
pair_mr,FILUSDT,2026-06-19 04:00:00+00:00,2026-06-19 05:00:00+00:00,LONG,1.235e-05,1.261e-05,1.261e-05,1.209e-05,TP,0.937674,0.970916,0.061735,0.0,0.296038,1
pair_mr,FILUSDT,2026-06-19 13:00:00+00:00,2026-06-19 14:00:00+00:00,SHORT,1.246e-05,1.271e-05,1.233e-05,1.271e-05,SL,-1.065609,-1.030609,0.065,0.0,0.248719,1
pair_mr,FILUSDT,2026-06-19 15:00:00+00:00,2026-06-19 16:00:00+00:00,SHORT,1.275e-05,1.314e-05,1.237e-05,1.314e-05,SL,-1.043925,-1.0206,0.043319,0.0,0.209772,1
pair_mr,FILUSDT,2026-06-20 02:00:00+00:00,2026-06-20 03:00:00+00:00,LONG,1.237e-05,1.246e-05,1.246e-05,1.212e-05,TP,0.298008,0.333008,0.065,0.0,0.219149,1
pair_mr,FILUSDT,2026-06-20 07:00:00+00:00,2026-06-20 08:00:00+00:00,LONG,1.234e-05,1.239e-05,1.239e-05,1.209e-05,TP,0.148962,0.183962,0.065,0.0,0.224046,1
pair_mr,FILUSDT,2026-06-20 11:00:00+00:00,2026-06-20 12:00:00+00:00,LONG,1.229e-05,1.236e-05,1.236e-05,1.204e-05,TP,0.257449,0.292449,0.065,0.0,0.232698,1
pair_mr,FILUSDT,2026-06-20 17:00:00+00:00,2026-06-20 18:00:00+00:00,LONG,1.222e-05,1.231e-05,1.231e-05,1.198e-05,TP,0.29197,0.32697,0.065,0.0,0.242889,1
pair_mr,FILUSDT,2026-06-20 18:00:00+00:00,2026-06-20 19:00:00+00:00,LONG,1.221e-05,1.229e-05,1.229e-05,1.197e-05,TP,0.249301,0.284301,0.065,0.0,0.251972,1
pair_mr,FILUSDT,2026-06-20 23:00:00+00:00,2026-06-21 00:00:00+00:00,SHORT,1.225e-05,1.249e-05,1.221e-05,1.249e-05,SL,-1.065609,-1.030609,0.065,0.0,0.211696,1
pair_mr,FILUSDT,2026-06-21 03:00:00+00:00,2026-06-21 04:00:00+00:00,SHORT,1.233e-05,1.258e-05,1.224e-05,1.258e-05,SL,-1.065609,-1.030609,0.065,0.0,0.177858,1
pair_mr,FILUSDT,2026-06-21 06:00:00+00:00,2026-06-21 07:00:00+00:00,SHORT,1.235e-05,1.26e-05,1.227e-05,1.26e-05,SL,-1.065609,-1.030609,0.065,0.0,0.149429,1
pair_mr,FILUSDT,2026-06-21 07:00:00+00:00,2026-06-21 08:00:00+00:00,SHORT,1.24e-05,1.265e-05,1.229e-05,1.265e-05,SL,-1.065609,-1.030609,0.065,0.0,0.125544,1
pair_mr,FILUSDT,2026-06-21 08:00:00+00:00,2026-06-21 09:00:00+00:00,SHORT,1.249e-05,1.274e-05,1.232e-05,1.274e-05,SL,-1.065609,-1.030609,0.065,0.0,0.105477,1
pair_mr,FILUSDT,2026-06-21 11:00:00+00:00,2026-06-21 12:00:00+00:00,SHORT,1.255e-05,1.28e-05,1.244e-05,1.28e-05,SL,-1.065609,-1.030609,0.065,0.0,0.088618,1
pair_mr,FILUSDT,2026-06-21 12:00:00+00:00,2026-06-21 13:00:00+00:00,SHORT,1.261e-05,1.286e-05,1.248e-05,1.286e-05,SL,-1.065609,-1.030609,0.065,0.0,0.074453,1
pair_mr,FILUSDT,2026-06-21 13:00:00+00:00,2026-06-21 14:00:00+00:00,SHORT,1.263e-05,1.288e-05,1.252e-05,1.288e-05,SL,-1.065609,-1.030609,0.065,0.0,0.062552,1
pair_mr,FILUSDT,2026-06-21 15:00:00+00:00,2026-06-21 16:00:00+00:00,SHORT,1.268e-05,1.293e-05,1.257e-05,1.293e-05,SL,-1.065609,-1.030609,0.065,0.0,0.052554,1
pair_mr,FILUSDT,2026-06-21 17:00:00+00:00,2026-06-21 18:00:00+00:00,LONG,1.251e-05,1.262e-05,1.262e-05,1.226e-05,TP,0.384284,0.419284,0.065,0.0,0.055583,1
pair_mr,FILUSDT,2026-06-21 21:00:00+00:00,2026-06-21 22:00:00+00:00,LONG,1.24e-05,1.251e-05,1.251e-05,1.215e-05,TP,0.388749,0.423749,0.065,0.0,0.058824,1
pair_mr,FILUSDT,2026-06-21 22:00:00+00:00,2026-06-21 23:00:00+00:00,LONG,1.237e-05,1.248e-05,1.248e-05,1.212e-05,TP,0.353864,0.388864,0.065,0.0,0.061947,1
pair_mr,FILUSDT,2026-06-22 01:00:00+00:00,2026-06-22 02:00:00+00:00,SHORT,1.261e-05,1.286e-05,1.242e-05,1.286e-05,SL,-1.065609,-1.030609,0.065,0.0,0.052045,1
pair_mr,FILUSDT,2026-06-22 06:00:00+00:00,2026-06-22 07:00:00+00:00,LONG,1.252e-05,1.258e-05,1.258e-05,1.227e-05,TP,0.155819,0.190819,0.065,0.0,0.053261,1
pair_mr,FILUSDT,2026-06-22 08:00:00+00:00,2026-06-22 09:00:00+00:00,SHORT,1.26e-05,1.285e-05,1.255e-05,1.285e-05,SL,-1.065609,-1.030609,0.065,0.0,0.044748,1
pair_mr,FILUSDT,2026-06-22 12:00:00+00:00,2026-06-22 13:00:00+00:00,LONG,1.245e-05,1.254e-05,1.254e-05,1.22e-05,TP,0.274449,0.309449,0.065,0.0,0.04659,1
pair_mr,FILUSDT,2026-06-22 14:00:00+00:00,2026-06-22 15:00:00+00:00,LONG,1.238e-05,1.249e-05,1.249e-05,1.213e-05,TP,0.395318,0.430318,0.065,0.0,0.049353,1
pair_mr,FILUSDT,2026-06-22 18:00:00+00:00,2026-06-22 19:00:00+00:00,LONG,1.23e-05,1.244e-05,1.244e-05,1.205e-05,TP,0.49787,0.53287,0.065,0.0,0.053039,1
pair_mr,FILUSDT,2026-06-22 19:00:00+00:00,2026-06-22 20:00:00+00:00,LONG,1.224e-05,1.24e-05,1.24e-05,1.2e-05,TP,0.597688,0.632688,0.065,0.0,0.057794,1
pair_mr,FILUSDT,2026-06-23 00:00:00+00:00,2026-06-23 01:00:00+00:00,SHORT,1.238e-05,1.263e-05,1.227e-05,1.263e-05,SL,-1.065609,-1.030609,0.065,0.0,0.048556,1
pair_mr,FILUSDT,2026-06-23 01:00:00+00:00,2026-06-23 02:00:00+00:00,SHORT,1.243e-05,1.268e-05,1.23e-05,1.268e-05,SL,-1.065609,-1.030609,0.065,0.0,0.040795,1
pair_mr,FILUSDT,2026-06-23 03:00:00+00:00,2026-06-23 04:00:00+00:00,SHORT,1.252e-05,1.277e-05,1.236e-05,1.277e-05,SL,-1.065609,-1.030609,0.065,0.0,0.034274,1
pair_mr,FILUSDT,2026-06-23 06:00:00+00:00,2026-06-23 07:00:00+00:00,LONG,1.23e-05,1.247e-05,1.247e-05,1.206e-05,TP,0.588394,0.623394,0.065,0.0,0.037299,1
pair_mr,FILUSDT,2026-06-23 07:00:00+00:00,2026-06-23 08:00:00+00:00,LONG,1.22e-05,1.244e-05,1.244e-05,1.196e-05,TP,0.902615,0.937615,0.065,0.0,0.042349,1
pair_mr,FILUSDT,2026-06-23 08:00:00+00:00,2026-06-23 09:00:00+00:00,LONG,1.196e-05,1.24e-05,1.24e-05,1.153e-05,TP,0.963718,0.982934,0.035688,0.0,0.048471,1
pair_mr,FILUSDT,2026-06-23 13:00:00+00:00,2026-06-23 14:00:00+00:00,SHORT,1.238e-05,1.27e-05,1.206e-05,1.27e-05,SL,-1.051066,-1.023896,0.050459,0.0,0.040829,1
pair_mr,FILUSDT,2026-06-23 19:00:00+00:00,2026-06-23 20:00:00+00:00,SHORT,1.246e-05,1.271e-05,1.231e-05,1.271e-05,SL,-1.065609,-1.030609,0.065,0.0,0.034303,1
pair_mr,FILUSDT,2026-06-23 20:00:00+00:00,2026-06-23 21:00:00+00:00,SHORT,1.28e-05,1.326e-05,1.233e-05,1.326e-05,SL,-1.036379,-1.017116,0.035774,0.0,0.02897,1
pair_mr,FILUSDT,2026-06-24 03:00:00+00:00,2026-06-24 04:00:00+00:00,LONG,1.247e-05,1.256e-05,1.256e-05,1.222e-05,TP,0.309015,0.344015,0.065,0.0,0.030313,1
pair_mr,FILUSDT,2026-06-24 04:00:00+00:00,2026-06-24 05:00:00+00:00,LONG,1.245e-05,1.254e-05,1.254e-05,1.22e-05,TP,0.299073,0.334073,0.065,0.0,0.031673,1
pair_mr,FILUSDT,2026-06-24 07:00:00+00:00,2026-06-24 08:00:00+00:00,LONG,1.239e-05,1.249e-05,1.249e-05,1.214e-05,TP,0.346298,0.381298,0.065,0.0,0.033318,1
pair_mr,FILUSDT,2026-06-24 08:00:00+00:00,2026-06-24 09:00:00+00:00,LONG,1.235e-05,1.246e-05,1.246e-05,1.21e-05,TP,0.378824,0.413824,0.065,0.0,0.035211,1
pair_mr,FILUSDT,2026-06-24 14:00:00+00:00,2026-06-24 15:00:00+00:00,SHORT,1.246e-05,1.271e-05,1.233e-05,1.271e-05,SL,-1.065609,-1.030609,0.065,0.0,0.029583,1
pair_mr,FILUSDT,2026-06-24 16:00:00+00:00,2026-06-24 17:00:00+00:00,LONG,1.199e-05,1.233e-05,1.233e-05,1.165e-05,TP,0.953276,0.978116,0.046131,0.0,0.033813,1
pair_mr,FILUSDT,2026-06-24 17:00:00+00:00,2026-06-24 18:00:00+00:00,LONG,1.179e-05,1.226e-05,1.226e-05,1.132e-05,TP,0.96683,0.98437,0.032575,0.0,0.038717,1
pair_mr,FILUSDT,2026-06-24 21:00:00+00:00,2026-06-24 22:00:00+00:00,SHORT,1.228e-05,1.261e-05,1.195e-05,1.261e-05,SL,-1.049252,-1.023059,0.048645,0.0,0.032623,1
pair_mr,FILUSDT,2026-06-24 22:00:00+00:00,2026-06-24 23:00:00+00:00,SHORT,1.237e-05,1.274e-05,1.201e-05,1.274e-05,SL,-1.04478,-1.020994,0.044174,0.0,0.027511,1
pair_mr,BCHUSDT,2026-06-12 12:00:00+00:00,2026-06-12 13:00:00+00:00,SHORT,0.00322273,0.00328719,0.00321008,0.00328719,SL,-1.065609,-1.030609,0.065,0.0,5.88111,1
pair_mr,BCHUSDT,2026-06-12 14:00:00+00:00,2026-06-12 15:00:00+00:00,SHORT,0.00322959,0.00329418,0.00321113,0.00329418,SL,-1.065609,-1.030609,0.065,0.0,4.941066,1
pair_mr,BCHUSDT,2026-06-12 17:00:00+00:00,2026-06-12 18:00:00+00:00,LONG,0.00320066,0.00322056,0.00322056,0.00313664,TP,0.245812,0.280812,0.065,0.0,5.123252,1
pair_mr,BCHUSDT,2026-06-12 22:00:00+00:00,2026-06-12 23:00:00+00:00,LONG,0.00318748,0.00320807,0.00320807,0.00312373,TP,0.257869,0.292869,0.065,0.0,5.321421,1
pair_mr,BCHUSDT,2026-06-12 23:00:00+00:00,2026-06-13 00:00:00+00:00,LONG,0.00317843,0.00320544,0.00320544,0.00311487,TP,0.359513,0.394513,0.065,0.0,5.608389,1
pair_mr,BCHUSDT,2026-06-13 04:00:00+00:00,2026-06-13 05:00:00+00:00,SHORT,0.00320724,0.00327138,0.00318713,0.00327138,SL,-1.065609,-1.030609,0.065,0.0,4.711937,1
pair_mr,BCHUSDT,2026-06-13 06:00:00+00:00,2026-06-13 07:00:00+00:00,SHORT,0.00322004,0.00328445,0.00319519,0.00328445,SL,-1.065609,-1.030609,0.065,0.0,3.958774,1
pair_mr,BCHUSDT,2026-06-13 07:00:00+00:00,2026-06-13 08:00:00+00:00,SHORT,0.00325239,0.00331743,0.00319996,0.00331743,SL,-1.065609,-1.030609,0.065,0.0,3.325998,1
pair_mr,BCHUSDT,2026-06-13 13:00:00+00:00,2026-06-13 14:00:00+00:00,SHORT,0.00325732,0.00332247,0.00324563,0.00332247,SL,-1.065609,-1.030609,0.065,0.0,2.794366,1
pair_mr,BCHUSDT,2026-06-13 16:00:00+00:00,2026-06-13 17:00:00+00:00,LONG,0.00323379,0.00324939,0.00324939,0.00316911,TP,0.176157,0.211157,0.065,0.0,2.868203,1
pair_mr,BCHUSDT,2026-06-13 17:00:00+00:00,2026-06-13 18:00:00+00:00,LONG,0.00322335,0.00324637,0.00324637,0.00315888,TP,0.291961,0.326961,0.065,0.0,2.993814,1
pair_mr,BCHUSDT,2026-06-13 21:00:00+00:00,2026-06-13 22:00:00+00:00,SHORT,0.00324093,0.00330575,0.00322776,0.00330575,SL,-1.065609,-1.030609,0.065,0.0,2.515279,1
pair_mr,BCHUSDT,2026-06-14 04:00:00+00:00,2026-06-14 05:00:00+00:00,LONG,0.0032098,0.0032327,0.0032327,0.0031456,TP,0.291526,0.326526,0.065,0.0,2.625269,1
pair_mr,BCHUSDT,2026-06-14 05:00:00+00:00,2026-06-14 06:00:00+00:00,LONG,0.00316225,0.00322739,0.00322739,0.00309712,TP,0.936296,0.97028,0.063113,0.0,2.993973,1
pair_mr,BCHUSDT,2026-06-14 06:00:00+00:00,2026-06-14 07:00:00+00:00,LONG,0.00315852,0.00321417,0.00321417,0.00309535,TP,0.815485,0.850485,0.065,0.0,3.360204,1
pair_mr,BCHUSDT,2026-06-14 13:00:00+00:00,2026-06-14 14:00:00+00:00,LONG,0.00314478,0.00315971,0.00315971,0.00308188,TP,0.172193,0.207193,0.065,0.0,3.446995,1
pair_mr,BCHUSDT,2026-06-14 14:00:00+00:00,2026-06-14 15:00:00+00:00,LONG,0.00314165,0.0031569,0.0031569,0.00307881,TP,0.177621,0.212621,0.065,0.0,3.538834,1
pair_mr,BCHUSDT,2026-06-14 18:00:00+00:00,2026-06-14 19:00:00+00:00,LONG,0.00311254,0.0031503,0.0031503,0.00305029,TP,0.541249,0.576249,0.065,0.0,3.826143,1
pair_mr,BCHUSDT,2026-06-14 21:00:00+00:00,2026-06-14 22:00:00+00:00,SHORT,0.0031902,0.003254,0.00313655,0.003254,SL,-1.065609,-1.030609,0.065,0.0,3.214567,1
pair_mr,BCHUSDT,2026-06-15 06:00:00+00:00,2026-06-15 07:00:00+00:00,SHORT,0.00322792,0.00329248,0.00321036,0.00329248,SL,-1.065609,-1.030609,0.065,0.0,2.700746,1
pair_mr,BCHUSDT,2026-06-15 08:00:00+00:00,2026-06-15 09:00:00+00:00,SHORT,0.00324886,0.00331384,0.00321743,0.00331384,SL,-1.065609,-1.030609,0.065,0.0,2.269055,1
pair_mr,BCHUSDT,2026-06-15 09:00:00+00:00,2026-06-15 10:00:00+00:00,SHORT,0.00327838,0.00334394,0.00322481,0.00334394,SL,-1.065609,-1.030609,0.065,0.0,1.906366,1
pair_mr,BCHUSDT,2026-06-15 10:00:00+00:00,2026-06-15 11:00:00+00:00,SHORT,0.00337256,0.00350521,0.0032399,0.00350521,SL,-1.033656,-1.015859,0.033051,0.0,1.610787,1
pair_mr,BCHUSDT,2026-06-15 11:00:00+00:00,2026-06-15 12:00:00+00:00,SHORT,0.00344588,0.00362009,0.00327168,0.00362009,SL,-1.026319,-1.012472,0.025715,0.0,1.36281,1
pair_mr,BCHUSDT,2026-06-15 16:00:00+00:00,2026-06-15 17:00:00+00:00,LONG,0.00336252,0.00341935,0.00341935,0.00329527,TP,0.779578,0.814578,0.065,0.0,1.522173,1
pair_mr,BCHUSDT,2026-06-15 20:00:00+00:00,2026-06-15 21:00:00+00:00,SHORT,0.0033876,0.00345535,0.00336555,0.00345535,SL,-1.065609,-1.030609,0.065,0.0,1.278866,1
pair_mr,BCHUSDT,2026-06-15 21:00:00+00:00,2026-06-15 22:00:00+00:00,SHORT,0.00340654,0.00347467,0.00336763,0.00347467,SL,-1.065609,-1.030609,0.065,0.0,1.074451,1
pair_mr,BCHUSDT,2026-06-16 03:00:00+00:00,2026-06-16 04:00:00+00:00,LONG,0.00336558,0.00338427,0.00338427,0.00329826,TP,0.212554,0.247554,0.065,0.0,1.108707,1
pair_mr,BCHUSDT,2026-06-16 04:00:00+00:00,2026-06-16 05:00:00+00:00,LONG,0.00334047,0.00337992,0.00337992,0.00327366,TP,0.525084,0.560084,0.065,0.0,1.196032,1
pair_mr,BCHUSDT,2026-06-16 08:00:00+00:00,2026-06-16 09:00:00+00:00,SHORT,0.00340318,0.00347125,0.00336165,0.00347125,SL,-1.065609,-1.030609,0.065,0.0,1.004857,1
pair_mr,BCHUSDT,2026-06-16 10:00:00+00:00,2026-06-16 11:00:00+00:00,LONG,0.00333007,0.00337658,0.00337658,0.00326347,TP,0.632881,0.667881,0.065,0.0,1.10025,1
pair_mr,BCHUSDT,2026-06-16 11:00:00+00:00,2026-06-16 12:00:00+00:00,LONG,0.00328082,0.00337533,0.00337533,0.00318631,TP,0.954278,0.978578,0.045128,0.0,1.257742,1
pair_mr,BCHUSDT,2026-06-16 18:00:00+00:00,2026-06-16 19:00:00+00:00,SHORT,0.00332789,0.00339445,0.0032905,0.00339445,SL,-1.065609,-1.030609,0.065,0.0,1.056703,1
pair_mr,BCHUSDT,2026-06-16 20:00:00+00:00,2026-06-16 21:00:00+00:00,SHORT,0.00334301,0.00340987,0.00330374,0.00340987,SL,-1.065609,-1.030609,0.065,0.0,0.887798,1
pair_mr,BCHUSDT,2026-06-16 23:00:00+00:00,2026-06-17 00:00:00+00:00,LONG,0.00325814,0.00333928,0.00333928,0.003177,TP,0.947207,0.975315,0.0522,0.0,1.013937,1
pair_mr,BCHUSDT,2026-06-17 09:00:00+00:00,2026-06-17 10:00:00+00:00,SHORT,0.00329808,0.00336405,0.00327128,0.00336405,SL,-1.065609,-1.030609,0.065,0.0,0.851868,1
pair_mr,BCHUSDT,2026-06-17 13:00:00+00:00,2026-06-17 14:00:00+00:00,LONG,0.00325235,0.00328351,0.00328351,0.0031873,TP,0.413824,0.448824,0.065,0.0,0.904746,1
pair_mr,BCHUSDT,2026-06-17 19:00:00+00:00,2026-06-17 20:00:00+00:00,LONG,0.00325215,0.00327749,0.00327749,0.00318711,TP,0.324392,0.359392,0.065,0.0,0.94877,1
pair_mr,BCHUSDT,2026-06-18 04:00:00+00:00,2026-06-18 05:00:00+00:00,LONG,0.00324385,0.0032989,0.0032989,0.00317897,TP,0.783025,0.818025,0.065,0.0,1.060207,1
pair_mr,BCHUSDT,2026-06-18 05:00:00+00:00,2026-06-18 06:00:00+00:00,LONG,0.00324084,0.00328903,0.00328903,0.00317602,TP,0.67809,0.71309,0.065,0.0,1.168044,1
pair_mr,BCHUSDT,2026-06-18 09:00:00+00:00,2026-06-18 10:00:00+00:00,SHORT,0.00326058,0.00332579,0.00324759,0.00332579,SL,-1.065609,-1.030609,0.065,0.0,0.981342,1
pair_mr,BCHUSDT,2026-06-18 11:00:00+00:00,2026-06-18 12:00:00+00:00,LONG,0.00323866,0.00325292,0.00325292,0.00317388,TP,0.155056,0.190056,0.065,0.0,1.004167,1
pair_mr,BCHUSDT,2026-06-18 12:00:00+00:00,2026-06-18 13:00:00+00:00,LONG,0.00321963,0.00325102,0.00325102,0.00315524,TP,0.422175,0.457175,0.065,0.0,1.067757,1
pair_mr,BCHUSDT,2026-06-18 13:00:00+00:00,2026-06-18 14:00:00+00:00,LONG,0.00321318,0.00324537,0.00324537,0.00314891,TP,0.435745,0.470745,0.065,0.0,1.137547,1
pair_mr,BCHUSDT,2026-06-18 14:00:00+00:00,2026-06-18 15:00:00+00:00,LONG,0.00318434,0.00323656,0.00323656,0.00312065,TP,0.754487,0.789487,0.065,0.0,1.266287,1
pair_mr,BCHUSDT,2026-06-18 15:00:00+00:00,2026-06-18 16:00:00+00:00,LONG,0.00312379,0.00322131,0.00322131,0.00302627,TP,0.957764,0.980187,0.041641,0.0,1.448208,1
pair_mr,BCHUSDT,2026-06-18 20:00:00+00:00,2026-06-18 21:00:00+00:00,SHORT,0.00316382,0.00322709,0.00313724,0.00322709,SL,-1.065609,-1.030609,0.065,0.0,1.216724,1
pair_mr,BCHUSDT,2026-06-18 23:00:00+00:00,2026-06-19 00:00:00+00:00,SHORT,0.00317112,0.00323454,0.00315239,0.00323454,SL,-1.065609,-1.030609,0.065,0.0,1.022242,1
pair_mr,BCHUSDT,2026-06-19 02:00:00+00:00,2026-06-19 03:00:00+00:00,LONG,0.00314049,0.00315756,0.00315756,0.00307768,TP,0.206504,0.241504,0.065,0.0,1.053906,1
pair_mr,BCHUSDT,2026-06-19 03:00:00+00:00,2026-06-19 04:00:00+00:00,LONG,0.00310128,0.00315346,0.00315346,0.00303925,TP,0.775737,0.810737,0.065,0.0,1.176539,1
pair_mr,BCHUSDT,2026-06-19 10:00:00+00:00,2026-06-19 11:00:00+00:00,SHORT,0.00311537,0.00317768,0.00310144,0.00317768,SL,-1.065609,-1.030609,0.065,0.0,0.98848,1
pair_mr,BCHUSDT,2026-06-19 13:00:00+00:00,2026-06-19 14:00:00+00:00,SHORT,0.00312992,0.00319252,0.00311033,0.00319252,SL,-1.065609,-1.030609,0.065,0.0,0.83048,1
pair_mr,BCHUSDT,2026-06-19 22:00:00+00:00,2026-06-19 23:00:00+00:00,LONG,0.00311987,0.00312858,0.00312858,0.00305748,TP,0.074486,0.109486,0.065,0.0,0.839758,1
pair_mr,BCHUSDT,2026-06-20 03:00:00+00:00,2026-06-20 04:00:00+00:00,LONG,0.00311221,0.00311849,0.00311849,0.00304996,TP,0.035818,0.070818,0.065,0.0,0.84427,1
pair_mr,BCHUSDT,2026-06-20 05:00:00+00:00,2026-06-20 06:00:00+00:00,SHORT,0.00312732,0.00318987,0.00311567,0.00318987,SL,-1.065609,-1.030609,0.065,0.0,0.709321,1
pair_mr,BCHUSDT,2026-06-20 06:00:00+00:00,2026-06-20 07:00:00+00:00,SHORT,0.00313169,0.00319432,0.00311779,0.00319432,SL,-1.065609,-1.030609,0.065,0.0,0.595942,1
pair_mr,BCHUSDT,2026-06-20 07:00:00+00:00,2026-06-20 08:00:00+00:00,SHORT,0.0031387,0.00320148,0.00312072,0.00320148,SL,-1.065609,-1.030609,0.065,0.0,0.500686,1
pair_mr,BCHUSDT,2026-06-20 11:00:00+00:00,2026-06-20 12:00:00+00:00,LONG,0.00311525,0.00313293,0.00313293,0.00305295,TP,0.218558,0.253558,0.065,0.0,0.5171,1
pair_mr,BCHUSDT,2026-06-20 22:00:00+00:00,2026-06-20 23:00:00+00:00,SHORT,0.00311351,0.00317578,0.00310763,0.00317578,SL,-1.065609,-1.030609,0.065,0.0,0.434446,1
pair_mr,BCHUSDT,2026-06-21 01:00:00+00:00,2026-06-21 02:00:00+00:00,LONG,0.00310177,0.00310959,0.00310959,0.00303974,TP,0.060871,0.095871,0.065,0.0,0.438413,1
pair_mr,BCHUSDT,2026-06-21 02:00:00+00:00,2026-06-21 03:00:00+00:00,LONG,0.00308754,0.00310881,0.00310881,0.00302579,TP,0.279314,0.314314,0.065,0.0,0.456781,1
pair_mr,BCHUSDT,2026-06-21 09:00:00+00:00,2026-06-21 10:00:00+00:00,LONG,0.00308694,0.0030932,0.0030932,0.0030252,TP,0.036333,0.071333,0.065,0.0,0.459271,1
pair_mr,BCHUSDT,2026-06-21 10:00:00+00:00,2026-06-21 11:00:00+00:00,LONG,0.00307808,0.00309225,0.00309225,0.00301651,TP,0.165061,0.200061,0.065,0.0,0.470642,1
pair_mr,BCHUSDT,2026-06-21 15:00:00+00:00,2026-06-21 16:00:00+00:00,SHORT,0.00310824,0.00317041,0.00308861,0.00317041,SL,-1.065609,-1.030609,0.065,0.0,0.395414,1
pair_mr,BCHUSDT,2026-06-21 21:00:00+00:00,2026-06-21 22:00:00+00:00,LONG,0.00307597,0.00309176,0.00309176,0.00301445,TP,0.191513,0.226513,0.065,0.0,0.406773,1
pair_mr,BCHUSDT,2026-06-22 00:00:00+00:00,2026-06-22 01:00:00+00:00,SHORT,0.00310097,0.00316299,0.00308329,0.00316299,SL,-1.065609,-1.030609,0.065,0.0,0.341754,1
pair_mr,BCHUSDT,2026-06-22 06:00:00+00:00,2026-06-22 07:00:00+00:00,SHORT,0.00311301,0.00317527,0.00310431,0.00317527,SL,-1.065609,-1.030609,0.065,0.0,0.287127,1
pair_mr,BCHUSDT,2026-06-22 13:00:00+00:00,2026-06-22 14:00:00+00:00,SHORT,0.0031197,0.00318209,0.00310821,0.00318209,SL,-1.065609,-1.030609,0.065,0.0,0.241232,1
pair_mr,BCHUSDT,2026-06-22 14:00:00+00:00,2026-06-22 15:00:00+00:00,LONG,0.00309471,0.00310951,0.00310951,0.00303282,TP,0.173998,0.208998,0.065,0.0,0.247529,1
pair_mr,BCHUSDT,2026-06-22 16:00:00+00:00,2026-06-22 17:00:00+00:00,LONG,0.00307578,0.00310643,0.00310643,0.00301427,TP,0.432835,0.467835,0.065,0.0,0.263599,1
pair_mr,BCHUSDT,2026-06-22 21:00:00+00:00,2026-06-22 22:00:00+00:00,SHORT,0.00308877,0.00315054,0.00307902,0.00315054,SL,-1.065609,-1.030609,0.065,0.0,0.221465,1
pair_mr,BCHUSDT,2026-06-23 00:00:00+00:00,2026-06-23 01:00:00+00:00,LONG,0.00305118,0.00308311,0.00308311,0.00299016,TP,0.457945,0.492945,0.065,0.0,0.236678,1
pair_mr,BCHUSDT,2026-06-23 05:00:00+00:00,2026-06-23 06:00:00+00:00,SHORT,0.00306996,0.00313136,0.00305614,0.00313136,SL,-1.065609,-1.030609,0.065,0.0,0.198847,1
pair_mr,BCHUSDT,2026-06-23 06:00:00+00:00,2026-06-23 07:00:00+00:00,LONG,0.00303264,0.0030599,0.0030599,0.00297199,TP,0.384038,0.419038,0.065,0.0,0.210302,1
pair_mr,BCHUSDT,2026-06-23 11:00:00+00:00,2026-06-23 12:00:00+00:00,SHORT,0.00305785,0.00311901,0.00303759,0.00311901,SL,-1.065609,-1.030609,0.065,0.0,0.176687,1
pair_mr,BCHUSDT,2026-06-23 12:00:00+00:00,2026-06-23 13:00:00+00:00,SHORT,0.00307354,0.00313501,0.00304264,0.00313501,SL,-1.065609,-1.030609,0.065,0.0,0.148445,1
pair_mr,BCHUSDT,2026-06-23 19:00:00+00:00,2026-06-23 20:00:00+00:00,SHORT,0.00307332,0.00313479,0.003051,0.00313479,SL,-1.065609,-1.030609,0.065,0.0,0.124717,1
pair_mr,BCHUSDT,2026-06-23 20:00:00+00:00,2026-06-23 21:00:00+00:00,SHORT,0.00308265,0.0031443,0.00305481,0.0031443,SL,-1.065609,-1.030609,0.065,0.0,0.104782,1
pair_mr,BCHUSDT,2026-06-23 21:00:00+00:00,2026-06-23 22:00:00+00:00,SHORT,0.00309336,0.00315522,0.00306198,0.00315522,SL,-1.065609,-1.030609,0.065,0.0,0.088034,1
pair_mr,BCHUSDT,2026-06-24 01:00:00+00:00,2026-06-24 02:00:00+00:00,SHORT,0.00311265,0.0031749,0.00309387,0.0031749,SL,-1.065609,-1.030609,0.065,0.0,0.073962,1
pair_mr,BCHUSDT,2026-06-24 08:00:00+00:00,2026-06-24 09:00:00+00:00,LONG,0.00308493,0.00310132,0.00310132,0.00302323,TP,0.200536,0.235536,0.065,0.0,0.076187,1
pair_mr,BCHUSDT,2026-06-24 10:00:00+00:00,2026-06-24 11:00:00+00:00,LONG,0.00307561,0.00309531,0.00309531,0.0030141,TP,0.255007,0.290007,0.065,0.0,0.079101,1
pair_mr,BCHUSDT,2026-06-24 13:00:00+00:00,2026-06-24 14:00:00+00:00,SHORT,0.00311263,0.00317489,0.00308084,0.00317489,SL,-1.065609,-1.030609,0.065,0.0,0.066458,1
pair_mr,BCHUSDT,2026-06-24 14:00:00+00:00,2026-06-24 15:00:00+00:00,SHORT,0.00313578,0.00319849,0.00308638,0.00319849,SL,-1.065609,-1.030609,0.065,0.0,0.055835,1
pair_mr,BCHUSDT,2026-06-24 16:00:00+00:00,2026-06-24 17:00:00+00:00,LONG,0.0030459,0.00310472,0.00310472,0.00298499,TP,0.899894,0.934894,0.065,0.0,0.063372,1
pair_mr,LTCUSDT,2026-06-12 12:00:00+00:00,2026-06-12 13:00:00+00:00,SHORT,0.0006785,0.00069207,0.00067493,0.00069207,SL,-1.065609,-1.030609,0.065,0.0,5.88111,1
pair_mr,LTCUSDT,2026-06-13 00:00:00+00:00,2026-06-13 01:00:00+00:00,SHORT,0.00068063,0.00069424,0.00067648,0.00069424,SL,-1.065609,-1.030609,0.065,0.0,4.941066,1
pair_mr,LTCUSDT,2026-06-13 03:00:00+00:00,2026-06-13 04:00:00+00:00,SHORT,0.00068274,0.00069639,0.00067905,0.00069639,SL,-1.065609,-1.030609,0.065,0.0,4.151279,1
pair_mr,LTCUSDT,2026-06-13 08:00:00+00:00,2026-06-13 09:00:00+00:00,SHORT,0.00068416,0.00069784,0.00068073,0.00069784,SL,-1.065609,-1.030609,0.065,0.0,3.487733,1
pair_mr,LTCUSDT,2026-06-13 14:00:00+00:00,2026-06-13 15:00:00+00:00,LONG,0.00068344,0.00068478,0.00068478,0.00066977,TP,0.033107,0.068107,0.065,0.0,3.505053,1
pair_mr,LTCUSDT,2026-06-13 17:00:00+00:00,2026-06-13 18:00:00+00:00,LONG,0.00068189,0.00068463,0.00068463,0.00066825,TP,0.135736,0.170736,0.065,0.0,3.576417,1
pair_mr,LTCUSDT,2026-06-13 18:00:00+00:00,2026-06-13 19:00:00+00:00,LONG,0.00068104,0.00068395,0.00068395,0.00066742,TP,0.14864,0.18364,0.065,0.0,3.656157,1
pair_mr,LTCUSDT,2026-06-13 21:00:00+00:00,2026-06-13 22:00:00+00:00,SHORT,0.00068596,0.00069968,0.00068218,0.00069968,SL,-1.065609,-1.030609,0.065,0.0,3.071752,1
pair_mr,LTCUSDT,2026-06-13 22:00:00+00:00,2026-06-13 23:00:00+00:00,SHORT,0.00068806,0.00070182,0.00068249,0.00070182,SL,-1.065609,-1.030609,0.065,0.0,2.580759,1
pair_mr,LTCUSDT,2026-06-14 03:00:00+00:00,2026-06-14 04:00:00+00:00,SHORT,0.00068868,0.00070245,0.00068798,0.00070245,SL,-1.065609,-1.030609,0.065,0.0,2.168247,1
pair_mr,LTCUSDT,2026-06-14 04:00:00+00:00,2026-06-14 05:00:00+00:00,LONG,0.00068647,0.0006881,0.0006881,0.00067274,TP,0.053994,0.088994,0.065,0.0,2.185808,1
pair_mr,LTCUSDT,2026-06-14 05:00:00+00:00,2026-06-14 06:00:00+00:00,LONG,0.00068612,0.0006878,0.0006878,0.0006724,TP,0.057093,0.092093,0.065,0.0,2.204527,1
pair_mr,LTCUSDT,2026-06-14 07:00:00+00:00,2026-06-14 08:00:00+00:00,LONG,0.00068378,0.00068717,0.00068717,0.0006701,TP,0.182704,0.217704,0.065,0.0,2.264943,1
pair_mr,LTCUSDT,2026-06-14 10:00:00+00:00,2026-06-14 11:00:00+00:00,LONG,0.0006831,0.00068518,0.00068518,0.00066944,TP,0.086894,0.121894,0.065,0.0,2.294465,1
pair_mr,LTCUSDT,2026-06-14 14:00:00+00:00,2026-06-14 15:00:00+00:00,SHORT,0.00068675,0.00070048,0.0006835,0.00070048,SL,-1.065609,-1.030609,0.065,0.0,1.927714,1
pair_mr,LTCUSDT,2026-06-14 15:00:00+00:00,2026-06-14 16:00:00+00:00,SHORT,0.00068771,0.00070146,0.00068391,0.00070146,SL,-1.065609,-1.030609,0.065,0.0,1.619586,1
pair_mr,LTCUSDT,2026-06-14 16:00:00+00:00,2026-06-14 17:00:00+00:00,SHORT,0.00068905,0.00070283,0.00068483,0.00070283,SL,-1.065609,-1.030609,0.065,0.0,1.360709,1
pair_mr,LTCUSDT,2026-06-14 19:00:00+00:00,2026-06-14 20:00:00+00:00,SHORT,0.00069272,0.00070658,0.00068874,0.00070658,SL,-1.065609,-1.030609,0.065,0.0,1.143211,1
pair_mr,LTCUSDT,2026-06-14 20:00:00+00:00,2026-06-14 21:00:00+00:00,SHORT,0.00069414,0.00070803,0.00068993,0.00070803,SL,-1.065609,-1.030609,0.065,0.0,0.960479,1
pair_mr,LTCUSDT,2026-06-14 21:00:00+00:00,2026-06-14 22:00:00+00:00,LONG,0.00068669,0.00069122,0.00069122,0.00067295,TP,0.264905,0.299905,0.065,0.0,0.998644,1
pair_mr,LTCUSDT,2026-06-15 03:00:00+00:00,2026-06-15 04:00:00+00:00,LONG,0.00068746,0.00069006,0.00069006,0.00067371,TP,0.123983,0.158983,0.065,0.0,1.017216,1
pair_mr,LTCUSDT,2026-06-15 10:00:00+00:00,2026-06-15 11:00:00+00:00,SHORT,0.00069288,0.00070673,0.0006878,0.00070673,SL,-1.065609,-1.030609,0.065,0.0,0.854623,1
pair_mr,LTCUSDT,2026-06-15 15:00:00+00:00,2026-06-15 16:00:00+00:00,LONG,0.00068492,0.00069105,0.00069105,0.00067122,TP,0.382383,0.417383,0.065,0.0,0.903642,1
pair_mr,LTCUSDT,2026-06-15 21:00:00+00:00,2026-06-15 22:00:00+00:00,SHORT,0.00068906,0.00070284,0.00068635,0.00070284,SL,-1.065609,-1.030609,0.065,0.0,0.759203,1
pair_mr,LTCUSDT,2026-06-16 02:00:00+00:00,2026-06-16 03:00:00+00:00,SHORT,0.00069239,0.00070624,0.00068955,0.00070624,SL,-1.065609,-1.030609,0.065,0.0,0.637851,1
pair_mr,LTCUSDT,2026-06-16 03:00:00+00:00,2026-06-16 04:00:00+00:00,SHORT,0.00069308,0.00070694,0.00069021,0.00070694,SL,-1.065609,-1.030609,0.065,0.0,0.535896,1
pair_mr,LTCUSDT,2026-06-16 06:00:00+00:00,2026-06-16 07:00:00+00:00,LONG,0.00068698,0.00069118,0.00069118,0.00067324,TP,0.240112,0.275112,0.065,0.0,0.555197,1
pair_mr,LTCUSDT,2026-06-16 09:00:00+00:00,2026-06-16 10:00:00+00:00,LONG,0.00068503,0.00068975,0.00068975,0.00067133,TP,0.279224,0.314224,0.065,0.0,0.578451,1
pair_mr,LTCUSDT,2026-06-16 14:00:00+00:00,2026-06-16 15:00:00+00:00,LONG,0.00068231,0.00068469,0.00068469,0.00066866,TP,0.109423,0.144423,0.065,0.0,0.587945,1
pair_mr,LTCUSDT,2026-06-16 17:00:00+00:00,2026-06-16 18:00:00+00:00,SHORT,0.00068889,0.00070267,0.00068342,0.00070267,SL,-1.065609,-1.030609,0.065,0.0,0.493967,1
pair_mr,LTCUSDT,2026-06-16 18:00:00+00:00,2026-06-16 19:00:00+00:00,SHORT,0.00069323,0.00070709,0.00068395,0.00070709,SL,-1.065609,-1.030609,0.065,0.0,0.415011,1
pair_mr,LTCUSDT,2026-06-17 06:00:00+00:00,2026-06-17 07:00:00+00:00,SHORT,0.00069447,0.00070836,0.00069384,0.00070836,SL,-1.065609,-1.030609,0.065,0.0,0.348675,1
pair_mr,LTCUSDT,2026-06-17 07:00:00+00:00,2026-06-17 08:00:00+00:00,SHORT,0.00069492,0.00070882,0.00069392,0.00070882,SL,-1.065609,-1.030609,0.065,0.0,0.292942,1
pair_mr,LTCUSDT,2026-06-17 08:00:00+00:00,2026-06-17 09:00:00+00:00,SHORT,0.00069872,0.0007127,0.00069406,0.0007127,SL,-1.065609,-1.030609,0.065,0.0,0.246118,1
pair_mr,LTCUSDT,2026-06-17 13:00:00+00:00,2026-06-17 14:00:00+00:00,LONG,0.00069321,0.00069733,0.00069733,0.00067934,TP,0.232464,0.267464,0.065,0.0,0.2547,1
pair_mr,LTCUSDT,2026-06-17 16:00:00+00:00,2026-06-17 17:00:00+00:00,LONG,0.00069179,0.00069479,0.00069479,0.00067795,TP,0.151966,0.186966,0.065,0.0,0.260506,1
pair_mr,LTCUSDT,2026-06-17 18:00:00+00:00,2026-06-17 19:00:00+00:00,SHORT,0.00069562,0.00070953,0.00069316,0.00070953,SL,-1.065609,-1.030609,0.065,0.0,0.218866,1
pair_mr,LTCUSDT,2026-06-17 19:00:00+00:00,2026-06-17 20:00:00+00:00,SHORT,0.00069689,0.00071083,0.00069364,0.00071083,SL,-1.065609,-1.030609,0.065,0.0,0.183882,1
pair_mr,LTCUSDT,2026-06-17 20:00:00+00:00,2026-06-17 21:00:00+00:00,SHORT,0.00069916,0.00071314,0.00069437,0.00071314,SL,-1.065609,-1.030609,0.065,0.0,0.15449,1
pair_mr,LTCUSDT,2026-06-18 00:00:00+00:00,2026-06-18 01:00:00+00:00,LONG,0.00069483,0.00069717,0.00069717,0.00068094,TP,0.102837,0.137837,0.065,0.0,0.156873,1
pair_mr,LTCUSDT,2026-06-18 02:00:00+00:00,2026-06-18 03:00:00+00:00,LONG,0.00069371,0.00069613,0.00069613,0.00067984,TP,0.109519,0.144519,0.065,0.0,0.15945,1
pair_mr,LTCUSDT,2026-06-18 03:00:00+00:00,2026-06-18 04:00:00+00:00,LONG,0.00069193,0.00069559,0.00069559,0.00067809,TP,0.199546,0.234546,0.065,0.0,0.164223,1
pair_mr,LTCUSDT,2026-06-18 07:00:00+00:00,2026-06-18 08:00:00+00:00,LONG,0.00068993,0.00069282,0.00069282,0.00067613,TP,0.144524,0.179524,0.065,0.0,0.167783,1
pair_mr,LTCUSDT,2026-06-18 12:00:00+00:00,2026-06-18 13:00:00+00:00,LONG,0.00068536,0.0006894,0.0006894,0.00067165,TP,0.229651,0.264651,0.065,0.0,0.173563,1
pair_mr,LTCUSDT,2026-06-18 15:00:00+00:00,2026-06-18 16:00:00+00:00,SHORT,0.00069091,0.00070473,0.00068791,0.00070473,SL,-1.065609,-1.030609,0.065,0.0,0.14582,1
pair_mr,LTCUSDT,2026-06-18 20:00:00+00:00,2026-06-18 21:00:00+00:00,SHORT,0.00069264,0.00070649,0.00069095,0.00070649,SL,-1.065609,-1.030609,0.065,0.0,0.122512,1
pair_mr,LTCUSDT,2026-06-18 21:00:00+00:00,2026-06-18 22:00:00+00:00,SHORT,0.00069483,0.00070873,0.0006913,0.00070873,SL,-1.065609,-1.030609,0.065,0.0,0.10293,1
pair_mr,LTCUSDT,2026-06-18 22:00:00+00:00,2026-06-18 23:00:00+00:00,SHORT,0.00069702,0.00071096,0.00069191,0.00071096,SL,-1.065609,-1.030609,0.065,0.0,0.086477,1
pair_mr,LTCUSDT,2026-06-19 03:00:00+00:00,2026-06-19 04:00:00+00:00,LONG,0.0006944,0.00069661,0.00069661,0.00068051,TP,0.094442,0.129442,0.065,0.0,0.087702,1
pair_mr,LTCUSDT,2026-06-19 04:00:00+00:00,2026-06-19 05:00:00+00:00,LONG,0.00069271,0.00069609,0.00069609,0.00067885,TP,0.17878,0.21378,0.065,0.0,0.090054,1
pair_mr,LTCUSDT,2026-06-19 09:00:00+00:00,2026-06-19 10:00:00+00:00,SHORT,0.00069572,0.00070963,0.00069332,0.00070963,SL,-1.065609,-1.030609,0.065,0.0,0.07566,1
pair_mr,LTCUSDT,2026-06-19 12:00:00+00:00,2026-06-19 13:00:00+00:00,SHORT,0.00069618,0.00071011,0.0006945,0.00071011,SL,-1.065609,-1.030609,0.065,0.0,0.063566,1
pair_mr,LTCUSDT,2026-06-19 13:00:00+00:00,2026-06-19 14:00:00+00:00,SHORT,0.00069665,0.00071058,0.00069503,0.00071058,SL,-1.065609,-1.030609,0.065,0.0,0.053406,1
pair_mr,LTCUSDT,2026-06-19 14:00:00+00:00,2026-06-19 15:00:00+00:00,SHORT,0.00069759,0.00071154,0.00069546,0.00071154,SL,-1.065609,-1.030609,0.065,0.0,0.044869,1
pair_mr,LTCUSDT,2026-06-19 15:00:00+00:00,2026-06-19 16:00:00+00:00,SHORT,0.00070293,0.00071698,0.00069583,0.00071698,SL,-1.065609,-1.030609,0.065,0.0,0.037697,1
pair_mr,LTCUSDT,2026-06-19 21:00:00+00:00,2026-06-19 22:00:00+00:00,LONG,0.00069439,0.00069913,0.00069913,0.0006805,TP,0.275733,0.310733,0.065,0.0,0.039257,1
pair_mr,LTCUSDT,2026-06-19 22:00:00+00:00,2026-06-19 23:00:00+00:00,LONG,0.00069223,0.00069737,0.00069737,0.00067839,TP,0.305796,0.340796,0.065,0.0,0.041057,1
pair_mr,LTCUSDT,2026-06-20 05:00:00+00:00,2026-06-20 06:00:00+00:00,SHORT,0.00069384,0.00070772,0.0006918,0.00070772,SL,-1.065609,-1.030609,0.065,0.0,0.034495,1
pair_mr,LTCUSDT,2026-06-20 06:00:00+00:00,2026-06-20 07:00:00+00:00,SHORT,0.00069597,0.00070989,0.00069229,0.00070989,SL,-1.065609,-1.030609,0.065,0.0,0.028981,1
pair_mr,LTCUSDT,2026-06-20 14:00:00+00:00,2026-06-20 15:00:00+00:00,LONG,0.0006906,0.00069516,0.00069516,0.00067679,TP,0.264817,0.299817,0.065,0.0,0.030132,1
pair_mr,LTCUSDT,2026-06-20 15:00:00+00:00,2026-06-20 16:00:00+00:00,LONG,0.00069037,0.00069432,0.00069432,0.00067656,TP,0.220996,0.255996,0.065,0.0,0.031131,1
pair_mr,LTCUSDT,2026-06-20 21:00:00+00:00,2026-06-20 22:00:00+00:00,SHORT,0.000693,0.00070686,0.00069072,0.00070686,SL,-1.065609,-1.030609,0.065,0.0,0.026155,1
pair_mr,LTCUSDT,2026-06-21 01:00:00+00:00,2026-06-21 02:00:00+00:00,SHORT,0.00069401,0.00070789,0.00069228,0.00070789,SL,-1.065609,-1.030609,0.065,0.0,0.021974,1
pair_mr,LTCUSDT,2026-06-21 03:00:00+00:00,2026-06-21 04:00:00+00:00,LONG,0.0006907,0.00069298,0.00069298,0.00067688,TP,0.100315,0.135315,0.065,0.0,0.022305,1
pair_mr,LTCUSDT,2026-06-21 06:00:00+00:00,2026-06-21 07:00:00+00:00,SHORT,0.00069581,0.00070973,0.00069252,0.00070973,SL,-1.065609,-1.030609,0.065,0.0,0.01874,1
pair_mr,LTCUSDT,2026-06-21 07:00:00+00:00,2026-06-21 08:00:00+00:00,SHORT,0.00069814,0.00071211,0.00069288,0.00071211,SL,-1.065609,-1.030609,0.065,0.0,0.015744,1
pair_mr,LTCUSDT,2026-06-21 08:00:00+00:00,2026-06-21 09:00:00+00:00,SHORT,0.00070013,0.00071414,0.00069386,0.00071414,SL,-1.065609,-1.030609,0.065,0.0,0.013228,1
pair_mr,LTCUSDT,2026-06-21 12:00:00+00:00,2026-06-21 13:00:00+00:00,SHORT,0.00070292,0.00071698,0.00070017,0.00071698,SL,-1.065609,-1.030609,0.065,0.0,0.011113,1
pair_mr,LTCUSDT,2026-06-21 13:00:00+00:00,2026-06-21 14:00:00+00:00,SHORT,0.00070333,0.0007174,0.00070112,0.0007174,SL,-1.065609,-1.030609,0.065,0.0,0.009337,1
pair_mr,LTCUSDT,2026-06-21 14:00:00+00:00,2026-06-21 15:00:00+00:00,SHORT,0.00070742,0.00072157,0.00070176,0.00072157,SL,-1.065609,-1.030609,0.065,0.0,0.007845,1
pair_mr,LTCUSDT,2026-06-21 15:00:00+00:00,2026-06-21 16:00:00+00:00,SHORT,0.00071511,0.00072941,0.00070316,0.00072941,SL,-1.065609,-1.030609,0.065,0.0,0.006591,1
pair_mr,LTCUSDT,2026-06-21 22:00:00+00:00,2026-06-21 23:00:00+00:00,LONG,0.00070184,0.00070441,0.00070441,0.0006878,TP,0.117816,0.152816,0.065,0.0,0.006707,1
pair_mr,LTCUSDT,2026-06-22 01:00:00+00:00,2026-06-22 02:00:00+00:00,LONG,0.00069981,0.00070329,0.00070329,0.00068582,TP,0.183056,0.218056,0.065,0.0,0.006891,1
pair_mr,LTCUSDT,2026-06-22 08:00:00+00:00,2026-06-22 09:00:00+00:00,LONG,0.00069932,0.00070101,0.00070101,0.00068533,TP,0.055836,0.090836,0.065,0.0,0.006949,1
pair_mr,LTCUSDT,2026-06-22 10:00:00+00:00,2026-06-22 11:00:00+00:00,LONG,0.00069818,0.00070003,0.00070003,0.00068421,TP,0.067352,0.102352,0.065,0.0,0.007019,1
pair_mr,LTCUSDT,2026-06-22 13:00:00+00:00,2026-06-22 14:00:00+00:00,LONG,0.00069689,0.00069909,0.00069909,0.00068296,TP,0.09273,0.12773,0.065,0.0,0.007117,1
pair_mr,LTCUSDT,2026-06-22 14:00:00+00:00,2026-06-22 15:00:00+00:00,LONG,0.00069553,0.00069861,0.00069861,0.00068162,TP,0.15596,0.19096,0.065,0.0,0.007283,1
pair_mr,LTCUSDT,2026-06-22 19:00:00+00:00,2026-06-22 20:00:00+00:00,LONG,0.00069219,0.0006958,0.0006958,0.00067834,TP,0.195757,0.230757,0.065,0.0,0.007497,1
pair_mr,LTCUSDT,2026-06-22 20:00:00+00:00,2026-06-22 21:00:00+00:00,LONG,0.00069135,0.00069513,0.00069513,0.00067753,TP,0.207882,0.242882,0.065,0.0,0.007731,1
pair_mr,LTCUSDT,2026-06-23 04:00:00+00:00,2026-06-23 05:00:00+00:00,SHORT,0.00069817,0.00071213,0.00069517,0.00071213,SL,-1.065609,-1.030609,0.065,0.0,0.006495,1
pair_mr,LTCUSDT,2026-06-23 05:00:00+00:00,2026-06-23 06:00:00+00:00,SHORT,0.00069983,0.00071383,0.00069569,0.00071383,SL,-1.065609,-1.030609,0.065,0.0,0.005457,1
pair_mr,LTCUSDT,2026-06-23 08:00:00+00:00,2026-06-23 09:00:00+00:00,LONG,0.0006941,0.00069776,0.00069776,0.00068022,TP,0.197866,0.232866,0.065,0.0,0.005619,1
pair_mr,LTCUSDT,2026-06-23 14:00:00+00:00,2026-06-23 15:00:00+00:00,LONG,0.00068153,0.00069491,0.00069491,0.0006679,TP,0.916712,0.951712,0.065,0.0,0.006392,1
pair_mr,LTCUSDT,2026-06-23 15:00:00+00:00,2026-06-23 16:00:00+00:00,LONG,0.00067135,0.0006922,0.0006922,0.00065051,TP,0.957535,0.980081,0.041871,0.0,0.00731,1
pair_mr,LTCUSDT,2026-06-24 03:00:00+00:00,2026-06-24 04:00:00+00:00,LONG,0.00066598,0.00067113,0.00067113,0.00065266,TP,0.321129,0.356129,0.065,0.0,0.007662,1
pair_mr,LTCUSDT,2026-06-24 04:00:00+00:00,2026-06-24 05:00:00+00:00,LONG,0.00066565,0.00067005,0.00067005,0.00065234,TP,0.265349,0.300349,0.065,0.0,0.007967,1
pair_mr,LTCUSDT,2026-06-24 12:00:00+00:00,2026-06-24 13:00:00+00:00,SHORT,0.00067344,0.0006869,0.00067115,0.0006869,SL,-1.065609,-1.030609,0.065,0.0,0.006693,1
pair_mr,LTCUSDT,2026-06-24 13:00:00+00:00,2026-06-24 14:00:00+00:00,SHORT,0.00067821,0.00069178,0.00067156,0.00069178,SL,-1.065609,-1.030609,0.065,0.0,0.005623,1
pair_mr,LTCUSDT,2026-06-24 14:00:00+00:00,2026-06-24 15:00:00+00:00,SHORT,0.00068232,0.00069597,0.00067291,0.00069597,SL,-1.065609,-1.030609,0.065,0.0,0.004725,1
pair_mr,LTCUSDT,2026-06-24 17:00:00+00:00,2026-06-24 18:00:00+00:00,LONG,0.00066421,0.00067655,0.00067655,0.00065093,TP,0.863413,0.898413,0.065,0.0,0.005337,1
pair_mr,LTCUSDT,2026-06-24 22:00:00+00:00,2026-06-24 23:00:00+00:00,SHORT,0.0006728,0.00068626,0.00066794,0.00068626,SL,-1.065609,-1.030609,0.065,0.0,0.004484,1
